ccn,name,state,facility_type,health_system_id,health_system
010001,SOUTHEAST HEALTH MEDICAL CENTER,AL,HOSPITAL,southeast_health_al,Southeast Health AL
010005,MARSHALL MEDICAL CENTERS,AL,HOSPITAL,independent,Independent / Unknown
010006,NORTH ALABAMA MEDICAL CENTER,AL,HOSPITAL,lifepoint_health,Lifepoint Health
010007,MIZELL MEMORIAL HOSPITAL,AL,HOSPITAL,independent,Independent / Unknown
010011,ST. VINCENT'S EAST,AL,HOSPITAL,ascension,Ascension
010012,DEKALB REGIONAL MEDICAL CENTER,AL,HOSPITAL,quorum_health,Quorum Health
010016,SHELBY BAPTIST MEDICAL CENTER,AL,HOSPITAL,tenet_healthcare,Tenet Healthcare
010018,UAB CALLAHAN EYE HOSPITAL AUTHORITY,AL,HOSPITAL,uab_health_system,UAB Health System
010019,HELEN KELLER HOSPITAL,AL,HOSPITAL,huntsville_hospital_health_system,Huntsville Hospital Health System
010021,DALE MEDICAL CENTER,AL,HOSPITAL,independent,Independent / Unknown
010022,FLOYD CHEROKEE MEDICAL CENTER,AL,HOSPITAL,advocate_health,Advocate Health
010023,BAPTIST MEDICAL CENTER SOUTH,AL,HOSPITAL,healthcare_authority_for_baptist_health,Healthcare Authority for Baptist Health
010024,JACKSON HOSPITAL & CLINIC INC,AL,HOSPITAL,independent,Independent / Unknown
010029,THE EAST ALABAMA HEALTHCARE AUTHORITY,AL,HOSPITAL,east_alabama_medical_center,East Alabama Medical Center
010033,UNIVERSITY OF ALABAMA HOSPITAL,AL,HOSPITAL,uab_health_system,UAB Health System
010034,COMMUNITY HOSPITAL INC,AL,HOSPITAL,independent,Independent / Unknown
010035,CULLMAN REGIONAL MEDICAL CENTER,AL,HOSPITAL,cullman_regional_medical_center,Cullman Regional Medical Center
010036,ANDALUSIA HEALTH,AL,HOSPITAL,scionhealth,ScionHealth
010039,HUNTSVILLE HOSPITAL,AL,HOSPITAL,huntsville_hospital_health_system,Huntsville Hospital Health System
010040,GADSDEN REGIONAL MEDICAL CENTER,AL,HOSPITAL,community_health_systems,Community Health Systems
010044,MARION REGIONAL MEDICAL CENTER,AL,HOSPITAL,north_mississippi_health_services,North Mississippi Health Services
010045,FAYETTE MEDICAL CENTER,AL,HOSPITAL,dch_health_system,DCH Health System
010046,RIVERVIEW REGIONAL MEDICAL CENTER,AL,HOSPITAL,prime_healthcare,Prime Healthcare
010049,MEDICAL CENTER ENTERPRISE,AL,HOSPITAL,community_health_systems,Community Health Systems
010051,GREENE COUNTY HOSPITAL,AL,HOSPITAL,independent,Independent / Unknown
010052,LAKE MARTIN COMMUNITY HOSPITAL,AL,HOSPITAL,independent,Independent / Unknown
010055,FLOWERS HOSPITAL,AL,HOSPITAL,community_health_systems,Community Health Systems
010056,ST VINCENT'S BIRMINGHAM,AL,HOSPITAL,ascension,Ascension
010058,BIBB MEDICAL CENTER,AL,HOSPITAL,independent,Independent / Unknown
010061,HIGHLANDS MEDICAL CENTER,AL,HOSPITAL,huntsville_hospital_health_system,Huntsville Hospital Health System
010062,WIREGRASS MEDICAL CENTER,AL,HOSPITAL,independent,Independent / Unknown
010065,RUSSELL MEDICAL CENTER,AL,HOSPITAL,uab_health_system,UAB Health System
010073,CLAY COUNTY HOSPITAL,AL,HOSPITAL,independent,Independent / Unknown
010078,NORTHEAST ALABAMA REGIONAL MEDICAL CENTER,AL,HOSPITAL,independent,Independent / Unknown
010079,ATHENS LIMESTONE HOSPITAL,AL,HOSPITAL,huntsville_hospital_health_system,Huntsville Hospital Health System
010083,BALDWIN HEALTH,AL,HOSPITAL,community_health_systems,Community Health Systems
010085,DECATUR MORGAN HOSPITAL - DECATUR CAMPUS,AL,HOSPITAL,huntsville_hospital_health_system,Huntsville Hospital Health System
010086,NORTHWEST MEDICAL CENTER,AL,HOSPITAL,uab_health_system,UAB Health System
010087,USA HEALTH UNIVERSITY HOSPITAL,AL,HOSPITAL,university_of_south_alabama_hospitals,University of South Alabama Hospitals
010089,WALKER BAPTIST MEDICAL CENTER,AL,HOSPITAL,tenet_healthcare,Tenet Healthcare
010090,"USA HEALTH HCA PROVIDENCE HOSPITAL, LLC",AL,HOSPITAL,university_of_south_alabama_hospitals,University of South Alabama Hospitals
010091,GROVE HILL MEMORIAL HOSPITAL,AL,HOSPITAL,independent,Independent / Unknown
010092,DCH REGIONAL MEDICAL CENTER,AL,HOSPITAL,dch_health_system,DCH Health System
010095,HALE COUNTY HOSPITAL,AL,HOSPITAL,independent,Independent / Unknown
010097,ELMORE COMMUNITY HOSPITAL,AL,HOSPITAL,independent,Independent / Unknown
010099,D W MCMILLAN MEMORIAL HOSPITAL,AL,HOSPITAL,independent,Independent / Unknown
010100,THOMAS HOSPITAL,AL,HOSPITAL,infirmary_health_system,Infirmary Health System
010101,CITIZENS BAPTIST MEDICAL CENTER,AL,HOSPITAL,tenet_healthcare,Tenet Healthcare
010103,PRINCETON BAPTIST MEDICAL CENTER,AL,HOSPITAL,tenet_healthcare,Tenet Healthcare
010104,GRANDVIEW MEDICAL CENTER,AL,HOSPITAL,community_health_systems,Community Health Systems
010108,PRATTVILLE BAPTIST HOSPITAL,AL,HOSPITAL,healthcare_authority_for_baptist_health,Healthcare Authority for Baptist Health
010110,BULLOCK COUNTY HOSPITAL,AL,HOSPITAL,independent,Independent / Unknown
010112,WHITFIELD REGIONAL HOSPITAL,AL,HOSPITAL,uab_health_system,UAB Health System
010113,MOBILE INFIRMARY MEDICAL CENTER,AL,HOSPITAL,infirmary_health_system,Infirmary Health System
010114,"MEDICAL WEST, AN AFFILIATE OF UAB HEALTH SYSTEM",AL,HOSPITAL,uab_health_system,UAB Health System
010118,VAUGHAN REGIONAL MEDICAL CENTER PARKWAY CAMPUS,AL,HOSPITAL,scionhealth,ScionHealth
010120,MONROE COUNTY HOSPITAL,AL,HOSPITAL,independent,Independent / Unknown
010125,LAKELAND COMMUNITY HOSPITAL,AL,HOSPITAL,independent,Independent / Unknown
010126,TROY REGIONAL MEDICAL CENTER,AL,HOSPITAL,independent,Independent / Unknown
010128,JACKSON MEDICAL CENTER,AL,HOSPITAL,independent,Independent / Unknown
010129,NORTH BALDWIN INFIRMARY,AL,HOSPITAL,infirmary_health_system,Infirmary Health System
010130,ST VINCENT'S ST CLAIR,AL,HOSPITAL,ascension,Ascension
010131,CRESTWOOD MEDICAL CENTER,AL,HOSPITAL,community_health_systems,Community Health Systems
010138,HILL HOSPITAL OF SUMTER COUNTY,AL,HOSPITAL,independent,Independent / Unknown
010139,BAPTIST HEALTH BROOKWOOD HOSPITAL,AL,HOSPITAL,tenet_healthcare,Tenet Healthcare
010144,SPRINGHILL MEDICAL CENTER,AL,HOSPITAL,independent,Independent / Unknown
010148,EVERGREEN MEDICAL CENTER,AL,HOSPITAL,independent,Independent / Unknown
010149,BAPTIST MEDICAL CENTER EAST,AL,HOSPITAL,healthcare_authority_for_baptist_health,Healthcare Authority for Baptist Health
01014F,BIRMINGHAM VA MEDICAL CENTER,AL,HOSPITAL,va,VA
010150,THE HEALTH CARE AUTHORITY OF THE CITY OF GREENVILLE- LV STABLER HOSPITAL,AL,HOSPITAL,independent,Independent / Unknown
010157,NORTH ALABAMA SHOALS HOSPITAL,AL,HOSPITAL,lifepoint_health,Lifepoint Health
010158,RUSSELLVILLE HOSPITAL,AL,HOSPITAL,independent,Independent / Unknown
010164,COOSA VALLEY MEDICAL CENTER,AL,HOSPITAL,independent,Independent / Unknown
010168,JACK HUGHSTON MEMORIAL HOSPITAL,AL,HOSPITAL,independent,Independent / Unknown
010169,ATMORE COMMUNITY HOSPITAL,AL,HOSPITAL,infirmary_health_system,Infirmary Health System
010173,ST VINCENT'S CHILTON,AL,HOSPITAL,ascension,Ascension
01019F,VA CENTRAL ALABAMA HEALTHCARE SYSTEM - MONTGOMERY,AL,HOSPITAL,independent,Independent / Unknown
01021F,TUSCALOOSA VA MEDICAL CENTER,AL,HOSPITAL,va,VA
010779,BULLOCK COUNTY HOSPITAL,AL,HOSPITAL,independent,Independent / Unknown
010780,EAMC - LANIER,AL,HOSPITAL,independent,Independent / Unknown
010781,J PAUL JONES HOSPITAL,AL,HOSPITAL,independent,Independent / Unknown
011300,WASHINGTON COUNTY HOSPITAL,AL,HOSPITAL,independent,Independent / Unknown
011302,RED BAY HOSPITAL,AL,HOSPITAL,huntsville_hospital_health_system,Huntsville Hospital Health System
011304,OCHSNER CHOCTAW GENERAL,AL,HOSPITAL,ochsner,Ochsner
011305,ST VINCENTS BLOUNT,AL,HOSPITAL,ascension,Ascension
011306,TANNER MEDICAL CENTER-EAST ALABAMA,AL,HOSPITAL,tanner_health_system,Tanner Health System
011307,MEDICAL CENTER BARBOUR,AL,HOSPITAL,independent,Independent / Unknown
011308,CRENSHAW COMMUNITY HOSPITAL,AL,HOSPITAL,independent,Independent / Unknown
011309,WIREGRASS MEDICAL CENTER,AL,HOSPITAL,independent,Independent / Unknown
013300,THE CHILDREN'S HOSPITAL OF ALABAMA,AL,HOSPITAL,independent,Independent / Unknown
013301,USA HEALTH CHILDREN'S & WOMEN'S HOSPITAL,AL,HOSPITAL,independent,Independent / Unknown
014000,HILL CREST BEHAVIORAL HEALTH SERVICES,AL,HOSPITAL,independent,Independent / Unknown
014006,MOUNTAIN VIEW HOSPITAL,AL,HOSPITAL,independent,Independent / Unknown
014007,BRYCE HOSPITAL,AL,HOSPITAL,independent,Independent / Unknown
014012,MARY S HARPER GERIATRIC PSYCHIATRY CENTER,AL,HOSPITAL,independent,Independent / Unknown
014014,BAYPOINTE BEHAVIORAL HEALTH,AL,HOSPITAL,independent,Independent / Unknown
014015,BEACON CHILDREN'S HOSPITAL,AL,HOSPITAL,independent,Independent / Unknown
014016,"SANCTUARY AT THE WOODLANDS, THE",AL,HOSPITAL,independent,Independent / Unknown
014017,EASTPOINTE HOSPITAL,AL,HOSPITAL,independent,Independent / Unknown
014018,UNITY PSYCHIATRIC CARE - HUNTSVILLE,AL,HOSPITAL,independent,Independent / Unknown
020001,PROVIDENCE ALASKA MEDICAL CENTER,AK,HOSPITAL,providence,Providence
020006,MAT-SU REGIONAL MEDICAL CENTER,AK,HOSPITAL,community_health_systems,Community Health Systems
020008,BARTLETT REGIONAL HOSPITAL,AK,HOSPITAL,independent,Independent / Unknown
020012,FAIRBANKS MEMORIAL HOSPITAL,AK,HOSPITAL,foundation_health_partners,Foundation Health Partners
020017,ALASKA REGIONAL HOSPITAL,AK,HOSPITAL,hca,HCA
020018,YUKON KUSKOKWIM DELTA REG HOSPITAL,AK,HOSPITAL,independent,Independent / Unknown
020024,CENTRAL PENINSULA GENERAL HOSPITAL,AK,HOSPITAL,independent,Independent / Unknown
020026,ALASKA NATIVE MEDICAL CENTER,AK,HOSPITAL,independent,Independent / Unknown
02013F,673RD MEDICAL GROUP (JOINT BASE ELMENDORF-RICHARDSON),AK,HOSPITAL,independent,Independent / Unknown
02014F,BASSETT ACH (FT WAINWRIGHT),AK,HOSPITAL,independent,Independent / Unknown
021301,PROVIDENCE VALDEZ MEDICAL CENTER,AK,HOSPITAL,providence,Providence
021302,PROVIDENCE SEWARD HOSPITAL,AK,HOSPITAL,providence,Providence
021304,PETERSBURG MEDICAL CENTER,AK,HOSPITAL,southeast_alaska_regional_health_consortium,Southeast Alaska Regional Health Consortium
021305,SEARHC WRANGELL MEDICAL CENTER & LTC,AK,HOSPITAL,southeast_alaska_regional_health_consortium,Southeast Alaska Regional Health Consortium
021306,PROVIDENCE KODIAK ISLAND MEDICAL CTR,AK,HOSPITAL,providence,Providence
021307,CORDOVA COMMUNITY MEDICAL CENTER,AK,HOSPITAL,independent,Independent / Unknown
021308,NORTON SOUND REGIONAL HOSPITAL,AK,HOSPITAL,independent,Independent / Unknown
021309,BRISTOL BAY DBA KANAKANAK HOSPITAL,AK,HOSPITAL,independent,Independent / Unknown
021310,MANIILAQ HEALTH CENTER,AK,HOSPITAL,independent,Independent / Unknown
021311,PEACEHEALTH KETCHIKAN MEDICAL CENTER,AK,HOSPITAL,peacehealth,Peacehealth
021312,SAMUEL SIMMONDS MEMORIAL HOSPITAL,AK,HOSPITAL,independent,Independent / Unknown
021313,SOUTH PENINSULA HOSPITAL,AK,HOSPITAL,independent,Independent / Unknown
021314,SOUTHEAST ALASKA REGIONAL HEALTH CONSORTIUM,AK,HOSPITAL,southeast_alaska_regional_health_consortium,Southeast Alaska Regional Health Consortium
024001,NORTH STAR HOSPITAL,AK,HOSPITAL,independent,Independent / Unknown
024002,ALASKA PSYCHIATRIC INSTITUTE,AK,HOSPITAL,independent,Independent / Unknown
030002,BANNER - UNIVERSITY MEDICAL CENTER PHOENIX,AZ,HOSPITAL,banner_health,Banner Health
030006,TUCSON MEDICAL CENTER,AZ,HOSPITAL,tmc_healthcare,TMC Healthcare
030007,VERDE VALLEY MEDICAL CENTER,AZ,HOSPITAL,northern_arizona_healthcare,Northern Arizona Healthcare
030010,ST. MARY'S HOSPITAL,AZ,HOSPITAL,tenet_healthcare,Tenet Healthcare
030011,ST JOSEPH'S HOSPITAL,AZ,HOSPITAL,tenet_healthcare,Tenet Healthcare
030012,YAVAPAI REGIONAL MEDICAL CENTER,AZ,HOSPITAL,commonspirit,CommonSpirit Health
030013,YUMA REGIONAL MEDICAL CENTER,AZ,HOSPITAL,yuma_regional_medical_center,Yuma Regional Medical Center
030014,HONOR HEALTH JOHN C. LINCOLN MEDICAL CENTER,AZ,HOSPITAL,honorhealth,HonorHealth
030016,BANNER CASA GRANDE MEDICAL CENTER,AZ,HOSPITAL,banner_health,Banner Health
030022,VALLEYWISE HEALTH MEDICAL CENTER,AZ,HOSPITAL,valleywise_health,Valleywise Health
030023,FLAGSTAFF MEDICAL CENTER,AZ,HOSPITAL,northern_arizona_healthcare,Northern Arizona Healthcare
030024,ST JOSEPHS HOSPITAL AND MEDICAL CENTER,AZ,HOSPITAL,commonspirit,CommonSpirit Health
030030,ABRAZO CENTRAL CAMPUS,AZ,HOSPITAL,tenet_healthcare,Tenet Healthcare
030036,CHANDLER REGIONAL MEDICAL CENTER,AZ,HOSPITAL,commonspirit,CommonSpirit Health
030037,HONORHEALTH TEMPE MEDICAL CENTER,AZ,HOSPITAL,steward_health_care,Steward Health Care
030038,HONORHEALTH SCOTTSDALE OSBORN MEDICAL CENTER,AZ,HOSPITAL,honorhealth,HonorHealth
030043,CANYON VISTA MEDICAL CENTER,AZ,HOSPITAL,lifepoint_health,Lifepoint Health
030055,KINGMAN REGIONAL MEDICAL CENTER,AZ,HOSPITAL,mayo_clinic,Mayo Clinic
030061,BANNER BOSWELL MEDICAL CENTER,AZ,HOSPITAL,banner_health,Banner Health
030062,SUMMIT HEALTHCARE REGIONAL MEDICAL CENTER,AZ,HOSPITAL,summit_healthcare,Summit Healthcare
030064,BANNER - UNIVERSITY MEDICAL CENTER TUCSON CAMPUS,AZ,HOSPITAL,banner_health,Banner Health
030065,BANNER DESERT MEDICAL CENTER,AZ,HOSPITAL,banner_health,Banner Health
030069,HAVASU REGIONAL MEDICAL CENTER,AZ,HOSPITAL,lifepoint_health,Lifepoint Health
030071,FORT DEFIANCE INDIAN HOSPITAL,AZ,HOSPITAL,independent,Independent / Unknown
030073,TUBA CITY REGIONAL HEALTH CARE CORPORATION,AZ,HOSPITAL,independent,Independent / Unknown
030074,SELLS HOSPITAL,AZ,HOSPITAL,independent,Independent / Unknown
030078,PHOENIX INDIAN MEDICAL CENTER,AZ,HOSPITAL,independent,Independent / Unknown
030083,ABRAZO SCOTTSDALE CAMPUS,AZ,HOSPITAL,tenet_healthcare,Tenet Healthcare
030084,CHINLE COMPREHENSIVE HEALTH CARE FACILITY,AZ,HOSPITAL,independent,Independent / Unknown
030085,NORTHWEST MEDICAL CENTER,AZ,HOSPITAL,community_health_systems,Community Health Systems
030087,HONORHEALTH SCOTTSDALE SHEA MEDICAL CENTER,AZ,HOSPITAL,honorhealth,HonorHealth
030088,BANNER BAYWOOD MEDICAL CENTER,AZ,HOSPITAL,banner_health,Banner Health
030089,BANNER THUNDERBIRD MEDICAL CENTER,AZ,HOSPITAL,banner_health,Banner Health
030092,HONORHEALTH DEER VALLEY MEDICAL CENTER,AZ,HOSPITAL,honorhealth,HonorHealth
030093,BANNER DEL E. WEBB MEDICAL CENTER,AZ,HOSPITAL,banner_health,Banner Health
030094,ABRAZO ARROWHEAD HOSPITAL,AZ,HOSPITAL,tenet_healthcare,Tenet Healthcare
030101,WESTERN ARIZONA REGIONAL MEDICAL CENTER,AZ,HOSPITAL,community_health_systems,Community Health Systems
030103,MAYO CLINIC HOSPITAL,AZ,HOSPITAL,mayo_clinic,Mayo Clinic
030105,BANNER HEART HOSPITAL,AZ,HOSPITAL,banner_health,Banner Health
030107,ARIZONA SPINE AND JOINT HOSPITAL,AZ,HOSPITAL,independent,Independent / Unknown
030108,THE CORE INSTITUTE SPECIALTY HOSP,AZ,HOSPITAL,independent,Independent / Unknown
030110,ABRAZO WEST CAMPUS,AZ,HOSPITAL,tenet_healthcare,Tenet Healthcare
030111,BANNER-UNIVERSITY MEDICAL CENTER SOUTH CAMPUS,AZ,HOSPITAL,banner_health,Banner Health
030112,ARIZONA ORTHOPEDIC AND SURGICAL SPECIALTY HOSPITAL,AZ,HOSPITAL,tenet_healthcare,Tenet Healthcare
030113,WHITERIVER PHS INDIAN HOSPITAL,AZ,HOSPITAL,independent,Independent / Unknown
030114,ORO VALLEY HOSPITAL,AZ,HOSPITAL,community_health_systems,Community Health Systems
030115,BANNER ESTRELLA MEDICAL CENTER,AZ,HOSPITAL,banner_health,Banner Health
030117,VALLEY VIEW MEDICAL CENTER,AZ,HOSPITAL,lifepoint_health,Lifepoint Health
030119,MERCY GILBERT MEDICAL CENTER,AZ,HOSPITAL,commonspirit,CommonSpirit Health
030121,HONORHEALTH FOUR PEAKS MEDICAL CENTER,AZ,HOSPITAL,steward_health_care,Steward Health Care
030122,BANNER GATEWAY MEDICAL CENTER,AZ,HOSPITAL,banner_health,Banner Health
030123,HONORHEALTH SCOTTSDALE THOMPSON PEAK MED CTR,AZ,HOSPITAL,honorhealth,HonorHealth
03012F,PHOENIX VA MEDICAL CENTER,AZ,HOSPITAL,va,VA
030130,BANNER IRONWOOD MEDICAL CENTER,AZ,HOSPITAL,banner_health,Banner Health
030134,BANNER GOLDFIELD MEDICAL CENTER,AZ,HOSPITAL,banner_health,Banner Health
030136,DIGNITY HEALTH - ARIZONA GENERAL HOSPITAL,AZ,HOSPITAL,commonspirit,CommonSpirit Health
030138,CITY OF HOPE CANCER CENTER PHOENIX,AZ,HOSPITAL,city_of_hope,City of Hope
030139,DIGNITY HEALTH ARIZONA GENERAL HOSPITAL,AZ,HOSPITAL,commonspirit,CommonSpirit Health
03013F,VA S. ARIZONA HEALTHCARE SYSTEM,AZ,HOSPITAL,independent,Independent / Unknown
030146,HONORHEALTH SONORAN CROSSING MEDICAL CENTER,AZ,HOSPITAL,honorhealth,HonorHealth
030147,BANNER OCOTILLO MEDICAL CENTER,AZ,HOSPITAL,banner_health,Banner Health
030148,NORTHWEST MEDICAL CENTER SAHUARITA,AZ,HOSPITAL,community_health_systems,Community Health Systems
030152,EXCEPTIONAL COMMUNITY HOSPITAL - MARICOPA,AZ,HOSPITAL,independent,Independent / Unknown
030153,EAST VALLEY ER & HOSPITAL,AZ,HOSPITAL,independent,Independent / Unknown
030154,EXCEPTIONAL COMMUNITY HOSPITAL YUMA,AZ,HOSPITAL,independent,Independent / Unknown
030155,EXCEPTIONAL COMMUNITY HOSPITAL BULLHEAD CITY,AZ,HOSPITAL,independent,Independent / Unknown
030195,KAYENTA ALTERNATIVE RURAL HOSPITAL,AZ,HOSPITAL,independent,Independent / Unknown
03033F,VA NORTHERN ARIZONA HEALTHCARE SYSTEM,AZ,HOSPITAL,independent,Independent / Unknown
031300,WICKENBURG COMMUNITY HOSPITAL,AZ,HOSPITAL,independent,Independent / Unknown
031301,BENSON HOSPITAL,AZ,HOSPITAL,tmc_healthcare,TMC Healthcare
031302,"NORTHERN COCHISE COMMUNITY HOSPITAL, INC.",AZ,HOSPITAL,tmc_healthcare,TMC Healthcare
031304,PAGE HOSPITAL,AZ,HOSPITAL,banner_health,Banner Health
031305,HOPI HEALTH CARE CENTER,AZ,HOSPITAL,independent,Independent / Unknown
031307,PARKER INDIAN HEALTH CENTER,AZ,HOSPITAL,independent,Independent / Unknown
031308,HUHU KAM MEMORIAL HOSPITAL,AZ,HOSPITAL,independent,Independent / Unknown
031309,SAGE MEMORIAL HOSPITAL,AZ,HOSPITAL,independent,Independent / Unknown
031311,LITTLE COLORADO MEDICAL CENTER,AZ,HOSPITAL,independent,Independent / Unknown
031312,COPPER QUEEN COMMUNITY HOSPITAL,AZ,HOSPITAL,independent,Independent / Unknown
031313,HOLY CROSS HOSPITAL,AZ,HOSPITAL,tenet_healthcare,Tenet Healthcare
031314,COBRE VALLEY REGIONAL MEDICAL CENTER,AZ,HOSPITAL,independent,Independent / Unknown
031315,WHITE MOUNTAIN REGIONAL MEDICAL CENTER,AZ,HOSPITAL,independent,Independent / Unknown
031317,LA PAZ REGIONAL HOSPITAL,AZ,HOSPITAL,independent,Independent / Unknown
031318,BANNER PAYSON MEDICAL CENTER,AZ,HOSPITAL,banner_health,Banner Health
031319,MT. GRAHAM REGIONAL MEDICAL CENTER,AZ,HOSPITAL,independent,Independent / Unknown
031320,SAN CARLOS APACHE HEALTHCARE CORPORATION,AZ,HOSPITAL,independent,Independent / Unknown
033302,PHOENIX CHILDREN'S HOSPITAL,AZ,HOSPITAL,independent,Independent / Unknown
034004,BANNER BEHAVIORAL HEALTH HOSPITAL,AZ,HOSPITAL,banner_health,Banner Health
034013,COLLEGE MEDICAL CENTER PHOENIX,AZ,HOSPITAL,independent,Independent / Unknown
034020,HAVEN BEHAVIORAL HOSPITAL OF PHOENIX,AZ,HOSPITAL,independent,Independent / Unknown
034021,ARIZONA STATE HOSPITAL,AZ,HOSPITAL,independent,Independent / Unknown
034022,SONORA BEHAVIORAL HEALTH HOSPITAL,AZ,HOSPITAL,independent,Independent / Unknown
034023,THE GUIDANCE CENTER,AZ,HOSPITAL,independent,Independent / Unknown
034024,AURORA BEHAVIORAL HEALTH SYSTEM,AZ,HOSPITAL,independent,Independent / Unknown
034025,THE HEALING PLACE,AZ,HOSPITAL,independent,Independent / Unknown
034026,VALLEY HOSPITAL,AZ,HOSPITAL,independent,Independent / Unknown
034027,CHANGEPOINT PSYCHIATRIC HOSPITAL,AZ,HOSPITAL,independent,Independent / Unknown
034028,AURORA BEHAVIORAL HEALTHCARE-TEMPE,AZ,HOSPITAL,independent,Independent / Unknown
034029,OASIS BEHAVIORAL HEALTH HOSPITAL,AZ,HOSPITAL,independent,Independent / Unknown
034030,PALO VERDE BEHAVIORAL HEALTH,AZ,HOSPITAL,independent,Independent / Unknown
034031,QUAIL RUN BEHAVIORAL HEALTH,AZ,HOSPITAL,independent,Independent / Unknown
034032,COPPER SPRINGS EAST- GILBERT,AZ,HOSPITAL,independent,Independent / Unknown
034033,EL DORADO SPRINGS,AZ,HOSPITAL,independent,Independent / Unknown
034034,DESTINY SPRINGS HEALTHCARE,AZ,HOSPITAL,independent,Independent / Unknown
034035,AVENIR BEHAVIORAL HEALTH CENTER,AZ,HOSPITAL,independent,Independent / Unknown
034038,"PHOENIX MEDICAL PSYCHIATRIC HOSPITAL, LLC",AZ,HOSPITAL,independent,Independent / Unknown
034040,VIA LINDA BEHAVIORAL HOSPITAL,AZ,HOSPITAL,independent,Independent / Unknown
034041,AGAVE RIDGE BEHAVIORAL HOSPITAL,AZ,HOSPITAL,independent,Independent / Unknown
040001,SILOAM SPRINGS REGIONAL HOSPITAL,AR,HOSPITAL,community_health_systems,Community Health Systems
040002,JOHNSON REGIONAL MEDICAL CENTER,AR,HOSPITAL,independent,Independent / Unknown
040004,WASHINGTON REGIONAL MEDICAL CENTER,AR,HOSPITAL,washington_regional,Washington Regional
040007,CHI-ST VINCENT INFIRMARY,AR,HOSPITAL,commonspirit,CommonSpirit Health
040010,MERCY HOSPITAL NORTHWEST ARKANSAS,AR,HOSPITAL,mercy_health,Mercy
040011,CHAMBERS MEMORIAL HOSPITAL,AR,HOSPITAL,independent,Independent / Unknown
040014,WHITE COUNTY MEDICAL CENTER,AR,HOSPITAL,unity_health,Unity Health
040016,UNIVERSITY OF ARKANSAS MEDICAL SCIENCES,AR,HOSPITAL,university_of_arkansas_for_medical_sciences,University of Arkansas for Medical Sciences
040017,NORTH ARKANSAS REGIONAL MEDICAL CENTER,AR,HOSPITAL,independent,Independent / Unknown
040018,BAPTIST HEALTH - VAN BUREN,AR,HOSPITAL,baptist_health_ar,Baptist Health AR
040019,FORREST CITY MEDICAL CENTER,AR,HOSPITAL,quorum_health,Quorum Health
040020,ST BERNARDS MEDICAL CENTER,AR,HOSPITAL,saint_bernards_healthcare,Saint Bernards Healthcare
040022,NORTHWEST MEDICAL CENTER-SPRINGDALE,AR,HOSPITAL,community_health_systems,Community Health Systems
040026,CHI ST. VINCENT HOSPITAL HOT SPRINGS,AR,HOSPITAL,commonspirit,CommonSpirit Health
040027,BAXTER HEALTH,AR,HOSPITAL,baxter_regional_medical_center,Baxter Regional Medical Center
040029,"CONWAY REGIONAL MEDICAL CENTER, INC",AR,HOSPITAL,conway_regional_health_system,Conway Regional Health System
040036,BAPTIST HEALTH MEDICAL CENTER NORTH LITTLE ROCK,AR,HOSPITAL,baptist_health_ar,Baptist Health AR
040039,ARKANSAS METHODIST MEDICAL CENTER,AR,HOSPITAL,independent,Independent / Unknown
040041,ST MARYS REGIONAL MEDICAL CENTER,AR,HOSPITAL,lifepoint_health,Lifepoint Health
040050,OUACHITA COUNTY MEDICAL CENTER,AR,HOSPITAL,quorum_health,Quorum Health
040051,BAPTIST HEALTH MEDICAL CENTER-DREW COUNTY,AR,HOSPITAL,baptist_health,Baptist Health
040055,BAPTIST HEALTH - FORT SMITH,AR,HOSPITAL,baptist_health_ar,Baptist Health AR
040062,MERCY HOSPITAL FORT SMITH,AR,HOSPITAL,mercy_health,Mercy
040067,MAGNOLIA REGIONAL MEDICAL CENTER,AR,HOSPITAL,independent,Independent / Unknown
040069,GREAT RIVER MEDICAL CENTER,AR,HOSPITAL,independent,Independent / Unknown
040071,JEFFERSON REGIONAL MEDICAL CENTER,AR,HOSPITAL,jefferson_hospital_association,Jefferson Hospital Association
040072,BAPTIST HEALTH MEDICAL CENTER-STUTTGART,AR,HOSPITAL,baptist_health_ar,Baptist Health AR
040076,BAPTIST HEALTH MEDICAL CENTER-HOT SPRINGS COUNTY,AR,HOSPITAL,baptist_health_ar,Baptist Health AR
040078,NATIONAL PARK MEDICAL CENTER,AR,HOSPITAL,lifepoint_health,Lifepoint Health
040084,SALINE MEMORIAL HOSPITAL,AR,HOSPITAL,lifepoint_health,Lifepoint Health
040088,SOUTH ARKANSAS REGIONAL HOSPITAL LLC,AR,HOSPITAL,community_health_systems,Community Health Systems
04009F,FAYETTEVILLE AR VA MEDICAL CENTER,AR,HOSPITAL,va,VA
04010F,VA CENTRAL AR. VETERANS HEALTHCARE SYSTEM LR,AR,HOSPITAL,independent,Independent / Unknown
040114,BAPTIST HEALTH MEDICAL CENTER-LITTLE ROCK,AR,HOSPITAL,baptist_health_ar,Baptist Health AR
040118,"BAPTIST MEMORIAL HOSPITAL JONESBORO, INC.",AR,HOSPITAL,baptist_memorial_health_care_corporation,Baptist Memorial Health Care Corporation
040119,WHITE RIVER MEDICAL CENTER,AR,HOSPITAL,white_river_health_system,White River Health System
040132,LEVI HOSPITAL,AR,HOSPITAL,independent,Independent / Unknown
040134,"ARKANSAS HEART HOSPITAL, LLC",AR,HOSPITAL,independent,Independent / Unknown
040137,ST VINCENT MEDICAL CENTER/NORTH,AR,HOSPITAL,commonspirit,CommonSpirit Health
040147,ARKANSAS SURGICAL HOSPITAL,AR,HOSPITAL,independent,Independent / Unknown
040153,SOUTHWEST ARKANSAS REGIONAL MEDICAL CENTER LLC,AR,HOSPITAL,steward_health_care,Steward Health Care
040154,BAPTIST HEALTH MEDICAL CENTER- CONWAY,AR,HOSPITAL,baptist_health_ar,Baptist Health AR
040156,"BAPTIST MEMORIAL HOSPITAL-CRITTENDEN, INC",AR,HOSPITAL,baptist_memorial_health_care_corporation,Baptist Memorial Health Care Corporation
040161,ARKANSAS HEART HOSPITAL-ENCORE,AR,HOSPITAL,independent,Independent / Unknown
040164,UNITY HEALTH - JACKSONVILLE,AR,HOSPITAL,unity_health,Unity Health
040779,ST BERNARDS FIVE RIVERS MEDICAL CENTER,AR,HOSPITAL,independent,Independent / Unknown
040780,EUREKA SPRINGS HOSPITAL COMMISSION,AR,HOSPITAL,independent,Independent / Unknown
040781,HELENA REGIONAL MEDICAL CENTER,AR,HOSPITAL,independent,Independent / Unknown
040782,SOUTH MISSISSIPPI COUNTY REGIONAL MEDICAL CENTER,AR,HOSPITAL,independent,Independent / Unknown
040783,"DEWITT HOSPITAL & NURSING HOME, INC",AR,HOSPITAL,independent,Independent / Unknown
041300,MERCY HOSPITAL PARIS,AR,HOSPITAL,mercy_health,Mercy
041302,DARDANELLE REGIONAL MEDICAL CENTER,AR,HOSPITAL,conway_regional_health_system,Conway Regional Health System
041303,MERCY HOSPITAL OZARK,AR,HOSPITAL,mercy_health,Mercy
041305,MERCY HOSPITAL WALDRON,AR,HOSPITAL,mercy_health,Mercy
041306,IZARD REGIONAL HOSPITAL LLC,AR,HOSPITAL,independent,Independent / Unknown
041307,CROSSRIDGE COMMUNITY HOSPITAL,AR,HOSPITAL,saint_bernards_healthcare,Saint Bernards Healthcare
041308,MCGEHEE HOSPITAL,AR,HOSPITAL,independent,Independent / Unknown
041309,LAWRENCE MEMORIAL HOSPITAL,AR,HOSPITAL,independent,Independent / Unknown
041310,STONE COUNTY MEDICAL CENTER,AR,HOSPITAL,white_river_health_system,White River Health System
041311,HOWARD MEMORIAL HOSPITAL,AR,HOSPITAL,independent,Independent / Unknown
041312,BAPTIST HEALTH MEDICAL CENTER HEBER SPRINGS,AR,HOSPITAL,baptist_health_ar,Baptist Health AR
041313,OZARK HEALTH,AR,HOSPITAL,independent,Independent / Unknown
041317,DALLAS COUNTY MEDICAL CENTER,AR,HOSPITAL,independent,Independent / Unknown
041318,MERCY HOSPITAL BOONEVILLE,AR,HOSPITAL,mercy_health,Mercy
041320,LITTLE RIVER MEMORIAL HOSPITAL,AR,HOSPITAL,independent,Independent / Unknown
041321,BAPTIST HEALTH MEDICAL CENTER-ARKADELPHIA,AR,HOSPITAL,baptist_health_ar,Baptist Health AR
041322,BAXTER HEALTH FULTON COUNTY HOSPITAL,AR,HOSPITAL,independent,Independent / Unknown
041323,ASHLEY COUNTY MEDICAL CENTER,AR,HOSPITAL,independent,Independent / Unknown
041324,CHI ST VINCENT MORRILTON,AR,HOSPITAL,commonspirit,CommonSpirit Health
041326,DELTA MEMORIAL HOSPITAL,AR,HOSPITAL,independent,Independent / Unknown
041327,BRADLEY COUNTY MEDICAL CENTER,AR,HOSPITAL,independent,Independent / Unknown
041328,CHICOT MEMORIAL MEDICAL CENTER,AR,HOSPITAL,independent,Independent / Unknown
041329,MERCY HOSPITAL BERRYVILLE,AR,HOSPITAL,mercy_health,Mercy
041330,PIGGOTT COMMUNITY HOSPITAL,AR,HOSPITAL,independent,Independent / Unknown
041331,OZARKS COMMUNITY HOSPITAL OF GRAVETTE,AR,HOSPITAL,independent,Independent / Unknown
041332,UNITY HEALTH - NEWPORT,AR,HOSPITAL,independent,Independent / Unknown
041333,SEVIER COUNTY MEDICAL CENTER,AR,HOSPITAL,independent,Independent / Unknown
041334,MENA REGIONAL HEALTH SYSTEM,AR,HOSPITAL,independent,Independent / Unknown
041335,SOUTHWEST REGIONAL MEDICAL CENTER LLC,AR,HOSPITAL,independent,Independent / Unknown
043300,ARKANSAS CHILDREN'S HOSPITAL,AR,HOSPITAL,independent,Independent / Unknown
043301,"ARKANSAS CHILDREN'S NORTHWEST, INC",AR,HOSPITAL,independent,Independent / Unknown
044004,VISTA HEALTH FAYETTEVILLE,AR,HOSPITAL,independent,Independent / Unknown
044005,BRIDGEWAY HOSPITAL,AR,HOSPITAL,independent,Independent / Unknown
044006,VALLEY BEHAVIORAL HEALTH SYSTEM,AR,HOSPITAL,independent,Independent / Unknown
044007,RIVENDELL BEHAVIORAL HEALTH SERVICES,AR,HOSPITAL,independent,Independent / Unknown
044011,ARKANSAS STATE HOSPITAL,AR,HOSPITAL,independent,Independent / Unknown
044017,UNITED METHODIST BEHAVIORAL HOSPITAL,AR,HOSPITAL,independent,Independent / Unknown
044019,SPRINGWOODS BEHAVIORAL HEALTH SERVICES,AR,HOSPITAL,independent,Independent / Unknown
044020,RIVERVIEW BEHAVIORAL HEALTH,AR,HOSPITAL,independent,Independent / Unknown
044021,PERIMETER BEHAVIORAL HOSPITAL OF WEST MEMPHIS,AR,HOSPITAL,independent,Independent / Unknown
044022,CONWAY BEHAVIORAL HEALTH,AR,HOSPITAL,independent,Independent / Unknown
050002,ST ROSE HOSPITAL,CA,HOSPITAL,independent,Independent / Unknown
050006,PROVIDENCE ST JOSEPH HOSPITAL,CA,HOSPITAL,providence,Providence
050007,PENINSULA MEDICAL CENTER,CA,HOSPITAL,sutter_health,Sutter Health
050008,CALIFORNIA PACIFIC MEDICAL CTR-DAVIES CAMPUS HOSP,CA,HOSPITAL,sutter_health,Sutter Health
050009,PROVIDENCE QUEEN OF THE VALLEY MEDICAL CENTER,CA,HOSPITAL,providence,Providence
050013,ADVENTIST HEALTH ST HELENA,CA,HOSPITAL,adventist_health,Adventist Health
050014,SUTTER AMADOR HOSPITAL,CA,HOSPITAL,sutter_health,Sutter Health
050017,MERCY GENERAL HOSPITAL,CA,HOSPITAL,commonspirit,CommonSpirit Health
050022,RIVERSIDE COMMUNITY HOSPITAL,CA,HOSPITAL,hca,HCA
050024,PARADISE VALLEY HOSPITAL,CA,HOSPITAL,prime_healthcare,Prime Healthcare
050025,UC SAN DIEGO HEALTH HILLCREST - HILLCREST MED CTR,CA,HOSPITAL,university_of_california_health,University of California Health
050026,GROSSMONT HOSPITAL,CA,HOSPITAL,sharp_healthcare,Sharp Healthcare
050028,MAD RIVER COMMUNITY HOSPITAL,CA,HOSPITAL,independent,Independent / Unknown
050030,OROVILLE HOSPITAL,CA,HOSPITAL,orohealth_corporation,OroHealth Corporation
050036,BAKERSFIELD MEMORIAL HOSPITAL,CA,HOSPITAL,commonspirit,CommonSpirit Health
050038,SANTA CLARA VALLEY MEDICAL CENTER,CA,HOSPITAL,santa_clara_valley_health_and_hospital_system,Santa Clara Valley Health and Hospital System
050039,ENLOE HEALTH,CA,HOSPITAL,enloe_medical_center,Enloe Medical Center
050040,LAC/OLIVE VIEW-UCLA MEDICAL CENTER,CA,HOSPITAL,los_angeles_county_department_of_health_services,Los Angeles County Department of Health Services
050042,ST ELIZABETH COMMUNITY HOSPITAL,CA,HOSPITAL,commonspirit,CommonSpirit Health
050043,ALTA BATES SUMMIT MEDICAL CENTER,CA,HOSPITAL,sutter_health,Sutter Health
050045,EL CENTRO REGIONAL MEDICAL CENTER,CA,HOSPITAL,el_centro_regional_medical_center,El Centro Regional Medical Center
050047,CALIFORNIA PACIFIC MEDICAL CENTER- VAN NESS CAMPUS,CA,HOSPITAL,sutter_health,Sutter Health
050054,SAN GORGONIO MEMORIAL HOSPITAL,CA,HOSPITAL,independent,Independent / Unknown
050055,CALIFORNIA PACIFIC MEDICAL CENTER - MISSION BERNAL,CA,HOSPITAL,sutter_health,Sutter Health
050056,ANTELOPE VALLEY HOSPITAL,CA,HOSPITAL,antelope_valley_medical_center,Antelope Valley Medical Center
050057,KAWEAH HEALTH MEDICAL CENTER,CA,HOSPITAL,kaweah_delta_health_care_district,Kaweah Delta Health Care District
050058,GLENDALE MEM HOSPITAL & HLTH CENTER,CA,HOSPITAL,commonspirit,CommonSpirit Health
050060,COMMUNITY REGIONAL MEDICAL CENTER,CA,HOSPITAL,community_medical_centers,Community Medical Centers
050063,HOLLYWOOD PRESBYTERIAN MEDICAL CENTER,CA,HOSPITAL,independent,Independent / Unknown
050067,OAK VALLEY HOSPITAL DISTRICT,CA,HOSPITAL,independent,Independent / Unknown
050069,PROVIDENCE ST. JOSEPH HOSPITAL,CA,HOSPITAL,providence,Providence
050070,KAISER FOUNDATION HOSPITAL - SOUTH SAN FRANCISCO,CA,HOSPITAL,kaiser_permanente,Kaiser Permanente
050071,KAISER FOUNDATION HOSPITAL-SANTA CLARA,CA,HOSPITAL,kaiser_permanente,Kaiser Permanente
050072,KAISER FOUNDATION HOSPITAL - WALNUT CREEK,CA,HOSPITAL,kaiser_permanente,Kaiser Permanente
050073,KAISER FOUNDATION HOSPITAL AND REHAB CENTER,CA,HOSPITAL,kaiser_permanente,Kaiser Permanente
050075,KAISER FOUNDATION HOSPITAL - OAKLAND/RICHMOND,CA,HOSPITAL,kaiser_permanente,Kaiser Permanente
050076,KAISER FOUNDATION HOSPITAL - SAN FRANCISCO,CA,HOSPITAL,kaiser_permanente,Kaiser Permanente
050077,SCRIPPS MERCY HOSPITAL,CA,HOSPITAL,scripps_health,Scripps Health
050078,PROVIDENCE LITTLE CO OF MARY MED CTR SAN PEDRO,CA,HOSPITAL,providence,Providence
050082,ST JOHNS REGIONAL MEDICAL CENTER,CA,HOSPITAL,commonspirit,CommonSpirit Health
050084,ST JOSEPH'S MEDICAL CENTER OF STOCKTON,CA,HOSPITAL,commonspirit,CommonSpirit Health
050089,COMMUNITY HOSPITAL OF SAN BERNARDINO,CA,HOSPITAL,commonspirit,CommonSpirit Health
050090,SONOMA VALLEY HOSPITAL,CA,HOSPITAL,independent,Independent / Unknown
050091,COMMUNITY HOSPITAL OF HUNTINGTON PARK,CA,HOSPITAL,pipeline_health,Pipeline Health
050093,SAINT AGNES MEDICAL CENTER,CA,HOSPITAL,trinity_health,Trinity Health
050099,SAN ANTONIO REGIONAL HOSPITAL,CA,HOSPITAL,san_antonio_regional_hospital,San Antonio Regional Hospital
050100,SHARP MEMORIAL HOSPITAL,CA,HOSPITAL,sharp_healthcare,Sharp Healthcare
050101,SUTTER SOLANO MEDICAL CENTER,CA,HOSPITAL,sutter_health,Sutter Health
050102,PARKVIEW COMMUNITY HOSPITAL MEDICAL CENTER,CA,HOSPITAL,independent,Independent / Unknown
050103,ADVENTIST HEALTH WHITE MEMORIAL,CA,HOSPITAL,adventist_health,Adventist Health
050104,SAINT FRANCIS MEDICAL CENTER,CA,HOSPITAL,prime_healthcare,Prime Healthcare
050107,MARIAN REGIONAL MEDICAL CENTER,CA,HOSPITAL,commonspirit,CommonSpirit Health
050108,"SUTTER MEDICAL CENTER, SACRAMENTO",CA,HOSPITAL,sutter_health,Sutter Health
050110,LOMPOC VALLEY MEDICAL CENTER,CA,HOSPITAL,independent,Independent / Unknown
050112,SANTA MONICA - UCLA MED CTR & ORTHOPAEDIC HOSPITAL,CA,HOSPITAL,university_of_california_health,University of California Health
050113,SAN MATEO MEDICAL CENTER,CA,HOSPITAL,san_mateo_county_health,San Mateo County Health
050115,PALOMAR HEALTH DOWNTOWN CAMPUS,CA,HOSPITAL,palomar_health,Palomar Health
050116,NORTHRIDGE HOSPITAL MEDICAL CENTER,CA,HOSPITAL,commonspirit,CommonSpirit Health
050118,DOCTORS HOSPITAL OF MANTECA,CA,HOSPITAL,tenet_healthcare,Tenet Healthcare
050121,ADVENTIST HEALTH HANFORD,CA,HOSPITAL,adventist_health,Adventist Health
050122,DAMERON HOSPITAL,CA,HOSPITAL,adventist_health,Adventist Health
050124,USC VERDUGO HILLS HOSPITAL,CA,HOSPITAL,university_of_southern_california,University of Southern California
050125,REGIONAL MEDICAL CENTER OF SAN JOSE,CA,HOSPITAL,hca,HCA
050126,VALLEY PRESBYTERIAN HOSPITAL,CA,HOSPITAL,independent,Independent / Unknown
050127,WOODLAND MEMORIAL HOSPITAL,CA,HOSPITAL,commonspirit,CommonSpirit Health
050128,TRI-CITY MEDICAL CENTER,CA,HOSPITAL,tri_city_healthcare_district,Tri City Healthcare District
050129,ST BERNARDINE MEDICAL CENTER,CA,HOSPITAL,commonspirit,CommonSpirit Health
050131,NOVATO COMMUNITY HOSPITAL,CA,HOSPITAL,sutter_health,Sutter Health
050132,SAN GABRIEL VALLEY MEDICAL CENTER,CA,HOSPITAL,independent,Independent / Unknown
050133,ADVENTIST HEALTH AND RIDEOUT,CA,HOSPITAL,adventist_health,Adventist Health
050135,SOUTHERN CALIFORNIA HOSPITAL AT HOLLYWOOD,CA,HOSPITAL,prospect_medical_holdings,Prospect Medical Holdings
050136,PETALUMA VALLEY HOSPITAL,CA,HOSPITAL,providence,Providence
050137,KAISER FOUNDATION HOSPITAL - PANORAMA CITY,CA,HOSPITAL,kaiser_permanente,Kaiser Permanente
050138,KAISER FOUNDATION HOSPITAL - LOS ANGELES,CA,HOSPITAL,kaiser_permanente,Kaiser Permanente
050139,KAISER FOUNDATION HOSPITAL - DOWNEY,CA,HOSPITAL,kaiser_permanente,Kaiser Permanente
050140,KAISER FOUNDATION HOSPITAL FONTANA/ONTARIO,CA,HOSPITAL,kaiser_permanente,Kaiser Permanente
050145,COMMUNITY HOSPITAL OF THE MONTEREY PENINSULA,CA,HOSPITAL,montage_health,Montage Health
050149,CALIFORNIA HOSPITAL MEDICAL CENTER LA,CA,HOSPITAL,commonspirit,CommonSpirit Health
050150,SIERRA NEVADA MEMORIAL HOSPITAL,CA,HOSPITAL,commonspirit,CommonSpirit Health
050152,UCSF HEALTH SAINT FRANCIS HOSPITAL,CA,HOSPITAL,commonspirit,CommonSpirit Health
050158,ENCINO HOSPITAL MEDICAL CENTER,CA,HOSPITAL,prime_healthcare,Prime Healthcare
050159,VENTURA COUNTY MEDICAL CENTER,CA,HOSPITAL,ventura_county_health_care_agency,Ventura County Health Care Agency
05015F,60TH MEDICAL GROUP (TRAVIS AFB),CA,HOSPITAL,independent,Independent / Unknown
050167,SAN JOAQUIN GENERAL HOSPITAL,CA,HOSPITAL,san_joaquin_county_clinics,San Joaquin County Clinics
050168,PROVIDENCE ST. JUDE MEDICAL CENTER,CA,HOSPITAL,providence,Providence
050169,PIH HEALTH HOSPITAL-WHITTIER,CA,HOSPITAL,pih_health,PIH Health
050174,PROVIDENCE SANTA ROSA MEMORIAL HOSPITAL,CA,HOSPITAL,providence,Providence
050179,EMANUEL MEDICAL CENTER,CA,HOSPITAL,tenet_healthcare,Tenet Healthcare
050180,JOHN MUIR MEDICAL CENTER - WALNUT CREEK CAMPUS,CA,HOSPITAL,john_muir_health,John Muir Health
050191,ST MARY MEDICAL CENTER,CA,HOSPITAL,commonspirit,CommonSpirit Health
050192,ADVENTIST HEALTH REEDLEY,CA,HOSPITAL,adventist_health,Adventist Health
050194,WATSONVILLE COMMUNITY HOSPITAL,CA,HOSPITAL,independent,Independent / Unknown
050195,WASHINGTON HOSPITAL,CA,HOSPITAL,washington_hospital_healthcare_system,Washington Hospital Healthcare System
050197,SEQUOIA HOSPITAL,CA,HOSPITAL,commonspirit,CommonSpirit Health
050204,PALMDALE REGIONAL MEDICAL CENTER,CA,HOSPITAL,universal_health_services,Universal Health Services
05020F,NH CAMP PENDLETON,CA,HOSPITAL,independent,Independent / Unknown
050211,ALAMEDA HOSPITAL,CA,HOSPITAL,alameda_health_system,Alameda Health System
050222,SHARP CHULA VISTA MEDICAL CENTER,CA,HOSPITAL,sharp_healthcare,Sharp Healthcare
050224,HOAG MEMORIAL HOSPITAL PRESBYTERIAN,CA,HOSPITAL,hoag_memorial_hospital_presbyterian,Hoag Memorial Hospital Presbyterian
050226,AHMC ANAHEIM REGIONAL MEDICAL CENTER,CA,HOSPITAL,independent,Independent / Unknown
050228,ZUCKERBERG SAN FRANCISCO GENERAL HOSP & TRAUMA CTR,CA,HOSPITAL,san_francisco_health_network,San Francisco Health Network
05022F,NMC SAN DIEGO,CA,HOSPITAL,independent,Independent / Unknown
050230,GARDEN GROVE HOSPITAL & MEDICAL CENTER,CA,HOSPITAL,prime_healthcare,Prime Healthcare
050231,POMONA VALLEY HOSPITAL MEDICAL CENTER,CA,HOSPITAL,pomona_valley_hospital_medical_center,Pomona Valley Hospital Medical Center
050232,FRENCH HOSPITAL MEDICAL CENTER,CA,HOSPITAL,commonspirit,CommonSpirit Health
050234,SHARP CORONADO HOSPITAL AND HLTHCR CTR,CA,HOSPITAL,sharp_healthcare,Sharp Healthcare
050235,PROVIDENCE SAINT JOSEPH MEDICAL CTR,CA,HOSPITAL,providence,Providence
050236,ADVENTIST HEALTH SIMI VALLEY,CA,HOSPITAL,adventist_health,Adventist Health
050238,USC ARCADIA HOSPITAL,CA,HOSPITAL,university_of_southern_california,University of Southern California
050239,GLENDALE ADVENTIST MEDICAL CENTER,CA,HOSPITAL,adventist_health,Adventist Health
050242,DOMINICAN HOSPITAL,CA,HOSPITAL,commonspirit,CommonSpirit Health
050243,DESERT REGIONAL MEDICAL CENTER,CA,HOSPITAL,tenet_healthcare,Tenet Healthcare
050245,ARROWHEAD REGIONAL MEDICAL CENTER,CA,HOSPITAL,arrowhead_regional_medical_center,Arrowhead Regional Medical Center
050248,NATIVIDAD MEDICAL CENTER,CA,HOSPITAL,natividad_medical_center,Natividad Medical Center
050254,MARSHALL MEDICAL CENTER,CA,HOSPITAL,marshall_medical_center,Marshall Medical Center
050257,"GOOD SAMARITAN HOSPITAL, LP",CA,HOSPITAL,independent,Independent / Unknown
05025F,FRESNO VA MEDICAL CENTER (VA CENTRAL CALIFORNIA HEALTHCARE SYSTEM),CA,HOSPITAL,va,VA
050261,SIERRA VIEW MEDICAL CENTER,CA,HOSPITAL,independent,Independent / Unknown
050262,RONALD REAGAN UCLA MEDICAL CENTER,CA,HOSPITAL,university_of_california_health,University of California Health
050272,REDLANDS COMMUNITY HOSPITAL,CA,HOSPITAL,redlands_community_hospital,Redlands Community Hospital
050276,CONTRA COSTA REGIONAL MEDICAL CENTER,CA,HOSPITAL,contra_costa_health_services,Contra Costa Health Services
050278,PROVIDENCE HOLY CROSS MEDICAL CENTER,CA,HOSPITAL,providence,Providence
050279,HI-DESERT MEDICAL CENTER,CA,HOSPITAL,tenet_healthcare,Tenet Healthcare
05027F,VA LONG BEACH HEALTHCARE SYSTEM,CA,HOSPITAL,independent,Independent / Unknown
050280,MERCY MEDICAL CENTER REDDING,CA,HOSPITAL,commonspirit,CommonSpirit Health
050281,ALHAMBRA HOSPITAL MEDICAL CENTER,CA,HOSPITAL,independent,Independent / Unknown
050283,STANFORD HEALTH CARE TRI-VALLEY,CA,HOSPITAL,stanford_health_care,Stanford Health Care
050289,AHMC SETON MEDICAL CENTER,CA,HOSPITAL,independent,Independent / Unknown
050290,SAINT JOHN'S HEALTH CENTER,CA,HOSPITAL,providence,Providence
050291,SUTTER SANTA ROSA REGIONAL HOSPITAL,CA,HOSPITAL,sutter_health,Sutter Health
050292,RIVERSIDE UNIVERSITY HEALTH SYSTEM-MEDICAL CENTER,CA,HOSPITAL,riverside_university_health_system,Riverside University Health System
050295,MERCY HOSPITAL,CA,HOSPITAL,commonspirit,CommonSpirit Health
050298,BARSTOW COMMUNITY HOSPITAL,CA,HOSPITAL,quorum_health,Quorum Health
050300,PROVIDENCE ST MARY MEDICAL CENTER,CA,HOSPITAL,providence,Providence
050301,ADVENTIST HEALTH UKIAH VALLEY,CA,HOSPITAL,adventist_health,Adventist Health
050305,ALTA BATES SUMMIT MEDICAL CENTER - ALTA BATES CAMP,CA,HOSPITAL,sutter_health,Sutter Health
050308,EL CAMINO HEALTH,CA,HOSPITAL,el_camino_health,El Camino Health
050309,SUTTER ROSEVILLE MEDICAL CENTER,CA,HOSPITAL,sutter_health,Sutter Health
05030F,VA N CALIFORNIA HEALTHCARE SYSTEM,CA,HOSPITAL,independent,Independent / Unknown
050313,SUTTER TRACY COMMUNITY HOSPITAL,CA,HOSPITAL,sutter_health,Sutter Health
050315,KERN MEDICAL CENTER,CA,HOSPITAL,independent,Independent / Unknown
05031F,PALO ALTO VA MEDICAL CENTER,CA,HOSPITAL,va,VA
050320,HIGHLAND HOSPITAL,CA,HOSPITAL,alameda_health_system,Alameda Health System
050324,SCRIPPS MEMORIAL HOSPITAL LA JOLLA,CA,HOSPITAL,scripps_health,Scripps Health
050327,LOMA LINDA UNIVERSITY MEDICAL CENTER,CA,HOSPITAL,loma_linda_university_health,Loma Linda University Health
050329,CORONA REGIONAL MEDICAL CENTER,CA,HOSPITAL,universal_health_services,Universal Health Services
050334,SALINAS VALLEY MEMORIAL HOSPITAL,CA,HOSPITAL,salinas_valley_memorial_healthcare_system,Salinas Valley Memorial Healthcare System
050335,ADVENTIST HEALTH SONORA,CA,HOSPITAL,adventist_health,Adventist Health
050336,ADVENTIST HEALTH LODI MEMORIAL,CA,HOSPITAL,adventist_health,Adventist Health
050342,PIONEERS MEMORIAL HEALTHCARE DISTRICT,CA,HOSPITAL,independent,Independent / Unknown
050348,UCI HEALTH-ORANGE,CA,HOSPITAL,university_of_california_health,University of California Health
050350,ADVENTIST HEALTH WHITE MEMORIAL MONTEBELLO,CA,HOSPITAL,adventist_health,Adventist Health
050351,TORRANCE MEMORIAL MEDICAL CENTER,CA,HOSPITAL,cedars_sinai_health_system,Cedars Sinai Health System
050352,BARTON MEMORIAL HOSPITAL,CA,HOSPITAL,barton_health,Barton Health
050353,PROVIDENCE LITTLE COMPANY OF MARY MED CTR TORRANCE,CA,HOSPITAL,providence,Providence
050357,GOLETA VALLEY COTTAGE HOSPITAL,CA,HOSPITAL,cottage_health_system,Cottage Health System
050360,MARINHEALTH MEDICAL CENTER,CA,HOSPITAL,marinhealth,MarinHealth
050367,NORTHBAY MEDICAL CENTER,CA,HOSPITAL,northbay_healthcare,Northbay Healthcare
050373,LOS ANGELES GENERAL MEDICAL CENTER,CA,HOSPITAL,los_angeles_county_department_of_health_services,Los Angeles County Department of Health Services
050376,LAC/HARBOR-UCLA MED CENTER,CA,HOSPITAL,los_angeles_county_department_of_health_services,Los Angeles County Department of Health Services
050378,PACIFICA HOSPITAL OF THE VALLEY,CA,HOSPITAL,independent,Independent / Unknown
050380,GOOD SAMARITAN HOSPITAL,CA,HOSPITAL,hca,HCA
050382,EMANATE HEALTH INTER-COMMUNITY HOSPITAL,CA,HOSPITAL,emanate_health,Emanate Health
050390,HEMET GLOBAL MEDICAL CENTER,CA,HOSPITAL,independent,Independent / Unknown
050393,PIH HEALTH DOWNEY HOSPITAL,CA,HOSPITAL,pih_health,PIH Health
050394,COMMUNITY MEMORIAL HOSPITAL - VENTURA,CA,HOSPITAL,community_memorial_health_system,Community Memorial Health System
050396,SANTA BARBARA COTTAGE HOSPITAL,CA,HOSPITAL,cottage_health_system,Cottage Health System
05039F,NH TWENTYNINE PALMS,CA,HOSPITAL,independent,Independent / Unknown
050407,CHINESE HOSPITAL,CA,HOSPITAL,independent,Independent / Unknown
050411,KAISER FOUNDATION HOSPITAL - SOUTH BAY,CA,HOSPITAL,kaiser_permanente,Kaiser Permanente
050414,MERCY HOSPITAL OF FOLSOM,CA,HOSPITAL,commonspirit,CommonSpirit Health
050417,SUTTER COAST HOSPITAL,CA,HOSPITAL,sutter_health,Sutter Health
05041F,WEED ACH (FT IRWIN),CA,HOSPITAL,independent,Independent / Unknown
050424,SCRIPPS GREEN HOSPITAL,CA,HOSPITAL,scripps_health,Scripps Health
050425,KAISER FOUNDATION HOSPITAL - SACRAMENTO,CA,HOSPITAL,kaiser_permanente,Kaiser Permanente
050426,WEST ANAHEIM MEDICAL CENTER,CA,HOSPITAL,prime_healthcare,Prime Healthcare
050438,HUNTINGTON HOSPITAL,CA,HOSPITAL,cedars_sinai_health_system,Cedars Sinai Health System
050441,STANFORD HEALTH CARE,CA,HOSPITAL,stanford_health_care,Stanford Health Care
050444,MERCY MEDICAL CENTER,CA,HOSPITAL,commonspirit,CommonSpirit Health
050454,UCSF MEDICAL CENTER,CA,HOSPITAL,university_of_california_health,University of California Health
050455,ADVENTIST HEALTH BAKERSFIELD,CA,HOSPITAL,adventist_health,Adventist Health
050457,UCSF HEALTH ST. MARY'S HOSPITAL,CA,HOSPITAL,commonspirit,CommonSpirit Health
050464,DOCTORS MEDICAL CENTER,CA,HOSPITAL,tenet_healthcare,Tenet Healthcare
050468,MEMORIAL HOSPITAL OF GARDENA,CA,HOSPITAL,pipeline_health,Pipeline Health
050471,PIH HEALTH GOOD SAMARITAN HOSPITAL,CA,HOSPITAL,pih_health,PIH Health
050481,UCLA WEST VALLEY MEDICAL CENTER,CA,HOSPITAL,hca,HCA
050485,MEMORIALCARE LONG BEACH MEDICAL CENTER,CA,HOSPITAL,memorialcare_health_system,MemorialCare Health System
050488,EDEN MEDICAL CENTER,CA,HOSPITAL,sutter_health,Sutter Health
050492,CLOVIS COMMUNITY MEDICAL CENTER,CA,HOSPITAL,community_medical_centers,Community Medical Centers
050496,JOHN MUIR MEDICAL CENTER - CONCORD CAMPUS,CA,HOSPITAL,john_muir_health,John Muir Health
050498,SUTTER AUBURN FAITH HOSPITAL,CA,HOSPITAL,sutter_health,Sutter Health
050503,SCRIPPS MEMORIAL HOSPITAL - ENCINITAS,CA,HOSPITAL,scripps_health,Scripps Health
050506,ADVENTIST HEALTH SIERRA VISTA,CA,HOSPITAL,tenet_healthcare,Tenet Healthcare
050510,KAISER FOUNDATION HOSPITAL,CA,HOSPITAL,kaiser_permanente,Kaiser Permanente
050512,KAISER FOUNDATION HOSPITAL - FREMONT,CA,HOSPITAL,kaiser_permanente,Kaiser Permanente
050515,KAISER FOUNDATION HOSPITAL - SAN DIEGO,CA,HOSPITAL,kaiser_permanente,Kaiser Permanente
050516,MERCY SAN JUAN MEDICAL CENTER,CA,HOSPITAL,commonspirit,CommonSpirit Health
050517,VICTOR VALLEY GLOBAL MEDICAL CENTER,CA,HOSPITAL,independent,Independent / Unknown
050523,SUTTER DELTA MEDICAL CENTER,CA,HOSPITAL,sutter_health,Sutter Health
050526,HUNTINGTON BEACH HOSPITAL,CA,HOSPITAL,prime_healthcare,Prime Healthcare
050528,MEMORIAL HOSPITAL LOS BANOS,CA,HOSPITAL,sutter_health,Sutter Health
050534,JOHN F KENNEDY MEMORIAL HOSPITAL,CA,HOSPITAL,tenet_healthcare,Tenet Healthcare
050537,SUTTER DAVIS HOSPITAL,CA,HOSPITAL,sutter_health,Sutter Health
050541,KAISER FOUNDATION HOSPITAL - REDWOOD CITY,CA,HOSPITAL,kaiser_permanente,Kaiser Permanente
050543,COLLEGE HOSPITAL COSTA MESA,CA,HOSPITAL,independent,Independent / Unknown
050546,PORTERVILLE DEVELOPMENTAL CENTER,CA,HOSPITAL,independent,Independent / Unknown
050549,LOS ROBLES HOSPITAL & MEDICAL CENTER,CA,HOSPITAL,hca,HCA
050551,UCI HEALTH - LOS ALAMITOS,CA,HOSPITAL,tenet_healthcare,Tenet Healthcare
050557,MEMORIAL MEDICAL CENTER,CA,HOSPITAL,sutter_health,Sutter Health
050561,KAISER FOUNDATION HOSPITAL - WEST LA,CA,HOSPITAL,kaiser_permanente,Kaiser Permanente
050567,PROVIDENCE MISSION HOSPITAL,CA,HOSPITAL,providence,Providence
050570,UCI HEALTH - FOUNTAIN VALLEY,CA,HOSPITAL,tenet_healthcare,Tenet Healthcare
050573,EISENHOWER MEDICAL CENTER,CA,HOSPITAL,eisenhower_health,Eisenhower Health
050580,LA PALMA INTERCOMMUNITY HOSPITAL,CA,HOSPITAL,prime_healthcare,Prime Healthcare
050581,UCI HEALTH-LAKEWOOD,CA,HOSPITAL,tenet_healthcare,Tenet Healthcare
050586,CHINO VALLEY MEDICAL CENTER,CA,HOSPITAL,prime_healthcare,Prime Healthcare
050588,SAN DIMAS COMMUNITY HOSPITAL,CA,HOSPITAL,prime_healthcare,Prime Healthcare
050590,METHODIST HOSPITAL OF SACRAMENTO,CA,HOSPITAL,commonspirit,CommonSpirit Health
050597,EMANATE HEALTH FOOTHILL PRESBYTERIAN HOSPITAL,CA,HOSPITAL,emanate_health,Emanate Health
050599,UNIVERSITY OF CALIFORNIA DAVIS MEDICAL CENTER,CA,HOSPITAL,university_of_california_health,University of California Health
050603,MEMORIALCARE SADDLEBACK MEDICAL CENTER,CA,HOSPITAL,memorialcare_health_system,MemorialCare Health System
050604,KAISER FOUNDATION HOSPITAL-SAN JOSE,CA,HOSPITAL,kaiser_permanente,Kaiser Permanente
050608,ADVENTIST HEALTH DELANO,CA,HOSPITAL,adventist_health,Adventist Health
050609,KAISER FOUNDATION HOSPITAL - ORANGE COUNTY - ANAHEIM,CA,HOSPITAL,kaiser_permanente,Kaiser Permanente
050624,HENRY MAYO NEWHALL  HOSPITAL,CA,HOSPITAL,independent,Independent / Unknown
050625,CEDARS-SINAI MEDICAL CENTER,CA,HOSPITAL,cedars_sinai_health_system,Cedars Sinai Health System
050633,ADVENTIST HEALTH TWIN CITIES,CA,HOSPITAL,tenet_healthcare,Tenet Healthcare
050636,PALOMAR MEDICAL CENTER POWAY,CA,HOSPITAL,palomar_health,Palomar Health
050641,EAST LOS ANGELES DOCTORS HOSPITAL,CA,HOSPITAL,pipeline_health,Pipeline Health
050663,LOS ANGELES COMMUNITY HOSPITAL,CA,HOSPITAL,prospect_medical_holdings,Prospect Medical Holdings
050668,LAGUNA HONDA HOSPITAL & REHABILITATION CENTER,CA,HOSPITAL,san_francisco_health_network,San Francisco Health Network
050674,KAISER FOUNDATION HOSP SO SACRAMENTO,CA,HOSPITAL,kaiser_permanente,Kaiser Permanente
050677,KAISER FOUNDATION HOSPITAL - WOODLAND HILLS,CA,HOSPITAL,kaiser_permanente,Kaiser Permanente
050678,MEMORIALCARE ORANGE COAST MEDICAL CENTER,CA,HOSPITAL,memorialcare_health_system,MemorialCare Health System
050684,MENIFEE GLOBAL MEDICAL CENTER,CA,HOSPITAL,independent,Independent / Unknown
050686,"KAISER FOUNDATION HOSPITAL, RIVERSIDE",CA,HOSPITAL,kaiser_permanente,Kaiser Permanente
050689,SAN RAMON REGIONAL MEDICAL CENTER,CA,HOSPITAL,tenet_healthcare,Tenet Healthcare
050690,KAISER FOUNDATION HOSPITAL-SANTA ROSA,CA,HOSPITAL,kaiser_permanente,Kaiser Permanente
050696,KECK HOSPITAL OF USC,CA,HOSPITAL,university_of_southern_california,University of Southern California
050697,PATIENTS' HOSPITAL OF REDDING,CA,HOSPITAL,independent,Independent / Unknown
050701,SOUTHWEST HEALTHCARE RANCHO SPRINGS HOSPITAL,CA,HOSPITAL,universal_health_services,Universal Health Services
050704,MISSION COMMUNITY HOSPITAL,CA,HOSPITAL,independent,Independent / Unknown
050708,FRESNO SURGICAL HOSPITAL,CA,HOSPITAL,tenet_healthcare,Tenet Healthcare
050709,DESERT VALLEY HOSPITAL,CA,HOSPITAL,prime_healthcare,Prime Healthcare
050710,KAISER FOUNDATION HOSPITAL - FRESNO,CA,HOSPITAL,kaiser_permanente,Kaiser Permanente
050714,SUTTER MATERNITY & SURGERY CENTER OF SANTA CRUZ,CA,HOSPITAL,sutter_health,Sutter Health
050717,LAC/RANCHO LOS AMIGOS NATIONAL REHABILITATION  CTR,CA,HOSPITAL,independent,Independent / Unknown
050723,KAISER FOUNDATION HOSPITAL - BALDWIN PARK,CA,HOSPITAL,kaiser_permanente,Kaiser Permanente
050726,STANISLAUS SURGICAL HOSPITAL,CA,HOSPITAL,sutter_health,Sutter Health
050735,WHITTIER HOSPITAL MEDICAL CENTER,CA,HOSPITAL,independent,Independent / Unknown
050736,MONTEREY PARK HOSPITAL,CA,HOSPITAL,independent,Independent / Unknown
050737,GARFIELD MEDICAL CENTER,CA,HOSPITAL,independent,Independent / Unknown
050738,GREATER EL MONTE COMMUNITY HOSPITAL,CA,HOSPITAL,independent,Independent / Unknown
050739,CENTINELA HOSPITAL MEDICAL CENTER,CA,HOSPITAL,prime_healthcare,Prime Healthcare
050740,CEDAR-SINAI MARINA DEL REY HOSPITAL,CA,HOSPITAL,cedars_sinai_health_system,Cedars Sinai Health System
050744,ANAHEIM GLOBAL MEDICAL CENTER,CA,HOSPITAL,independent,Independent / Unknown
050745,CHAPMAN GLOBAL MEDICAL CENTER,CA,HOSPITAL,independent,Independent / Unknown
050746,ORANGE COUNTY GLOBAL MEDICAL CENTER,CA,HOSPITAL,independent,Independent / Unknown
050747,COASTAL COMMUNITIES HOSPITAL,CA,HOSPITAL,independent,Independent / Unknown
050748,KAISER FOUNDATION HOSPITAL MANTECA,CA,HOSPITAL,kaiser_permanente,Kaiser Permanente
050755,SHERMAN OAKS HOSPITAL,CA,HOSPITAL,prime_healthcare,Prime Healthcare
050758,MONTCLAIR HOSPITAL MEDICAL CENTER,CA,HOSPITAL,prime_healthcare,Prime Healthcare
050760,KAISER FOUNDATION HOSPITAL - ANTIOCH,CA,HOSPITAL,kaiser_permanente,Kaiser Permanente
050761,PROVIDENCE CEDARS SINAI TARZANA MEDICAL CENTER,CA,HOSPITAL,providence,Providence
050763,L A DOWNTOWN MEDICAL CENTER,CA,HOSPITAL,independent,Independent / Unknown
050764,SHASTA REGIONAL MEDICAL CENTER,CA,HOSPITAL,prime_healthcare,Prime Healthcare
050765,KAISER FOUNDATION HOSPITAL-MORENO VALLEY,CA,HOSPITAL,kaiser_permanente,Kaiser Permanente
050766,SUTTER SURGICAL HOSPITAL - NORTH VALLEY,CA,HOSPITAL,sutter_health,Sutter Health
050767,KAISER FOUNDATION HOSPITAL - VACAVILLE,CA,HOSPITAL,kaiser_permanente,Kaiser Permanente
050769,HOAG ORTHOPEDIC INSTITUTE,CA,HOSPITAL,hoag_memorial_hospital_presbyterian,Hoag Memorial Hospital Presbyterian
050770,LOMA LINDA UNIVERSITY MEDICAL CENTER-MURRIETA,CA,HOSPITAL,loma_linda_university_health,Loma Linda University Health
050771,COAST PLAZA HOSPITAL,CA,HOSPITAL,pipeline_health,Pipeline Health
050772,KAISER FOUNDATION HOSPITAL - ROSEVILLE,CA,HOSPITAL,kaiser_permanente,Kaiser Permanente
050775,TEMECULA VALLEY HOSPITAL,CA,HOSPITAL,universal_health_services,Universal Health Services
050776,COLLEGE MEDICAL CENTER,CA,HOSPITAL,independent,Independent / Unknown
050777,KAISER FOUNDATION HOSPITAL - SAN LEANDRO,CA,HOSPITAL,kaiser_permanente,Kaiser Permanente
050778,LOMA LINDA UNIVERSITY CHILDREN'S HOSPITAL,CA,HOSPITAL,loma_linda_university_health,Loma Linda University Health
050779,"MARTIN LUTHER KING, JR. COMMUNITY HOSPITAL",CA,HOSPITAL,mlk_community_healthcare,MLK Community Healthcare
050780,FOOTHILL REGIONAL MEDICAL CENTER,CA,HOSPITAL,prospect_medical_holdings,Prospect Medical Holdings
050782,CASA COLINA HOSPITAL,CA,HOSPITAL,independent,Independent / Unknown
050783,COLUSA MEDICAL CENTER,CA,HOSPITAL,independent,Independent / Unknown
050784,ADVENTIST HEALTH TULARE,CA,HOSPITAL,adventist_health,Adventist Health
050785,DOCS SURGICAL HOSPITAL,CA,HOSPITAL,independent,Independent / Unknown
050854,"ANAHEIM COMMUNITY HOSPITAL, LLC",CA,HOSPITAL,independent,Independent / Unknown
050855,KAISER FOUNDATION HOSPITAL - SAN MARCOS,CA,HOSPITAL,kaiser_permanente,Kaiser Permanente
050856,MADERA COMMUNITY HOSPITAL,CA,HOSPITAL,independent,Independent / Unknown
05114F,VA SAN DIEGO HEALTHCARE SYSTEM,CA,HOSPITAL,independent,Independent / Unknown
05127F,LOMA LINDA VA MEDICAL CENTER,CA,HOSPITAL,va,VA
05128F,VA GREATER LOS ANGELES HEALTHCARE SYSTEM,CA,HOSPITAL,independent,Independent / Unknown
051300,EASTERN PLUMAS HOSPITAL - PORTOLA CAMPUS,CA,HOSPITAL,independent,Independent / Unknown
051301,ADVENTIST HEALTH TEHACHAPI VALLEY,CA,HOSPITAL,adventist_health,Adventist Health
051302,SOUTHERN INYO HOSPITAL,CA,HOSPITAL,independent,Independent / Unknown
051303,MAMMOTH HOSPITAL,CA,HOSPITAL,independent,Independent / Unknown
051304,JOHN C FREMONT HEALTHCARE DISTRICT,CA,HOSPITAL,independent,Independent / Unknown
051305,MAYERS MEMORIAL HOSPITAL,CA,HOSPITAL,independent,Independent / Unknown
051306,GLENN MEDICAL CENTER,CA,HOSPITAL,adventist_health,Adventist Health
051307,CATALINA ISLAND MEDICAL CENTER,CA,HOSPITAL,independent,Independent / Unknown
051308,SURPRISE VALLEY COMMUNITY HOSPITAL,CA,HOSPITAL,independent,Independent / Unknown
051309,JEROLD PHELPS COMMUNITY HOSPITAL,CA,HOSPITAL,independent,Independent / Unknown
05130F,SAN FRANCISCO VA MEDICAL CENTER,CA,HOSPITAL,va,VA
051310,ADVENTIST HEALTH HOWARD MEMORIAL,CA,HOSPITAL,adventist_health,Adventist Health
051311,ORCHARD HOSPITAL,CA,HOSPITAL,independent,Independent / Unknown
051312,MOUNTAINS COMMUNITY HOSPITAL,CA,HOSPITAL,independent,Independent / Unknown
051314,KERN VALLEY HEALTHCARE DISTRICT,CA,HOSPITAL,independent,Independent / Unknown
051315,TRINITY HOSPITAL,CA,HOSPITAL,independent,Independent / Unknown
051316,FAIRCHILD MEDICAL CENTER,CA,HOSPITAL,independent,Independent / Unknown
051317,ADVENTIST HEALTH CLEARLAKE,CA,HOSPITAL,adventist_health,Adventist Health
051318,PROVIDENCE REDWOOD MEMORIAL HOSPITAL,CA,HOSPITAL,providence,Providence
051319,MERCY MEDICAL CENTER OF MT SHASTA,CA,HOSPITAL,commonspirit,CommonSpirit Health
051320,BANNER LASSEN MEDICAL CENTER,CA,HOSPITAL,banner_health,Banner Health
051321,HEALDSBURG HOSPITAL,CA,HOSPITAL,providence,Providence
051323,COLORADO RIVER MEDICAL CENTER,CA,HOSPITAL,independent,Independent / Unknown
051324,NORTHERN INYO HOSPITAL,CA,HOSPITAL,independent,Independent / Unknown
051325,ADVENTIST HEALTH MENDOCINO COAST,CA,HOSPITAL,adventist_health,Adventist Health
051326,PLUMAS DISTRICT HOSPITAL,CA,HOSPITAL,independent,Independent / Unknown
051327,SENECA DISTRICT HOSPITAL,CA,HOSPITAL,independent,Independent / Unknown
051328,TAHOE FOREST HOSPITAL,CA,HOSPITAL,tahoe_forest_hospital_district,Tahoe Forest Hospital District
051329,SUTTER LAKESIDE HOSPITAL,CA,HOSPITAL,sutter_health,Sutter Health
051330,MODOC MEDICAL CENTER,CA,HOSPITAL,independent,Independent / Unknown
051331,SANTA YNEZ VALLEY COTTAGE HOSPITAL,CA,HOSPITAL,cottage_health_system,Cottage Health System
051332,MARK TWAIN MEDICAL CENTER,CA,HOSPITAL,commonspirit,CommonSpirit Health
051333,RIDGECREST REGIONAL HOSPITAL,CA,HOSPITAL,independent,Independent / Unknown
051334,COMMUNITY MEMORIAL HOSPITAL - OJAI,CA,HOSPITAL,community_memorial_health_system,Community Memorial Health System
051335,BEAR VALLEY COMMUNITY HOSPITAL,CA,HOSPITAL,independent,Independent / Unknown
051336,SOUTHERN MONTEREY COUNTY MEMORIAL HOSPITAL,CA,HOSPITAL,independent,Independent / Unknown
051337,HAZEL HAWKINS MEMORIAL HOSPITAL,CA,HOSPITAL,independent,Independent / Unknown
051338,COALINGA REGIONAL MEDICAL CENTER,CA,HOSPITAL,independent,Independent / Unknown
051339,PALO VERDE HOSPITAL,CA,HOSPITAL,independent,Independent / Unknown
053300,VALLEY CHILDREN'S HOSPITAL,CA,HOSPITAL,independent,Independent / Unknown
053301,UCSF BENIOFF CHILDREN'S HOSPITAL OAKLAND,CA,HOSPITAL,ucsf_health,UCSF Health
053302,CHILDREN'S HOSP OF LOS ANGELES,CA,HOSPITAL,independent,Independent / Unknown
053303,RADY CHILDREN'S HOSPITAL - SAN DIEGO,CA,HOSPITAL,independent,Independent / Unknown
053304,CHILDREN'S HOSPITAL OF ORANGE COUNTY,CA,HOSPITAL,independent,Independent / Unknown
053305,LUCILE SALTER PACKARD CHILDREN'S HSP AT STANFORD,CA,HOSPITAL,stanford_health,Stanford Health
053306,CHILDREN'S HOSPITAL AT MISSION,CA,HOSPITAL,independent,Independent / Unknown
053308,HEALTHBRIDGE CHILDREN'S HOSPITAL - ORANGE,CA,HOSPITAL,independent,Independent / Unknown
053309,MEMORIAL CARE MILLER CHILDREN'S &  WOMEN'S HOSP LB,CA,HOSPITAL,independent,Independent / Unknown
053311,SHRINERS HOSPITALS FOR CHILDREN NORTHERN CALIF,CA,HOSPITAL,independent,Independent / Unknown
054009,RESNICK NEUROPSYCHIATRIC HOSPITAL AT UCLA,CA,HOSPITAL,ucla_health,UCLA Health
054028,GATEWAYS HOSP  MENTAL HEALTH CTR,CA,HOSPITAL,independent,Independent / Unknown
054032,BHC ALHAMBRA HOSPITAL,CA,HOSPITAL,independent,Independent / Unknown
054053,DEL AMO HOSPITAL,CA,HOSPITAL,independent,Independent / Unknown
054055,COLLEGE HOSPITAL,CA,HOSPITAL,independent,Independent / Unknown
054069,AURORA CHARTER OAK,CA,HOSPITAL,independent,Independent / Unknown
054074,ADVENTIST HEALTH VALLEJO,CA,HOSPITAL,adventist_health,Adventist Health
054075,ALVARADO PARKWAY INSTITUTE BEHAVIORAL HEALTH SYSTE,CA,HOSPITAL,independent,Independent / Unknown
054077,AURORA VISTA DEL MAR HOSPITAL,CA,HOSPITAL,independent,Independent / Unknown
054078,AURORA LAS ENCINAS,CA,HOSPITAL,independent,Independent / Unknown
054087,"BHC SIERRA VISTA HOSPITAL, INC",CA,HOSPITAL,independent,Independent / Unknown
054089,JEWISH HOME & REHAB CENTER,CA,HOSPITAL,independent,Independent / Unknown
054095,AURORA SAN DIEGO,CA,HOSPITAL,independent,Independent / Unknown
054096,SUTTER CENTER FOR PSYCHIATRY,CA,HOSPITAL,sutter_health,Sutter Health
054104,HERITAGE OAKS HOSPITAL,CA,HOSPITAL,independent,Independent / Unknown
054110,BHC FREMONT HOSPITAL INC,CA,HOSPITAL,independent,Independent / Unknown
054111,CANYON RIDGE HOSPITAL,CA,HOSPITAL,independent,Independent / Unknown
054122,DEPT OF STATE HOSPITALS - NAPA,CA,HOSPITAL,independent,Independent / Unknown
054123,ST JOSEPH'S BEHAVIORAL HEALTH CENTER,CA,HOSPITAL,independent,Independent / Unknown
054124,SEMPERVIRENS,CA,HOSPITAL,independent,Independent / Unknown
054125,SANTA BARBARA COUNTY PSYCHIATRIC HEALTH FACILITY,CA,HOSPITAL,independent,Independent / Unknown
054130,PACIFIC GROVE HOSPITAL,CA,HOSPITAL,independent,Independent / Unknown
054131,JOHN MUIR BEHAVIORAL HEALTH CENTER,CA,HOSPITAL,independent,Independent / Unknown
054133,DEPT OF STATE HOSPITALS - METROPOLITAN - PSY,CA,HOSPITAL,independent,Independent / Unknown
054144,UCSF LANGLEY PORTER PSYCHIATRIC HOSPITAL AND CLINICS,CA,HOSPITAL,ucsf_health,UCSF Health
054145,SHARP MESA VISTA HOSPITAL,CA,HOSPITAL,independent,Independent / Unknown
054146,TELECARE HERITAGE PSYCHIATRIC HEALTH FACILITY,CA,HOSPITAL,independent,Independent / Unknown
054147,JOYCE EISENBERG KEEFER MEDICAL CENTER,CA,HOSPITAL,independent,Independent / Unknown
054148,TARZANA TREATMENT CENTER,CA,HOSPITAL,independent,Independent / Unknown
054149,WILLOW ROCK CENTER,CA,HOSPITAL,independent,Independent / Unknown
054150,KAISER PERMANENTE PSYCHIATRIC HEALTH FACILITY-SANT,CA,HOSPITAL,kaiser_permanente,Kaiser Permanente
054151,"AURORA BEHAVIORAL HEALTHCARE-SANTA ROSA, LLC",CA,HOSPITAL,independent,Independent / Unknown
054152,SANTA CRUZ COUNTY PSYCHIATRIC HEALTH FACILITY,CA,HOSPITAL,independent,Independent / Unknown
054153,OCEAN VIEW PSYCHIATRIC HEALTH FACILITY,CA,HOSPITAL,independent,Independent / Unknown
054154,SAN JOSE BEHAVIORAL HEALTH,CA,HOSPITAL,independent,Independent / Unknown
054155,"BAKERSFIELD BEHAVIORAL HEALTHCARE HOSPITAL, LLC",CA,HOSPITAL,independent,Independent / Unknown
054157,GLENDORA  HOSPITAL,CA,HOSPITAL,independent,Independent / Unknown
054158,"ALISO RIDGE BEHAVIORAL HEALTH, LLC",CA,HOSPITAL,independent,Independent / Unknown
054159,"SACRAMENTO BEHAVIORAL HEALTHCARE HOSPITAL, LLC",CA,HOSPITAL,independent,Independent / Unknown
054160,RIVER VISTA BEHAVIORAL HEALTH,CA,HOSPITAL,independent,Independent / Unknown
060001,BANNER NORTH COLORADO MEDICAL CENTER,CO,HOSPITAL,banner_health,Banner Health
060003,LONGMONT UNITED HOSPITAL,CO,HOSPITAL,commonspirit,CommonSpirit Health
060004,INTERMOUNTAIN HEALTH PLATTE VALLEY HOSPITAL,CO,HOSPITAL,intermountain_health,Intermountain Health
060006,MONTROSE REGIONAL HEALTH,CO,HOSPITAL,community_hospital_corporation,Community Hospital Corporation
060008,SAN LUIS VALLEY REGIONAL  MEDICAL CENTER,CO,HOSPITAL,conejos_county_hospital_corporation,Conejos County Hospital Corporation
060009,LUTHERAN MEDICAL CENTER,CO,HOSPITAL,intermountain_health,Intermountain Health
060010,POUDRE VALLEY HOSPITAL,CO,HOSPITAL,university_of_colorado_health,University of Colorado Health
060011,DENVER HEALTH & HOSPITAL AUTHORITY,CO,HOSPITAL,denver_health_and_hospital_authority,Denver Health and Hospital Authority
060012,ST MARY-CORWIN HOSPITAL,CO,HOSPITAL,commonspirit,CommonSpirit Health
060013,MERCY REGIONAL MEDICAL CENTER,CO,HOSPITAL,commonspirit,CommonSpirit Health
060014,HCA HEALTHONE PRESBYTERIAN ST LUKE'S,CO,HOSPITAL,hca,HCA
060015,CENTURA HEALTH-ST ANTHONY HOSPITAL,CO,HOSPITAL,commonspirit,CommonSpirit Health
060020,"PARKVIEW MEDICAL CENTER, INC",CO,HOSPITAL,parkview_medical_center,Parkview Medical Center
060022,UCH-MEMORIAL HEALTH SYSTEM,CO,HOSPITAL,university_of_colorado_health,University of Colorado Health
060023,INTERMOUNTAIN HEALTH ST. MARY'S REGIONAL HOSPITAL,CO,HOSPITAL,intermountain_health,Intermountain Health
060024,UNIVERSITY OF COLORADO HOSPITAL AUTHORITY,CO,HOSPITAL,university_of_colorado_health,University of Colorado Health
060027,BOULDER COMMUNITY HEALTH,CO,HOSPITAL,boulder_community_health,Boulder Community Health
060028,SAINT JOSEPH HOSPITAL,CO,HOSPITAL,intermountain_health,Intermountain Health
060030,BANNER NORTH CO MEDICAL CENTER - LOVELAND CAMPUS,CO,HOSPITAL,banner_health,Banner Health
060031,CENTURA HEALTH-PENROSE ST FRANCIS HEALTH SERVICES,CO,HOSPITAL,commonspirit,CommonSpirit Health
060032,HCA HEALTHONE ROSE,CO,HOSPITAL,hca,HCA
060034,HCA-HEALTHONE DBA SWEDISH MEDICAL CENTER,CO,HOSPITAL,hca,HCA
06003F,EVANS ACH (FT CARSON),CO,HOSPITAL,independent,Independent / Unknown
060044,ST ELIZABETH HOSPITAL,CO,HOSPITAL,commonspirit,CommonSpirit Health
060049,UCHEALTH YAMPA VALLEY MEDICAL CENTER,CO,HOSPITAL,university_of_colorado_health,University of Colorado Health
060054,COMMUNITY HOSPITAL,CO,HOSPITAL,independent,Independent / Unknown
06005F,VA EASTERN COLORADO HEALTHCARE SYSTEM,CO,HOSPITAL,independent,Independent / Unknown
060064,ADVENTHEALTH PORTER,CO,HOSPITAL,adventhealth,AdventHealth
060065,HCA HEALTHONE MOUNTAIN RIDGE,CO,HOSPITAL,hca,HCA
060071,DELTA COUNTY MEMORIAL HOSPITAL,CO,HOSPITAL,independent,Independent / Unknown
060075,VALLEY VIEW HOSPITAL ASSOCIATION,CO,HOSPITAL,valley_view_hospital_association,Valley View Hospital Association
060076,STERLING REGIONAL MEDCENTER,CO,HOSPITAL,banner_health,Banner Health
06007F,GRAND JUNCTION VA MEDICAL CENTER,CO,HOSPITAL,va,VA
060096,VAIL HEALTH HOSPITAL,CO,HOSPITAL,vail_health,Vail Health
060100,THE MEDICAL CENTER OF AURORA & SOUTH HOSPITAL,CO,HOSPITAL,hca,HCA
060103,ADVENTHEALTH AVISTA,CO,HOSPITAL,adventhealth,AdventHealth
060104,CENTURA HEALTH-ST ANTHONY NORTH HEALTH CAMPUS,CO,HOSPITAL,commonspirit,CommonSpirit Health
060107,NATIONAL JEWISH HEALTH,CO,HOSPITAL,national_jewish_health,National Jewish Health
060112,SKY RIDGE MEDICAL CENTER,CO,HOSPITAL,hca,HCA
060113,ADVENTHEALTH LITTLETON,CO,HOSPITAL,adventhealth,AdventHealth
060114,ADVENTHEALTH PARKER,CO,HOSPITAL,adventhealth,AdventHealth
060116,GOOD SAMARITAN MEDICAL CENTER LLC,CO,HOSPITAL,intermountain_health,Intermountain Health
060117,"ANIMAS SURGICAL HOSPITAL, LLC",CO,HOSPITAL,independent,Independent / Unknown
060118,ST ANTHONY SUMMIT MEDICAL CENTER,CO,HOSPITAL,commonspirit,CommonSpirit Health
060119,MEDICAL CENTER OF THE ROCKIES,CO,HOSPITAL,university_of_colorado_health,University of Colorado Health
060124,ORTHOCOLORADO HOSP AT ST ANTHONY MED CAMPUS,CO,HOSPITAL,commonspirit,CommonSpirit Health
060125,ADVENTHEALTH CASTLE ROCK,CO,HOSPITAL,adventhealth,AdventHealth
060126,BANNER FORT COLLINS MEDICAL CENTER,CO,HOSPITAL,banner_health,Banner Health
060128,LONGS PEAK HOSPITAL,CO,HOSPITAL,university_of_colorado_health,University of Colorado Health
060129,UCHEALTH BROOMFIELD HOSPITAL,CO,HOSPITAL,university_of_colorado_health,University of Colorado Health
060130,UCHEALTH GRANDVIEW HOSPITAL,CO,HOSPITAL,university_of_colorado_health,University of Colorado Health
060131,UCHEALTH GREELEY HOSPITAL,CO,HOSPITAL,university_of_colorado_health,University of Colorado Health
060132,UCHEALTH HIGHLANDS RANCH HOSPITAL,CO,HOSPITAL,university_of_colorado_health,University of Colorado Health
060133,ST FRANCIS HOSPITAL - INTERQUEST,CO,HOSPITAL,independent,Independent / Unknown
061300,WEISBROD MEMORIAL COUNTY HOSPITAL,CO,HOSPITAL,independent,Independent / Unknown
061301,RIO GRANDE HOSPITAL,CO,HOSPITAL,independent,Independent / Unknown
061302,FAMILY HEALTH WEST HOSPITAL,CO,HOSPITAL,independent,Independent / Unknown
061303,EAST MORGAN COUNTY HOSPITAL,CO,HOSPITAL,banner_health,Banner Health
061304,HAXTUN HOSPITAL DISTRICT,CO,HOSPITAL,independent,Independent / Unknown
061305,MELISSA MEMORIAL HOSPITAL,CO,HOSPITAL,banner_health,Banner Health
061306,LINCOLN HEALTH HOSPITAL,CO,HOSPITAL,independent,Independent / Unknown
061307,RANGELY DISTRICT HOSPITAL,CO,HOSPITAL,independent,Independent / Unknown
061308,SAN LUIS VALLEY HEALTH CONEJOS COUNTY HOSPITAL,CO,HOSPITAL,conejos_county_hospital_corporation,Conejos County Hospital Corporation
061309,WRAY COMMUNITY DISTRICT HOSPITAL,CO,HOSPITAL,independent,Independent / Unknown
061310,SEDGWICK COUNTY MEMORIAL HOSPITAL,CO,HOSPITAL,independent,Independent / Unknown
061311,SOUTHEAST COLORADO HOSPITAL DISTRICT,CO,HOSPITAL,independent,Independent / Unknown
061312,ESTES PARK MEDICAL CENTER,CO,HOSPITAL,independent,Independent / Unknown
061313,KIT CARSON COUNTY MEMORIAL HOSPITAL,CO,HOSPITAL,independent,Independent / Unknown
061314,"MEMORIAL HOSPITAL, THE",CO,HOSPITAL,quorum_health,Quorum Health
061315,YUMA DISTRICT HOSPITAL,CO,HOSPITAL,independent,Independent / Unknown
061316,SPANISH PEAKS REGIONAL HEALTH CENTER,CO,HOSPITAL,independent,Independent / Unknown
061317,GRAND RIVER HOSPITAL DISTRICT,CO,HOSPITAL,independent,Independent / Unknown
061318,MIDDLE PARK MEDICAL CENTER,CO,HOSPITAL,independent,Independent / Unknown
061319,ST VINCENT GENERAL HOSPITAL DISTRICT,CO,HOSPITAL,independent,Independent / Unknown
061320,GUNNISON VALLEY HOSPITAL,CO,HOSPITAL,independent,Independent / Unknown
061321,MT SAN RAFAEL HOSPITAL,CO,HOSPITAL,independent,Independent / Unknown
061322,HEART OF THE ROCKIES REGIONAL MEDICAL CENTER,CO,HOSPITAL,independent,Independent / Unknown
061323,PROWERS MEDICAL CENTER,CO,HOSPITAL,independent,Independent / Unknown
061324,ASPEN VALLEY HOSPITAL,CO,HOSPITAL,independent,Independent / Unknown
061325,EASTERN RIO BLANCO COUNTY HEALTH SERVICE DISTRICT,CO,HOSPITAL,independent,Independent / Unknown
061326,UCHEALTH PIKES PEAK REGIONAL HOSPITAL,CO,HOSPITAL,university_of_colorado_health,University of Colorado Health
061327,SOUTHWEST MEMORIAL HOSPITAL,CO,HOSPITAL,community_hospital_corporation,Community Hospital Corporation
061328,PAGOSA SPRINGS MEDICAL CENTER,CO,HOSPITAL,independent,Independent / Unknown
061336,ARKANSAS VALLEY REGIONAL MEDICAL CENTER,CO,HOSPITAL,community_hospital_corporation,Community Hospital Corporation
061343,KEEFE MEMORIAL HOSPITAL,CO,HOSPITAL,independent,Independent / Unknown
061344,ST THOMAS MORE HOSPITAL,CO,HOSPITAL,commonspirit,CommonSpirit Health
063301,CHILDREN'S HOSPITAL COLORADO,CO,HOSPITAL,independent,Independent / Unknown
063303,CHILDREN'S HOSPITAL COLORADO - COLORADO SPRINGS,CO,HOSPITAL,independent,Independent / Unknown
064001,COLORADO MENTAL HEALTH HOSPITAL IN PUEBLO,CO,HOSPITAL,independent,Independent / Unknown
064003,COLORADO MENTAL HEALTH HOSPITAL IN FORT LOGAN,CO,HOSPITAL,independent,Independent / Unknown
064007,CENTENNIAL PEAKS HOSPITAL,CO,HOSPITAL,independent,Independent / Unknown
064009,CEDAR SPRINGS HOSPITAL,CO,HOSPITAL,independent,Independent / Unknown
064024,HIGHLANDS BEHAVIORAL HEALTH SYSTEM,CO,HOSPITAL,independent,Independent / Unknown
064026,PEAK VIEW BEHAVIORAL HEALTH,CO,HOSPITAL,independent,Independent / Unknown
064028,DENVER SPRINGS,CO,HOSPITAL,independent,Independent / Unknown
064029,JOHNSTOWN HEIGHTS BEHAVIORAL HEALTH,CO,HOSPITAL,independent,Independent / Unknown
064030,WEST PINES BEHAVIORAL HOSPITAL,CO,HOSPITAL,independent,Independent / Unknown
070002,ST FRANCIS HOSPITAL & MEDICAL CENTER,CT,HOSPITAL,trinity_health,Trinity Health
070003,DAY KIMBALL HOSPITAL,CT,HOSPITAL,day_kimball_healthcare,Day Kimball Healthcare
070004,SHARON HOSPITAL,CT,HOSPITAL,nuvance_health,Nuvance Health
070005,WATERBURY HOSPITAL,CT,HOSPITAL,prospect_medical_holdings,Prospect Medical Holdings
070006,STAMFORD HOSPITAL,CT,HOSPITAL,stamford_health,Stamford Health
070007,LAWRENCE & MEMORIAL HOSPITAL,CT,HOSPITAL,yale_new_haven_health_system,Yale New Haven Health System
070008,JOHNSON MEMORIAL HOSPITAL,CT,HOSPITAL,trinity_health,Trinity Health
070010,BRIDGEPORT HOSPITAL,CT,HOSPITAL,yale_new_haven_health_system,Yale New Haven Health System
070011,CHARLOTTE HUNGERFORD HOSPITAL,CT,HOSPITAL,hartford_healthcare,Hartford Healthcare
070016,SAINT MARY'S HOSPITAL,CT,HOSPITAL,trinity_health,Trinity Health
070017,MIDSTATE MEDICAL CENTER,CT,HOSPITAL,hartford_healthcare,Hartford Healthcare
070018,GREENWICH HOSPITAL ASSOCIATION -,CT,HOSPITAL,yale_new_haven_health_system,Yale New Haven Health System
070020,MIDDLESEX HOSPITAL,CT,HOSPITAL,middlesex_health_system,Middlesex Health System
070021,WINDHAM COMMUNITY MEMORIAL HOSPITAL,CT,HOSPITAL,hartford_healthcare,Hartford Healthcare
070022,YALE-NEW HAVEN HOSPITAL,CT,HOSPITAL,yale_new_haven_health_system,Yale New Haven Health System
070024,WILLIAM W BACKUS HOSPITAL,CT,HOSPITAL,hartford_healthcare,Hartford Healthcare
070025,HARTFORD HOSPITAL,CT,HOSPITAL,hartford_healthcare,Hartford Healthcare
070027,MANCHESTER MEMORIAL HOSPITAL,CT,HOSPITAL,prospect_medical_holdings,Prospect Medical Holdings
070028,ST VINCENT'S MEDICAL CENTER,CT,HOSPITAL,hartford_healthcare,Hartford Healthcare
070029,BRISTOL HOSPITAL,CT,HOSPITAL,bristol_hospital,Bristol Hospital
070031,GRIFFIN HOSPITAL,CT,HOSPITAL,ascension,Ascension
070033,DANBURY HOSPITAL,CT,HOSPITAL,nuvance_health,Nuvance Health
070034,NORWALK HOSPITAL,CT,HOSPITAL,nuvance_health,Nuvance Health
070035,THE HOSPITAL OF CENTRAL CONNECTICUT,CT,HOSPITAL,hartford_healthcare,Hartford Healthcare
070036,JOHN DEMPSEY HOSPITAL OF THE UNIVERSITY OF CONNECT,CT,HOSPITAL,university_of_connecticut_health_center,University of Connecticut Health Center
070038,THE CONNECTICUT HOSPICE INC.,CT,HOSPITAL,independent,Independent / Unknown
07003F,WEST HAVEN VA MEDICAL CENTER,CT,HOSPITAL,va,VA
073300,CONNECTICUT CHILDRENS MEDICAL CENTER,CT,HOSPITAL,independent,Independent / Unknown
074003,CONNECTICUT VALLEY HOSP,CT,HOSPITAL,independent,Independent / Unknown
074008,NATCHAUG HOSPITAL,CT,HOSPITAL,independent,Independent / Unknown
074011,CONNECTICUT MENTAL HEALTH CENTER,CT,HOSPITAL,independent,Independent / Unknown
074012,SOUTHWEST CONNECTICUT MENTAL HEALTH SYSTEM,CT,HOSPITAL,independent,Independent / Unknown
074014,SILVER HILL HOSPITAL INC,CT,HOSPITAL,independent,Independent / Unknown
074015,ALBERT J SOLNIT CHILDREN'S CENTER - SOUTH CAMPUS,CT,HOSPITAL,independent,Independent / Unknown
074016,MASONICARE HEALTH CENTER,CT,HOSPITAL,independent,Independent / Unknown
074017,HEBREW HOME AND HOSPITAL,CT,HOSPITAL,independent,Independent / Unknown
080001,CHRISTIANA HOSPITAL,DE,HOSPITAL,christianacare,ChristianaCare
080003,ST FRANCIS HOSPITAL,DE,HOSPITAL,trinity_health,Trinity Health
080004,"BAYHEALTH MEDICAL CENTER, KENT CAMPUS",DE,HOSPITAL,bayhealth,Bayhealth
080006,"TIDALHEALTH NANTICOKE, INC.",DE,HOSPITAL,tidalhealth_peninsula_regional,TidalHealth Peninsula Regional
080007,BEEBE MEDICAL CENTER,DE,HOSPITAL,beebe_healthcare,Beebe Healthcare
080009,"BAYHEALTH HOSPITAL, SUSSEX CAMPUS",DE,HOSPITAL,bayhealth,Bayhealth
08002F,WILMINGTON VA MEDICAL CENTER,DE,HOSPITAL,va,VA
083300,"NEMOURS CHILDREN'S HOSPITAL, DELAWARE",DE,HOSPITAL,independent,Independent / Unknown
084001,DELAWARE PSYCHIATRIC CENTER,DE,HOSPITAL,independent,Independent / Unknown
084002,ROCKFORD CENTER,DE,HOSPITAL,independent,Independent / Unknown
084003,MEADOWWOOD BEHAVIORAL HEALTH SYSTEM,DE,HOSPITAL,independent,Independent / Unknown
084004,DOVER BEHAVIORAL HEALTH SYSTEM,DE,HOSPITAL,independent,Independent / Unknown
084005,SUN BEHAVIORAL DELAWARE LLC,DE,HOSPITAL,independent,Independent / Unknown
090001,GEORGE WASHINGTON UNIV HOSPITAL,DC,HOSPITAL,universal_health_services,Universal Health Services
090003,HOWARD UNIVERSITY HOSPITAL CORP,DC,HOSPITAL,adventist_healthcare,Adventist Healthcare
090004,MEDSTAR GEORGETOWN UNIVERSITY HOSPITAL,DC,HOSPITAL,medstar_health,MedStar Health
090005,SIBLEY MEMORIAL HOSPITAL,DC,HOSPITAL,johns_hopkins_health_system,Johns Hopkins Health System
090008,UNITED MEDICAL CENTER,DC,HOSPITAL,independent,Independent / Unknown
090011,MEDSTAR WASHINGTON HOSPITAL CENTER,DC,HOSPITAL,medstar_health,MedStar Health
09002F,WASHINGTON DC VA MEDICAL CENTER,DC,HOSPITAL,va,VA
093300,CHILDREN'S NATIONAL HOSPITAL,DC,HOSPITAL,independent,Independent / Unknown
094001,ST ELIZABETHS HOSPITAL,DC,HOSPITAL,independent,Independent / Unknown
094004,PSYCHIATRIC INSTITUTE OF WASHINGTON,DC,HOSPITAL,independent,Independent / Unknown
100001,SHANDS JACKSONVILLE,FL,HOSPITAL,uf_health,UF Health
100002,BETHESDA HOSPITAL EAST,FL,HOSPITAL,baptist_health_south_florida,Baptist Health South Florida
100006,ORLANDO HEALTH,FL,HOSPITAL,orlando_health,Orlando Health
100007,ADVENTHEALTH ORLANDO,FL,HOSPITAL,adventhealth,AdventHealth
100008,BAPTIST HOSPITAL OF MIAMI,FL,HOSPITAL,baptist_health_south_florida,Baptist Health South Florida
100012,LEE MEMORIAL HOSPITAL,FL,HOSPITAL,lee_health,Lee Health
100014,ADVENTHEALTH NEW SMYRNA BEACH,FL,HOSPITAL,adventhealth,AdventHealth
100017,HALIFAX HEALTH MEDICAL CENTER,FL,HOSPITAL,halifax_health,Halifax Health
100018,NAPLES COMMUNITY HOSPITAL,FL,HOSPITAL,nch_healthcare_system,NCH Healthcare System
100019,HOLMES REGIONAL MEDICAL CENTER,FL,HOSPITAL,health_first,Health First
100022,JACKSON HEALTH SYSTEM,FL,HOSPITAL,jackson_health_system,Jackson Health System
100023,HCA FLORIDA CITRUS HOSPITAL,FL,HOSPITAL,hca,HCA
100025,SACRED HEART HOSPITAL,FL,HOSPITAL,ascension,Ascension
100026,ASCENSION SACRED HEART BAY,FL,HOSPITAL,ascension,Ascension
100028,PARRISH MEDICAL CENTER,FL,HOSPITAL,parrish_medical_center,Parrish Medical Center
100029,NORTH SHORE MEDICAL CENTER,FL,HOSPITAL,steward_health_care,Steward Health Care
100030,ORLANDO HEALTH-HEALTH CENTRAL HOSPITAL,FL,HOSPITAL,orlando_health,Orlando Health
100032,ORLANDO HEALTH BAYFRONT HOSPITAL,FL,HOSPITAL,orlando_health,Orlando Health
100034,"MOUNT SINAI MEDICAL CENTER OF FLORIDA, INC",FL,HOSPITAL,mount_sinai_medical_center_of_florida,Mount Sinai Medical Center of Florida
100035,MANATEE MEMORIAL HOSPITAL,FL,HOSPITAL,universal_health_services,Universal Health Services
100038,MEMORIAL REGIONAL HOSPITAL,FL,HOSPITAL,memorial_healthcare_system,Memorial Healthcare System
100039,BROWARD HEALTH MEDICAL CENTER,FL,HOSPITAL,broward_health,Broward Health
100040,ASCENSION ST VINCENT'S RIVERSIDE,FL,HOSPITAL,ascension,Ascension
100043,MEASE DUNEDIN HOSPITAL,FL,HOSPITAL,trinity_health,Trinity Health
100044,CLEVELAND CLINIC MARTIN NORTH HOSPITAL,FL,HOSPITAL,cleveland_clinic,Cleveland Clinic
100045,ADVENTHEALTH DELAND,FL,HOSPITAL,adventhealth,AdventHealth
100046,ADVENTHEALTH ZEPHYRHILLS,FL,HOSPITAL,adventhealth,AdventHealth
100049,HCA FLORIDA HIGHLANDS HOSPITAL,FL,HOSPITAL,hca,HCA
100050,LARKIN COMMUNITY HOSPITAL PALM SPRINGS CAMPUS,FL,HOSPITAL,larkin_health_system,Larkin Health System
100051,ORLANDO HEALTH SOUTH LAKE HOSPITAL,FL,HOSPITAL,orlando_health,Orlando Health
100052,WINTER HAVEN HOSPITAL,FL,HOSPITAL,trinity_health,Trinity Health
100053,HIALEAH HOSPITAL,FL,HOSPITAL,steward_health_care,Steward Health Care
100054,HCA FLORIDA TWIN CITIES HOSPITAL,FL,HOSPITAL,hca,HCA
100055,ADVENTHEALTH NORTH PINELLAS,FL,HOSPITAL,adventhealth,AdventHealth
100057,ADVENTHEALTH WATERMAN,FL,HOSPITAL,adventhealth,AdventHealth
100062,ADVENTHEALTH OCALA,FL,HOSPITAL,adventhealth,AdventHealth
100063,MORTON PLANT NORTH BAY HOSPITAL,FL,HOSPITAL,trinity_health,Trinity Health
100067,ST ANTHONYS HOSPITAL,FL,HOSPITAL,trinity_health,Trinity Health
100068,ADVENTHEALTH DAYTONA BEACH,FL,HOSPITAL,adventhealth,AdventHealth
100069,ADVENTHEALTH CARROLLWOOD,FL,HOSPITAL,adventhealth,AdventHealth
100071,TAMPA GENERAL HOSPITAL BROOKSVILLE,FL,HOSPITAL,community_health_systems,Community Health Systems
100072,ADVENTHEALTH FISH MEMORIAL,FL,HOSPITAL,adventhealth,AdventHealth
100073,HOLY CROSS HOSPITAL,FL,HOSPITAL,trinity_health,Trinity Health
100075,ST JOSEPHS HOSPITAL,FL,HOSPITAL,trinity_health,Trinity Health
100077,ADVENTHEALTH PORT CHARLOTTE,FL,HOSPITAL,community_health_systems,Community Health Systems
100080,HCA FLORIDA JFK HOSPITAL,FL,HOSPITAL,hca,HCA
100084,UF HEALTH LEESBURG HOSPITAL,FL,HOSPITAL,uf_health,UF Health
100086,BROWARD HEALTH NORTH,FL,HOSPITAL,broward_health,Broward Health
100087,SARASOTA MEMORIAL HOSPITAL,FL,HOSPITAL,sarasota_memorial_health_care_system,Sarasota Memorial Health Care System
100088,BAPTIST HEALTH MEDICAL CENTER - JACKSONVILLE,FL,HOSPITAL,baptist_health_fl,Baptist Health FL
100090,FLAGLER HOSPITAL,FL,HOSPITAL,uf_health,UF Health
100093,BAPTIST HOSPITAL,FL,HOSPITAL,baptist_health_care,Baptist Health Care
100099,ADVENTHEALTH LAKE WALES,FL,HOSPITAL,adventhealth,AdventHealth
10009F,BAY PINES VA MEDICAL CENTER,FL,HOSPITAL,va,VA
100105,CLEVELAND CLINIC INDIAN RIVER HOSPITAL,FL,HOSPITAL,cleveland_clinic,Cleveland Clinic
100107,HCA FLORIDA LEHIGH HOSPITAL,FL,HOSPITAL,prime_healthcare,Prime Healthcare
100109,ADVENTHEALTH SEBRING,FL,HOSPITAL,adventhealth,AdventHealth
100110,HCA FLORIDA OSCEOLA HOSPITAL,FL,HOSPITAL,hca,HCA
100113,UF HEALTH SHANDS HOSPITAL,FL,HOSPITAL,uf_health,UF Health
100117,BAPTIST MEDICAL CENTER  BEACHES,FL,HOSPITAL,baptist_health_fl,Baptist Health FL
100118,ADVENTHEALTH PALM COAST,FL,HOSPITAL,adventhealth,AdventHealth
100121,BARTOW REGIONAL MEDICAL CENTER,FL,HOSPITAL,trinity_health,Trinity Health
100122,NORTH OKALOOSA MEDICAL CENTER,FL,HOSPITAL,community_health_systems,Community Health Systems
100124,SANTA ROSA MEDICAL CENTER,FL,HOSPITAL,community_health_systems,Community Health Systems
100125,HOMESTEAD HOSPITAL,FL,HOSPITAL,baptist_health_south_florida,Baptist Health South Florida
100126,HCA FLORIDA PASADENA HOSPITAL A PART OF HCA FLORID,FL,HOSPITAL,hca,HCA
100127,MORTON PLANT HOSPITAL,FL,HOSPITAL,trinity_health,Trinity Health
100128,TAMPA GENERAL HOSPITAL,FL,HOSPITAL,florida_health_sciences_center,Florida Health Sciences Center
100130,LAKESIDE MEDICAL CENTER,FL,HOSPITAL,independent,Independent / Unknown
100131,HCA FLORIDA AVENTURA HOSPITAL,FL,HOSPITAL,hca,HCA
100132,SOUTH FLORIDA BAPTIST HOSPITAL,FL,HOSPITAL,trinity_health,Trinity Health
100134,ED FRASER MEMORIAL HOSPITAL,FL,HOSPITAL,independent,Independent / Unknown
100135,TALLAHASSEE MEMORIAL HEALTHCARE,FL,HOSPITAL,tallahassee_memorial_healthcare,Tallahassee Memorial Healthcare
100137,ADVENTHEALTH HEART OF FLORIDA,FL,HOSPITAL,adventhealth,AdventHealth
10013F,NH JACKSONVILLE,FL,HOSPITAL,independent,Independent / Unknown
100140,BAPTIST MEDICAL CENTER - NASSAU,FL,HOSPITAL,baptist_health_fl,Baptist Health FL
100142,JACKSON HOSPITAL,FL,HOSPITAL,independent,Independent / Unknown
100150,LOWER KEYS MEDICAL CENTER,FL,HOSPITAL,community_health_systems,Community Health Systems
100151,MAYO CLINIC,FL,HOSPITAL,mayo_clinic,Mayo Clinic
100154,SOUTH MIAMI HOSPITAL,FL,HOSPITAL,baptist_health_south_florida,Baptist Health South Florida
100156,HCA FLORIDA LAKE CITY HOSPITAL,FL,HOSPITAL,hca,HCA
100157,LAKELAND REGIONAL MEDICAL CENTER,FL,HOSPITAL,lakeland_regional_health,Lakeland Regional Health
10015F,VA NORTH FLORIDA/SOUTH GEORGIA HEALTHCARE SYSTEM - LAKE CITY,FL,HOSPITAL,independent,Independent / Unknown
100161,CENTRAL FLORIDA LAKE MONROE HOSPITAL,FL,HOSPITAL,hca,HCA
100166,HCA FLORIDA SARASOTA DOCTORS HOSPITAL,FL,HOSPITAL,hca,HCA
100167,HCA FLORIDA MERCY HOSPITAL,FL,HOSPITAL,hca,HCA
100168,BOCA RATON REGIONAL HOSPITAL,FL,HOSPITAL,baptist_health_south_florida,Baptist Health South Florida
100173,ADVENTHEALTH TAMPA,FL,HOSPITAL,adventhealth,AdventHealth
100175,DESOTO MEMORIAL HOSPITAL,FL,HOSPITAL,independent,Independent / Unknown
100176,PALM BEACH GARDENS MEDICAL CENTER,FL,HOSPITAL,tenet_healthcare,Tenet Healthcare
100177,CAPE CANAVERAL HOSPITAL,FL,HOSPITAL,health_first,Health First
100179,HCA FLORIDA MEMORIAL HOSPITAL,FL,HOSPITAL,hca,HCA
100180,HCA FLORIDA ST PETERSBURG HOSPITAL,FL,HOSPITAL,hca,HCA
100181,LARKIN COMMUNITY HOSPITAL,FL,HOSPITAL,larkin_health_system,Larkin Health System
100183,CORAL GABLES HOSPITAL,FL,HOSPITAL,steward_health_care,Steward Health Care
100187,PALMETTO GENERAL HOSPITAL,FL,HOSPITAL,steward_health_care,Steward Health Care
100189,HCA FLORIDA NORTHWEST HOSPITAL,FL,HOSPITAL,hca,HCA
100191,HCA FLORIDA TRINITY HOSPITAL,FL,HOSPITAL,hca,HCA
100200,BROWARD HEALTH IMPERIAL POINT,FL,HOSPITAL,broward_health,Broward Health
100204,HCA FLORIDA NORTH FLORIDA HOSPITAL,FL,HOSPITAL,hca,HCA
100206,HCA FLORIDA SOUTH TAMPA HOSPITAL,FL,HOSPITAL,hca,HCA
100209,HCA FLORIDA KENDALL HOSPITAL,FL,HOSPITAL,hca,HCA
100211,ADVENTHEALTH DADE CITY,FL,HOSPITAL,adventhealth,AdventHealth
100212,MARION COMMUNTIY HOSPITAL,FL,HOSPITAL,hca,HCA
100213,HCA FLORIDA BLAKE HOSPITAL,FL,HOSPITAL,hca,HCA
100217,ORLANDO HEALTH SEBASTIAN RIVER HOSPITAL,FL,HOSPITAL,steward_health_care,Steward Health Care
10021F,96TH MEDICAL GROUP (EGLIN AFB),FL,HOSPITAL,independent,Independent / Unknown
100220,GULF COAST MEDICAL CENTER LEE HEALTH,FL,HOSPITAL,lee_health,Lee Health
100223,HCA FLORIDA FORT WALTON-DESTIN HOSPITAL,FL,HOSPITAL,hca,HCA
100224,UNIVERSITY HOSPITAL AND MEDICAL CENTER,FL,HOSPITAL,hca,HCA
100226,HCA FLORIDA ORANGE PARK HOSPITAL,FL,HOSPITAL,hca,HCA
100228,WESTSIDE REGIONAL MEDICAL CENTER,FL,HOSPITAL,hca,HCA
100230,MEMORIAL HOSPITAL PEMBROKE,FL,HOSPITAL,memorial_healthcare_system,Memorial Healthcare System
100231,HCA FLORIDA WEST HOSPITAL,FL,HOSPITAL,hca,HCA
100232,HCA FLORIDA PUTNAM HOSPITAL,FL,HOSPITAL,hca,HCA
100236,HCA FLORIDA FAWCETT HOSPITAL,FL,HOSPITAL,hca,HCA
100238,HCA FLORIDA NORTHSIDE HOSPITAL,FL,HOSPITAL,hca,HCA
100242,HCA FLORIDA GULF COAST HOSPITAL,FL,HOSPITAL,hca,HCA
100243,HCA FLORIDA BRANDON HOSPITAL,FL,HOSPITAL,hca,HCA
100244,CAPE CORAL HOSPITAL,FL,HOSPITAL,lee_health,Lee Health
100246,HCA FLORIDA LAWNWOOD HOSPITAL,FL,HOSPITAL,hca,HCA
100248,HCA FLORIDA LARGO HOSPITAL,FL,HOSPITAL,hca,HCA
100249,TAMPA GENERAL HOSPITAL CRYSTAL RIVER,FL,HOSPITAL,community_health_systems,Community Health Systems
100252,HCA FLORIDA RAULERSON HOSPITAL,FL,HOSPITAL,hca,HCA
100253,JUPITER MEDICAL CENTER,FL,HOSPITAL,jupiter_medical_center,Jupiter Medical Center
100254,HCA FLORIDA CAPITAL HOSPITAL,FL,HOSPITAL,hca,HCA
100256,HCA FLORIDA BAYONET POINT HOSPITAL,FL,HOSPITAL,hca,HCA
100258,DELRAY MEDICAL CENTER,FL,HOSPITAL,tenet_healthcare,Tenet Healthcare
100259,HCA FLORIDA SOUTH SHORE HOSPITAL,FL,HOSPITAL,hca,HCA
100260,ST LUCIE MEDICAL CENTER,FL,HOSPITAL,hca,HCA
100264,HCA FLORIDA OAK HILL HOSPITAL,FL,HOSPITAL,hca,HCA
100265,MEASE COUNTRYSIDE HOSPITAL,FL,HOSPITAL,trinity_health,Trinity Health
100266,GULF BREEZE HOSPITAL,FL,HOSPITAL,baptist_health_care,Baptist Health Care
100267,HCA FLORIDA ENGLEWOOD HOSPITAL,FL,HOSPITAL,hca,HCA
100268,WEST BOCA MEDICAL CENTER,FL,HOSPITAL,tenet_healthcare,Tenet Healthcare
100269,HCA FLORIDA PALMS WEST HOSPITAL,FL,HOSPITAL,hca,HCA
100275,WELLINGTON REGIONAL MEDICAL CENTER,FL,HOSPITAL,universal_health_services,Universal Health Services
100276,BROWARD HEALTH CORAL SPRINGS,FL,HOSPITAL,broward_health,Broward Health
100277,DOUGLAS GARDENS HOSPITAL,FL,HOSPITAL,independent,Independent / Unknown
100281,MEMORIAL HOSPITAL WEST,FL,HOSPITAL,memorial_healthcare_system,Memorial Healthcare System
100284,KERALTY HOSPITAL,FL,HOSPITAL,independent,Independent / Unknown
100285,MEMORIAL HOSPITAL MIRAMAR,FL,HOSPITAL,memorial_healthcare_system,Memorial Healthcare System
100286,PHYSICIANS REGIONAL MEDICAL CENTER - PINE RIDGE,FL,HOSPITAL,community_health_systems,Community Health Systems
100287,GOOD SAMARITAN MEDICAL CENTER,FL,HOSPITAL,tenet_healthcare,Tenet Healthcare
100288,ST MARY'S MEDICAL CENTER,FL,HOSPITAL,tenet_healthcare,Tenet Healthcare
100289,CLEVELAND CLINIC HOSPITAL,FL,HOSPITAL,cleveland_clinic,Cleveland Clinic
100290,"VILLAGES REGIONAL HOSPITAL, THE",FL,HOSPITAL,uf_health,UF Health
100291,ORLANDO HEALTH MELBOURNE HOSPITAL,FL,HOSPITAL,steward_health_care,Steward Health Care
100292,SACRED HEART HOSPITAL ON THE EMERALD COAST,FL,HOSPITAL,ascension,Ascension
100296,DOCTORS HOSPITAL,FL,HOSPITAL,baptist_health_south_florida,Baptist Health South Florida
100298,FLORIDA STATE HOSPITAL UNIT 31 MED,FL,HOSPITAL,independent,Independent / Unknown
100299,LAKEWOOD RANCH MEDICAL CENTER,FL,HOSPITAL,universal_health_services,Universal Health Services
100302,ORLANDO HEALTH ST CLOUD HOSPITAL,FL,HOSPITAL,orlando_health,Orlando Health
100307,ASCENSION ST VINCENT'S SOUTHSIDE,FL,HOSPITAL,ascension,Ascension
100313,ASCENSION SACRED HEART GULF,FL,HOSPITAL,ascension,Ascension
100314,WEST KENDALL BAPTIST HOSPITAL,FL,HOSPITAL,baptist_health_south_florida,Baptist Health South Florida
100315,VIERA HOSPITAL,FL,HOSPITAL,health_first,Health First
100316,PALM BAY HOSPITAL,FL,HOSPITAL,health_first,Health First
100319,ADVENTHEALTH WESLEY CHAPEL,FL,HOSPITAL,adventhealth,AdventHealth
100320,HCA FLORIDA POINCIANA HOSPITAL,FL,HOSPITAL,hca,HCA
100321,ASCENSION ST VINCENT'S CLAY COUNTY,FL,HOSPITAL,ascension,Ascension
100329,OVIEDO MEDICAL CENTER,FL,HOSPITAL,hca,HCA
100330,HALIFAX HEALTH /UF HEALTH MEDICAL CENTER OF DELTON,FL,HOSPITAL,halifax_health,Halifax Health
100350,UCF LAKE NONA HOSPITAL,FL,HOSPITAL,hca,HCA
100359,SARASOTA MEMORIAL HOSPITAL - VENICE,FL,HOSPITAL,sarasota_memorial_health_care_system,Sarasota Memorial Health Care System
100360,HCA FLORIDA UNIVERSITY HOSPITAL,FL,HOSPITAL,hca,HCA
100361,ASCENSION ST VINCENT'S ST JOHNS COUNTY,FL,HOSPITAL,ascension,Ascension
100362,BAYCARE HOSPITAL WESLEY CHAPEL,FL,HOSPITAL,trinity_health,Trinity Health
100363,ADVENTHEALTH PALM COAST PARKWAY,FL,HOSPITAL,adventhealth,AdventHealth
100364,ADVENTHEALTH RIVERVIEW,FL,HOSPITAL,adventhealth,AdventHealth
100365,NORTH WALTON DOCTORS HOSPITAL,FL,HOSPITAL,independent,Independent / Unknown
10057F,VA NORTH FLORIDA/SOUTH GEORGIA HEALTHCARE SYSTEM - GAINESVILLE,FL,HOSPITAL,independent,Independent / Unknown
10063F,TAMPA VA MEDICAL CENTER,FL,HOSPITAL,va,VA
10064F,MIAMI VA MEDICAL CENTER,FL,HOSPITAL,va,VA
10065F,W PALM BEACH VA MEDICAL CENTER,FL,HOSPITAL,va,VA
10099F,ORLANDO VA MEDICAL CENTER,FL,HOSPITAL,va,VA
101300,ADVENTHEALTH WAUCHULA,FL,HOSPITAL,adventhealth,AdventHealth
101303,LAKE BUTLER HOSPITAL,FL,HOSPITAL,independent,Independent / Unknown
101304,CALHOUN-LIBERTY HOSPITAL,FL,HOSPITAL,independent,Independent / Unknown
101305,GEORGE E WEEMS MEMORIAL HOSPITAL,FL,HOSPITAL,tallahassee_memorial_healthcare,Tallahassee Memorial Healthcare
101307,DOCTORS MEMORIAL HOSPITAL,FL,HOSPITAL,independent,Independent / Unknown
101308,NORTHWEST FLORIDA COMMUNITY HOSPITAL,FL,HOSPITAL,independent,Independent / Unknown
101309,HENDRY REGIONAL MEDICAL CENTER,FL,HOSPITAL,independent,Independent / Unknown
101311,MADISON COUNTY MEMORIAL HOSPITAL,FL,HOSPITAL,independent,Independent / Unknown
101312,FISHERMEN'S COMMUNITY HOSPITAL,FL,HOSPITAL,baptist_health_south_florida,Baptist Health South Florida
101313,MARINERS HOSPITAL,FL,HOSPITAL,baptist_health_south_florida,Baptist Health South Florida
101314,DOCTORS MEMORIAL HOSPITAL INC,FL,HOSPITAL,independent,Independent / Unknown
101315,JAY HOSPITAL,FL,HOSPITAL,independent,Independent / Unknown
103300,JOHNS HOPKINS ALL CHILDREN'S HOSPITAL,FL,HOSPITAL,johns_hopkins,Johns Hopkins
103301,NICKLAUS CHILDREN'S HOSPITAL,FL,HOSPITAL,independent,Independent / Unknown
103304,"NEMOURS CHILDRENS HOSPITAL, FLORIDA",FL,HOSPITAL,independent,Independent / Unknown
104000,FLORIDA STATE HOSPITAL UNIT 14 PSYCH,FL,HOSPITAL,independent,Independent / Unknown
104001,SOUTH FLORIDA STATE HOSPITAL,FL,HOSPITAL,independent,Independent / Unknown
104007,NORTHEAST FLORIDA STATE HOSPITAL,FL,HOSPITAL,independent,Independent / Unknown
104016,RIVER POINT BEHAVIORAL HEALTH,FL,HOSPITAL,independent,Independent / Unknown
104017,WINDMOOR HEALTHCARE OF CLEARWATER,FL,HOSPITAL,independent,Independent / Unknown
104018,LIFESTREAM BEHAVIORAL CENTER,FL,HOSPITAL,independent,Independent / Unknown
104024,"CIRCLES OF CARE, INC",FL,HOSPITAL,independent,Independent / Unknown
104026,FORT LAUDERDALE BEHAVIORAL HEALTH CENTER,FL,HOSPITAL,independent,Independent / Unknown
104040,CENTERSTONE OF FLORIDA,FL,HOSPITAL,independent,Independent / Unknown
104049,SOUTHERN WINDS HOSPITAL,FL,HOSPITAL,independent,Independent / Unknown
104057,SPRINGBROOK HOSPITAL,FL,HOSPITAL,independent,Independent / Unknown
104059,EASTSIDE PSYCHIATRIC HOSPITAL,FL,HOSPITAL,independent,Independent / Unknown
104063,"WILLOUGH AT NAPLES, THE",FL,HOSPITAL,independent,Independent / Unknown
104067,ASPIRE HEALTH PARTNERS,FL,HOSPITAL,independent,Independent / Unknown
104069,WEKIVA SPRINGS,FL,HOSPITAL,independent,Independent / Unknown
104070,PORT ST LUCIE HOSPITAL,FL,HOSPITAL,independent,Independent / Unknown
104071,THE VINES HOSPITAL,FL,HOSPITAL,independent,Independent / Unknown
104072,CENTRAL FLORIDA BEHAVIORAL HOSPITAL,FL,HOSPITAL,independent,Independent / Unknown
104073,EMERALD COAST BEHAVIORAL HOSPITAL,FL,HOSPITAL,independent,Independent / Unknown
104074,PARK ROYAL HOSPITAL,FL,HOSPITAL,independent,Independent / Unknown
104075,NORTH TAMPA BEHAVIORAL HEALTH,FL,HOSPITAL,independent,Independent / Unknown
104076,UNIVERSITY BEHAVIORAL CENTER,FL,HOSPITAL,independent,Independent / Unknown
104078,SUNCOAST BEHAVIORAL HEALTH CENTER,FL,HOSPITAL,independent,Independent / Unknown
104079,LARKIN COMMUNITY HOSPITAL BEHAVIORAL HEALTH SRVS,FL,HOSPITAL,independent,Independent / Unknown
104080,CORAL SHORES BEHAVIORAL HEALTH,FL,HOSPITAL,independent,Independent / Unknown
104081,BLACKBERRY CENTER - OGLETHORPE OF ORLANDO,FL,HOSPITAL,independent,Independent / Unknown
104082,PALM POINT BEHAVIORAL HEALTH,FL,HOSPITAL,independent,Independent / Unknown
104084,NEUROBEHAVIORAL HOSPITAL OF THE PALM BEACHES-NORTH,FL,HOSPITAL,independent,Independent / Unknown
104085,NEUROBEHAVIORAL HOSPITAL OF THE PALM BEACHES-SOUTH,FL,HOSPITAL,independent,Independent / Unknown
104087,NORTH PORT BEHAVIORAL HEALTH,FL,HOSPITAL,independent,Independent / Unknown
110001,HAMILTON MEDICAL CENTER,GA,HOSPITAL,hamilton_health_care_system,Hamilton Health Care System
110002,UPSON REGIONAL MEDICAL CENTER,GA,HOSPITAL,independent,Independent / Unknown
110003,MEMORIAL SATILLA HEALTH,GA,HOSPITAL,hca,HCA
110005,NORTHSIDE HOSPITAL FORSYTH,GA,HOSPITAL,northside_hospital,Northside Hospital
110006,ST MARY'S HOSPITAL,GA,HOSPITAL,trinity_health,Trinity Health
110007,PHOEBE PUTNEY MEMORIAL HOSPITAL,GA,HOSPITAL,phoebe_putney_health_systems,Phoebe Putney Health Systems
110008,NORTHSIDE HOSPITAL CHEROKEE,GA,HOSPITAL,northside_hospital,Northside Hospital
110010,EMORY UNIVERSITY HOSPITAL,GA,HOSPITAL,emory_healthcare,Emory Healthcare
110011,TANNER MEDICAL CENTER - CARROLLTON,GA,HOSPITAL,tanner_health_system,Tanner Health System
110015,TANNER MEDICAL CENTER VILLA RICA,GA,HOSPITAL,tanner_health_system,Tanner Health System
110016,WELLSTAR WEST GEORGIA MEDICAL CENTER,GA,HOSPITAL,wellstar_health_system,WellStar Health System
110018,PIEDMONT NEWTON HOSPITAL,GA,HOSPITAL,piedmont_healthcare,Piedmont Healthcare
110023,ADVENTHEALTH GORDON,GA,HOSPITAL,adventhealth,AdventHealth
110024,CANDLER HOSPITAL,GA,HOSPITAL,saint_josephs_candler_health_system,Saint Josephs Candler Health System
110025,SOUTHEAST GEORGIA HEALTH SYSTEM- BRUNSWICK CAMPUS,GA,HOSPITAL,southeast_georgia_health_system,Southeast Georgia Health System
110027,"TY COBB REGIONAL MEDICAL CENTER, LLC",GA,HOSPITAL,trinity_health,Trinity Health
110028,PIEDMONT AUGUSTA HOSPITAL,GA,HOSPITAL,piedmont_healthcare,Piedmont Healthcare
110029,"NORTHEAST GEORGIA MEDICAL CENTER, INC",GA,HOSPITAL,northeast_georgia_health_system,Northeast Georgia Health System
110030,PIEDMONT CARTERSVILLE MEDICAL CENTER,GA,HOSPITAL,piedmont_healthcare,Piedmont Healthcare
110031,WELLSTAR SPALDING MEDICAL CENTER,GA,HOSPITAL,wellstar_health_system,WellStar Health System
110032,STEPHENS COUNTY HOSPITAL,GA,HOSPITAL,independent,Independent / Unknown
110034,"WELLSTAR MCG HEALTH, AFFILIATED WITH MED COL",GA,HOSPITAL,augusta_university_health_system,Augusta University Health System
110035,WELLSTAR KENNESTONE REGIONAL MEDICAL CENTER,GA,HOSPITAL,wellstar_health_system,WellStar Health System
110036,SAVANNAH HEALTH SERVICES LLC DBA MEMORIAL HEALTH UNIVERSITY MEDICAL CENTER,GA,HOSPITAL,hca,HCA
110038,ARCHBOLD MEMORIAL HOSPITAL,GA,HOSPITAL,archbold_medical_center,Archbold Medical Center
110041,NORTHEAST GEORGIA MEDICAL CENTER HABERSHAM,GA,HOSPITAL,northeast_georgia_health_system,Northeast Georgia Health System
110042,WELLSTAR PAULDING MEDICAL CENTER,GA,HOSPITAL,wellstar_health_system,WellStar Health System
110043,ST JOSEPH'S HOSPITAL - SAVANNAH,GA,HOSPITAL,saint_josephs_candler_health_system,Saint Josephs Candler Health System
110044,PHOEBE SUMTER MEDICAL CENTER,GA,HOSPITAL,phoebe_putney_health_systems,Phoebe Putney Health Systems
110045,"NGMC BARROW, LLC",GA,HOSPITAL,northeast_georgia_health_system,Northeast Georgia Health System
110046,PIEDMONT WALTON HOSPITAL,GA,HOSPITAL,piedmont_healthcare,Piedmont Healthcare
110050,ADVENTHEALTH MURRAY,GA,HOSPITAL,adventhealth,AdventHealth
110051,UNION GENERAL HOSPITAL,GA,HOSPITAL,independent,Independent / Unknown
110054,ATRIUM HEALTH FLOYD MEDICAL CENTER,GA,HOSPITAL,advocate_health,Advocate Health
110064,PIEDMONT COLUMBUS REGIONAL MIDTOWN,GA,HOSPITAL,piedmont_healthcare,Piedmont Healthcare
110069,EMORY HOUSTON HOSPITAL WARNER ROBINS,GA,HOSPITAL,houston_healthcare,Houston Healthcare
110071,APPLING HEALTHCARE,GA,HOSPITAL,independent,Independent / Unknown
110073,DORMINY MEDICAL CENTER,GA,HOSPITAL,phoebe_putney_health_systems,Phoebe Putney Health Systems
110074,PIEDMONT ATHENS REGIONAL MEDICAL CENTER,GA,HOSPITAL,piedmont_healthcare,Piedmont Healthcare
110075,EAST GEORGIA REGIONAL MEDICAL CENTER,GA,HOSPITAL,community_health_systems,Community Health Systems
110076,EMORY DECATUR HOSPITAL,GA,HOSPITAL,emory_healthcare,Emory Healthcare
110078,EMORY UNIVERSITY HOSPITAL MIDTOWN,GA,HOSPITAL,emory_healthcare,Emory Healthcare
110079,GRADY MEMORIAL HOSPITAL,GA,HOSPITAL,grady_health_system,Grady Health System
110082,"SAINT JOSEPH'S HOSPITAL OF ATLANTA, INC",GA,HOSPITAL,emory_healthcare,Emory Healthcare
110083,"PIEDMONT HOSPITAL, INC",GA,HOSPITAL,piedmont_healthcare,Piedmont Healthcare
110086,WASHINGTON COUNTY REGIONAL MEDICAL CENTER,GA,HOSPITAL,independent,Independent / Unknown
110087,NORTHSIDE HOSPITAL GWINNETT,GA,HOSPITAL,northside_hospital,Northside Hospital
110089,"COFFEE REGIONAL MEDICAL CENTER, INC",GA,HOSPITAL,emory_healthcare,Emory Healthcare
110091,PIEDMONT ROCKDALE HOSPITAL,GA,HOSPITAL,piedmont_healthcare,Piedmont Healthcare
110092,DODGE COUNTY HOSPITAL,GA,HOSPITAL,independent,Independent / Unknown
110095,TIFT REGIONAL MEDICAL CENTER,GA,HOSPITAL,tift_regional_medical_center,Tift Regional Medical Center
110100,JEFFERSON HOSPITAL,GA,HOSPITAL,independent,Independent / Unknown
110101,"SOUTHWELL MEDICAL, A CAMPUS OF TRMC",GA,HOSPITAL,tift_regional_medical_center,Tift Regional Medical Center
110104,CRISP REGIONAL HOSPITAL,GA,HOSPITAL,independent,Independent / Unknown
110105,COLQUITT REGIONAL MEDICAL CENTER,GA,HOSPITAL,colquitt_regional_medical_center,Colquitt Regional Medical Center
110107,ATRIUM HEALTH NAVICENT THE MEDICAL CENTER,GA,HOSPITAL,advocate_health,Advocate Health
110109,EMANUEL MEDICAL CENTER,GA,HOSPITAL,independent,Independent / Unknown
110111,UNIVERSITY MCDUFFIE COUNTY REGIONAL MEDICAL CENTER,GA,HOSPITAL,piedmont_healthcare,Piedmont Healthcare
110113,BURKE MEDICAL CENTER,GA,HOSPITAL,independent,Independent / Unknown
110121,GRADY GENERAL HOSPITAL,GA,HOSPITAL,archbold_medical_center,Archbold Medical Center
110122,SGMC HEALTH,GA,HOSPITAL,south_georgia_medical_center,South Georgia Medical Center
110124,WAYNE MEMORIAL HOSPITAL,GA,HOSPITAL,independent,Independent / Unknown
110125,FAIRVIEW PARK HOSPITAL,GA,HOSPITAL,hca,HCA
110128,MEMORIAL HEALTH MEADOWS HOSPITAL,GA,HOSPITAL,hca,HCA
110129,ST FRANCIS HOSPITAL- EMORY HEALTHCARE,GA,HOSPITAL,scionhealth,ScionHealth
110132,MEMORIAL HOSPITAL AND MANOR,GA,HOSPITAL,independent,Independent / Unknown
110142,EVANS MEMORIAL HOSPITAL,GA,HOSPITAL,independent,Independent / Unknown
110143,WELLSTAR COBB MEDICAL CENTER,GA,HOSPITAL,wellstar_health_system,WellStar Health System
110146,SOUTHEAST GEORGIA HEALTH SYSTEM -- CAMDEN CAMPUS,GA,HOSPITAL,southeast_georgia_health_system,Southeast Georgia Health System
110150,NAVICENT HEALTH BALDWIN,GA,HOSPITAL,advocate_health,Advocate Health
110161,NORTHSIDE HOSPITAL,GA,HOSPITAL,northside_hospital,Northside Hospital
110164,"COLISEUM MEDICAL CENTERS, LLC, DBA",GA,HOSPITAL,piedmont_healthcare,Piedmont Healthcare
110165,SOUTHERN REGIONAL MEDICAL CENTER,GA,HOSPITAL,prime_healthcare,Prime Healthcare
110168,ADVENTHEALTH REDMOND,GA,HOSPITAL,adventhealth,AdventHealth
110177,DOCTORS HOSPITAL,GA,HOSPITAL,hca,HCA
110184,WELLSTAR DOUGLAS MEDICAL CENTER,GA,HOSPITAL,wellstar_health_system,WellStar Health System
110190,FLINT RIVER COMMUNITY HOSPITAL,GA,HOSPITAL,independent,Independent / Unknown
110191,PIEDMONT HENRY HOSPITAL,GA,HOSPITAL,piedmont_healthcare,Piedmont Healthcare
110192,PIEDMONT EASTSIDE MEDICAL CENTER,GA,HOSPITAL,piedmont_healthcare,Piedmont Healthcare
110194,DONALSONVILLE HOSPITAL INC,GA,HOSPITAL,independent,Independent / Unknown
110198,WELLSTAR NORTH FULTON MEDICAL CENTER,GA,HOSPITAL,wellstar_health_system,WellStar Health System
110200,PIEDMONT COLUMBUS REGIONAL NORTHSIDE,GA,HOSPITAL,piedmont_healthcare,Piedmont Healthcare
110201,PIEDMONT MACON NORTH HOSPITAL,GA,HOSPITAL,piedmont_healthcare,Piedmont Healthcare
110209,TURNING POINT HOSPITAL,GA,HOSPITAL,universal_health_services,Universal Health Services
110215,PIEDMONT FAYETTE HOSPITAL,GA,HOSPITAL,piedmont_healthcare,Piedmont Healthcare
110225,PIEDMONT MOUNTAINSIDE HOSPITAL INC,GA,HOSPITAL,piedmont_healthcare,Piedmont Healthcare
110226,EMORY HILLANDALE HOSPITAL,GA,HOSPITAL,emory_healthcare,Emory Healthcare
110229,"PIEDMONT NEWNAN HOSPITAL, INC",GA,HOSPITAL,piedmont_healthcare,Piedmont Healthcare
110230,EMORY JOHNS CREEK HOSPITAL,GA,HOSPITAL,emory_healthcare,Emory Healthcare
110233,"SOUTHEASTERN REGIONAL MEDICAL CENTER, INC",GA,HOSPITAL,independent,Independent / Unknown
110234,SGMC BERRIEN CAMPUS,GA,HOSPITAL,south_georgia_medical_center,South Georgia Medical Center
110236,CHI MEMORIAL HOSPITAL- GEORGIA,GA,HOSPITAL,commonspirit,CommonSpirit Health
110237,NORTHEAST GEORGIA MEDICAL CENTER LUMPKIN,GA,HOSPITAL,northeast_georgia_health_system,Northeast Georgia Health System
110252,NORTHSIDE HOSPITAL DULUTH,GA,HOSPITAL,northside_hospital,Northside Hospital
110253,SOUTH GEORGIA SPECIALTY HOSPITAL,GA,HOSPITAL,independent,Independent / Unknown
110256,TAYLOR REGIONAL HOSPITAL,GA,HOSPITAL,independent,Independent / Unknown
11029F,DECATUR (ATLANTA) VA MEDICAL CENTER,GA,HOSPITAL,va,VA
11030F,AUGUSTA VA MEDICAL CENTER,GA,HOSPITAL,va,VA
11031F,DUBLIN VA MEDICAL CENTER,GA,HOSPITAL,va,VA
11032F,MARTIN ACH (FT BENNING),GA,HOSPITAL,independent,Independent / Unknown
11033F,DWIGHT EISENHOWER AMC (FT GORDON),GA,HOSPITAL,independent,Independent / Unknown
11035F,WINN ACH (FT STEWART),GA,HOSPITAL,independent,Independent / Unknown
110779,IRWIN COUNTY HOSPITAL,GA,HOSPITAL,independent,Independent / Unknown
111302,BLECKLEY MEMORIAL HOSPITAL,GA,HOSPITAL,independent,Independent / Unknown
111303,JASPER MEMORIAL HOSPITAL,GA,HOSPITAL,independent,Independent / Unknown
111304,MORGAN MEDICAL CENTER,GA,HOSPITAL,independent,Independent / Unknown
111305,MILLER COUNTY HOSPITAL,GA,HOSPITAL,independent,Independent / Unknown
111306,EFFINGHAM HEALTH SYSTEM,GA,HOSPITAL,independent,Independent / Unknown
111308,CLINCH MEMORIAL HOSPITAL,GA,HOSPITAL,independent,Independent / Unknown
111310,ATRIUM HEALTH NAVICENT PEACH,GA,HOSPITAL,advocate_health,Advocate Health
111311,JENKINS COUNTY MEDICAL CENTER,GA,HOSPITAL,independent,Independent / Unknown
111312,OPTIM MEDICAL CENTER - SCREVEN,GA,HOSPITAL,independent,Independent / Unknown
111313,PUTNAM GENERAL HOSPITAL,GA,HOSPITAL,advocate_health,Advocate Health
111314,LIFEBRITE COMMUNITY HOSPITAL OF EARLY,GA,HOSPITAL,independent,Independent / Unknown
111316,WARM SPRINGS MEDICAL CENTER,GA,HOSPITAL,independent,Independent / Unknown
111318,MONROE COUNTY HOSPITAL,GA,HOSPITAL,advocate_health,Advocate Health
111319,WELLSTAR SYLVAN GROVE MEDICAL CENTER,GA,HOSPITAL,wellstar_health_system,WellStar Health System
111320,HIGGINS GENERAL HOSPITAL,GA,HOSPITAL,tanner_health_system,Tanner Health System
111323,OPTIM MEDICAL CENTER - TATTNALL,GA,HOSPITAL,independent,Independent / Unknown
111324,CHATUGE REGIONAL HOSPITAL,GA,HOSPITAL,independent,Independent / Unknown
111325,WILLS MEMORIAL HOSPITAL,GA,HOSPITAL,augusta_university_health_system,Augusta University Health System
111326,SGMC HEALTH LANIER,GA,HOSPITAL,south_georgia_medical_center,South Georgia Medical Center
111327,BACON COUNTY HOSPITAL,GA,HOSPITAL,independent,Independent / Unknown
111328,PHOEBE WORTH MEDICAL CENTER,GA,HOSPITAL,phoebe_putney_health_systems,Phoebe Putney Health Systems
111329,ST MARYS GOOD SAMARITAN HOSPITAL,GA,HOSPITAL,trinity_health,Trinity Health
111330,ATRIUM HEALTH FLOYD POLK MEDICAL CENTER,GA,HOSPITAL,advocate_health,Advocate Health
111331,ARCHBOLD MITCHELL,GA,HOSPITAL,archbold_medical_center,Archbold Medical Center
111332,ARCHBOLD BROOKS,GA,HOSPITAL,archbold_medical_center,Archbold Medical Center
111333,JEFF DAVIS HOSPITAL,GA,HOSPITAL,independent,Independent / Unknown
111334,CANDLER COUNTY HOSPITAL,GA,HOSPITAL,independent,Independent / Unknown
111335,LIBERTY REGIONAL MEDICAL CENTER,GA,HOSPITAL,hca,HCA
111336,MOUNTAIN LAKES MEDICAL CENTER,GA,HOSPITAL,independent,Independent / Unknown
111337,ELBERT MEMORIAL HOSPITAL,GA,HOSPITAL,independent,Independent / Unknown
111338,BLUE RIDGE MEDICAL CENTER,GA,HOSPITAL,independent,Independent / Unknown
113300,ATHUR M BLANK HOSPITAL,GA,HOSPITAL,independent,Independent / Unknown
113301,CHILDREN'S HEALTHCARE OF ATLANTA AT SCOTTISH RITE,GA,HOSPITAL,independent,Independent / Unknown
114004,SUMMITRIDGE CENTER- PSYCHIATRY & ADDICTIVE MED,GA,HOSPITAL,independent,Independent / Unknown
114008,COASTAL HARBOR TREATMENT CENTER,GA,HOSPITAL,independent,Independent / Unknown
114010,PEACHFORD BEHAVIORAL HEALTH SYSTEM OF ATLANTA,GA,HOSPITAL,independent,Independent / Unknown
114012,RIDGEVIEW INSTITUTE,GA,HOSPITAL,independent,Independent / Unknown
114013,WEST CENTRAL GEORGIA REGIONAL HOSPITAL,GA,HOSPITAL,independent,Independent / Unknown
114016,ST SIMONS-BY-THE-SEA,GA,HOSPITAL,independent,Independent / Unknown
114019,GEORGIA REGIONAL HOSPITAL ATLANTA,GA,HOSPITAL,independent,Independent / Unknown
114028,GEORGIA REGIONAL HOSP SAVANNAH,GA,HOSPITAL,independent,Independent / Unknown
114029,EAST CENTRAL REGIONAL HOSPITAL,GA,HOSPITAL,independent,Independent / Unknown
114032,SO CRESCENT BEH HLTH SYS - ANCHOR HOSPITAL CAMPUS,GA,HOSPITAL,independent,Independent / Unknown
114035,RIVERWOODS BEHAVIORAL HEALTH SYSTEM,GA,HOSPITAL,independent,Independent / Unknown
114036,GREENLEAF CENTER,GA,HOSPITAL,independent,Independent / Unknown
114037,RIDGEVIEW INSTITUTE MONROE,GA,HOSPITAL,independent,Independent / Unknown
120001,THE QUEENS MEDICAL CENTER,HI,HOSPITAL,the_queens_health_systems,The Queens Health Systems
120002,MAUI MEMORIAL MEDICAL CENTER,HI,HOSPITAL,kaiser_permanente,Kaiser Permanente
120005,HILO BENIOFF MEDICAL CENTER,HI,HOSPITAL,hawaii_health_systems_corporation,Hawaii Health Systems Corporation
120006,ADVENTIST HEALTH CASTLE,HI,HOSPITAL,adventist_health,Adventist Health
120007,KUAKINI MEDICAL CENTER,HI,HOSPITAL,kuakini_health_system,Kuakini Health System
120011,KAISER FOUNDATION HOSPITAL,HI,HOSPITAL,kaiser_permanente,Kaiser Permanente
120014,WILCOX MEMORIAL HOSPITAL,HI,HOSPITAL,hawaii_pacific_health,Hawaii Pacific Health
120019,KONA COMMUNITY HOSPITAL,HI,HOSPITAL,hawaii_health_systems_corporation,Hawaii Health Systems Corporation
12001F,TRIPLER AMC (FT SHAFTER),HI,HOSPITAL,independent,Independent / Unknown
120022,STRAUB CLINIC AND HOSPITAL,HI,HOSPITAL,hawaii_pacific_health,Hawaii Pacific Health
120026,PALI MOMI MEDICAL CENTER,HI,HOSPITAL,hawaii_pacific_health,Hawaii Pacific Health
120028,"NORTH HAWAII COMMUNITY HOSPITAL, INC",HI,HOSPITAL,the_queens_health_systems,The Queens Health Systems
121300,KAUAI VETERANS MEMORIAL HOSPITAL,HI,HOSPITAL,hawaii_health_systems_corporation,Hawaii Health Systems Corporation
121301,KAU HOSPITAL,HI,HOSPITAL,hawaii_health_systems_corporation,Hawaii Health Systems Corporation
121302,KOHALA HOSPITAL,HI,HOSPITAL,hawaii_health_systems_corporation,Hawaii Health Systems Corporation
121303,MOLOKAI GENERAL HOSPITAL,HI,HOSPITAL,the_queens_health_systems,The Queens Health Systems
121304,KAHUKU MEDICAL CENTER,HI,HOSPITAL,hawaii_health_systems_corporation,Hawaii Health Systems Corporation
121305,LANAI COMMUNITY HOSPITAL,HI,HOSPITAL,kaiser_permanente,Kaiser Permanente
121306,SAMUEL MAHELONA MEMORIAL HOSPITAL,HI,HOSPITAL,hawaii_health_systems_corporation,Hawaii Health Systems Corporation
121307,HONOKA'A HOSPITAL AND SKILLED NURSING,HI,HOSPITAL,hawaii_health_systems_corporation,Hawaii Health Systems Corporation
121308,KULA HOSPITAL,HI,HOSPITAL,kaiser_permanente,Kaiser Permanente
123300,KAPIOLANI MEDICAL CENTER FOR WOMEN & CHILDREN,HI,HOSPITAL,independent,Independent / Unknown
123301,SHRINERS HOSPITAL FOR CHILDREN,HI,HOSPITAL,independent,Independent / Unknown
124001,KAHI MOHALA,HI,HOSPITAL,independent,Independent / Unknown
130002,ST LUKES MAGIC VALLEY MEDICAL CENTER,ID,HOSPITAL,saint_lukes,Saint Lukes
130003,ST JOSEPH REGIONAL MEDICAL CENTER,ID,HOSPITAL,scionhealth,ScionHealth
130006,ST LUKE'S REGIONAL MEDICAL CENTER,ID,HOSPITAL,saint_lukes,Saint Lukes
130007,SAINT ALPHONSUS REGIONAL MEDICAL CENTER,ID,HOSPITAL,trinity_health,Trinity Health
130013,SAINT ALPHONSUS MEDICAL CENTER - NAMPA,ID,HOSPITAL,trinity_health,Trinity Health
130014,WEST VALLEY MEDICAL CENTER,ID,HOSPITAL,hca,HCA
130018,EASTERN IDAHO REGIONAL MEDICAL CENTER,ID,HOSPITAL,hca,HCA
130025,MADISON MEMORIAL HOSPITAL,ID,HOSPITAL,community_hospital_corporation,Community Hospital Corporation
130028,PORTNEUF MEDICAL CENTER,ID,HOSPITAL,ardent_health,Ardent Health
13003F,BOISE VA MEDICAL CENTER,ID,HOSPITAL,va,VA
130049,KOOTENAI HEALTH,ID,HOSPITAL,kootenai_health,Kootenai Health
130063,TREASURE VALLEY HOSPITAL,ID,HOSPITAL,independent,Independent / Unknown
130065,MOUNTAIN VIEW HOSPITAL,ID,HOSPITAL,mountain_view_hospital,Mountain View Hospital
130066,NORTHWEST SPECIALTY HOSPITAL,ID,HOSPITAL,independent,Independent / Unknown
130071,ST LUKE'S NAMPA MEDICAL CENTER,ID,HOSPITAL,saint_lukes,Saint Lukes
130073,GROVE CREEK MEDICAL CENTER,ID,HOSPITAL,bmh,BMH
130074,"IDAHO FALLS COMMUNITY HOSPITAL, LLC",ID,HOSPITAL,independent,Independent / Unknown
130779,CASCADE MEDICAL CENTER,ID,HOSPITAL,independent,Independent / Unknown
131301,BOUNDARY COMMUNITY HOSPITAL,ID,HOSPITAL,independent,Independent / Unknown
131302,NORTH CANYON MEDICAL CENTER,ID,HOSPITAL,independent,Independent / Unknown
131303,NELL J REDFIELD MEMORIAL HOSPITAL,ID,HOSPITAL,independent,Independent / Unknown
131304,POWER COUNTY HOSPITAL DISTRICT,ID,HOSPITAL,independent,Independent / Unknown
131305,STEELE MEMORIAL MEDICAL CENTER,ID,HOSPITAL,independent,Independent / Unknown
131307,WEISER MEMORIAL HOSPITAL,ID,HOSPITAL,saint_lukes,Saint Lukes
131309,CARIBOU MEDICAL CENTER,ID,HOSPITAL,independent,Independent / Unknown
131310,ST LUKE'S JEROME,ID,HOSPITAL,saint_lukes,Saint Lukes
131311,ST LUKE'S ELMORE MEDICAL CENTER,ID,HOSPITAL,saint_lukes,Saint Lukes
131312,ST LUKE'S MCCALL,ID,HOSPITAL,saint_lukes,Saint Lukes
131313,TETON VALLEY HOSPITAL,ID,HOSPITAL,independent,Independent / Unknown
131314,SHOSHONE MEDICAL CENTER,ID,HOSPITAL,independent,Independent / Unknown
131315,SYRINGA GENERAL HOSPITAL,ID,HOSPITAL,independent,Independent / Unknown
131316,BEAR LAKE MEMORIAL HOSPITAL,ID,HOSPITAL,independent,Independent / Unknown
131317,BENEWAH COMMUNITY HOSPITAL,ID,HOSPITAL,independent,Independent / Unknown
131318,VALOR HEALTH,ID,HOSPITAL,independent,Independent / Unknown
131319,MINIDOKA MEMORIAL HOSPITAL,ID,HOSPITAL,independent,Independent / Unknown
131320,CLEARWATER VALLEY HOSPITAL & CLINICS,ID,HOSPITAL,kootenai_health,Kootenai Health
131321,ST MARY'S HOSPITAL,ID,HOSPITAL,essentia_health,Essentia Health
131322,FRANKLIN COUNTY MEDICAL CENTER,ID,HOSPITAL,independent,Independent / Unknown
131323,ST LUKE'S WOOD RIVER MEDICAL CENTER,ID,HOSPITAL,saint_lukes,Saint Lukes
131324,LOST RIVERS MEDICAL CENTER,ID,HOSPITAL,independent,Independent / Unknown
131325,BINGHAM MEMORIAL HOSPITAL,ID,HOSPITAL,bmh,BMH
131326,CASSIA REGIONAL HOSPITAL,ID,HOSPITAL,intermountain_health,Intermountain Health
131327,GRITMAN MEDICAL CENTER,ID,HOSPITAL,independent,Independent / Unknown
131328,BONNER GENERAL HOSPITAL,ID,HOSPITAL,independent,Independent / Unknown
134002,INTERMOUNTAIN HOSPITAL,ID,HOSPITAL,intermountain_health,Intermountain Health
134009,LIFEWAYS HOSPITAL,ID,HOSPITAL,independent,Independent / Unknown
134010,STATE HOSPITAL SOUTH,ID,HOSPITAL,independent,Independent / Unknown
134017,COTTONWOOD CREEK BEHAVIORAL HOSPITAL,ID,HOSPITAL,independent,Independent / Unknown
140001,GRAHAM HOSPITAL ASSOCIATION,IL,HOSPITAL,independent,Independent / Unknown
140002,ALTON MEMORIAL HOSPITAL,IL,HOSPITAL,bjc_healthcare,BJC Healthcare
140007,SAINT JOSEPH MEDICAL CENTER,IL,HOSPITAL,ascension,Ascension
140008,LOYOLA GOTTLIEB MEMORIAL HOSPITAL,IL,HOSPITAL,trinity_health,Trinity Health
140010,NORTHSHORE UNIVERSITY HEALTHSYSTEM - EVANSTON HOSPITAL,IL,HOSPITAL,northshore_edward_elmhurst_health,NorthShore  Edward-Elmhurst Health
140011,HERRIN HOSPITAL,IL,HOSPITAL,southern_illinois_healthcare,Southern Illinois Healthcare
140012,OSF SAINT KATHARINE MEDICAL CENTER,IL,HOSPITAL,katherine_shaw_bethea_hospital,Katherine Shaw Bethea Hospital
140013,CARLE HEALTH PROCTOR HOSPITAL,IL,HOSPITAL,the_carle_foundation,The Carle Foundation
140015,BLESSING HOSPITAL,IL,HOSPITAL,blessing_health_system,Blessing Health System
140018,MT SINAI HOSPITAL MEDICAL CENTER,IL,HOSPITAL,sinai_health_system,Sinai Health System
140029,COPLEY MEMORIAL HOSPITAL,IL,HOSPITAL,rush_system_for_health,Rush System for Health
140030,ADVOCATE SHERMAN HOSPITAL,IL,HOSPITAL,advocate_health,Advocate Health
140032,ST ANTHONYS MEMORIAL HOSPITAL,IL,HOSPITAL,hospital_sisters_health_system,Hospital Sisters Health System
140034,SSM HEALTH ST MARY'S HOSPITAL -CENTRALIA,IL,HOSPITAL,ssm_health,SSM Health
14003F,JESSE BROWN VA MEDICAL CENTER - VA CHICAGO HEALTHCARE SYSTEM,IL,HOSPITAL,va,VA
140043,CGH MEDICAL CENTER,IL,HOSPITAL,cgh_medical_center,CGH Medical Center
140046,GOOD SAMARITAN REGIONAL HLTH CENTER,IL,HOSPITAL,ssm_health,SSM Health
140048,ADVOCATE TRINITY HOSPITAL,IL,HOSPITAL,advocate_health,Advocate Health
140049,WEST SUBURBAN MEDICAL CENTER,IL,HOSPITAL,pipeline_health,Pipeline Health
14004F,VA ILLIANA HEALTHCARE SYSTEM - DANVILLE,IL,HOSPITAL,independent,Independent / Unknown
140052,OSF SAINT ANTHONY'S HEALTH CENTER,IL,HOSPITAL,osf_healthcare_system,OSF Healthcare System
140053,ST JOHNS HOSPITAL,IL,HOSPITAL,hospital_sisters_health_system,Hospital Sisters Health System
140054,MACNEAL  HOSPITAL,IL,HOSPITAL,trinity_health,Trinity Health
140059,JERSEY COMMUNITY HOSPITAL,IL,HOSPITAL,independent,Independent / Unknown
140062,PALOS COMMUNITY HOSPITAL,IL,HOSPITAL,northwestern_medicine,Northwestern Medicine
140063,RUSH OAK PARK HOSPITAL,IL,HOSPITAL,rush_system_for_health,Rush System for Health
140064,ST MARY MEDICAL CENTER,IL,HOSPITAL,osf_healthcare_system,OSF Healthcare System
140065,UCHICAGO MEDICINE ADVENTHEALTH LA GRANGE,IL,HOSPITAL,adventhealth,AdventHealth
140067,SAINT FRANCIS MEDICAL CENTER,IL,HOSPITAL,osf_healthcare_system,OSF Healthcare System
140068,ROSELAND COMMUNITY HOSPITAL,IL,HOSPITAL,independent,Independent / Unknown
140077,TOUCHETTE REGIONAL HOSPITAL INC,IL,HOSPITAL,independent,Independent / Unknown
14007F,HINES VA MEDICAL CENTER,IL,HOSPITAL,va,VA
140080,SAINT FRANCIS HOSPITAL-EVANSTON,IL,HOSPITAL,ascension,Ascension
140082,LOUIS A WEISS MEMORIAL HOSPITAL,IL,HOSPITAL,pipeline_health,Pipeline Health
140083,LORETTO HOSPITAL,IL,HOSPITAL,independent,Independent / Unknown
140084,VISTA MEDICAL CENTER EAST,IL,HOSPITAL,american_healthcare_systems,American Healthcare Systems
140088,THE UNIVERSITY OF CHICAGO MEDICAL CENTER,IL,HOSPITAL,the_university_of_chicago_medicine,The University of Chicago Medicine
140089,MC DONOUGH DISTRICT HOSPITAL,IL,HOSPITAL,independent,Independent / Unknown
14008F,MARION IL VA MEDICAL CENTER,IL,HOSPITAL,va,VA
140091,CARLE FOUNDATION HOSPITAL,IL,HOSPITAL,the_carle_foundation,The Carle Foundation
140093,OSF SACRED HEART MEDICAL CENTER,IL,HOSPITAL,osf_healthcare_system,OSF Healthcare System
140095,SAINT ANTHONY HOSPITAL,IL,HOSPITAL,independent,Independent / Unknown
140100,"MIDWESTERN REGION MED CENTER, INC",IL,HOSPITAL,independent,Independent / Unknown
140101,MORRIS HOSPITAL & HEALTHCARE CENTERS,IL,HOSPITAL,the_morris_hospital_and_healthcare_centers,The Morris Hospital and Healthcare Centers
140103,ST BERNARD HOSPITAL,IL,HOSPITAL,independent,Independent / Unknown
140110,OSF SAINT ELIZABETH MDL CTR,IL,HOSPITAL,osf_healthcare_system,OSF Healthcare System
140113,OSF HEART OF MARY MEDICAL CENTER,IL,HOSPITAL,osf_healthcare_system,OSF Healthcare System
140114,SWEDISH HOSPITAL,IL,HOSPITAL,northshore_edward_elmhurst_health,NorthShore  Edward-Elmhurst Health
140115,THOREK MEMORIAL HOSPITAL,IL,HOSPITAL,independent,Independent / Unknown
140116,NORTHWESTERN MEDICINE MCHENRY,IL,HOSPITAL,northwestern_medicine,Northwestern Medicine
140117,AMITA HEALTH RESURRECTION MEDICAL CENTER,IL,HOSPITAL,ascension,Ascension
140119,RUSH UNIVERSITY MEDICAL CENTER,IL,HOSPITAL,rush_system_for_health,Rush System for Health
140120,CARLE HEALTH PEKIN HOSPITAL,IL,HOSPITAL,the_carle_foundation,The Carle Foundation
140122,UCHICAGO MEDICINE ADVENTHEALTH HINSDALE,IL,HOSPITAL,adventhealth,AdventHealth
140124,JOHN H STROGER JR HOSPITAL,IL,HOSPITAL,cook_county_health_and_hospital_system,Cook County Health and Hospital System
140125,GATEWAY REGIONAL MEDICAL CENTER,IL,HOSPITAL,american_healthcare_systems,American Healthcare Systems
140127,CARLE BROMENN MEDICAL CENTER,IL,HOSPITAL,the_carle_foundation,The Carle Foundation
140130,NORTHWESTERN LAKE FOREST HOSPITAL,IL,HOSPITAL,northwestern_medicine,Northwestern Medicine
140133,HOLY CROSS HOSPITAL,IL,HOSPITAL,sinai_health_system,Sinai Health System
140135,DECATUR MEMORIAL HOSPITAL,IL,HOSPITAL,memorial_health_system_il,Memorial Health System IL
140137,HSHS HOLY FAMILY HOSPITAL INC,IL,HOSPITAL,hospital_sisters_health_system,Hospital Sisters Health System
140145,ST JOSEPHS HOSPITAL,IL,HOSPITAL,hospital_sisters_health_system,Hospital Sisters Health System
140148,MEMORIAL MEDICAL CENTER,IL,HOSPITAL,memorial_health_system_il,Memorial Health System IL
140150,UNIVERSITY OF ILLINOIS HOSPITAL AND CLINICS,IL,HOSPITAL,ui_health,UI Health
140155,PRESENCE ST MARYS HOSPITAL,IL,HOSPITAL,ascension,Ascension
140158,INSIGHT HOSPITAL AND MEDICAL CENTER CHICAGO,IL,HOSPITAL,independent,Independent / Unknown
140160,FHN MEMORIAL HOSPITAL,IL,HOSPITAL,freeport_health_network,Freeport Health Network
140161,SAINT JAMES HOSPITAL,IL,HOSPITAL,osf_healthcare_system,OSF Healthcare System
140162,ST JOSEPH MEDICAL CENTER,IL,HOSPITAL,osf_healthcare_system,OSF Healthcare System
140164,MEMORIAL HOSPITAL OF CARBONDALE,IL,HOSPITAL,southern_illinois_healthcare,Southern Illinois Healthcare
140166,ST MARYS HOSPITAL,IL,HOSPITAL,hospital_sisters_health_system,Hospital Sisters Health System
140172,FRANCISCAN HEALTH OLYMPIA & CHICAGO HEIGHTS,IL,HOSPITAL,franciscan_health,Franciscan Health
140174,PRESENCE MERCY MEDICAL CENTER,IL,HOSPITAL,ascension,Ascension
140177,JACKSON PARK HOSPITAL,IL,HOSPITAL,independent,Independent / Unknown
140179,OSF LITTLE COMPANY OF MARY MEDICAL CENTER,IL,HOSPITAL,osf_healthcare_system,OSF Healthcare System
140180,PRESENCE SAINTS MARY AND ELIZABETH MEDICAL CENTER,IL,HOSPITAL,ascension,Ascension
140181,SOUTH SHORE HOSPITAL,IL,HOSPITAL,independent,Independent / Unknown
140182,ADVOCATE ILLINOIS MASONIC MEDICAL CENTER,IL,HOSPITAL,advocate_health,Advocate Health
140184,HEARTLAND REGIONAL MEDICAL CENTER,IL,HOSPITAL,quorum_health,Quorum Health
140185,MEMORIAL HOSPITAL,IL,HOSPITAL,bjc_healthcare,BJC Healthcare
140186,RIVERSIDE MEDICAL CENTER,IL,HOSPITAL,riverside_healthcare,Riverside Healthcare
140187,HSHS ST ELIZABETH'S HOSPITAL,IL,HOSPITAL,hospital_sisters_health_system,Hospital Sisters Health System
140189,SARAH BUSH LINCOLN HEALTH CENTER,IL,HOSPITAL,sarah_bush_lincoln_health_system,Sarah Bush Lincoln Health System
140191,INGALLS MEMORIAL HOSPITAL,IL,HOSPITAL,the_university_of_chicago_medicine,The University of Chicago Medicine
140197,METHODIST HOSPITAL OF CHICAGO,IL,HOSPITAL,independent,Independent / Unknown
140200,ELMHURST MEMORIAL HOSPITAL,IL,HOSPITAL,northshore_edward_elmhurst_health,NorthShore  Edward-Elmhurst Health
140202,ADVOCATE CONDELL MEDICAL CENTER,IL,HOSPITAL,advocate_health,Advocate Health
140206,HUMBOLDT PARK HEALTH,IL,HOSPITAL,independent,Independent / Unknown
140208,ADVOCATE CHRIST HOSPITAL & MEDICAL CENTER,IL,HOSPITAL,advocate_health,Advocate Health
140209,CARLE HEALTH METHODIST HOSPITAL,IL,HOSPITAL,the_carle_foundation,The Carle Foundation
140210,HARRISBURG MEDICAL CENTER,IL,HOSPITAL,southern_illinois_healthcare,Southern Illinois Healthcare
140211,NORTHWESTERN MEDICINE DELNOR COMMUNITY HOSPITAL,IL,HOSPITAL,northwestern_medicine,Northwestern Medicine
140213,SILVER CROSS HOSPITAL  AND MEDICAL CENTERS,IL,HOSPITAL,silver_cross_hospital,Silver Cross Hospital
140217,SAINT JOSEPH HOSPITAL-ELGIN,IL,HOSPITAL,ascension,Ascension
140223,ADVOCATE LUTHERAN GENERAL HOSPITAL,IL,HOSPITAL,advocate_health,Advocate Health
140224,PRESENCE SAINT JOSEPH HOSPITAL - CHICAGO,IL,HOSPITAL,ascension,Ascension
140228,UW HEALTH,IL,HOSPITAL,uw_health,UW Health
140231,EDWARD HOSPITAL,IL,HOSPITAL,northshore_edward_elmhurst_health,NorthShore  Edward-Elmhurst Health
140233,SAINT ANTHONY MEDICAL CENTER,IL,HOSPITAL,osf_healthcare_system,OSF Healthcare System
140239,JAVON BEA HOSPITAL,IL,HOSPITAL,mercyhealth,Mercyhealth
140242,NORTHWESTERN MEDICINE CENTRAL DUPAGE HOSPITAL,IL,HOSPITAL,northwestern_medicine,Northwestern Medicine
140251,COMMUNITY FIRST MEDICAL CENTER,IL,HOSPITAL,independent,Independent / Unknown
140252,NORTHWEST COMMUNITY HOSPITAL 1,IL,HOSPITAL,northshore_edward_elmhurst_health,NorthShore  Edward-Elmhurst Health
140258,ALEXIAN BROTHERS MEDICAL CENTER 1,IL,HOSPITAL,ascension,Ascension
140275,GENESIS HLTH SYSTEM DBA GENESIS MDL CTR-ILLINI,IL,HOSPITAL,trinity_health,Trinity Health
140276,LOYOLA UNIVERSITY MEDICAL CENTER,IL,HOSPITAL,trinity_health,Trinity Health
140280,TRINITY ROCK ISLAND,IL,HOSPITAL,unitypoint_health,UnityPoint Health
140281,NORTHWESTERN MEMORIAL HOSPITAL,IL,HOSPITAL,northwestern_medicine,Northwestern Medicine
140286,NORTHWESTERN MEDICINE KISHWAUKEE HOSPITAL,IL,HOSPITAL,northwestern_medicine,Northwestern Medicine
140288,ADVOCATE GOOD SAMARITAN HOSPITAL,IL,HOSPITAL,advocate_health,Advocate Health
140289,ANDERSON HOSPITAL,IL,HOSPITAL,anderson_medical_group,Anderson Medical Group
140290,ST ALEXIUS MEDICAL CENTER,IL,HOSPITAL,ascension,Ascension
140291,ADVOCATE GOOD SHEPHERD HOSPITAL,IL,HOSPITAL,advocate_health,Advocate Health
140292,UCHICAGO MEDICINE ADVENTHEALTH GLENOAKS,IL,HOSPITAL,adventhealth,AdventHealth
140294,DEACONESS ILLINOIS CROSSROADS,IL,HOSPITAL,deaconess_health_system,Deaconess Health System
140300,PROVIDENT HOSPITAL OF CHICAGO,IL,HOSPITAL,cook_county_health_and_hospital_system,Cook County Health and Hospital System
140304,UCHICAGO MEDICINE ADVENTHEALTH BOLINGBROOK,IL,HOSPITAL,adventhealth,AdventHealth
140308,MERCYHEALTH HOSPITAL & PHYSICIAN CLINIC-CRYSTAL LA,IL,HOSPITAL,independent,Independent / Unknown
14034F,NORTH CHICAGO VA MEDICAL CENTER,IL,HOSPITAL,va,VA
141300,THOMAS H BOYD MEMORIAL HOSPITAL,IL,HOSPITAL,independent,Independent / Unknown
141301,KIRBY MEDICAL CENTER,IL,HOSPITAL,independent,Independent / Unknown
141302,MIDWEST MEDICAL CENTER,IL,HOSPITAL,independent,Independent / Unknown
141303,WARNER HOSPITAL AND HEALTH SERVICES,IL,HOSPITAL,independent,Independent / Unknown
141304,"GENESIS MEDICAL CENTER, ALEDO",IL,HOSPITAL,trinity_health,Trinity Health
141305,MEMORIAL HOSPITAL,IL,HOSPITAL,unitypoint_health,UnityPoint Health
141306,COMMUNITY HOSPITAL OF STAUNTON,IL,HOSPITAL,independent,Independent / Unknown
141307,PINCKNEYVILLE COMMUNITY HOSPITAL,IL,HOSPITAL,ssm_health,SSM Health
141308,WASHINGTON COUNTY HOSPITAL,IL,HOSPITAL,ssm_health,SSM Health
141309,CARLE EUREKA  HOSPITAL,IL,HOSPITAL,the_carle_foundation,The Carle Foundation
141310,OSF SAINT PAUL MEDICAL CENTER,IL,HOSPITAL,osf_healthcare_system,OSF Healthcare System
141311,FAIRFIELD MEMORIAL HOSPITAL 1,IL,HOSPITAL,independent,Independent / Unknown
141312,ROCHELLE COMMUNITY HOSPITAL,IL,HOSPITAL,osf_healthcare_system,OSF Healthcare System
141313,MASON DISTRICT HOSPITAL,IL,HOSPITAL,independent,Independent / Unknown
141315,ILLINI COMMUNITY HOSPITAL,IL,HOSPITAL,blessing_health_system,Blessing Health System
141316,CARLE HOOPESTON REGIONAL HEALTH CENTER,IL,HOSPITAL,the_carle_foundation,The Carle Foundation
141317,GIBSON COMMUNITY HOSPITAL,IL,HOSPITAL,independent,Independent / Unknown
141318,OSF HOLY FAMILY MEDICAL CENTER,IL,HOSPITAL,osf_healthcare_system,OSF Healthcare System
141319,HAMMOND HENRY HOSPITAL,IL,HOSPITAL,independent,Independent / Unknown
141320,PARIS COMMUNITY HOSPITAL,IL,HOSPITAL,independent,Independent / Unknown
141321,FRANKLIN HOSPITAL,IL,HOSPITAL,independent,Independent / Unknown
141322,ABRAHAM LINCOLN MEMORIAL HOSPITAL,IL,HOSPITAL,memorial_health_system_il,Memorial Health System IL
141323,MASSAC MEMORIAL HOSPITAL,IL,HOSPITAL,independent,Independent / Unknown
141324,FERRELL HOSPITAL COMMUNITY FOUNDATIONS,IL,HOSPITAL,independent,Independent / Unknown
141325,OSF SAINT LUKE MEDICAL CENTER,IL,HOSPITAL,osf_healthcare_system,OSF Healthcare System
141326,HAMILTON MEMORIAL HOSPITAL,IL,HOSPITAL,independent,Independent / Unknown
141327,WABASH GENERAL HOSPITAL 1,IL,HOSPITAL,independent,Independent / Unknown
141328,HARDIN COUNTY GENERAL HOSPITAL & CLINIC,IL,HOSPITAL,independent,Independent / Unknown
141329,MORRISON COMMUNITY HOSPITAL,IL,HOSPITAL,independent,Independent / Unknown
141330,HOPEDALE HOSPITAL,IL,HOSPITAL,independent,Independent / Unknown
141331,MARSHALL BROWNING HOSPITAL,IL,HOSPITAL,independent,Independent / Unknown
141332,HILLSBORO AREA HOSPITAL,IL,HOSPITAL,independent,Independent / Unknown
141333,SARAH D CULBERTSON MEMORIAL HOSPITAL,IL,HOSPITAL,independent,Independent / Unknown
141334,ST JOSEPH MEMORIAL HOSPITAL,IL,HOSPITAL,southern_illinois_healthcare,Southern Illinois Healthcare
141335,MERCY HARVARD HOSPITAL,IL,HOSPITAL,mercyhealth,Mercyhealth
141336,ST JOSEPH'S HOSPITAL,IL,HOSPITAL,hospital_sisters_health_system,Hospital Sisters Health System
141337,OSF SAINT CLARE MEDICAL CENTER,IL,HOSPITAL,osf_healthcare_system,OSF Healthcare System
141338,MEMORIAL HOSPITAL,IL,HOSPITAL,bjc_healthcare,BJC Healthcare
141339,TAYLORVILLE MEMORIAL HOSPITAL,IL,HOSPITAL,memorial_health_system_il,Memorial Health System IL
141340,VALLEY WEST COMMUNITY HOSPITAL,IL,HOSPITAL,northwestern_medicine,Northwestern Medicine
141341,PANA COMMUNITY HOSPITAL,IL,HOSPITAL,hospital_sisters_health_system,Hospital Sisters Health System
141342,DEACONESS ILLINOIS UNION COUNTY,IL,HOSPITAL,quorum_health,Quorum Health
141343,CRAWFORD MEMORIAL HOSPITAL,IL,HOSPITAL,independent,Independent / Unknown
141344,LAWRENCE COUNTY MEMORIAL HOSPITAL,IL,HOSPITAL,independent,Independent / Unknown
141345,SALEM TOWNSHIP HOSPITAL,IL,HOSPITAL,independent,Independent / Unknown
141346,FAYETTE COUNTY HOSPITAL,IL,HOSPITAL,independent,Independent / Unknown
141347,CARLINVILLE AREA HOSPITAL,IL,HOSPITAL,independent,Independent / Unknown
141348,RED BUD REGIONAL HOSPITAL,IL,HOSPITAL,quorum_health,Quorum Health
141349,SPARTA COMMUNITY HOSPITAL,IL,HOSPITAL,independent,Independent / Unknown
141350,ST FRANCIS HOSPITAL,IL,HOSPITAL,hospital_sisters_health_system,Hospital Sisters Health System
141351,CLAY COUNTY HOSPITAL,IL,HOSPITAL,ssm_health,SSM Health
141352,JACKSONVILLE MEMORIAL HOSPITAL,IL,HOSPITAL,memorial_health_system_il,Memorial Health System IL
141353,IROQUOIS MEMORIAL HOSPITAL,IL,HOSPITAL,independent,Independent / Unknown
141354,HSHS GOOD SHEPHERD HOSPITAL INC,IL,HOSPITAL,hshs,HSHS
141355,CARLE RICHLAND MEMORIAL HOSPITAL,IL,HOSPITAL,independent,Independent / Unknown
143300,ANN & ROBERT H LURIE CHILDRENS HOSPITAL OF CHICAGO,IL,HOSPITAL,independent,Independent / Unknown
143301,LARABIDA CHILDRENS HOSPITAL I,IL,HOSPITAL,independent,Independent / Unknown
143302,SHRINERS HOSPITAL FOR CHILDREN,IL,HOSPITAL,independent,Independent / Unknown
144009,"AERIES HEALTHCARE OF ILLINOIS, INC., DBA RIVEREDGE HOSPITAL",IL,HOSPITAL,independent,Independent / Unknown
144010,CHICAGO READ MENTAL HEALTH CENTER,IL,HOSPITAL,independent,Independent / Unknown
144016,ALTON MENTAL HEALTH CENTER,IL,HOSPITAL,independent,Independent / Unknown
144021,ANDREW MCFARLAND MENTAL HLTH CTR,IL,HOSPITAL,independent,Independent / Unknown
144026,HARTGROVE HOSPITAL,IL,HOSPITAL,independent,Independent / Unknown
144028,MADDEN MENTAL HEALTH CENTER,IL,HOSPITAL,independent,Independent / Unknown
144029,THE PAVILION,IL,HOSPITAL,independent,Independent / Unknown
144031,ALEXIAN BROTHERS BEHAVIORAL HLTH HOSP,IL,HOSPITAL,independent,Independent / Unknown
144034,BHC STREAMWOOD HOSPITAL INC,IL,HOSPITAL,independent,Independent / Unknown
144035,LINDEN OAKS AT EDWARD,IL,HOSPITAL,independent,Independent / Unknown
144037,ELGIN MENTAL HEALTH CENTER,IL,HOSPITAL,independent,Independent / Unknown
144038,CHOATE MENTAL HEALTH & DEVELOPMENT CTR,IL,HOSPITAL,independent,Independent / Unknown
144039,GARFIELD PARK HOSPITAL,IL,HOSPITAL,independent,Independent / Unknown
144040,CHICAGO BEHAVIORAL HOSPITAL,IL,HOSPITAL,independent,Independent / Unknown
144041,SILVER OAKS BEHAVIORAL HOSPITAL,IL,HOSPITAL,independent,Independent / Unknown
144042,LAKE BEHAVIORAL HOSPITAL,IL,HOSPITAL,independent,Independent / Unknown
144043,MONTROSE BEHAVIORAL HEALTH HOSPITAL,IL,HOSPITAL,independent,Independent / Unknown
150001,JOHNSON MEMORIAL HOSPITAL,IN,HOSPITAL,independent,Independent / Unknown
150002,METHODIST HOSPITALS INC,IN,HOSPITAL,the_methodist_hospitals,The Methodist Hospitals
150005,HENDRICKS REGIONAL HEALTH,IN,HOSPITAL,hendricks_regional_health,Hendricks Regional Health
150006,NORTHWEST HEALTH-LA PORTE,IN,HOSPITAL,community_health_systems,Community Health Systems
150007,COMMUNITY HOWARD REGIONAL HEALTH INC.,IN,HOSPITAL,community_health_network,Community Health Network
150008,ST CATHERINE HOSPITAL INC,IN,HOSPITAL,community_foundation_of_northwest_indiana,Community Foundation of Northwest Indiana
150009,NORTON CLARK HOSPITAL,IN,HOSPITAL,lifepoint_health,Lifepoint Health
150010,ASCENSION ST VINCENT KOKOMO,IN,HOSPITAL,ascension,Ascension
150011,MARION GENERAL HOSPITAL,IN,HOSPITAL,independent,Independent / Unknown
150012,SAINT JOSEPH REGIONAL MEDICAL CENTER,IN,HOSPITAL,trinity_health,Trinity Health
150015,FRANCISCAN HEALTH MICHIGAN CITY,IN,HOSPITAL,franciscan_health,Franciscan Health
150017,LUTHERAN HOSPITAL OF INDIANA,IN,HOSPITAL,community_health_systems,Community Health Systems
150018,ELKHART GENERAL HOSPITAL,IN,HOSPITAL,beacon_health_system,Beacon Health System
150021,PARKVIEW REGIONAL MEDICAL CENTER,IN,HOSPITAL,parkview_health_system,Parkview Health System
150022,FRANCISCAN HEALTH CRAWFORDSVILLE,IN,HOSPITAL,franciscan_health,Franciscan Health
150023,UNION HOSPITAL INC,IN,HOSPITAL,union_health,Union Health
150024,ESKENAZI HEALTH,IN,HOSPITAL,eskenazi_health,Eskenazi Health
150026,GOSHEN HOSPITAL,IN,HOSPITAL,goshen_health,Goshen Health
150030,HENRY COUNTY MEMORIAL HOSPITAL,IN,HOSPITAL,henry_community_health,Henry Community Health
150034,ST MARY MEDICAL CENTER INC,IN,HOSPITAL,community_foundation_of_northwest_indiana,Community Foundation of Northwest Indiana
150035,NORTHWEST HEALTH - PORTER,IN,HOSPITAL,community_health_systems,Community Health Systems
150037,HANCOCK REGIONAL HOSPITAL,IN,HOSPITAL,hancock_regional_hospital,Hancock Regional Hospital
15003F,INDIANAPOLIS VA MEDICAL CENTER,IN,HOSPITAL,va,VA
150042,GOOD SAMARITAN HOSPITAL,IN,HOSPITAL,good_samaritan,Good Samaritan
150044,BAPTIST HEALTH FLOYD,IN,HOSPITAL,baptist_healthcare_system,Baptist Healthcare System
150045,PARKVIEW DEKALB HOSPITAL,IN,HOSPITAL,parkview_health_system,Parkview Health System
150046,TERRE HAUTE REGIONAL HOSPITAL,IN,HOSPITAL,hca,HCA
150047,"ST JOSEPH HEALTH SYSTEM, LLC",IN,HOSPITAL,community_health_systems,Community Health Systems
150048,REID HEALTH,IN,HOSPITAL,reid_health,Reid Health
15004F,VA N. INDIANA HEALTHCARE SYSTEM,IN,HOSPITAL,independent,Independent / Unknown
150051,INDIANA UNIVERSITY HEALTH BLOOMINGTON HOSPITAL,IN,HOSPITAL,indiana_university_health,Indiana University Health
150056,INDIANA UNIVERSITY HEALTH,IN,HOSPITAL,indiana_university_health,Indiana University Health
150057,FRANCISCAN HEALTH MOORESVILLE,IN,HOSPITAL,franciscan_health,Franciscan Health
150058,MEMORIAL HOSPITAL OF SOUTH BEND,IN,HOSPITAL,beacon_health_system,Beacon Health System
150059,RIVERVIEW HEALTH,IN,HOSPITAL,riverview_hospital,Riverview Hospital
150061,DAVIESS COMMUNITY HOSPITAL,IN,HOSPITAL,ascension,Ascension
150065,SCHNECK MEDICAL CENTER,IN,HOSPITAL,schneck_medical_center,Schneck Medical Center
150069,NORTON-KING'S DAUGHTERS' HEALTH,IN,HOSPITAL,norton_healthcare,Norton Healthcare
150072,MEMORIAL HOSPITAL,IN,HOSPITAL,independent,Independent / Unknown
150074,COMMUNITY HOSPITAL EAST,IN,HOSPITAL,community_health_network,Community Health Network
150075,BLUFFTON REGIONAL MEDICAL CENTER,IN,HOSPITAL,community_health_systems,Community Health Systems
150076,SAINT JOSEPH REGIONAL MEDICAL CENTER - PLYMOUTH,IN,HOSPITAL,trinity_health,Trinity Health
150082,DEACONESS HOSPITAL INC,IN,HOSPITAL,deaconess_health_system,Deaconess Health System
150084,ASCENSION ST VINCENT HOSPITAL,IN,HOSPITAL,ascension,Ascension
150086,ST ELIZABETH DEARBORN HOSPITAL,IN,HOSPITAL,saint_elizabeth_healthcare,Saint Elizabeth Healthcare
150088,ASCENSION ST VINCENT ANDERSON,IN,HOSPITAL,ascension,Ascension
150089,INDIANA UNIVERSITY HEALTH BALL MEMORIAL HOSPITAL,IN,HOSPITAL,indiana_university_health,Indiana University Health
150090,FRANCISCAN HEALTH DYER,IN,HOSPITAL,franciscan_health,Franciscan Health
150091,PARKVIEW HUNTINGTON HOSPITAL,IN,HOSPITAL,parkview_health_system,Parkview Health System
150097,MAJOR HOSPITAL,IN,HOSPITAL,major_health_partners,Major Health Partners
150100,ASCENSION ST VINCENT EVANSVILLE,IN,HOSPITAL,ascension,Ascension
150101,PARKVIEW WHITLEY HOSPITAL,IN,HOSPITAL,parkview_health_system,Parkview Health System
150102,NORTHWEST HEALTH - STARKE,IN,HOSPITAL,community_health_systems,Community Health Systems
150104,WITHAM HEALTH SERVICES,IN,HOSPITAL,witham_health_services,Witham Health Services
150109,FRANCISCAN HEALTH LAFAYETTE,IN,HOSPITAL,franciscan_health,Franciscan Health
150112,COLUMBUS REGIONAL HOSPITAL,IN,HOSPITAL,columbus_regional_health,Columbus Regional Health
150113,COMMUNITY HOSPITAL OF ANDERSON AND MADISON COUNTY,IN,HOSPITAL,community_health_network,Community Health Network
150115,MEMORIAL HOSPITAL AND HEALTH CARE CENTER,IN,HOSPITAL,little_company_of_mary_hospital_of_indiana,Little Company of Mary Hospital of Indiana
150125,COMMUNITY HOSPITAL,IN,HOSPITAL,community_foundation_of_northwest_indiana,Community Foundation of Northwest Indiana
150126,FRANCISCAN HEALTH CROWN POINT,IN,HOSPITAL,franciscan_health,Franciscan Health
150128,"COMMUNITY HOSPITAL SOUTH, INC.",IN,HOSPITAL,community_health_network,Community Health Network
150133,KOSCIUSKO COMMUNITY HOSPITAL,IN,HOSPITAL,community_health_systems,Community Health Systems
150146,PARKVIEW NOBLE HOSPITAL,IN,HOSPITAL,parkview_health_system,Parkview Health System
150149,THE WOMEN'S HOSPITAL,IN,HOSPITAL,deaconess_health_system,Deaconess Health System
150150,DUPONT HOSPITAL LLC,IN,HOSPITAL,community_health_systems,Community Health Systems
150153,ST VINCENT HEART CENTER,IN,HOSPITAL,ascension,Ascension
150157,ASCENSION ST VINCENT CARMEL,IN,HOSPITAL,ascension,Ascension
150158,IU HEALTH WEST HOSPITAL,IN,HOSPITAL,indiana_university_health,Indiana University Health
150160,ORTHOINDY HOSPITAL,IN,HOSPITAL,independent,Independent / Unknown
150161,INDIANA UNIVERSITY HEALTH NORTH HOSPITAL,IN,HOSPITAL,indiana_university_health,Indiana University Health
150162,FRANCISCAN HEALTH INDIANAPOLIS,IN,HOSPITAL,franciscan_health,Franciscan Health
150165,FRANCISCAN HEALTH MUNSTER,IN,HOSPITAL,franciscan_health,Franciscan Health
150166,PINNACLE HOSPITAL,IN,HOSPITAL,independent,Independent / Unknown
150167,ORTHOPAEDIC HOSPITAL AT PARKVIEW NORTH,IN,HOSPITAL,parkview_health_system,Parkview Health System
150168,THE ORTHOPAEDIC HOSPITAL OF LUTHERAN HEALTH NETWOR,IN,HOSPITAL,community_health_systems,Community Health Systems
150169,COMMUNITY HOSPITAL NORTH,IN,HOSPITAL,community_health_network,Community Health Network
150172,PHYSICIANS' MEDICAL CENTER LLC,IN,HOSPITAL,independent,Independent / Unknown
150173,INDIANA UNIVERSITY HEALTH ARNETT HOSPITAL,IN,HOSPITAL,indiana_university_health,Indiana University Health
150177,UNITY PHYSICIANS HOSPITAL,IN,HOSPITAL,independent,Independent / Unknown
150179,FAIRBANKS,IN,HOSPITAL,community_health_network,Community Health Network
150181,ASCENSION ST VINCENT FISHERS,IN,HOSPITAL,ascension,Ascension
150183,MONROE HOSPITAL,IN,HOSPITAL,prime_healthcare,Prime Healthcare
150193,FRANCISCAN HEALTH ORTHOPEDIC HOSPITAL CARMEL,IN,HOSPITAL,franciscan_health,Franciscan Health
150195,UCHICAGO MEDICINE NORTHWEST INDIANA,IN,HOSPITAL,independent,Independent / Unknown
151300,COMMUNITY HOSPITAL OF BREMEN INC,IN,HOSPITAL,beacon_health_system,Beacon Health System
151301,ASCENSION ST VINCENT RANDOLPH,IN,HOSPITAL,ascension,Ascension
151303,ASCENSION ST VINCENT JENNINGS,IN,HOSPITAL,ascension,Ascension
151304,RUSH MEMORIAL HOSPITAL,IN,HOSPITAL,independent,Independent / Unknown
151305,PULASKI MEMORIAL HOSPITAL,IN,HOSPITAL,independent,Independent / Unknown
151306,INDIANA UNIVERSITY HEALTH PAOLI HOSPITAL,IN,HOSPITAL,indiana_university_health,Indiana University Health
151307,ASCENSION ST VINCENT WILLIAMSPORT,IN,HOSPITAL,ascension,Ascension
151308,ASCENSION ST VINCENT MERCY,IN,HOSPITAL,ascension,Ascension
151309,ASCENSION ST VINCENT CLAY,IN,HOSPITAL,ascension,Ascension
151310,"PARKVIEW WABASH HOSPITAL, INC",IN,HOSPITAL,parkview_health_system,Parkview Health System
151311,INDIANA UNIVERSITY HEALTH TIPTON HOSPITAL INC,IN,HOSPITAL,indiana_university_health,Indiana University Health
151312,INDIANA UNIVERSITY HEALTH WHITE MEMORIAL HOSPITAL,IN,HOSPITAL,indiana_university_health,Indiana University Health
151313,WOODLAWN HOSPITAL,IN,HOSPITAL,independent,Independent / Unknown
151314,ASCENSION ST VINCENT SALEM,IN,HOSPITAL,ascension,Ascension
151315,CAMERON MEMORIAL COMMUNITY HOSPITAL INC,IN,HOSPITAL,independent,Independent / Unknown
151316,INDIANA UNIVERSITY HEALTH FRANKFORT INC,IN,HOSPITAL,indiana_university_health,Indiana University Health
151317,GREENE COUNTY GENERAL HOSPITAL,IN,HOSPITAL,independent,Independent / Unknown
151318,DUKES MEMORIAL HOSPITAL,IN,HOSPITAL,community_health_systems,Community Health Systems
151319,GIBSON GENERAL HOSPITAL,IN,HOSPITAL,deaconess_health_system,Deaconess Health System
151320,"INDIANA UNIVERSITY HEALTH JAY, INC.",IN,HOSPITAL,indiana_university_health,Indiana University Health
151322,PERRY COUNTY MEMORIAL HOSPITAL,IN,HOSPITAL,mercy_health,Mercy
151323,PARKVIEW LAGRANGE HOSPITAL,IN,HOSPITAL,parkview_health_system,Parkview Health System
151324,"FRANCISCAN HEALTH RENSSELAER, INC",IN,HOSPITAL,franciscan_health,Franciscan Health
151325,ASCENSION ST VINCENT WARRICK,IN,HOSPITAL,ascension,Ascension
151326,UNION HOSPITAL CLINTON,IN,HOSPITAL,union_health,Union Health
151327,SULLIVAN COUNTY COMMUNITY HOSPITAL,IN,HOSPITAL,independent,Independent / Unknown
151328,INDIANA UNIVERSITY HEALTH BEDFORD HOSPITAL,IN,HOSPITAL,indiana_university_health,Indiana University Health
151329,MARGARET MARY COMMUNITY HOSPITAL INC,IN,HOSPITAL,margaret_mary_health,Margaret Mary Health
151330,ADAMS MEMORIAL HOSPITAL,IN,HOSPITAL,independent,Independent / Unknown
151331,HARRISON COUNTY HOSPITAL,IN,HOSPITAL,norton_healthcare,Norton Healthcare
151332,DECATUR COUNTY MEMORIAL HOSPITAL,IN,HOSPITAL,independent,Independent / Unknown
151333,PUTNAM COUNTY HOSPITAL,IN,HOSPITAL,independent,Independent / Unknown
151334,NORTON SCOTT HOSPITAL,IN,HOSPITAL,norton_healthcare,Norton Healthcare
154005,"WABASH VALLEY ALLIANCE, INC. / RIVER BEND HOSPITAL",IN,HOSPITAL,independent,Independent / Unknown
154008,NEURODIAGNOSTIC INSTITUTE,IN,HOSPITAL,independent,Independent / Unknown
154009,HAMILTON CENTER INC,IN,HOSPITAL,independent,Independent / Unknown
154011,INCOMPASS HEALTHCARE,IN,HOSPITAL,independent,Independent / Unknown
154014,OTIS R BOWEN CENTER FOR HUMAN SERVICES INC,IN,HOSPITAL,independent,Independent / Unknown
154018,RICHMOND STATE HOSPITAL,IN,HOSPITAL,independent,Independent / Unknown
154019,MADISON STATE HOSPITAL,IN,HOSPITAL,independent,Independent / Unknown
154020,REGIONAL MENTAL HEALTH CENTER,IN,HOSPITAL,independent,Independent / Unknown
154021,"GRANT-BLACKFORD MENTAL HEALTH, INC",IN,HOSPITAL,independent,Independent / Unknown
154024,VALLE VISTA HEALTH SYSTEM,IN,HOSPITAL,independent,Independent / Unknown
154031,OAKLAWN PSYCHIATRIC CENTER INC,IN,HOSPITAL,independent,Independent / Unknown
154035,4C HEALTH,IN,HOSPITAL,independent,Independent / Unknown
154041,BLOOMINGTON MEADOWS HOSPITAL,IN,HOSPITAL,independent,Independent / Unknown
154047,MICHIANA BEHAVIORAL HEALTH CENTER,IN,HOSPITAL,independent,Independent / Unknown
154050,NORTHEASTERN CENTER,IN,HOSPITAL,independent,Independent / Unknown
154051,WELLSTONE REGIONAL HOSPITAL,IN,HOSPITAL,independent,Independent / Unknown
154052,PORTER-STARKE SERVICES INC,IN,HOSPITAL,independent,Independent / Unknown
154054,HARSHA BEHAVIORAL CENTER INC,IN,HOSPITAL,independent,Independent / Unknown
154055,BRENTWOOD MEADOWS LLC,IN,HOSPITAL,independent,Independent / Unknown
154056,EVANSVILLE STATE HOSPITAL,IN,HOSPITAL,independent,Independent / Unknown
154057,OPTIONS BEHAVIORAL HEALTH SYSTEM,IN,HOSPITAL,independent,Independent / Unknown
154058,DOCTORS NEUROPSYCHIATRIC HOSPITAL,IN,HOSPITAL,independent,Independent / Unknown
154059,SYCAMORE SPRINGS,IN,HOSPITAL,independent,Independent / Unknown
154060,"PARK CENTER, INC",IN,HOSPITAL,independent,Independent / Unknown
154061,MEDICAL BEHAVIORAL HOSPITAL - MISHAWAKA,IN,HOSPITAL,independent,Independent / Unknown
154063,"NEUROPSYCHIATRIC HOSPITAL OF INDIANAPOLIS, LLC",IN,HOSPITAL,independent,Independent / Unknown
154064,ASSURANCE HEALTH PSYCHIATRIC HOSPITAL,IN,HOSPITAL,independent,Independent / Unknown
154065,NEURO BEHAVIORAL HOSPITAL,IN,HOSPITAL,independent,Independent / Unknown
154066,BRIGHTWELL BEHAVIORAL HEALTH,IN,HOSPITAL,independent,Independent / Unknown
154067,HENDRICKS BEHAVIORAL HOSPITAL,IN,HOSPITAL,independent,Independent / Unknown
154068,MEDICAL BEHAVIORAL HOSPITAL OF INDIANAPOLIS,IN,HOSPITAL,independent,Independent / Unknown
154070,MAPLE HEIGHTS BEHAVIORAL HEALTH,IN,HOSPITAL,independent,Independent / Unknown
154071,ETHAN CROSSING ADDICTION CAMPUS OF INDIANAPOLIS,IN,HOSPITAL,independent,Independent / Unknown
154072,MISSION BEHAVIORAL HEALTH HOSPITAL,IN,HOSPITAL,independent,Independent / Unknown
160001,UNITYPOINT HEALTH - MARSHALLTOWN,IA,HOSPITAL,unitypoint_health,UnityPoint Health
160013,TRINITY MUSCATINE,IA,HOSPITAL,unitypoint_health,UnityPoint Health
160016,TRINITY REGIONAL MEDICAL CENTER,IA,HOSPITAL,unitypoint_health,UnityPoint Health
160028,CHI HEALTH MERCY COUNCIL BLUFFS,IA,HOSPITAL,commonspirit,CommonSpirit Health
160029,UNIVERSITY OF IOWA HEALTH CARE MEDICAL CENTER DOWN,IA,HOSPITAL,trinity_health,Trinity Health
160030,MARY GREELEY MEDICAL CENTER,IA,HOSPITAL,independent,Independent / Unknown
160032,MERCYONE NEWTON MEDICAL CENTER,IA,HOSPITAL,trinity_health,Trinity Health
160033,GENESIS MEDICAL CENTER-DAVENPORT,IA,HOSPITAL,trinity_health,Trinity Health
16003F,VA CENTRAL IOWA HEALTHCARE SYSTEM,IA,HOSPITAL,independent,Independent / Unknown
160040,"SARTORI MEMORIAL HOSPITAL, INC",IA,HOSPITAL,trinity_health,Trinity Health
160045,ST LUKES HOSPITAL,IA,HOSPITAL,unitypoint_health,UnityPoint Health
160047,METHODIST JENNIE EDMUNDSON,IA,HOSPITAL,methodist_health_system_ne,Methodist Health System NE
16004F,IOWA CITY VA MEDICAL CENTER,IA,HOSPITAL,va,VA
160057,SOUTHEAST IOWA REGIONAL MEDICAL CENTER,IA,HOSPITAL,great_river_health_systems,Great River Health Systems
160058,UNIVERSITY OF IOWA HOSPITAL & CLINICS,IA,HOSPITAL,university_of_iowa_hospitals_and_clinics,University of Iowa Hospitals and Clinics
160064,MERCYONE NORTH IOWA MEDICAL CENTER,IA,HOSPITAL,trinity_health,Trinity Health
160067,MERCYONE WATERLOO MEDICAL CENTER,IA,HOSPITAL,trinity_health,Trinity Health
160069,MERCYONE DUBUQUE MEDICAL CENTER,IA,HOSPITAL,trinity_health,Trinity Health
160079,MERCY MEDICAL CENTER - CEDAR RAPIDS,IA,HOSPITAL,mercy_medical_center_ia,Mercy Medical Center IA
160080,MERCYONE CLINTON MEDICAL CENTER,IA,HOSPITAL,trinity_health,Trinity Health
160082,UNITYPOINT HEALTH - DES MOINES IOWA METHODIST MEDI,IA,HOSPITAL,unitypoint_health,UnityPoint Health
160083,MERCYONE DES MOINES MEDICAL CENTER,IA,HOSPITAL,trinity_health,Trinity Health
160089,OTTUMWA REGIONAL HEALTH CENTER,IA,HOSPITAL,lifepoint_health,Lifepoint Health
160101,BROADLAWNS MEDICAL CENTER,IA,HOSPITAL,broadlawns_medical_center,Broadlawns Medical Center
160104,TRINITY - BETTENDORF,IA,HOSPITAL,unitypoint_health,UnityPoint Health
160110,ALLEN HOSPITAL,IA,HOSPITAL,unitypoint_health,UnityPoint Health
160112,SPENCER MUNICIPAL HOSPITAL,IA,HOSPITAL,independent,Independent / Unknown
160117,FINLEY HOSPITAL,IA,HOSPITAL,unitypoint_health,UnityPoint Health
160124,LAKES REGIONAL HEALTHCARE,IA,HOSPITAL,avera_health,Avera Health
160146,ST LUKES REGIONAL MEDICAL CENTER,IA,HOSPITAL,unitypoint_health,UnityPoint Health
160147,GRINNELL REGIONAL MEDICAL CENTER,IA,HOSPITAL,unitypoint_health,UnityPoint Health
160153,MERCYONE SIOUXLAND MEDICAL CENTER,IA,HOSPITAL,trinity_health,Trinity Health
161301,IOWA SPECIALTY HOSPITAL - BELMOND,IA,HOSPITAL,independent,Independent / Unknown
161302,IOWA SPECIALTY HOSPITAL - CLARION,IA,HOSPITAL,independent,Independent / Unknown
161303,GRUNDY COUNTY MEMORIAL HOSPITAL,IA,HOSPITAL,unitypoint_health,UnityPoint Health
161304,CHI HEALTH - MERCY CORNING,IA,HOSPITAL,commonspirit,CommonSpirit Health
161305,POCAHONTAS COMMUNITY HOSPITAL,IA,HOSPITAL,unitypoint_health,UnityPoint Health
161306,JONES REGIONAL MEDICAL CENTER,IA,HOSPITAL,unitypoint_health,UnityPoint Health
161307,HANCOCK COUNTY HEALTH SYSTEM,IA,HOSPITAL,trinity_health,Trinity Health
161308,FRANKLIN GENERAL HOSPITAL,IA,HOSPITAL,trinity_health,Trinity Health
161309,CHI HEALTH MISSOURI VALLEY,IA,HOSPITAL,commonspirit,CommonSpirit Health
161310,ADAIR COUNTY MEMORIAL HOSPITAL,IA,HOSPITAL,trinity_health,Trinity Health
161311,HAWARDEN REGIONAL HEALTHCARE,IA,HOSPITAL,trinity_health,Trinity Health
161312,GUTTENBERG MUNICIPAL HOSPITAL,IA,HOSPITAL,trinity_health,Trinity Health
161313,GENESIS MEDICAL CENTER-DEWITT,IA,HOSPITAL,trinity_health,Trinity Health
161314,GUTHRIE COUNTY HOSPITAL,IA,HOSPITAL,unitypoint_health,UnityPoint Health
161315,KEOKUK COUNTY HEALTH CENTER,IA,HOSPITAL,university_of_iowa_hospitals_and_clinics,University of Iowa Hospitals and Clinics
161316,GUNDERSEN PALMER LUTHERAN HOSPITAL AND CLINICS,IA,HOSPITAL,gundersen_health_system,Gundersen Health System
161317,COMPASS MEMORIAL HEALTHCARE,IA,HOSPITAL,independent,Independent / Unknown
161318,VETERANS MEMORIAL HOSPITAL,IA,HOSPITAL,independent,Independent / Unknown
161319,MERCYONE ELKADER MEDICAL CENTER,IA,HOSPITAL,trinity_health,Trinity Health
161320,COMMUNITY MEMORIAL HOSPITAL MEDICAL CENTER,IA,HOSPITAL,unitypoint_health,UnityPoint Health
161321,AVERA MERRILL PIONEER HOSPITAL,IA,HOSPITAL,avera_health,Avera Health
161322,DALLAS COUNTY HOSPITAL,IA,HOSPITAL,trinity_health,Trinity Health
161323,MITCHELL COUNTY REGIONAL HEALTH,IA,HOSPITAL,trinity_health,Trinity Health
161324,GEORGE C GRAPE COMMUNITY HOSPITAL,IA,HOSPITAL,independent,Independent / Unknown
161325,GREENE COUNTY MEDICAL CENTER,IA,HOSPITAL,unitypoint_health,UnityPoint Health
161326,MADISON COUNTY HEALTH CARE SYSTEM,IA,HOSPITAL,trinity_health,Trinity Health
161327,DAVIS COUNTY HOSPITAL,IA,HOSPITAL,trinity_health,Trinity Health
161328,REGIONAL HEALTH SERVICES OF HOWARD COUNTY,IA,HOSPITAL,avera_health,Avera Health
161329,JACKSON COUNTY REGIONAL HEALTH CENTER,IA,HOSPITAL,trinity_health,Trinity Health
161330,AUDUBON COUNTY MEMORIAL HOSPITAL,IA,HOSPITAL,independent,Independent / Unknown
161331,MERCY MEDICAL CENTER-NEW HAMPTON,IA,HOSPITAL,trinity_health,Trinity Health
161332,MANNING REGIONAL HEALTHCARE CENTER,IA,HOSPITAL,trinity_health,Trinity Health
161333,STORY COUNTY HOSPITAL,IA,HOSPITAL,unitypoint_health,UnityPoint Health
161334,HUMBOLDT COUNTY MEMORIAL HOSPITAL,IA,HOSPITAL,unitypoint_health,UnityPoint Health
161335,BUCHANAN COUNTY HEALTH CENTER,IA,HOSPITAL,unitypoint_health,UnityPoint Health
161336,HEGG MEMORIAL HEALTH CENTER,IA,HOSPITAL,avera_health,Avera Health
161337,VAN BUREN COUNTY HOSPITAL,IA,HOSPITAL,trinity_health,Trinity Health
161338,MERCYONE OELWEIN MEDICAL CENTER,IA,HOSPITAL,trinity_health,Trinity Health
161339,WAVERLY HEALTH CENTER,IA,HOSPITAL,independent,Independent / Unknown
161340,DECATUR COUNTY HOSPITAL,IA,HOSPITAL,trinity_health,Trinity Health
161341,LUCAS COUNTY HEALTH CENTER,IA,HOSPITAL,unitypoint_health,UnityPoint Health
161342,MONROE COUNTY HOSPITAL,IA,HOSPITAL,trinity_health,Trinity Health
161343,REGIONAL MEDICAL CENTER,IA,HOSPITAL,independent,Independent / Unknown
161344,WASHINGTON COUNTY HOSPITAL AND CLINICS,IA,HOSPITAL,quorum_health,Quorum Health
161345,OSCEOLA COMMUNITY HOSPITAL,IA,HOSPITAL,avera_health,Avera Health
161346,SIOUX CENTER HEALTH,IA,HOSPITAL,avera_health,Avera Health
161347,FLOYD COUNTY MEDICAL CENTER,IA,HOSPITAL,independent,Independent / Unknown
161348,CLARKE COUNTY HOSPITAL,IA,HOSPITAL,unitypoint_health,UnityPoint Health
161349,VIRGINIA GAY HOSPITAL,IA,HOSPITAL,independent,Independent / Unknown
161350,STEWART MEMORIAL COMMUNITY HOSPITAL,IA,HOSPITAL,unitypoint_health,UnityPoint Health
161351,AVERA HOLY FAMILY HOSPITAL,IA,HOSPITAL,avera_health,Avera Health
161352,CLARINDA REGIONAL HEALTH CENTER,IA,HOSPITAL,independent,Independent / Unknown
161353,KOSSUTH REGIONAL HEALTH CENTER,IA,HOSPITAL,trinity_health,Trinity Health
161354,HORN MEMORIAL HOSPITAL,IA,HOSPITAL,independent,Independent / Unknown
161355,KNOXVILLE HOSPITAL & CLINICS,IA,HOSPITAL,trinity_health,Trinity Health
161356,HENRY COUNTY HEALTH CENTER,IA,HOSPITAL,independent,Independent / Unknown
161357,PALO ALTO COUNTY HOSPITAL,IA,HOSPITAL,trinity_health,Trinity Health
161358,WAYNE COUNTY HOSPITAL,IA,HOSPITAL,trinity_health,Trinity Health
161359,BURGESS HEALTH CENTER,IA,HOSPITAL,independent,Independent / Unknown
161360,ORANGE CITY AREA HEALTH SYSTEM,IA,HOSPITAL,sanford_health,Sanford Health
161361,VAN DIEST MEDICAL CENTER,IA,HOSPITAL,trinity_health,Trinity Health
161362,CHEROKEE REGIONAL MEDICAL CENTER,IA,HOSPITAL,independent,Independent / Unknown
161363,MONTGOMERY COUNTY MEMORIAL HOSPITAL,IA,HOSPITAL,independent,Independent / Unknown
161364,JEFFERSON COUNTY HEALTH CENTER,IA,HOSPITAL,independent,Independent / Unknown
161365,GREATER REGIONAL MEDICAL CENTER,IA,HOSPITAL,unitypoint_health,UnityPoint Health
161366,SHENANDOAH MEDICAL CENTER,IA,HOSPITAL,the_nebraska_medical_center,The Nebraska Medical Center
161367,PELLA REGIONAL HEALTH CENTER,IA,HOSPITAL,pella_regional_health_center,Pella Regional Health Center
161368,FLOYD VALLEY HEALTHCARE,IA,HOSPITAL,avera_health,Avera Health
161369,CRAWFORD COUNTY MEMORIAL HOSPITAL,IA,HOSPITAL,independent,Independent / Unknown
161370,LORING HOSPITAL,IA,HOSPITAL,unitypoint_health,UnityPoint Health
161371,WINNMED,IA,HOSPITAL,mayo_clinic,Mayo Clinic
161372,BOONE COUNTY HOSPITAL,IA,HOSPITAL,independent,Independent / Unknown
161373,RINGGOLD COUNTY HOSPITAL,IA,HOSPITAL,trinity_health,Trinity Health
161374,MYRTUE MEDICAL CENTER,IA,HOSPITAL,independent,Independent / Unknown
161375,BUENA VISTA REGIONAL MEDICAL CENTER,IA,HOSPITAL,unitypoint_health,UnityPoint Health
161376,CASS COUNTY MEMORIAL HOSPITAL,IA,HOSPITAL,independent,Independent / Unknown
161377,MERCYONE CENTERVILLE MEDICAL CENTER,IA,HOSPITAL,trinity_health,Trinity Health
161378,MERCYONE DYERSVILLE MEDICAL CENTER,IA,HOSPITAL,trinity_health,Trinity Health
161379,MAHASKA  HEALTH PARTNERSHIP,IA,HOSPITAL,independent,Independent / Unknown
161380,HANSEN FAMILY HOSPITAL,IA,HOSPITAL,trinity_health,Trinity Health
161381,SANFORD SHELDON MEDICAL CENTER,IA,HOSPITAL,sanford_health,Sanford Health
161382,ST ANTHONY REGIONAL HOSPITAL & NURSING HOME,IA,HOSPITAL,independent,Independent / Unknown
164002,MENTAL HEALTH INSTITUTE,IA,HOSPITAL,independent,Independent / Unknown
164003,MENTAL HEALTH INSTITUTE,IA,HOSPITAL,independent,Independent / Unknown
164006,EAGLE VIEW BEHAVIORAL HEALTH,IA,HOSPITAL,independent,Independent / Unknown
164007,CLIVE BEHAVIORAL HEALTH,IA,HOSPITAL,independent,Independent / Unknown
170006,"MERCY HOSPITAL PITTSBURG, INC",KS,HOSPITAL,ascension,Ascension
170009,SAINT JOHN HOSPITAL,KS,HOSPITAL,prime_healthcare,Prime Healthcare
170012,SALINA REGIONAL HEALTH CENTER,KS,HOSPITAL,salina_regional_health_center,Salina Regional Health Center
170013,HAYS MEDICAL CENTER,KS,HOSPITAL,hays_medical_center,Hays Medical Center
170014,ADVENTHEALTH OTTAWA,KS,HOSPITAL,adventhealth,AdventHealth
170016,UNIVERSITY OF KANSAS HEALTH SYSTEM - ST FRANCIS CAMPUS,KS,HOSPITAL,the_university_of_kansas_health_system,The University of Kansas Health System
170017,SUSAN B ALLEN MEMORIAL HOSPITAL,KS,HOSPITAL,independent,Independent / Unknown
170020,HUTCHINSON REGIONAL MEDICAL CENTER INC,KS,HOSPITAL,independent,Independent / Unknown
170023,ST. CATHERINE HOSPITAL - GARDEN CITY,KS,HOSPITAL,commonspirit,CommonSpirit Health
170027,PRATT REGIONAL MEDICAL CENTER,KS,HOSPITAL,independent,Independent / Unknown
17002F,IRWIN ACH (FT RILEY),KS,HOSPITAL,independent,Independent / Unknown
170040,UNIVERSITY OF KANSAS HOSPITAL,KS,HOSPITAL,the_university_of_kansas_health_system,The University of Kansas Health System
170049,UNIVERSITY OF KANSAS HEALTH SYSTEM OLATHE HOSPITAL,KS,HOSPITAL,the_university_of_kansas_health_system,The University of Kansas Health System
17005F,VA EASTERN KANSAS HEALTHCARE SYSTEM,KS,HOSPITAL,independent,Independent / Unknown
170068,SOUTHWEST MEDICAL CENTER,KS,HOSPITAL,independent,Independent / Unknown
170074,"STORMONT VAIL HEALTH FLINT HILLS, LLC",KS,HOSPITAL,stormont_vail_health,Stormont Vail Health
170086,STORMONT VAIL HOSPITAL,KS,HOSPITAL,stormont_vail_health,Stormont Vail Health
17008F,WICHITA VA MEDICAL CENTER,KS,HOSPITAL,va,VA
170103,NMC HEALTH,KS,HOSPITAL,independent,Independent / Unknown
170104,ADVENTHEALTH SHAWNEE MISSION,KS,HOSPITAL,adventhealth,AdventHealth
170105,MCPHERSON HOSPITAL,KS,HOSPITAL,independent,Independent / Unknown
170109,MIAMI COUNTY MEDICAL CENTER,KS,HOSPITAL,the_university_of_kansas_health_system,The University of Kansas Health System
170120,LABETTE HEALTH,KS,HOSPITAL,independent,Independent / Unknown
170122,"ASCENSION VIA CHRISTI HOSPITALS WICHITA, INC.",KS,HOSPITAL,ascension,Ascension
170123,WESLEY MEDICAL CENTER,KS,HOSPITAL,hca,HCA
170137,LMH,KS,HOSPITAL,lmh_health,LMH Health
170142,"ASCENSION VIA CHRISTI HOSPITAL MANHATTAN, INC",KS,HOSPITAL,ascension,Ascension
170146,PROVIDENCE MEDICAL CENTER,KS,HOSPITAL,prime_healthcare,Prime Healthcare
170175,CENTURA ST. CATHERINE-DODGE CITY,KS,HOSPITAL,commonspirit,CommonSpirit Health
170176,OVERLAND PARK REG MED CTR,KS,HOSPITAL,hca,HCA
170182,MENORAH MEDICAL CENTER,KS,HOSPITAL,hca,HCA
170183,KANSAS SURGERY & RECOVERY CENTER,KS,HOSPITAL,ascension,Ascension
170185,SAINT LUKE'S SOUTH HOSPITAL,KS,HOSPITAL,saint_lukes_health_system_mo,Saint Lukes Health System MO
170186,KANSAS HEART HOSPITAL,KS,HOSPITAL,independent,Independent / Unknown
170187,SALINA SURGICAL HOSPITAL,KS,HOSPITAL,salina_regional_health_center,Salina Regional Health Center
170188,KANSAS CITY ORTHOPAEDIC INSTITUTE,KS,HOSPITAL,independent,Independent / Unknown
170190,MANHATTAN SURGICAL HOSPITAL LLC,KS,HOSPITAL,independent,Independent / Unknown
170191,UNIVERSITY  OF KS HLTH SYSTEM GREAT BEND CAMPUS,KS,HOSPITAL,the_university_of_kansas_health_system,The University of Kansas Health System
170194,ASCENTIST HOSPITAL LLC,KS,HOSPITAL,independent,Independent / Unknown
170196,"KANSAS SPINE & SPECIALTY HOSPITAL, LLC",KS,HOSPITAL,independent,Independent / Unknown
170197,KANSAS MEDICAL CENTER LLC,KS,HOSPITAL,independent,Independent / Unknown
170198,"SUMMIT SURGICAL, LLC",KS,HOSPITAL,independent,Independent / Unknown
170199,MINIMALLY INVASIVE SURGERY HOSPITAL,KS,HOSPITAL,independent,Independent / Unknown
170200,"VIA CHRISTI HOSPITAL WICHITA ST TERESA, INC",KS,HOSPITAL,ascension,Ascension
170203,MERCY SPECIALTY HOSPITAL SOUTHEAST KANSAS,KS,HOSPITAL,mercy_health,Mercy
170204,"ROCK REGIONAL HOSPITAL, LLC",KS,HOSPITAL,independent,Independent / Unknown
170208,"ADVENTHEALTH SOUTH OVERLAND PARK, INC",KS,HOSPITAL,adventhealth,AdventHealth
170779,SCK HEALTH,KS,HOSPITAL,independent,Independent / Unknown
170780,"MERCY HOSPITAL, INC",KS,HOSPITAL,independent,Independent / Unknown
170781,RUSH COUNTY MEMORIAL HOSPITAL,KS,HOSPITAL,independent,Independent / Unknown
171300,GRISELL MEMORIAL HOSPITAL,KS,HOSPITAL,independent,Independent / Unknown
171301,ELLINWOOD DISTRICT HOSPITAL,KS,HOSPITAL,independent,Independent / Unknown
171303,LANE COUNTY HOSPITAL,KS,HOSPITAL,independent,Independent / Unknown
171304,ASHLAND HEALTH CENTER,KS,HOSPITAL,independent,Independent / Unknown
171306,WICHITA COUNTY HEALTH CENTER,KS,HOSPITAL,independent,Independent / Unknown
171307,RAWLINS COUNTY HEALTH CENTER,KS,HOSPITAL,commonspirit,CommonSpirit Health
171308,MERCY HOSPITAL COLUMBUS,KS,HOSPITAL,mercy_health,Mercy
171309,JEWELL COUNTY HOSPITAL,KS,HOSPITAL,independent,Independent / Unknown
171310,CHEYENNE COUNTY HOSPITAL,KS,HOSPITAL,independent,Independent / Unknown
171311,ROOKS COUNTY HEALTH CENTER,KS,HOSPITAL,independent,Independent / Unknown
171312,COMANCHE COUNTY HOSPITAL,KS,HOSPITAL,independent,Independent / Unknown
171313,KEARNY COUNTY HOSPITAL,KS,HOSPITAL,independent,Independent / Unknown
171314,F W HUSTON MEDICAL CENTER,KS,HOSPITAL,independent,Independent / Unknown
171315,NEMAHA VALLEY COMMUNITY HOSPITAL,KS,HOSPITAL,independent,Independent / Unknown
171316,ANDERSON COUNTY HOSPITAL,KS,HOSPITAL,saint_lukes_health_system_mo,Saint Lukes Health System MO
171317,EDWARDS COUNTY MEDICAL CENTER,KS,HOSPITAL,independent,Independent / Unknown
171318,SEDAN CITY HOSPITAL,KS,HOSPITAL,independent,Independent / Unknown
171319,HOLTON COMMUNITY HOSPITAL,KS,HOSPITAL,independent,Independent / Unknown
171321,MEADE DISTRICT HOSPITAL,KS,HOSPITAL,independent,Independent / Unknown
171322,HAMILTON COUNTY HOSPITAL,KS,HOSPITAL,independent,Independent / Unknown
171323,STAFFORD COUNTY HOSPITAL,KS,HOSPITAL,independent,Independent / Unknown
171324,"SATANTA DISTRICT HOSPITAL, CLINICS, & LTCU",KS,HOSPITAL,independent,Independent / Unknown
171325,GRAHAM COUNTY HOSPITAL,KS,HOSPITAL,independent,Independent / Unknown
171326,LOGAN COUNTY HOSPITAL,KS,HOSPITAL,independent,Independent / Unknown
171327,ELLSWORTH COUNTY MEDICAL CENTER,KS,HOSPITAL,independent,Independent / Unknown
171328,OTTAWA COUNTY HEALTH CENTER,KS,HOSPITAL,independent,Independent / Unknown
171329,CALDWELL REGIONAL MEDICAL CENTER,KS,HOSPITAL,independent,Independent / Unknown
171330,HOSPITAL DISTRICT #1 OF RICE COUNTY,KS,HOSPITAL,independent,Independent / Unknown
171331,KIOWA DISTRICT HOSPITAL,KS,HOSPITAL,independent,Independent / Unknown
171332,KIOWA COUNTY MEMORIAL HOSPITAL,KS,HOSPITAL,independent,Independent / Unknown
171333,CLARA BARTON HOSPITAL,KS,HOSPITAL,independent,Independent / Unknown
171334,MEDICINE LODGE MEMORIAL HOSPITAL,KS,HOSPITAL,independent,Independent / Unknown
171335,STEVENS COUNTY HOSPITAL,KS,HOSPITAL,commonspirit,CommonSpirit Health
171336,NESS COUNTY HOSPITAL DISTRICT #2,KS,HOSPITAL,independent,Independent / Unknown
171337,WAMEGO HEALTH CENTER,KS,HOSPITAL,ascension,Ascension
171338,GREAT PLAINS OF SABETHA,KS,HOSPITAL,independent,Independent / Unknown
171339,GREENWOOD COUNTY HOSPITAL,KS,HOSPITAL,independent,Independent / Unknown
171341,HIAWATHA COMMUNITY HOSPITAL,KS,HOSPITAL,independent,Independent / Unknown
171343,STANTON COUNTY HOSPITAL,KS,HOSPITAL,independent,Independent / Unknown
171344,WILSON MEDICAL CENTER,KS,HOSPITAL,independent,Independent / Unknown
171345,PAWNEE VALLEY COMMUNITY HOSPITAL,KS,HOSPITAL,hays_medical_center,Hays Medical Center
171346,HOSPITAL DISTRICT #6 PATTERSON HEALTH CENTER,KS,HOSPITAL,independent,Independent / Unknown
171347,SHERIDAN COUNTY HOSPITAL,KS,HOSPITAL,independent,Independent / Unknown
171348,NORTON COUNTY HOSPITAL,KS,HOSPITAL,independent,Independent / Unknown
171349,CLOUD COUNTY HEALTH CENTER,KS,HOSPITAL,salina_regional_health_center,Salina Regional Health Center
171350,RUSSELL REGIONAL HOSPITAL,KS,HOSPITAL,independent,Independent / Unknown
171351,WASHINGTON COUNTY HOSPITAL,KS,HOSPITAL,independent,Independent / Unknown
171352,DECATUR HEALTH,KS,HOSPITAL,independent,Independent / Unknown
171353,PHILLIPS COUNTY HOSPITAL,KS,HOSPITAL,independent,Independent / Unknown
171354,"COMMUNITY HOSPITAL, ONAGA AND ST MARYS CAMPUS",KS,HOSPITAL,independent,Independent / Unknown
171355,TREGO COUNTY LEMKE MEMORIAL HOSPITAL,KS,HOSPITAL,independent,Independent / Unknown
171356,ST LUKE HOSPITAL & LIVING CENTER,KS,HOSPITAL,quorum_health,Quorum Health
171357,HILLSBORO COMMUNITY HOSPITAL,KS,HOSPITAL,independent,Independent / Unknown
171358,LINDSBORG COMMUNITY HOSPITAL,KS,HOSPITAL,salina_regional_health_center,Salina Regional Health Center
171359,GREELEY COUNTY HEALTH SERVICES,KS,HOSPITAL,independent,Independent / Unknown
171360,LINCOLN COUNTY HOSPITAL,KS,HOSPITAL,independent,Independent / Unknown
171361,REPUBLIC COUNTY HOSPITAL,KS,HOSPITAL,independent,Independent / Unknown
171362,CITIZENS MEDICAL CENTER,KS,HOSPITAL,independent,Independent / Unknown
171363,"COMMUNITY MEMORIAL HEALTHCARE, INC.",KS,HOSPITAL,independent,Independent / Unknown
171364,OSBORNE COUNTY MEMORIAL HOSPITAL,KS,HOSPITAL,independent,Independent / Unknown
171365,HANOVER HOSPITAL,KS,HOSPITAL,independent,Independent / Unknown
171367,GOVE COUNTY MEDICAL CENTER,KS,HOSPITAL,independent,Independent / Unknown
171368,MINNEOLA DISTRICT HOSPITAL,KS,HOSPITAL,independent,Independent / Unknown
171369,HODGEMAN COUNTY HEALTH CENTER,KS,HOSPITAL,independent,Independent / Unknown
171370,GOODLAND REGIONAL MEDICAL CENTER,KS,HOSPITAL,commonspirit,CommonSpirit Health
171371,CLAY COUNTY MEDICAL CENTER,KS,HOSPITAL,independent,Independent / Unknown
171372,SCOTT COUNTY HOSPITAL,KS,HOSPITAL,independent,Independent / Unknown
171373,ALLEN COUNTY REGIONAL HOSPITAL,KS,HOSPITAL,saint_lukes_health_system_mo,Saint Lukes Health System MO
171374,FREDONIA REGIONAL HOSPITAL,KS,HOSPITAL,independent,Independent / Unknown
171375,MITCHELL COUNTY HOSPITAL HEALTH SYSTEMS,KS,HOSPITAL,independent,Independent / Unknown
171376,GIRARD MEDICAL CENTER,KS,HOSPITAL,independent,Independent / Unknown
171377,SMITH COUNTY MEMORIAL HOSPITAL,KS,HOSPITAL,independent,Independent / Unknown
171378,KINGMAN HEALTHCARE CENTER,KS,HOSPITAL,independent,Independent / Unknown
171379,MORRIS COUNTY HOSPITAL,KS,HOSPITAL,independent,Independent / Unknown
171380,NEOSHO MEMORIAL REGIONAL MEDICAL CENTER,KS,HOSPITAL,independent,Independent / Unknown
171381,MEMORIAL HOSPITAL,KS,HOSPITAL,independent,Independent / Unknown
171382,AMBERWELL ATCHISON ASSOCIATION,KS,HOSPITAL,independent,Independent / Unknown
171383,WILLIAM NEWTON HOSPITAL,KS,HOSPITAL,independent,Independent / Unknown
171384,NEWMAN REGIONAL HEALTH,KS,HOSPITAL,independent,Independent / Unknown
171385,COFFEY COUNTY HOSPITAL,KS,HOSPITAL,independent,Independent / Unknown
171386,MORTON COUNTY HOSPITAL,KS,HOSPITAL,independent,Independent / Unknown
171388,BOB WILSON MEMORIAL HOSPITAL,KS,HOSPITAL,independent,Independent / Unknown
173300,CHILDREN'S MERCY SOUTH,KS,HOSPITAL,independent,Independent / Unknown
174006,LARNED STATE HOSPITAL,KS,HOSPITAL,independent,Independent / Unknown
174020,COTTONWOOD SPRINGS LLC,KS,HOSPITAL,independent,Independent / Unknown
174022,ADAIR ACUTE CARE AT OSAWATOMIE STATE HOSPITAL,KS,HOSPITAL,independent,Independent / Unknown
174026,CORTERRA OF WICHITA LLC,KS,HOSPITAL,independent,Independent / Unknown
174027,ST VERONICA,KS,HOSPITAL,independent,Independent / Unknown
180001,ST ELIZABETH FT THOMAS,KY,HOSPITAL,saint_elizabeth_healthcare,Saint Elizabeth Healthcare
180002,WHITESBURG ARH HOSPITAL,KY,HOSPITAL,appalachian_regional_healthcare,Appalachian Regional Healthcare
180004,OWENSBORO HEALTH MUHLENBERG COMMUNITY HOSPITAL,KY,HOSPITAL,owensboro_health,Owensboro Health
180005,HIGHLANDS ARH REGIONAL MEDICAL CENTER,KY,HOSPITAL,appalachian_regional_healthcare,Appalachian Regional Healthcare
180009,KING'S DAUGHTERS' MEDICAL CENTER,KY,HOSPITAL,university_of_kentucky_healthcare,University of Kentucky Healthcare
180010,SAINT JOSEPH HOSPITAL,KY,HOSPITAL,commonspirit,CommonSpirit Health
180011,SAINT JOSEPH LONDON,KY,HOSPITAL,commonspirit,CommonSpirit Health
180012,BAPTIST HEALTH HARDIN,KY,HOSPITAL,baptist_healthcare_system,Baptist Healthcare System
180013,THE MEDICAL CENTER (BOWLING GREEN),KY,HOSPITAL,commonwealth_health_corporation,Commonwealth Health Corporation
180016,UOFL HEALTH - SHELBYVILLE HOSPITAL,KY,HOSPITAL,uofl_health,UofL Health
180017,T J SAMSON COMMUNITY HOSPITAL,KY,HOSPITAL,t_j_regional_health,T J Regional Health
180018,ST CLAIRE REGIONAL MEDICAL CENTER,KY,HOSPITAL,saint_claire_regional_medical_center,Saint Claire Regional Medical Center
180019,MEADOWVIEW REGIONAL MEDICAL CENTER,KY,HOSPITAL,lifepoint_health,Lifepoint Health
180020,MIDDLESBORO ARH HOSPITAL,KY,HOSPITAL,appalachian_regional_healthcare,Appalachian Regional Healthcare
180024,SPRING VIEW HOSPITAL,KY,HOSPITAL,lifepoint_health,Lifepoint Health
180025,CHI SAINT JOSEPH FLAGET MEMORIAL HOSPITAL,KY,HOSPITAL,commonspirit,CommonSpirit Health
180027,MURRAY-CALLOWAY COUNTY HOSPITAL,KY,HOSPITAL,independent,Independent / Unknown
180029,HAZARD ARH REGIONAL MEDICAL CENTER,KY,HOSPITAL,appalachian_regional_healthcare,Appalachian Regional Healthcare
180035,ST ELIZABETH EDGEWOOD,KY,HOSPITAL,saint_elizabeth_healthcare,Saint Elizabeth Healthcare
180038,OWENSBORO HEALTH REGIONAL HOSPITAL,KY,HOSPITAL,owensboro_health,Owensboro Health
18003F,BLANCHFIELD ACH (FT CAMPBELL),KY,HOSPITAL,independent,Independent / Unknown
180040,UOFL HEALTH - JEWISH HOSPITAL AND MARY & ELIZABETH HOSPITAL,KY,HOSPITAL,uofl_health,UofL Health
180043,ADVENTHEALTHMANCHESTER,KY,HOSPITAL,adventhealth,AdventHealth
180044,PIKEVILLE MEDICAL CENTER,KY,HOSPITAL,pikeville_medical_center,Pikeville Medical Center
180045,ST ELIZABETH FLORENCE,KY,HOSPITAL,saint_elizabeth_healthcare,Saint Elizabeth Healthcare
180046,BOURBON COMMUNITY HOSPITAL,KY,HOSPITAL,lifepoint_health,Lifepoint Health
180048,EPHRAIM MCDOWELL REGIONAL MEDICAL CENTER,KY,HOSPITAL,ephraim_mcdowell_health,Ephraim Mcdowell Health
180049,BAPTIST HEALTH RICHMOND,KY,HOSPITAL,baptist_healthcare_system,Baptist Healthcare System
180050,HARLAN ARH HOSPITAL,KY,HOSPITAL,appalachian_regional_healthcare,Appalachian Regional Healthcare
180051,JENNIE STUART MEDICAL CENTER,KY,HOSPITAL,quorum_health,Quorum Health
180056,DEACONESS HENDERSON HOSPITAL,KY,HOSPITAL,deaconess_health_system,Deaconess Health System
180064,SAINT JOSEPH MOUNT STERLING,KY,HOSPITAL,commonspirit,CommonSpirit Health
180066,THE MEDICAL CENTER AT RUSSELLVILLE,KY,HOSPITAL,scionhealth,ScionHealth
180067,UNIVERSITY OF KENTUCKY HOSPITAL,KY,HOSPITAL,university_of_kentucky_healthcare,University of Kentucky Healthcare
180069,TUG VALLEY ARH REGIONAL MEDICAL CENTER,KY,HOSPITAL,appalachian_regional_healthcare,Appalachian Regional Healthcare
18006F,LOUISVILLE VA MEDICAL CENTER,KY,HOSPITAL,va,VA
180070,OWENSBORO HEALTH TWIN LAKES MEDICAL CENTER,KY,HOSPITAL,owensboro_health,Owensboro Health
180078,PAINTSVILLE ARH HOSPITAL,KY,HOSPITAL,appalachian_regional_healthcare,Appalachian Regional Healthcare
180079,HARRISON MEMORIAL HOSPITAL,KY,HOSPITAL,independent,Independent / Unknown
18007F,LEXINGTON VA MEDICAL CENTER,KY,HOSPITAL,va,VA
180080,BAPTIST HEALTH CORBIN,KY,HOSPITAL,baptist_healthcare_system,Baptist Healthcare System
180087,TAYLOR REGIONAL HOSPITAL,KY,HOSPITAL,commonspirit,CommonSpirit Health
180088,"NORTON HOSPITALS, INC",KY,HOSPITAL,norton_healthcare,Norton Healthcare
180092,CLARK REGIONAL MEDICAL CENTER,KY,HOSPITAL,lifepoint_health,Lifepoint Health
180093,BAPTIST HEALTH DEACONESS MADISONVILLE,KY,HOSPITAL,baptist_healthcare_system,Baptist Healthcare System
180101,GEORGETOWN COMMUNITY HOSPITAL,KY,HOSPITAL,lifepoint_health,Lifepoint Health
180102,MERCY HEALTH - LOURDES HOSPITAL,KY,HOSPITAL,bon_secours_mercy_health,Bon Secours Mercy Health
180103,BAPTIST HEALTH LEXINGTON,KY,HOSPITAL,baptist_healthcare_system,Baptist Healthcare System
180104,BAPTIST HEALTH PADUCAH,KY,HOSPITAL,baptist_healthcare_system,Baptist Healthcare System
180105,MONROE COUNTY MEDICAL CENTER,KY,HOSPITAL,independent,Independent / Unknown
180115,"ROCKCASTLE COUNTY HOSPITAL, INC.",KY,HOSPITAL,independent,Independent / Unknown
180116,JACKSON PURCHASE MEDICAL CENTER,KY,HOSPITAL,lifepoint_health,Lifepoint Health
180124,TRISTAR GREENVIEW REGIONAL HOSPITAL,KY,HOSPITAL,hca,HCA
180127,FRANKFORT REGIONAL MEDICAL CENTER,KY,HOSPITAL,hca,HCA
180128,THREE RIVERS MEDICAL CENTER,KY,HOSPITAL,quorum_health,Quorum Health
180130,BAPTIST HEALTH LOUISVILLE,KY,HOSPITAL,baptist_healthcare_system,Baptist Healthcare System
180132,LAKE CUMBERLAND REGIONAL HOSPITAL,KY,HOSPITAL,lifepoint_health,Lifepoint Health
180138,BAPTIST HEALTH LAGRANGE,KY,HOSPITAL,baptist_healthcare_system,Baptist Healthcare System
180141,UNIVERSITY OF LOUISVILLE HOSPITAL,KY,HOSPITAL,uofl_health,UofL Health
180143,SAINT JOSEPH EAST,KY,HOSPITAL,commonspirit,CommonSpirit Health
180149,TJ HEALTH COLUMBIA,KY,HOSPITAL,t_j_regional_health,T J Regional Health
180154,"PINEVILLE COMMUNITY HEALTH CENTER, INC",KY,HOSPITAL,independent,Independent / Unknown
180779,CRITTENDEN COMMUNITY HOSPITAL,KY,HOSPITAL,independent,Independent / Unknown
180780,FLEMING COUNTY HOSPITAL,KY,HOSPITAL,independent,Independent / Unknown
181301,MARCUM AND WALLACE MEMORIAL HOSPITAL,KY,HOSPITAL,bon_secours_mercy_health,Bon Secours Mercy Health
181302,THE JAMES B. HAGGIN MEMORIAL HOSPITAL,KY,HOSPITAL,ephraim_mcdowell_health,Ephraim Mcdowell Health
181304,TRIGG COUNTY HOSPITAL,KY,HOSPITAL,independent,Independent / Unknown
181305,ARH OUR LADY OF THE WAY,KY,HOSPITAL,appalachian_regional_healthcare,Appalachian Regional Healthcare
181306,METHODIST HOSPITAL UNION COUNTY,KY,HOSPITAL,deaconess_health_system,Deaconess Health System
181307,MORGAN COUNTY ARH HOSPITAL,KY,HOSPITAL,appalachian_regional_healthcare,Appalachian Regional Healthcare
181308,BLUEGRASS COMMUNITY HOSPITAL,KY,HOSPITAL,lifepoint_health,Lifepoint Health
181309,CASEY COUNTY HOSPITAL,KY,HOSPITAL,independent,Independent / Unknown
181310,CARROLL COUNTY MEMORIAL HOSPITAL,KY,HOSPITAL,independent,Independent / Unknown
181311,ST ELIZABETH GRANT,KY,HOSPITAL,saint_elizabeth_healthcare,Saint Elizabeth Healthcare
181314,CAVERNA MEMORIAL HOSPITAL,KY,HOSPITAL,commonwealth_health_corporation,Commonwealth Health Corporation
181315,EPHRAIM MCDOWELL FORT LOGAN HOSPITAL,KY,HOSPITAL,ephraim_mcdowell_health,Ephraim Mcdowell Health
181316,MARY BRECKINRIDGE ARH HOSPITAL,KY,HOSPITAL,appalachian_regional_healthcare,Appalachian Regional Healthcare
181317,CUMBERLAND COUNTY HOSPITAL,KY,HOSPITAL,independent,Independent / Unknown
181318,THE MEDICAL CENTER AT FRANKLIN,KY,HOSPITAL,commonwealth_health_corporation,Commonwealth Health Corporation
181319,BRECKINRIDGE MEMORIAL HOSPITAL,KY,HOSPITAL,independent,Independent / Unknown
181320,"LIVINGSTON HOSPITAL AND HEALTHCARE SERVICES, INC",KY,HOSPITAL,independent,Independent / Unknown
181321,WAYNE COUNTY HOSPITAL,KY,HOSPITAL,independent,Independent / Unknown
181322,CALDWELL MEDICAL CENTER,KY,HOSPITAL,independent,Independent / Unknown
181323,OHIO COUNTY HOSPITAL,KY,HOSPITAL,independent,Independent / Unknown
181324,THE MEDICAL CENTER AT SCOTTSVILLE,KY,HOSPITAL,commonwealth_health_corporation,Commonwealth Health Corporation
181325,JANE TODD CRAWFORD HOSPITAL,KY,HOSPITAL,independent,Independent / Unknown
181327,MARSHALL COUNTY HOSPITAL,KY,HOSPITAL,baptist_healthcare_system,Baptist Healthcare System
181328,KNOX COUNTY HOSPITAL,KY,HOSPITAL,appalachian_regional_healthcare,Appalachian Regional Healthcare
181329,CHI SAINT JOSEPH BEREA NF,KY,HOSPITAL,commonspirit,CommonSpirit Health
181330,RUSSELL COUNTY HOSPITAL,KY,HOSPITAL,independent,Independent / Unknown
181331,MCDOWELL ARH HOSPITAL,KY,HOSPITAL,appalachian_regional_healthcare,Appalachian Regional Healthcare
181333,THE MEDICAL CENTER AT ALBANY,KY,HOSPITAL,independent,Independent / Unknown
181334,KENTUCKY RIVER MEDICAL CENTER,KY,HOSPITAL,independent,Independent / Unknown
184002,WESTERN STATE HOSPITAL,KY,HOSPITAL,independent,Independent / Unknown
184004,EASTERN STATE HOSPITAL,KY,HOSPITAL,independent,Independent / Unknown
184006,SUN BEHAVIORAL HEALTH,KY,HOSPITAL,independent,Independent / Unknown
184007,THE BROOK HOSPITAL - DUPONT,KY,HOSPITAL,independent,Independent / Unknown
184008,THE BROOK HOSPITAL - KMI,KY,HOSPITAL,independent,Independent / Unknown
184009,THE RIDGE BEHAVIORAL HEALTH SYSTEM,KY,HOSPITAL,independent,Independent / Unknown
184012,LINCOLN TRAIL BEHAVIORAL HEALTH SYSTEM,KY,HOSPITAL,independent,Independent / Unknown
184014,CUMBERLAND HALL HOSPITAL,KY,HOSPITAL,independent,Independent / Unknown
184015,CENTRAL STATE HOSPITAL,KY,HOSPITAL,independent,Independent / Unknown
184017,RIVENDELL BEHAVIORAL HEALTH SERVICES,KY,HOSPITAL,independent,Independent / Unknown
190002,OCHSNER LAFAYETTE GENERAL MEDICAL CENTER,LA,HOSPITAL,ochsner,Ochsner
190004,THIBODAUX REGIONAL MEDICAL CENTER,LA,HOSPITAL,independent,Independent / Unknown
190005,UNIVERSITY MEDICAL CENTER NEW ORLEANS,LA,HOSPITAL,lcmc_health_system,LCMC Health System
190006,OCHSNER UNIVERSITY HOSPITAL AND CLINICS,LA,HOSPITAL,ochsner,Ochsner
190007,NATCHITOCHES REGIONAL MEDICAL CENTER,LA,HOSPITAL,christus_health,CHRISTUS Health
190008,TERREBONNE GENERAL MEDICAL CENTER - PARISH,LA,HOSPITAL,independent,Independent / Unknown
190011,OCHSNER LSU HEALTH MONROE,LA,HOSPITAL,ochsner,Ochsner
190013,WEST CALCASIEU CAMERON HOSPITAL,LA,HOSPITAL,independent,Independent / Unknown
190014,OCHSNER ST MARY,LA,HOSPITAL,ochsner,Ochsner
190015,NORTH OAKS MEDICAL CENTER,LA,HOSPITAL,north_oaks_health_system,North Oaks Health System
190017,OPELOUSAS GENERAL HEALTH SYSTEM,LA,HOSPITAL,independent,Independent / Unknown
190019,CHRISTUS ST FRANCES CABRINI HOSPITAL,LA,HOSPITAL,christus_health,CHRISTUS Health
190020,LANE REGIONAL MEDICAL CENTER,LA,HOSPITAL,quorum_health,Quorum Health
190025,SAVOY MEDICAL CENTER,LA,HOSPITAL,christus_health,CHRISTUS Health
190026,RAPIDES REGIONAL MEDICAL CENTER,LA,HOSPITAL,hca,HCA
190027,CHRISTUS OCHSNER ST PATRICK HOSPITAL,LA,HOSPITAL,christus_health,CHRISTUS Health
190034,ABBEVILLE GENERAL HOSPITAL,LA,HOSPITAL,independent,Independent / Unknown
190036,OCHSNER MEDICAL CENTER ACUTE,LA,HOSPITAL,ochsner,Ochsner
190039,WEST JEFFERSON MEDICAL CENTER,LA,HOSPITAL,lcmc_health_system,LCMC Health System
190040,SLIDELL MEMORIAL HOSPITAL,LA,HOSPITAL,slidell_memorial_hospital,Slidell Memorial Hospital
190041,CHRISTUS SHREVEPORT-BOSSIER HEALTH SYSTEM,LA,HOSPITAL,christus_health,CHRISTUS Health
190044,ACADIA GENERAL HOSPITAL,LA,HOSPITAL,ochsner,Ochsner
190045,ST TAMMANY PARISH HOSPITAL,LA,HOSPITAL,saint_tammany_health_system,Saint Tammany Health System
190046,TOURO INFIRMARY,LA,HOSPITAL,lcmc_health_system,LCMC Health System
190050,BEAUREGARD MEMORIAL HOSPITAL,LA,HOSPITAL,independent,Independent / Unknown
190053,OCHSNER AMERICAN LEGION HOSPITAL,LA,HOSPITAL,ochsner,Ochsner
190054,IBERIA MEDICAL CENTER,LA,HOSPITAL,ochsner,Ochsner
190060,LAKE CHARLES MEMORIAL HOSPITAL,LA,HOSPITAL,lake_charles_memorial_health_system,Lake Charles Memorial Health System
190064,OUR LADY OF THE LAKE REGIONAL MEDICAL CENTER,LA,HOSPITAL,franciscan_missionaries_of_our_lady_health_system,Franciscan Missionaries of Our Lady Health System
190065,BATON ROUGE GENERAL MEDICAL CENTER,LA,HOSPITAL,baton_rouge_general_health_system,Baton Rouge General Health System
190079,ST CHARLES PARISH HOSPITAL,LA,HOSPITAL,ochsner,Ochsner
190086,NORTHERN LOUISIANA MEDICAL CENTER,LA,HOSPITAL,allegiance_health_management,Allegiance Health Management
190088,SPRINGHILL MEDICAL CENTER,LA,HOSPITAL,willis_knighton_health_system,Willis Knighton Health System
190090,WINN PARISH MEDICAL CENTER,LA,HOSPITAL,independent,Independent / Unknown
190098,OCHSNER LSU HEALTH SHREVEPORT,LA,HOSPITAL,ochsner,Ochsner
190099,AVOYELLES HOSPITAL,LA,HOSPITAL,independent,Independent / Unknown
190102,"OUR LADY OF LOURDES REGIONAL MEDICAL CENTER, INC",LA,HOSPITAL,franciscan_missionaries_of_our_lady_health_system,Franciscan Missionaries of Our Lady Health System
190106,OAKDALE COMMUNITY HOSPITAL,LA,HOSPITAL,allegiance_health_management,Allegiance Health Management
190111,WILLIS KNIGHTON MEDICAL CENTER,LA,HOSPITAL,willis_knighton_health_system,Willis Knighton Health System
190114,CLAIBORNE MEMORIAL MEDICAL CENTER,LA,HOSPITAL,independent,Independent / Unknown
190116,MOREHOUSE GENERAL HOSPITAL,LA,HOSPITAL,independent,Independent / Unknown
190118,DESOTO REGIONAL HEALTH SYSTEM,LA,HOSPITAL,independent,Independent / Unknown
190125,ST FRANCIS MEDICAL CENTER,LA,HOSPITAL,franciscan_missionaries_of_our_lady_health_system,Franciscan Missionaries of Our Lady Health System
190128,WOMANS HOSPITAL,LA,HOSPITAL,independent,Independent / Unknown
190133,ALLEN PARISH HOSPITAL,LA,HOSPITAL,independent,Independent / Unknown
190140,FRANKLIN MEDICAL CENTER,LA,HOSPITAL,independent,Independent / Unknown
190144,MINDEN MEDICAL CENTER,LA,HOSPITAL,allegiance_health_management,Allegiance Health Management
190145,LASALLE GENERAL HOSPITAL,LA,HOSPITAL,independent,Independent / Unknown
190151,RICHARDSON MEDICAL CENTER,LA,HOSPITAL,independent,Independent / Unknown
190160,GLENWOOD REGIONAL MEDICAL CENTER,LA,HOSPITAL,steward_health_care,Steward Health Care
190164,BYRD REGIONAL HOSPITAL,LA,HOSPITAL,allegiance_health_management,Allegiance Health Management
190167,MERCY REGIONAL MEDICAL CENTER,LA,HOSPITAL,allegiance_health_management,Allegiance Health Management
190176,EAST JEFFERSON GENERAL HOSPITAL,LA,HOSPITAL,lcmc_health_system,LCMC Health System
190183,LEONARD J CHABERT MEDICAL CENTER,LA,HOSPITAL,ochsner,Ochsner
190184,CITIZENS MEDICAL CENTER,LA,HOSPITAL,independent,Independent / Unknown
190190,"CALDWELL MEMORIAL HOSPITAL, INC",LA,HOSPITAL,independent,Independent / Unknown
190201,CHRISTUS OCHSNER LAKE AREA HOSPITAL,LA,HOSPITAL,christus_health,CHRISTUS Health
190202,OCHSNER MEDICAL CENTER - BATON ROUGE,LA,HOSPITAL,ochsner,Ochsner
190208,EAST CARROLL PARISH HOSPITAL,LA,HOSPITAL,independent,Independent / Unknown
190218,SABINE MEDICAL CENTER,LA,HOSPITAL,allegiance_health_management,Allegiance Health Management
190241,PHYSICIANS MEDICAL CENTER,LA,HOSPITAL,independent,Independent / Unknown
190245,MONROE SURGICAL HOSPITAL,LA,HOSPITAL,independent,Independent / Unknown
190251,SURGICAL SPECIALTY CENTER OF BATON ROUGE,LA,HOSPITAL,independent,Independent / Unknown
190255,PARK PLACE SURGICAL HOSPITAL,LA,HOSPITAL,franciscan_missionaries_of_our_lady_health_system,Franciscan Missionaries of Our Lady Health System
190256,STERLING SURGICAL HOSPITAL,LA,HOSPITAL,independent,Independent / Unknown
190259,LAFAYETTE SURGICAL SPECIALTY HOSPITAL,LA,HOSPITAL,independent,Independent / Unknown
190266,THE SPINE HOSPITAL OF LOUISIANA,LA,HOSPITAL,independent,Independent / Unknown
190267,AVALA,LA,HOSPITAL,lcmc_health_system,LCMC Health System
190270,OUR LADY OF THE LAKE SURGICAL HOSPITAL,LA,HOSPITAL,independent,Independent / Unknown
190274,OCHSNER MEDICAL CENTER-KENNER,LA,HOSPITAL,ochsner,Ochsner
190278,SPECIALISTS HOSPITAL SHREVEPORT,LA,HOSPITAL,independent,Independent / Unknown
190298,CHRISTUS CENTRAL LOUISIANA SURGICAL HOSPITAL,LA,HOSPITAL,christus_health,CHRISTUS Health
190300,ST CHARLES SURGICAL HOSPITAL,LA,HOSPITAL,independent,Independent / Unknown
190302,"OMEGA HOSPITAL, LLC",LA,HOSPITAL,independent,Independent / Unknown
190303,CYPRESS POINTE SURGICAL HOSPITAL,LA,HOSPITAL,independent,Independent / Unknown
190308,ST BERNARD PARISH HOSPITAL,LA,HOSPITAL,ochsner,Ochsner
190312,OUR LADY OF THE ANGELS HOSPITAL,LA,HOSPITAL,franciscan_missionaries_of_our_lady_health_system,Franciscan Missionaries of Our Lady Health System
190313,NEW ORLEANS EAST HOSPITAL,LA,HOSPITAL,lcmc_health_system,LCMC Health System
190316,THE GENERAL,LA,HOSPITAL,baton_rouge_general_health_system,Baton Rouge General Health System
190317,OCHSNER LSU HEALTH SHREVEPORT-ST MARY MEDICAL CENT,LA,HOSPITAL,ochsner,Ochsner
190318,ACADIAN MEDICAL CENTER,LA,HOSPITAL,allegiance_health_management,Allegiance Health Management
190319,ALEXANDRIA HOSPITAL,LA,HOSPITAL,independent,Independent / Unknown
19043F,ALEXANDRIA VA MEDICAL CENTER,LA,HOSPITAL,va,VA
19047F,SOUTHEAST LOUISIANA VETERANS HEALTH CARE SYSTEM,LA,HOSPITAL,independent,Independent / Unknown
19048F,OVERTON BROOKS VA MEDICAL CENTER (SHREVEPORT),LA,HOSPITAL,va,VA
19050F,BAYNE-JONES ACH (FT JOHNSON),LA,HOSPITAL,independent,Independent / Unknown
190779,ASSUMPTION COMMUNITY HOSPITAL,LA,HOSPITAL,independent,Independent / Unknown
191300,ST HELENA PARISH HOSPITAL,LA,HOSPITAL,independent,Independent / Unknown
191301,UNION GENERAL HOSPITAL,LA,HOSPITAL,independent,Independent / Unknown
191302,OCHSNER ST MARTIN HOSPITAL,LA,HOSPITAL,ochsner,Ochsner
191304,NORTH CADDO MEDICAL CENTER,LA,HOSPITAL,independent,Independent / Unknown
191305,ST JAMES PARISH HOSPITAL,LA,HOSPITAL,independent,Independent / Unknown
191306,WEST FELICIANA PARISH HOSPITAL,LA,HOSPITAL,independent,Independent / Unknown
191307,DEQUINCY MEMORIAL HOSPITAL,LA,HOSPITAL,allegiance_health_management,Allegiance Health Management
191308,PREVOST MEMORIAL HOSPITAL,LA,HOSPITAL,independent,Independent / Unknown
191309,HOOD MEMORIAL HOSPITAL,LA,HOSPITAL,independent,Independent / Unknown
191310,BAYOU BEND HEALTH SYSTEM,LA,HOSPITAL,quorum_health,Quorum Health
191311,BUNKIE GENERAL HOSPITAL,LA,HOSPITAL,independent,Independent / Unknown
191312,CHRISTUS COUSHATTA HEALTH CARE CENTER,LA,HOSPITAL,christus_health,CHRISTUS Health
191313,RIVERSIDE MEDICAL CENTER,LA,HOSPITAL,independent,Independent / Unknown
191314,MADISON PARISH HOSPITAL,LA,HOSPITAL,independent,Independent / Unknown
191315,HARDTNER MEDICAL CENTER,LA,HOSPITAL,independent,Independent / Unknown
191316,POINTE COUPEE GENERAL HOSPITAL,LA,HOSPITAL,independent,Independent / Unknown
191317,JACKSON PARISH HOSPITAL,LA,HOSPITAL,franciscan_missionaries_of_our_lady_health_system,Franciscan Missionaries of Our Lady Health System
191318,RIVERLAND MEDICAL CENTER,LA,HOSPITAL,independent,Independent / Unknown
191319,ACADIA ST LANDRY,LA,HOSPITAL,independent,Independent / Unknown
191320,BIENVILLE MEDICAL CENTER,LA,HOSPITAL,allegiance_health_management,Allegiance Health Management
191321,LALLIE KEMP MEDICAL CENTER,LA,HOSPITAL,lsu_healthcare_services_division,LSU Healthcare Services Division
191322,ABROM KAPLAN MEMORIAL HOSPITAL,LA,HOSPITAL,ochsner,Ochsner
191323,RICHLAND PARISH HOSPITAL-DELHI,LA,HOSPITAL,independent,Independent / Unknown
191324,OCHSNER ST ANNE GENERAL HOSPITAL,LA,HOSPITAL,ochsner,Ochsner
191325,LADY OF THE SEA GENERAL HOSPITAL,LA,HOSPITAL,independent,Independent / Unknown
191326,REEVES MEMORIAL MEDICAL CENTER,LA,HOSPITAL,independent,Independent / Unknown
191327,WEST CARROLL MEMORIAL HOSPITAL,LA,HOSPITAL,independent,Independent / Unknown
192008,SAGE SPECIALTY HOSPITAL,LA,HOSPITAL,independent,Independent / Unknown
192010,INTENSIVE SPECIALTY HOSPITAL,LA,HOSPITAL,independent,Independent / Unknown
193300,CHILDRENS HOSPITAL,LA,HOSPITAL,independent,Independent / Unknown
194007,NORTHLAKE BEHAVIORAL HEALTH SYSTEM,LA,HOSPITAL,independent,Independent / Unknown
194008,EASTERN LA MENTAL HEALTH SYSTEM,LA,HOSPITAL,independent,Independent / Unknown
194020,BRENTWOOD HOSPITAL,LA,HOSPITAL,independent,Independent / Unknown
194022,LONGLEAF HOSPITAL,LA,HOSPITAL,independent,Independent / Unknown
194025,CENTRAL LOUISIANA STATE HOSPITAL,LA,HOSPITAL,independent,Independent / Unknown
194031,RIVER OAKS HOSPITAL,LA,HOSPITAL,independent,Independent / Unknown
194044,VERMILION BEHAVIORAL HEALTH SYSTEMS,LA,HOSPITAL,independent,Independent / Unknown
194056,COMMUNITY CARE HOSPITAL,LA,HOSPITAL,independent,Independent / Unknown
194069,GREENBRIER BEHAVIORAL HEALTH,LA,HOSPITAL,independent,Independent / Unknown
194073,OCEANS HOSPITAL OF BROUSSARD,LA,HOSPITAL,independent,Independent / Unknown
194074,SERENITY SPRINGS SPECIALTY HOSPITAL,LA,HOSPITAL,independent,Independent / Unknown
194079,"RED RIVER BEHAVIORAL CENTER, LLC",LA,HOSPITAL,independent,Independent / Unknown
194080,"BEACON BEHAVIORAL HOSPITAL - NORTHSHORE, LLC",LA,HOSPITAL,independent,Independent / Unknown
194081,OCEANS BEHAVIORAL HOSPITAL OF DERIDDER,LA,HOSPITAL,independent,Independent / Unknown
194082,COMPASS SENIOR CARE HOSPITAL,LA,HOSPITAL,independent,Independent / Unknown
194083,FREEDOM BEHAVIORAL HOSPITAL OF BASTROP,LA,HOSPITAL,independent,Independent / Unknown
194084,"BEACON BEHAVIORAL HOSPITAL- NEW ORLEANS, LLC",LA,HOSPITAL,independent,Independent / Unknown
194085,COMPASS BEHAVIORAL CENTER OF LAFAYETTE,LA,HOSPITAL,independent,Independent / Unknown
194086,OCEANS BEHAVIORAL HOSPITAL OF BATON ROUGE,LA,HOSPITAL,independent,Independent / Unknown
194087,FREEDOM BEHAVIORAL HOSPITAL OF MONROE,LA,HOSPITAL,independent,Independent / Unknown
194088,"ST JAMES BEHAVIORAL HEALTH HOSPITAL, INC",LA,HOSPITAL,independent,Independent / Unknown
194089,GENESIS BEHAVIORAL HOSPITAL,LA,HOSPITAL,independent,Independent / Unknown
194090,OCEANS BEHAVIORAL HOSPITAL OF LAKE CHARLES,LA,HOSPITAL,independent,Independent / Unknown
194091,OCEANS BEHAVIORAL HOSPITAL OF KENTWOOD,LA,HOSPITAL,independent,Independent / Unknown
194094,PHYSICIANS BEHAVIORAL HOSPITAL,LA,HOSPITAL,independent,Independent / Unknown
194095,OCEANS BEHAVIORAL HOSPITAL OF OPELOUSAS,LA,HOSPITAL,independent,Independent / Unknown
194096,OCEANS BEHAVIORAL HOSPITAL OF ALEXANDRIA,LA,HOSPITAL,independent,Independent / Unknown
194098,OCEANS BEHAVIORAL HOSPITAL OF GREATER NEW ORLEANS,LA,HOSPITAL,independent,Independent / Unknown
194102,BEACON BEHAVIORAL HOSPITAL - LUTCHER,LA,HOSPITAL,independent,Independent / Unknown
194103,SEASIDE HEALTH SYSTEM,LA,HOSPITAL,independent,Independent / Unknown
194105,"APOLLO BEHAVIORAL HEALTH HOSPITAL, L L C",LA,HOSPITAL,independent,Independent / Unknown
194106,"COMPASS BEHAVIORAL CENTER OF ALEXANDRIA, INC",LA,HOSPITAL,independent,Independent / Unknown
194107,BATON ROUGE BEHAVIORAL HOSPITAL,LA,HOSPITAL,independent,Independent / Unknown
194109,"COMPASS BEHAVIORAL CENTER OF HOUMA, LLC",LA,HOSPITAL,independent,Independent / Unknown
194112,BEACON BEHAVIORAL HOSPITAL - CENTRAL,LA,HOSPITAL,independent,Independent / Unknown
194113,PERIMETER BEHAVIORAL HOSPITAL OF NEW ORLEANS,LA,HOSPITAL,independent,Independent / Unknown
194114,RIVER PLACE BEHAVIORAL HEALTH,LA,HOSPITAL,independent,Independent / Unknown
194115,REGIONS BEHAVIORAL HOSPITAL,LA,HOSPITAL,independent,Independent / Unknown
194116,LOUISIANA BEHAVIORAL HEALTH,LA,HOSPITAL,independent,Independent / Unknown
194117,UNIVERSAL BEHAVIORAL HEALTH HOSPITAL,LA,HOSPITAL,independent,Independent / Unknown
194118,MERCY BEHAVIORAL HOSPITAL,LA,HOSPITAL,independent,Independent / Unknown
194119,FREEDOM BEHAVIORAL HOSPITAL OF FERRIDAY,LA,HOSPITAL,independent,Independent / Unknown
194120,STONEBRIDGE BEHAVIORAL HOSPITAL,LA,HOSPITAL,independent,Independent / Unknown
194121,FREEDOM BEHAVIORAL HOSPITAL OF LEESVILLE,LA,HOSPITAL,independent,Independent / Unknown
200001,ST JOSEPH HOSPITAL,ME,HOSPITAL,covenant_health_systems,Covenant Health Systems
200008,NORTHERN LIGHT MERCY HOSPITAL,ME,HOSPITAL,northern_light_health,Northern Light Health
200009,MAINEHEALTH MAINE MEDICAL CENTER,ME,HOSPITAL,mainehealth,MaineHealth
200018,NORTHERN LIGHT  A R GOULD HOSPITAL,ME,HOSPITAL,northern_light_health,Northern Light Health
200020,YORK HOSPITAL,ME,HOSPITAL,york_hospital,York Hospital
200021,MAINEHEALTH MID COAST HOSPITAL,ME,HOSPITAL,mainehealth,MaineHealth
200024,CENTRAL MAINE MEDICAL CENTER,ME,HOSPITAL,central_maine_healthcare_corporation,Central Maine Healthcare Corporation
200031,CARY MEDICAL CENTER,ME,HOSPITAL,independent,Independent / Unknown
200033,NORTHERN LIGHT EASTERN MAINE MEDICAL CENTER,ME,HOSPITAL,northern_light_health,Northern Light Health
200034,ST MARY'S REGIONAL MEDICAL CENTER,ME,HOSPITAL,covenant_health_systems,Covenant Health Systems
200039,MAINE GENERAL MEDICAL CENTER,ME,HOSPITAL,mainegeneral_health,MaineGeneral Health
20003F,TOGUS VA MEDICAL CENTER,ME,HOSPITAL,va,VA
200050,NORTHERN LIGHT MAINE COAST HOSPITAL,ME,HOSPITAL,northern_light_health,Northern Light Health
200063,MAINEHEALTH PEN BAY HOSPITAL,ME,HOSPITAL,mainehealth,MaineHealth
201300,NORTHERN LIGHT BLUE HILL MEMORIAL HOSPITAL,ME,HOSPITAL,northern_light_health,Northern Light Health
201301,NORTHERN LIGHT C A DEAN HOSPITAL,ME,HOSPITAL,northern_light_health,Northern Light Health
201302,LINCOLNHEALTH,ME,HOSPITAL,mainehealth,MaineHealth
201303,PENOBSCOT VALLEY HOSPITAL,ME,HOSPITAL,quorum_health,Quorum Health
201304,MOUNT DESERT ISLAND HOSPITAL,ME,HOSPITAL,independent,Independent / Unknown
201305,CALAIS COMMUNITY HOSPITAL,ME,HOSPITAL,independent,Independent / Unknown
201306,RUMFORD  HOSPITAL,ME,HOSPITAL,central_maine_healthcare_corporation,Central Maine Healthcare Corporation
201307,MILLINOCKET REGIONAL HOSPITAL,ME,HOSPITAL,independent,Independent / Unknown
201308,HOULTON REGIONAL HOSPITAL,ME,HOSPITAL,northern_light_health,Northern Light Health
201309,NORTHERN LIGHT MAYO HOSPITAL,ME,HOSPITAL,northern_light_health,Northern Light Health
201310,BRIDGTON HOSPITAL,ME,HOSPITAL,central_maine_healthcare_corporation,Central Maine Healthcare Corporation
201311,DOWN EAST COMMUNITY HOSPITAL,ME,HOSPITAL,independent,Independent / Unknown
201312,MAINEHEALTH WALDO HOSPITAL,ME,HOSPITAL,mainehealth,MaineHealth
201313,NORTHERN LIGHT SEBASTICOOK VALLEY HOSPITAL,ME,HOSPITAL,northern_light_health,Northern Light Health
201314,REDINGTON FAIRVIEW GENERAL HOSPITAL,ME,HOSPITAL,redington_fairview_general_hospital,Redington Fairview General Hospital
201315,MAINEHEALTH STEPHENS HOSPITAL,ME,HOSPITAL,mainehealth,MaineHealth
201316,MAINEHEALTH FRANKLIN HOSPITAL,ME,HOSPITAL,independent,Independent / Unknown
201317,NORTHERN MAINE MEDICAL CENTER,ME,HOSPITAL,mainehealth,MaineHealth
204004,DOROTHEA DIX PSYCHIATRIC CENTER,ME,HOSPITAL,independent,Independent / Unknown
204005,MAINEHEALTH BEHAVIORAL HEALTH AT SPRING HARBOR,ME,HOSPITAL,independent,Independent / Unknown
204006,NORTHERN LIGHT ACADIA HOSPITAL,ME,HOSPITAL,independent,Independent / Unknown
204008,RIVERVIEW PSYCHIATRIC CENTER,ME,HOSPITAL,independent,Independent / Unknown
210001,MERITUS MEDICAL CENTER,MD,HOSPITAL,meritus_health,Meritus Health
210002,UNIVERSITY OF MARYLAND MEDICAL CENTER,MD,HOSPITAL,university_of_maryland_medical_system,University of Maryland Medical System
210003,UNIVERSITY OF MD CAPITAL REGION MEDICAL CENTER,MD,HOSPITAL,university_of_maryland_medical_system,University of Maryland Medical System
210004,HOLY CROSS HOSPITAL,MD,HOSPITAL,trinity_health,Trinity Health
210005,FREDERICK HEALTH HOSPITAL,MD,HOSPITAL,frederick_regional_health_system,Frederick Regional Health System
210008,MERCY MEDICAL CENTER INC,MD,HOSPITAL,mercy_medical_center_md,Mercy Medical Center MD
210009,"JOHNS HOPKINS HOSPITAL, THE",MD,HOSPITAL,johns_hopkins_health_system,Johns Hopkins Health System
210011,SAINT AGNES HOSPITAL,MD,HOSPITAL,ascension,Ascension
210012,SINAI HOSPITAL OF BALTIMORE,MD,HOSPITAL,lifebridge_health,LifeBridge Health
210015,MEDSTAR FRANKLIN SQUARE MEDICAL CENTER,MD,HOSPITAL,medstar_health,MedStar Health
210016,ADVENTIST HEALTHCARE WHITE OAK MEDICAL CENTER,MD,HOSPITAL,adventist_healthcare,Adventist Healthcare
210017,GARRETT REGIONAL MEDICAL CENTER,MD,HOSPITAL,west_virginia_university_health_system,West Virginia University Health System
210018,MEDSTAR MONTGOMERY MEDICAL CENTER,MD,HOSPITAL,medstar_health,MedStar Health
210019,"TIDALHEALTH PENINSULA REGIONAL, INC",MD,HOSPITAL,tidalhealth_peninsula_regional,TidalHealth Peninsula Regional
210022,SUBURBAN HOSPITAL,MD,HOSPITAL,johns_hopkins_health_system,Johns Hopkins Health System
210023,"LUMINIS HEALTH ANNE ARUNDEL MEDICAL CENTER, INC",MD,HOSPITAL,luminis_health,Luminis Health
210024,MEDSTAR UNION MEMORIAL HOSPITAL,MD,HOSPITAL,medstar_health,MedStar Health
210027,WESTERN MARYLAND REGIONAL MEDICAL CENTER,MD,HOSPITAL,upmc,UPMC
210028,MEDSTAR SAINT MARY'S HOSPITAL,MD,HOSPITAL,medstar_health,MedStar Health
210029,JOHNS HOPKINS BAYVIEW MEDICAL CENTER,MD,HOSPITAL,johns_hopkins_health_system,Johns Hopkins Health System
210030,UNIVERSITY OF MD SHORE MEDICAL CTR AT CHESTERTOWN,MD,HOSPITAL,university_of_maryland_medical_system,University of Maryland Medical System
210032,UNION HOSPITAL OF CECIL COUNTY,MD,HOSPITAL,christianacare,ChristianaCare
210033,CARROLL HOSPITAL CENTER,MD,HOSPITAL,lifebridge_health,LifeBridge Health
210034,MEDSTAR HARBOR HOSPITAL,MD,HOSPITAL,medstar_health,MedStar Health
210035,UNIVERSITY OF MD CHARLES REGIONAL  MEDICAL CENTER,MD,HOSPITAL,university_of_maryland_medical_system,University of Maryland Medical System
210037,UNIVERSITY OF MD SHORE MEDICAL CENTER AT EASTON,MD,HOSPITAL,university_of_maryland_medical_system,University of Maryland Medical System
210038,UNIVERSITY OF MD MEDICAL CENTER MIDTOWN CAMPUS,MD,HOSPITAL,university_of_maryland_medical_system,University of Maryland Medical System
210039,CALVERTHEALTH MEDICAL CENTER,MD,HOSPITAL,calverthealth,CalvertHealth
210040,NORTHWEST HOSPITAL CENTER,MD,HOSPITAL,lifebridge_health,LifeBridge Health
210043,UNIVERSITY OF MD BALTIMORE WASHINGTON MEDICAL CENTER,MD,HOSPITAL,university_of_maryland_medical_system,University of Maryland Medical System
210044,GREATER BALTIMORE MEDICAL CENTER,MD,HOSPITAL,gbmc_healthcare,GBMC Healthcare
210048,JOHNS HOPKINS HOWARD COUNTY MEDICAL CENTER,MD,HOSPITAL,johns_hopkins_health_system,Johns Hopkins Health System
210049,UMD UPPER CHESAPEAKE MEDICAL CENTER,MD,HOSPITAL,university_of_maryland_medical_system,University of Maryland Medical System
210051,"LUMINIS HEALTH DOCTORS COMMUNITY MEDICAL CTR, INC",MD,HOSPITAL,luminis_health,Luminis Health
210056,MEDSTAR GOOD SAMARITAN HOSPITAL,MD,HOSPITAL,medstar_health,MedStar Health
210057,ADVENTIST HEALTHCARE SHADY GROVE MEDICAL CENTER,MD,HOSPITAL,adventist_healthcare,Adventist Healthcare
210058,UMD REHABILITATION &  ORTHOPAEDIC INSTITUTE,MD,HOSPITAL,university_of_maryland_medical_system,University of Maryland Medical System
210060,ADVENTIST HEALTHCARE FORT WASHINGTON MEDICAL CTR,MD,HOSPITAL,adventist_healthcare,Adventist Healthcare
210061,ATLANTIC GENERAL HOSPITAL,MD,HOSPITAL,atlantic_general_health_system,Atlantic General Health System
210062,MEDSTAR SOUTHERN MARYLAND HOSPITAL CENTER,MD,HOSPITAL,medstar_health,MedStar Health
210063,UNIVERSITY OF MD ST JOSEPH MEDICAL CENTER,MD,HOSPITAL,university_of_maryland_medical_system,University of Maryland Medical System
210064,LEVINDALE HEBREW GERIATRIC CENTER AND HOSPITAL,MD,HOSPITAL,lifebridge_health,LifeBridge Health
210065,HOLY CROSS GERMANTOWN HOSPITAL,MD,HOSPITAL,trinity_health,Trinity Health
21007F,WALTER REED NATIONAL MILITARY MED CEN,MD,HOSPITAL,independent,Independent / Unknown
21010F,VA MARYLAND HEALTHCARE SYSTEM - PERRY POINT,MD,HOSPITAL,independent,Independent / Unknown
21020F,VA MARYLAND HEALTHCARE SYSTEM - BALTIMORE,MD,HOSPITAL,independent,Independent / Unknown
213300,MOUNT WASHINGTON PEDIATRIC HOSPITAL,MD,HOSPITAL,independent,Independent / Unknown
213301,KENNEDY KRIEGER INSTITUTE,MD,HOSPITAL,independent,Independent / Unknown
214000,"SHEPPARD AND ENOCH PRATT HOSPITAL, THE",MD,HOSPITAL,independent,Independent / Unknown
214002,EASTERN SHORE HOSPITAL CENTER,MD,HOSPITAL,independent,Independent / Unknown
214003,BROOK LANE HEALTH SERVICES,MD,HOSPITAL,independent,Independent / Unknown
214004,SPRINGFIELD HOSPITAL CENTER,MD,HOSPITAL,independent,Independent / Unknown
214012,THOMAS B FINAN CENTER,MD,HOSPITAL,independent,Independent / Unknown
214018,SPRING GROVE HOSPITAL CENTER,MD,HOSPITAL,independent,Independent / Unknown
214020,LUMINIS HEALTH J KENT MCNEW FAMILY MEDICAL CENTER,MD,HOSPITAL,independent,Independent / Unknown
214022,UM UPPER CHESAPEAKE BEHAVIORAL HEALTH PAVILION AT,MD,HOSPITAL,independent,Independent / Unknown
220001,UMASS MEMORIAL HEALTHALLIANCE HOSPITALS,MA,HOSPITAL,umass_memorial_health_care,UMass Memorial Health Care
220002,MOUNT AUBURN HOSPITAL,MA,HOSPITAL,beth_israel_lahey_health,Beth Israel Lahey Health
220008,STURDY MEMORIAL HOSPITAL,MA,HOSPITAL,sturdy_memorial_hospital,Sturdy Memorial Hospital
220010,MERRIMACK HEALTH LAWRENCE HOSPITAL,MA,HOSPITAL,lawrence_general_hospital,Lawrence General Hospital
220011,CAMBRIDGE HEALTH ALLIANCE,MA,HOSPITAL,cambridge_health_alliance,Cambridge Health Alliance
220012,CAPE COD HOSPITAL,MA,HOSPITAL,cape_cod_healthcare,Cape Cod Healthcare
220015,"COOLEY DICKINSON HOSPITAL INC,THE",MA,HOSPITAL,mass_general_brigham,Mass General Brigham
220016,BAYSTATE FRANKLIN MEDICAL CENTER,MA,HOSPITAL,baystate_health,Baystate Health
220017,CARNEY HOSPITAL,MA,HOSPITAL,steward_health_care,Steward Health Care
220019,UMASS MEMORIAL HEALTH - HARRINGTON HOSPITAL,MA,HOSPITAL,umass_memorial_health_care,UMass Memorial Health Care
22001F,BEDFORD VA MEDICAL CENTER,MA,HOSPITAL,va,VA
220020,SAINT ANNE'S HOSPITAL,MA,HOSPITAL,steward_health_care,Steward Health Care
220024,HOLYOKE MEDICAL CENTER,MA,HOSPITAL,valley_health_systems,Valley Health Systems
220029,ANNA JAQUES HOSPITAL,MA,HOSPITAL,beth_israel_lahey_health,Beth Israel Lahey Health
220030,BAYSTATE WING HOSPITAL,MA,HOSPITAL,baystate_health,Baystate Health
220031,BOSTON MEDICAL CENTER,MA,HOSPITAL,boston_medical_center,Boston Medical Center
220033,NORTHEAST HOSPITAL CORPORATION,MA,HOSPITAL,beth_israel_lahey_health,Beth Israel Lahey Health
220035,NORTH SHORE MEDICAL CENTER -,MA,HOSPITAL,mass_general_brigham,Mass General Brigham
220036,BOSTON MEDICAL CENTER-BRIGHTON,MA,HOSPITAL,steward_health_care,Steward Health Care
220046,BERKSHIRE MEDICAL CENTER,MA,HOSPITAL,berkshire_health_systems,Berkshire Health Systems
220049,UMASS MEMORIAL HEALTHCARE-MARLBOROUGH HOSPITAL,MA,HOSPITAL,umass_memorial_health_care,UMass Memorial Health Care
220052,SIGNATURE HEALTHCARE BROCKTON HOSPITAL,MA,HOSPITAL,signature_healthcare,Signature Healthcare
220060,BETH ISRAEL DEACONESS HOSPITAL PLYMOUTH,MA,HOSPITAL,beth_israel_lahey_health,Beth Israel Lahey Health
220062,ADCARE HOSPITAL OF WORCESTER INC,MA,HOSPITAL,independent,Independent / Unknown
220063,LOWELL GENERAL HOSPITAL,MA,HOSPITAL,wellforce,Wellforce
220065,BAYSTATE NOBLE HOSPITAL,MA,HOSPITAL,baystate_health,Baystate Health
220066,MERCY MEDICAL CTR,MA,HOSPITAL,trinity_health,Trinity Health
220070,MELROSEWAKEFIELD HEALTHCARE,MA,HOSPITAL,wellforce,Wellforce
220071,MASSACHUSETTS GENERAL HOSPITAL,MA,HOSPITAL,mass_general_brigham,Mass General Brigham
220073,BROWN UNIVERSITY HEALTH MORTON HOSPITAL,MA,HOSPITAL,steward_health_care,Steward Health Care
220074,SOUTHCOAST HOSPITALS GROUP,MA,HOSPITAL,southcoast_health_system,Southcoast Health System
220075,MASSACHUSETTS EYE AND EAR INFIRMARY -,MA,HOSPITAL,mass_general_brigham,Mass General Brigham
220077,BAYSTATE MEDICAL CENTER,MA,HOSPITAL,baystate_health,Baystate Health
220080,HOLY FAMILY HOSPITAL,MA,HOSPITAL,steward_health_care,Steward Health Care
220083,BETH ISRAEL DEACONESS HOSPITAL - NEEDHAM,MA,HOSPITAL,beth_israel_lahey_health,Beth Israel Lahey Health
220084,EMERSON HOSPITAL -,MA,HOSPITAL,emerson_hospital_health_system,Emerson Hospital Health System
220086,BETH ISRAEL DEACONESS MEDICAL CENTER,MA,HOSPITAL,beth_israel_lahey_health,Beth Israel Lahey Health
220088,NEW ENGLAND BAPTIST HOSPITAL,MA,HOSPITAL,beth_israel_lahey_health,Beth Israel Lahey Health
220090,MILFORD REGIONAL MEDICAL CENTER,MA,HOSPITAL,independent,Independent / Unknown
220095,HEYWOOD HOSPITAL -,MA,HOSPITAL,heywood_healthcare,Heywood Healthcare
220098,NASHOBA VALLEY MEDICAL CENTER,MA,HOSPITAL,steward_health_care,Steward Health Care
22009F,NORTHAMPTON VA MEDICAL CENTER,MA,HOSPITAL,va,VA
220100,SOUTH SHORE HOSPITAL,MA,HOSPITAL,south_shore_health_system,South Shore Health System
220101,NEWTON-WELLESLEY HOSPITAL,MA,HOSPITAL,mass_general_brigham,Mass General Brigham
220105,WINCHESTER HOSPITAL,MA,HOSPITAL,beth_israel_lahey_health,Beth Israel Lahey Health
220108,BETH ISRAEL DEACONESS HOSPITAL - MILTON,MA,HOSPITAL,beth_israel_lahey_health,Beth Israel Lahey Health
22010F,VA BOSTON HEALTHCARE SYSTEM - JAMAICA PLAIN,MA,HOSPITAL,independent,Independent / Unknown
220110,BRIGHAM AND WOMEN'S HOSPITAL,MA,HOSPITAL,mass_general_brigham,Mass General Brigham
220111,GOOD SAMARITAN MEDICAL CENTER,MA,HOSPITAL,steward_health_care,Steward Health Care
220116,TUFTS MEDICAL CENTER,MA,HOSPITAL,wellforce,Wellforce
220119,BRIGHAM AND WOMEN FAULKNER HOSPITAL,MA,HOSPITAL,mass_general_brigham,Mass General Brigham
220126,NORWOOD HOSPITAL,MA,HOSPITAL,steward_health_care,Steward Health Care
220135,FALMOUTH HOSPITAL,MA,HOSPITAL,cape_cod_healthcare,Cape Cod Healthcare
220163,UMASS MEMORIAL MEDICAL CENTER/UNIVERSITY CAMPUS,MA,HOSPITAL,umass_memorial_health_care,UMass Memorial Health Care
220171,"LAHEY HOSPITAL & MEDICAL CENTER, BURLINGTON",MA,HOSPITAL,beth_israel_lahey_health,Beth Israel Lahey Health
220175,METROWEST MEDICAL CENTER,MA,HOSPITAL,tenet_healthcare,Tenet Healthcare
220176,ST VINCENT HOSPITAL,MA,HOSPITAL,tenet_healthcare,Tenet Healthcare
220177,NANTUCKET COTTAGE HOSPITAL,MA,HOSPITAL,mass_general_brigham,Mass General Brigham
221300,MARTHA'S VINEYARD HOSPITAL INC,MA,HOSPITAL,mass_general_brigham,Mass General Brigham
221302,FAIRVIEW HOSPITAL,MA,HOSPITAL,berkshire_health_systems,Berkshire Health Systems
221303,ATHOL MEMORIAL HOSPITAL,MA,HOSPITAL,heywood_healthcare,Heywood Healthcare
221304,NORTH ADAMS REGIONAL HOSPITAL CORPORATION,MA,HOSPITAL,independent,Independent / Unknown
223300,FRANCISCAN CHILDREN'S HOSPITAL & REHAB CENTER,MA,HOSPITAL,independent,Independent / Unknown
223302,BOSTON CHILDREN'S HOSPITAL,MA,HOSPITAL,independent,Independent / Unknown
223304,THE SHRINERS' HOSPITAL FOR CHILDREN - BOSTON,MA,HOSPITAL,independent,Independent / Unknown
224001,TAUNTON STATE HOSPITAL,MA,HOSPITAL,independent,Independent / Unknown
224007,MCLEAN HOSPITAL CORPORATION,MA,HOSPITAL,independent,Independent / Unknown
224013,ARBOUR HOSPITAL,MA,HOSPITAL,independent,Independent / Unknown
224018,ARBOUR HUMAN RESOURCE INSTITUTE,MA,HOSPITAL,independent,Independent / Unknown
224021,ARBOUR-FULLER HOSPITAL,MA,HOSPITAL,independent,Independent / Unknown
224022,BOURNEWOOD HOSPITAL,MA,HOSPITAL,independent,Independent / Unknown
224023,WESTWOOD PEMBROKE HEALTH SYSTEMS,MA,HOSPITAL,independent,Independent / Unknown
224028,DR JOHN C CORRIGAN MENTAL HEALTH CENTER,MA,HOSPITAL,independent,Independent / Unknown
224031,CAPE COD & ISLANDS COMMUNITY MENTAL HEALTH CENTER,MA,HOSPITAL,independent,Independent / Unknown
224032,WORCESTER RECOVERY CENTER AND HOSPITAL,MA,HOSPITAL,independent,Independent / Unknown
224038,"WALDEN BEHAVIORAL CARE, LLC",MA,HOSPITAL,independent,Independent / Unknown
224039,WHITTIER PAVILION,MA,HOSPITAL,independent,Independent / Unknown
224040,DR SOLOMON CARTER FULLER MENTAL HEALTH CENTER,MA,HOSPITAL,independent,Independent / Unknown
224041,SOUTHCOAST BEHAVIORAL HEALTH,MA,HOSPITAL,independent,Independent / Unknown
224043,TARAVISTA BEHAVIORAL HEALTH CENTER,MA,HOSPITAL,independent,Independent / Unknown
224044,WESTBOROUGH BEHAVIORAL HEALTHCARE HOSPITAL LLC,MA,HOSPITAL,independent,Independent / Unknown
224045,HOSPITAL FOR BEHAVIORAL MEDICINE,MA,HOSPITAL,independent,Independent / Unknown
224046,MIRAVISTA BEHAVIORAL HEALTH CENTER,MA,HOSPITAL,independent,Independent / Unknown
224047,VALLEY SPRINGS BEHAVIORAL HEALTH HOSPITAL,MA,HOSPITAL,independent,Independent / Unknown
230002,ST JOE MERCY HOSPITAL SYSTEM LIVONIA,MI,HOSPITAL,trinity_health,Trinity Health
230003,COREWELL HEALTH ZEELAND HOSPITAL,MI,HOSPITAL,corewell_health,Corewell Health
230005,PROMEDICA CHARLES AND VIRGINIA HICKMAN HOSPITAL,MI,HOSPITAL,promedica,ProMedica
230015,THREE RIVERS HEALTH,MI,HOSPITAL,beacon_health_system,Beacon Health System
230017,BRONSON METHODIST HOSPITAL,MI,HOSPITAL,bronson_healthcare_group,Bronson Healthcare Group
230019,"ASCENSION PROVIDENCE HOSPITAL, SOUTHFIELD AND NOVI",MI,HOSPITAL,ascension,Ascension
230020,BEAUMONT HOSPITAL - DEARBORN,MI,HOSPITAL,corewell_health,Corewell Health
230021,"LAKELAND HOSPITAL, ST JOSEPH",MI,HOSPITAL,corewell_health,Corewell Health
230022,INSIGHT HOSPITAL AND MEDICAL CENTER COLDWATER,MI,HOSPITAL,promedica,ProMedica
230024,SINAI-GRACE HOSPITAL,MI,HOSPITAL,tenet_healthcare,Tenet Healthcare
230029,TRINITY HEALTH OAKLAND HOSPITAL,MI,HOSPITAL,trinity_health,Trinity Health
230030,MYMICHIGAN MEDICAL CENTER ALMA,MI,HOSPITAL,independent,Independent / Unknown
230031,LAKE HURON MEDICAL CENTER,MI,HOSPITAL,prime_healthcare,Prime Healthcare
230035,SPECTRUM HEALTH UNITED HOSPITAL,MI,HOSPITAL,corewell_health,Corewell Health
230036,MYMICHIGAN MEDICAL CENTER ALPENA,MI,HOSPITAL,independent,Independent / Unknown
230037,HILLSDALE HOSPITAL,MI,HOSPITAL,independent,Independent / Unknown
230038,SPECTRUM HEALTH,MI,HOSPITAL,corewell_health,Corewell Health
230041,MCLAREN BAY REGION,MI,HOSPITAL,mclaren_health_care_corporation,McLaren Health Care Corporation
230046,UNIVERSITY OF MICHIGAN HEALTH SYSTEM,MI,HOSPITAL,university_of_michigan_health_system,University of Michigan Health System
230047,HENRY FORD MACOMB HOSPITAL,MI,HOSPITAL,henry_ford_health,Henry Ford Health
230053,HENRY FORD HEALTH HOSPITAL,MI,HOSPITAL,henry_ford_health,Henry Ford Health
230054,UPHS MARQUETTE DLP HOSPITAL,MI,HOSPITAL,lifepoint_health,Lifepoint Health
230055,DICKINSON COUNTY MEMORIAL HOSPITAL,MI,HOSPITAL,marshfield_clinic_health_system,Marshfield Clinic Health System
230058,MUNSON HEALTHCARE GRAYLING HOSPITAL,MI,HOSPITAL,munson_healthcare,Munson Healthcare
230059,MERCY HEALTH SAINT MARY'S,MI,HOSPITAL,trinity_health,Trinity Health
23005F,IRON MOUNTAIN MI VA MEDICAL CENTER,MI,HOSPITAL,va,VA
230066,TRINITY HEALTH MUSKEGON HOSPITAL,MI,HOSPITAL,trinity_health,Trinity Health
230069,TRINITY HEALTH LIVINGSTON HOSPITAL,MI,HOSPITAL,trinity_health,Trinity Health
230070,COVENANT MEDICAL CENTER,MI,HOSPITAL,covenant_medical_center,Covenant Medical Center
230071,STRAITH HOSPITAL FOR SPECIAL SURGERY,MI,HOSPITAL,independent,Independent / Unknown
230072,HOLLAND COMMUNITY HOSPITAL,MI,HOSPITAL,holland_hospital,Holland Hospital
230075,BRONSON BATTLE CREEK HOSPITAL,MI,HOSPITAL,bronson_healthcare_group,Bronson Healthcare Group
230077,MYMICHIGAN MEDICAL CENTER SAGINAW,MI,HOSPITAL,ascension,Ascension
230078,COREWELL HEALTH WATERVLIET HOSPITAL,MI,HOSPITAL,corewell_health,Corewell Health
230080,MCLAREN CENTRAL MICHIGAN,MI,HOSPITAL,mclaren_health_care_corporation,McLaren Health Care Corporation
230081,MUNSON HEALTHCARE CADILLAC HOSPITAL,MI,HOSPITAL,munson_healthcare,Munson Healthcare
230085,BRONSON SOUTH HAVEN HOSPITAL,MI,HOSPITAL,bronson_healthcare_group,Bronson Healthcare Group
230089,BEAUMONT HOSPITAL - GROSSE POINTE,MI,HOSPITAL,corewell_health,Corewell Health
230092,HENRY FORD ALLEGIANCE HEALTH,MI,HOSPITAL,henry_ford_health,Henry Ford Health
230093,COREWELL HEALTH BIG RAPIDS HOSPITAL,MI,HOSPITAL,corewell_health,Corewell Health
230095,MYMICHIGAN MEDICAL CENTER WEST BRANCH,MI,HOSPITAL,independent,Independent / Unknown
230097,MUNSON MEDICAL CENTER,MI,HOSPITAL,munson_healthcare,Munson Healthcare
230099,PROMEDICA MONROE REGIONAL HOSPITAL,MI,HOSPITAL,promedica,ProMedica
230100,TAWAS ST JOSEPH HOSPITAL,MI,HOSPITAL,ascension,Ascension
230104,HARPER UNIVERSITY HOSPITAL,MI,HOSPITAL,tenet_healthcare,Tenet Healthcare
230105,MCLAREN NORTHERN MICHIGAN,MI,HOSPITAL,mclaren_health_care_corporation,McLaren Health Care Corporation
230108,UP HEALTH SYSTEM PORTAGE,MI,HOSPITAL,lifepoint_health,Lifepoint Health
230110,COREWELL HEALTH LUDINGTON HOSPITAL,MI,HOSPITAL,corewell_health,Corewell Health
230117,BORGESS MEDICAL CENTER,MI,HOSPITAL,ascension,Ascension
23011F,VA ANN ARBOR HEALTHCARE SYSTEM,MI,HOSPITAL,independent,Independent / Unknown
230121,MEMORIAL HEALTHCARE,MI,HOSPITAL,memorial_healthcare,Memorial Healthcare
23012F,BATTLE CREEK VA MEDICAL CENTER,MI,HOSPITAL,va,VA
230130,BEAUMONT HOSPITAL ROYAL OAK,MI,HOSPITAL,corewell_health,Corewell Health
230132,HURLEY MEDICAL CENTER,MI,HOSPITAL,hurley_medical_center,Hurley Medical Center
230133,MUNSON HEALTHCARE OTSEGO MEMORIAL HOSPITAL,MI,HOSPITAL,munson_healthcare,Munson Healthcare
230141,MCLAREN FLINT,MI,HOSPITAL,mclaren_health_care_corporation,McLaren Health Care Corporation
230142,COREWELL HEALTH WAYNE HOSPITAL,MI,HOSPITAL,corewell_health,Corewell Health
230144,FOREST HEALTH MEDICAL CENTER,MI,HOSPITAL,independent,Independent / Unknown
230146,WYANDOTTE HOSPITAL AND MEDICAL CENTER,MI,HOSPITAL,henry_ford_health,Henry Ford Health
230151,BEAUMONT HOSPITAL - FARMINGTON HILLS,MI,HOSPITAL,corewell_health,Corewell Health
230156,TRINITY HEALTH ANN ARBOR HOSPITAL,MI,HOSPITAL,trinity_health,Trinity Health
230165,HENRY FORD HEALTH ST JOHN HOSPITAL,MI,HOSPITAL,ascension,Ascension
230167,MCLAREN GREATER LANSING,MI,HOSPITAL,mclaren_health_care_corporation,McLaren Health Care Corporation
230174,TRINITY HEALTH GRAND HAVEN HOSPITAL,MI,HOSPITAL,trinity_health,Trinity Health
230176,COREWELL HEALTH TRENTON HOSPITAL,MI,HOSPITAL,corewell_health,Corewell Health
230180,MYMICHIGAN MEDICAL CENTER CLARE,MI,HOSPITAL,independent,Independent / Unknown
230193,MCLAREN LAPEER REGION,MI,HOSPITAL,mclaren_health_care_corporation,McLaren Health Care Corporation
230195,HENRY FORD HEALTH WARREN HOSPITAL,MI,HOSPITAL,ascension,Ascension
230197,ASCENSION GENESYS HOSPITAL,MI,HOSPITAL,ascension,Ascension
230207,MCLAREN OAKLAND,MI,HOSPITAL,mclaren_health_care_corporation,McLaren Health Care Corporation
230208,UNIVERSITY OF MICHIGAN HEALTH-SPARROW CARSON,MI,HOSPITAL,university_of_michigan_health_system,University of Michigan Health System
230216,MCLAREN PORT HURON,MI,HOSPITAL,mclaren_health_care_corporation,McLaren Health Care Corporation
230217,OAKLAWN HOSPITAL,MI,HOSPITAL,oaklawn_hospital,Oaklawn Hospital
230222,MYMICHIGAN MEDICAL CENTER MIDLAND,MI,HOSPITAL,independent,Independent / Unknown
230227,MCLAREN MACOMB,MI,HOSPITAL,mclaren_health_care_corporation,McLaren Health Care Corporation
230230,EDWARD W SPARROW HOSPITAL,MI,HOSPITAL,university_of_michigan_health_system,University of Michigan Health System
230236,UNIVERSITY OF MICHIGAN HEALTH - WEST,MI,HOSPITAL,university_of_michigan_health_system,University of Michigan Health System
230239,CHIPPEWA COUNTY WAR MEMORIAL HOSPITAL,MI,HOSPITAL,independent,Independent / Unknown
230241,ASCENSION RIVER DISTRICT HOSPITAL,MI,HOSPITAL,ascension,Ascension
230244,GARDEN CITY HOSPITAL,MI,HOSPITAL,prime_healthcare,Prime Healthcare
230254,ASCENSION PROVIDENCE ROCHESTER HOSPITAL,MI,HOSPITAL,ascension,Ascension
230259,CHELSEA HOSPITAL,MI,HOSPITAL,trinity_health,Trinity Health
230264,SOUTHEAST MICHIGAN SURGICAL HOSPITAL LLC,MI,HOSPITAL,independent,Independent / Unknown
230269,"BEAUMONT HOSPITAL, TROY",MI,HOSPITAL,corewell_health,Corewell Health
230270,BEAUMONT HOSPITAL - TAYLOR,MI,HOSPITAL,corewell_health,Corewell Health
230273,DETROIT RECEIVING HOSPITAL,MI,HOSPITAL,tenet_healthcare,Tenet Healthcare
230275,HEALTHSOURCE SAGINAW,MI,HOSPITAL,independent,Independent / Unknown
230277,HURON VALLEY-SINAI HOSPITAL,MI,HOSPITAL,tenet_healthcare,Tenet Healthcare
230279,HENRY FORD HEALTH BRIGHTON CENTER FOR RECOVERY,MI,HOSPITAL,ascension,Ascension
230297,KARMANOS CANCER CENTER,MI,HOSPITAL,mclaren_health_care_corporation,McLaren Health Care Corporation
230301,SURGEONS CHOICE MEDICAL CENTER,MI,HOSPITAL,independent,Independent / Unknown
230302,HENRY FORD HEALTH WEST BLOOMFIELD HOSPITAL,MI,HOSPITAL,henry_ford_health,Henry Ford Health
230303,MUNSON HEALTHCARE MANISTEE HOSPITAL,MI,HOSPITAL,munson_healthcare,Munson Healthcare
23037F,DETROIT (JOHN D. DINGELL) VA MEDICAL CENTER,MI,HOSPITAL,va,VA
230779,STURGIS HOSPITAL,MI,HOSPITAL,independent,Independent / Unknown
231300,PAUL OLIVER MEMORIAL HOSPITAL,MI,HOSPITAL,munson_healthcare,Munson Healthcare
231301,KALKASKA MEMORIAL HEALTH CENTER,MI,HOSPITAL,munson_healthcare,Munson Healthcare
231303,SCHOOLCRAFT MEMORIAL HOSPITAL,MI,HOSPITAL,upper_peninsula_health_care_solutions,Upper Peninsula Health Care Solutions
231304,HELEN NEWBERRY JOY HOSPITAL,MI,HOSPITAL,upper_peninsula_health_care_solutions,Upper Peninsula Health Care Solutions
231305,SAINT MARY'S STANDISH COMMUNITY HOSPITAL,MI,HOSPITAL,ascension,Ascension
231306,MACKINAC STRAITS HOSPITAL AND HEALTH CENTER,MI,HOSPITAL,trinity_health,Trinity Health
231307,BARAGA COUNTY MEMORIAL HOSPITAL,MI,HOSPITAL,upper_peninsula_health_care_solutions,Upper Peninsula Health Care Solutions
231308,MUNISING MEMORIAL HOSPITAL,MI,HOSPITAL,upper_peninsula_health_care_solutions,Upper Peninsula Health Care Solutions
231310,SCHEURER HOSPITAL,MI,HOSPITAL,independent,Independent / Unknown
231311,DECKERVILLE COMMUNITY HOSPITAL,MI,HOSPITAL,independent,Independent / Unknown
231312,SHERIDAN COMMUNITY HOSPITAL,MI,HOSPITAL,independent,Independent / Unknown
231313,HARBOR BEACH COMMUNITY HOSPITAL,MI,HOSPITAL,independent,Independent / Unknown
231314,MCKENZIE HEALTH SYSTEM,MI,HOSPITAL,independent,Independent / Unknown
231315,ASCENSION BORGESS LEE HOSPITAL,MI,HOSPITAL,ascension,Ascension
231316,HILLS & DALES GENERAL HOSPITAL,MI,HOSPITAL,independent,Independent / Unknown
231318,"ASPIRUS IRON RIVER HOSPITAL & CLINICS, INC",MI,HOSPITAL,aspirus,Aspirus
231319,ASPIRUS KEWEENAW HOSPITAL AND CLINICS,MI,HOSPITAL,aspirus,Aspirus
231320,MERCY HEALTH LAKESHORE CAMPUS,MI,HOSPITAL,trinity_health,Trinity Health
231321,BELL HOSPITAL,MI,HOSPITAL,lifepoint_health,Lifepoint Health
231322,CHARLEVOIX AREA HOSPITAL,MI,HOSPITAL,munson_healthcare,Munson Healthcare
231323,COREWELL HEALTH REED CITY HOSPITAL,MI,HOSPITAL,corewell_health,Corewell Health
231324,EATON RAPIDS MEDICAL CENTER,MI,HOSPITAL,independent,Independent / Unknown
231325,MYMICHIGAN MEDICAL CENTER GLADWIN,MI,HOSPITAL,independent,Independent / Unknown
231326,UNIVERSITY OF MICHIGAN HEALTH- SPARROW CLINTON,MI,HOSPITAL,university_of_michigan_health_system,University of Michigan Health System
231327,UNIVERSITY OF MICHIGAN HEALTH - SPARROW EATON,MI,HOSPITAL,university_of_michigan_health_system,University of Michigan Health System
231328,ASCENSION BORGESS ALLEGAN HOSPITAL,MI,HOSPITAL,ascension,Ascension
231329,MCLAREN CARO REGION,MI,HOSPITAL,mclaren_health_care_corporation,McLaren Health Care Corporation
231330,MARLETTE REGIONAL HOSPITAL,MI,HOSPITAL,independent,Independent / Unknown
231331,SPARROW IONIA HOSPITAL,MI,HOSPITAL,university_of_michigan_health_system,University of Michigan Health System
231332,BRONSON LAKEVIEW HOSPITAL,MI,HOSPITAL,bronson_healthcare_group,Bronson Healthcare Group
231333,ASPIRUS IRONWOOD HOSPITAL,MI,HOSPITAL,aspirus,Aspirus
231337,OSF ST FRANCIS HOSPITAL AND MEDICAL GROUP,MI,HOSPITAL,osf_healthcare_system,OSF Healthcare System
231338,COREWELL HEALTH GERBER HOSPITAL,MI,HOSPITAL,corewell_health,Corewell Health
231339,COREWELL HEALTH PENNOCK HOSPITAL,MI,HOSPITAL,corewell_health,Corewell Health
231340,MCLAREN THUMB REGION,MI,HOSPITAL,mclaren_health_care_corporation,McLaren Health Care Corporation
233300,CHILDREN'S HOSPITAL OF MICHIGAN,MI,HOSPITAL,independent,Independent / Unknown
234006,PINE REST CHRISTIAN MENTAL HEALTH SERVICES,MI,HOSPITAL,independent,Independent / Unknown
234011,HENRY FORD HEALTH BEHAVIORAL HEALTH HOSPITAL,MI,HOSPITAL,independent,Independent / Unknown
234021,HARBOR OAKS HOSPITAL,MI,HOSPITAL,independent,Independent / Unknown
234023,HAVENWYCK HOSPITAL,MI,HOSPITAL,independent,Independent / Unknown
234025,CARO PSYCHIATRIC HOSPITAL,MI,HOSPITAL,independent,Independent / Unknown
234026,KALAMAZOO REGIONAL PSYCHIATRIC HOSPITAL,MI,HOSPITAL,independent,Independent / Unknown
234030,FOREST VIEW PSYCHIATRIC HOSPITAL,MI,HOSPITAL,independent,Independent / Unknown
234035,WALTER P REUTHER PSYCHIATRIC HOSPITAL,MI,HOSPITAL,independent,Independent / Unknown
234038,BCA STONECREST CENTER,MI,HOSPITAL,independent,Independent / Unknown
234040,SAMARITAN BEHAVIORAL CENTER,MI,HOSPITAL,independent,Independent / Unknown
234041,THE CENTER FOR FORENSIC PSYCHIATRY,MI,HOSPITAL,independent,Independent / Unknown
234042,THE BEHAVIORAL CENTER OF MICHIGAN,MI,HOSPITAL,independent,Independent / Unknown
234043,CEDAR CREEK HOSPITAL,MI,HOSPITAL,independent,Independent / Unknown
234044,BRIGHTWELL BEHAVIORAL HEALTH,MI,HOSPITAL,independent,Independent / Unknown
234045,METROPOLITAN BEHAVIORAL HEALTH,MI,HOSPITAL,independent,Independent / Unknown
234046,BRONSON BEHAVIORAL HEALTH HOSPITAL,MI,HOSPITAL,independent,Independent / Unknown
234047,KALAMAZOO BEHAVIORAL HEALTH HOSPITAL,MI,HOSPITAL,independent,Independent / Unknown
240001,NORTH MEMORIAL HEALTH HOSPITAL,MN,HOSPITAL,north_memorial_health,North Memorial Health
240002,ESSENTIA HEALTH ST MARY'S MEDICAL CENTER,MN,HOSPITAL,essentia_health,Essentia Health
240004,HENNEPIN COUNTY MEDICAL CENTER,MN,HOSPITAL,hennepin_healthcare,Hennepin Healthcare
240006,OLMSTED MEDICAL CENTER,MN,HOSPITAL,olmsted_medical_center,Olmsted Medical Center
240010,MAYO CLINIC HOSPITAL ROCHESTER,MN,HOSPITAL,mayo_clinic,Mayo Clinic
240014,NORTHFIELD HOSPITAL,MN,HOSPITAL,northfield_hospital_and_clinics,Northfield Hospital and Clinics
240018,MAYO CLINIC HEALTH SYSTEM IN RED WING,MN,HOSPITAL,mayo_clinic,Mayo Clinic
240019,ESSENTIA HEALTH DULUTH,MN,HOSPITAL,essentia_health,Essentia Health
240020,CAMBRIDGE MEDICAL CENTER,MN,HOSPITAL,allina_health,Allina Health
240022,SANFORD WORTHINGTON MEDICAL CENTER,MN,HOSPITAL,sanford_health,Sanford Health
24002F,ST CLOUD VA MEDICAL CENTER,MN,HOSPITAL,va,VA
240030,ALOMERE HEALTH,MN,HOSPITAL,alomere_health,Alomere Health
240036,ST CLOUD HOSPITAL,MN,HOSPITAL,centracare,CentraCare
240038,ALLINA UNITED HOSPITAL,MN,HOSPITAL,allina_health,Allina Health
24003F,MINNEAPOLIS VA MEDICAL CENTER,MN,HOSPITAL,va,VA
240040,RANGE REGIONAL HEALTH SERVICES,MN,HOSPITAL,fairview_health_services,Fairview Health Services
240043,MAYO CLINIC HEALTH SYSTEM - ALBERT LEA AND AUSTIN,MN,HOSPITAL,mayo_clinic,Mayo Clinic
240044,WINONA HEALTH SERVICES,MN,HOSPITAL,winona_health,Winona Health
240047,ST LUKES HOSPITAL,MN,HOSPITAL,saint_lukes_hospital_of_duluth,Saint Lukes Hospital of Duluth
240050,FAIRVIEW LAKES HEALTH SERVICES,MN,HOSPITAL,fairview_health_services,Fairview Health Services
240052,LAKE REGION HEALTHCARE CORPORATION,MN,HOSPITAL,lake_region_healthcare,Lake Region Healthcare
240053,PARK NICOLLET METHODIST HOSPITAL,MN,HOSPITAL,healthpartners,HealthPartners
240056,RIDGEVIEW MEDICAL CENTER,MN,HOSPITAL,ridgeview_medical_center,Ridgeview Medical Center
240057,ABBOTT NORTHWESTERN HOSPITAL,MN,HOSPITAL,allina_health,Allina Health
240064,GRAND ITASCA CLINIC AND HOSPITAL,MN,HOSPITAL,fairview_health_services,Fairview Health Services
240066,LAKEVIEW MEMORIAL HOSPITAL,MN,HOSPITAL,healthpartners,HealthPartners
240069,OWATONNA HOSPITAL,MN,HOSPITAL,allina_health,Allina Health
240071,ALLINA HEALTH FARIBAULT MEDICAL CENTER,MN,HOSPITAL,allina_health,Allina Health
240075,ESSENTIA HEALTH ST JOSEPH'S MEDICAL CENTER,MN,HOSPITAL,essentia_health,Essentia Health
240076,BUFFALO HOSPITAL,MN,HOSPITAL,allina_health,Allina Health
240078,M HEALTH FAIRVIEW SOUTHDALE HOSPITAL,MN,HOSPITAL,fairview_health_services,Fairview Health Services
240080,M HEALTH FAIRVIEW UNIVERSITY OF MN MEDICAL CENTER,MN,HOSPITAL,fairview_health_services,Fairview Health Services
240084,ESSENTIA HEALTH VIRGINIA,MN,HOSPITAL,essentia_health,Essentia Health
240088,CENTRACARE- RICE MEMORIAL HOSPITAL,MN,HOSPITAL,centracare,CentraCare
240093,MAYO CLINIC HEALTH SYSTEM - MANKATO,MN,HOSPITAL,mayo_clinic,Mayo Clinic
240100,SANFORD BEMIDJI MEDICAL CENTER,MN,HOSPITAL,sanford_health,Sanford Health
240101,ESSENTIA HEALTH ST MARYS - DETROIT LAKES,MN,HOSPITAL,essentia_health,Essentia Health
240104,ST FRANCIS REGIONAL MEDICAL CENTER,MN,HOSPITAL,allina_health,Allina Health
240106,REGIONS HOSPITAL,MN,HOSPITAL,healthpartners,HealthPartners
240115,MERCY HOSPITAL,MN,HOSPITAL,allina_health,Allina Health
240141,FAIRVIEW NORTHLAND REGIONAL HOSPITAL,MN,HOSPITAL,fairview_health_services,Fairview Health Services
240166,MAYO CLINIC HEALTH SYSTEM - FAIRMONT,MN,HOSPITAL,mayo_clinic,Mayo Clinic
240187,HUTCHINSON HEALTH,MN,HOSPITAL,healthpartners,HealthPartners
240206,RED LAKE HOSPITAL,MN,HOSPITAL,independent,Independent / Unknown
240207,M HEALTH FAIRVIEW RIDGES HOSPITAL,MN,HOSPITAL,fairview_health_services,Fairview Health Services
240210,M HEALTH FAIRVIEW ST JOHN'S HOSPITAL,MN,HOSPITAL,fairview_health_services,Fairview Health Services
240213,M HEALTH FAIRVIEW WOODWINDS HOSPITAL,MN,HOSPITAL,fairview_health_services,Fairview Health Services
240214,MAPLE GROVE HOSPITAL,MN,HOSPITAL,north_memorial_health,North Memorial Health
240779,MAHNOMEN HEALTH CENTER,MN,HOSPITAL,independent,Independent / Unknown
241301,LAKEWOOD HEALTH CENTER,MN,HOSPITAL,commonspirit,CommonSpirit Health
241302,SANFORD WESTBROOK MEDICAL CENTER,MN,HOSPITAL,sanford_health,Sanford Health
241303,SANFORD TRACY MEDICAL CENTER,MN,HOSPITAL,sanford_health,Sanford Health
241304,SANFORD WHEATON MEDICAL CENTER,MN,HOSPITAL,sanford_health,Sanford Health
241305,RIVERWOOD HEALTHCARE CENTER,MN,HOSPITAL,independent,Independent / Unknown
241306,OLIVIA HOSPITAL & CLINIC,MN,HOSPITAL,healthpartners,HealthPartners
241308,LAKE VIEW MEMORIAL HOSPITAL,MN,HOSPITAL,saint_lukes_hospital_of_duluth,Saint Lukes Hospital of Duluth
241309,ESSENTIA HEALTH SANDSTONE,MN,HOSPITAL,essentia_health,Essentia Health
241311,RIDGEVIEW SIBLEY MEDICAL CENTER,MN,HOSPITAL,ridgeview_medical_center,Ridgeview Medical Center
241312,COOK HOSPITAL,MN,HOSPITAL,independent,Independent / Unknown
241313,ESSENTIA HEALTH ADA,MN,HOSPITAL,essentia_health,Essentia Health
241314,JOHNSON MEMORIAL HOSPITAL,MN,HOSPITAL,independent,Independent / Unknown
241315,SANFORD JACKSON MEDICAL CENTER,MN,HOSPITAL,sanford_health,Sanford Health
241316,BIGFORK VALLEY HOSPITAL,MN,HOSPITAL,independent,Independent / Unknown
241317,NORTH SHORE HEALTH,MN,HOSPITAL,independent,Independent / Unknown
241318,ELY - BLOOMENSON COMMUNITY HOSPITAL,MN,HOSPITAL,independent,Independent / Unknown
241319,MURRAY COUNTY MEMORIAL HOSPITAL,MN,HOSPITAL,sanford_health,Sanford Health
241320,RIVERVIEW HOSPITAL,MN,HOSPITAL,independent,Independent / Unknown
241321,ESSENTIA HEALTH HOLY TRINITY HOSPITAL,MN,HOSPITAL,essentia_health,Essentia Health
241322,RAINY LAKE MEDICAL CENTER,MN,HOSPITAL,independent,Independent / Unknown
241323,MADELIA HEALTH,MN,HOSPITAL,quorum_health,Quorum Health
241325,CHIPPEWA COUNTY HOSPITAL,MN,HOSPITAL,independent,Independent / Unknown
241326,CENTRACARE HEALTH SYSTEM - LONG PRAIRIE,MN,HOSPITAL,centracare,CentraCare
241327,SLEEPY EYE MEDICAL CENTER,MN,HOSPITAL,independent,Independent / Unknown
241328,SANFORD BAGLEY MEDICAL CENTER,MN,HOSPITAL,sanford_health,Sanford Health
241329,LAKEWOOD HEALTH SYSTEM,MN,HOSPITAL,independent,Independent / Unknown
241330,CENTRACARE HEALTH SYSTEM - MELROSE HOSPITAL,MN,HOSPITAL,centracare,CentraCare
241332,WINDOM AREA HEALTH,MN,HOSPITAL,sanford_health,Sanford Health
241333,MAYO CLINIC HEALTH SYSTEM ST. JAMES,MN,HOSPITAL,mayo_clinic,Mayo Clinic
241334,RIVER'S EDGE HOSPITAL & CLINIC,MN,HOSPITAL,independent,Independent / Unknown
241335,ST ELIZABETH MEDICAL CENTER,MN,HOSPITAL,gundersen_health_system,Gundersen Health System
241336,KITTSON HEALTHCARE,MN,HOSPITAL,independent,Independent / Unknown
241337,NORTH VALLEY HEALTH CENTER,MN,HOSPITAL,independent,Independent / Unknown
241338,MAYO CLINIC HEALTH SYSTEM - LAKE CITY,MN,HOSPITAL,mayo_clinic,Mayo Clinic
241339,HENDRICKS COMMUNITY HOSPITAL,MN,HOSPITAL,independent,Independent / Unknown
241340,ESSENTIA HEALTH NORTHERN PINES MEDICAL CENTER,MN,HOSPITAL,essentia_health,Essentia Health
241341,APPLETON AREA HEALTH,MN,HOSPITAL,independent,Independent / Unknown
241342,ORTONVILLE AREA HEALTH SERVICES,MN,HOSPITAL,sanford_health,Sanford Health
241343,AVERA GRANITE FALLS,MN,HOSPITAL,avera_health,Avera Health
241344,LIFECARE MEDICAL CENTER,MN,HOSPITAL,independent,Independent / Unknown
241345,MAYO CLINIC HEALTH SYSTEM - WASECA,MN,HOSPITAL,mayo_clinic,Mayo Clinic
241346,MAYO CLINIC HEALTH SYSTEM - CANNON FALLS,MN,HOSPITAL,mayo_clinic,Mayo Clinic
241347,SANFORD CANBY MEDICAL CENTER,MN,HOSPITAL,sanford_health,Sanford Health
241348,AVERA TYLER HOSPITAL,MN,HOSPITAL,avera_health,Avera Health
241349,CENTRACARE - PAYNESVILLE HOSPITAL,MN,HOSPITAL,centracare,CentraCare
241350,ESSENTIA HEALTH MOOSE LAKE,MN,HOSPITAL,essentia_health,Essentia Health
241351,CENTRACARE - REDWOOD,MN,HOSPITAL,centracare,CentraCare
241353,CUYUNA REGIONAL MEDICAL CENTER,MN,HOSPITAL,cuyuna_regional_medical_center,Cuyuna Regional Medical Center
241354,ASTERA HEALTH,MN,HOSPITAL,independent,Independent / Unknown
241355,GLENCOE REGIONAL HEALTH,MN,HOSPITAL,healthpartners,HealthPartners
241356,MILLE LACS HEALTH SYSTEM,MN,HOSPITAL,independent,Independent / Unknown
241357,ESSENTIA HEALTH FOSSTON,MN,HOSPITAL,essentia_health,Essentia Health
241358,CASS LAKE INDIAN HEALTH SERVICES HOSPITAL,MN,HOSPITAL,independent,Independent / Unknown
241359,AVERA MARSHALL REGIONAL MEDICAL CTR,MN,HOSPITAL,avera_health,Avera Health
241360,ESSENTIA HEALTH DEER RIVER,MN,HOSPITAL,essentia_health,Essentia Health
241361,MAYO CLINIC HEALTH SYSTEM NEW PRAGUE,MN,HOSPITAL,mayo_clinic,Mayo Clinic
241362,CENTRACARE HEALTH - MONTICELLO,MN,HOSPITAL,centracare,CentraCare
241363,STEVENS COMMUNITY MEDICAL CENTER INC,MN,HOSPITAL,independent,Independent / Unknown
241364,COMMUNITY MEMORIAL HOSPITAL,MN,HOSPITAL,independent,Independent / Unknown
241365,CENTRACARE - BENSON,MN,HOSPITAL,centracare,CentraCare
241366,MEEKER MEMORIAL HOSPITAL,MN,HOSPITAL,independent,Independent / Unknown
241367,WELIA HEALTH,MN,HOSPITAL,independent,Independent / Unknown
241368,CENTRACARE HEALTH SYSTEM - SAUK CENTRE,MN,HOSPITAL,centracare,CentraCare
241369,UNITED HOSPITAL DISTRICT,MN,HOSPITAL,independent,Independent / Unknown
241370,ST GABRIELS HOSPITAL,MN,HOSPITAL,commonspirit,CommonSpirit Health
241371,SANFORD LUVERNE MEDICAL CENTER,MN,HOSPITAL,sanford_health,Sanford Health
241372,MADISON HOSPITAL,MN,HOSPITAL,independent,Independent / Unknown
241373,PERHAM HEALTH,MN,HOSPITAL,sanford_health,Sanford Health
241374,PIPESTONE COUNTY  MEDICAL CENTER,MN,HOSPITAL,avera_health,Avera Health
241375,MINNESOTA VALLEY HEALTH CENTER  INC,MN,HOSPITAL,ridgeview_medical_center,Ridgeview Medical Center
241376,GLACIAL RIDGE HOSPITAL,MN,HOSPITAL,independent,Independent / Unknown
241377,ST FRANCIS MEDICAL CENTER,MN,HOSPITAL,commonspirit,CommonSpirit Health
241378,NEW ULM MEDICAL CENTER,MN,HOSPITAL,allina_health,Allina Health
241379,PRAIRIE RIDGE HOSPITAL AND HEALTH SERVICES,MN,HOSPITAL,lake_region_healthcare,Lake Region Healthcare
241380,ST JOSEPHS AREA  HEALTH SERVICES,MN,HOSPITAL,commonspirit,CommonSpirit Health
241381,SANFORD THIEF RIVER FALLS MEDICAL CENTER,MN,HOSPITAL,sanford_health,Sanford Health
243300,GILLETTE CHILDRENS SPECIALTY HOSPITAL,MN,HOSPITAL,independent,Independent / Unknown
243302,CHILDREN'S HOSPITALS & CLINICS OF MN,MN,HOSPITAL,independent,Independent / Unknown
244002,ANOKA METRO REGIONAL TREATMENT CENTER,MN,HOSPITAL,independent,Independent / Unknown
244005,CHILD AND ADOLESCENT BEHAVIORAL HEALTH HOSPITAL,MN,HOSPITAL,independent,Independent / Unknown
244011,COMMUNITY BEHAVIORAL HEALTH HOSPITAL ANNANDALE,MN,HOSPITAL,independent,Independent / Unknown
244012,COMMUNITY BEHAVIORAL HEALTH HOSPITAL ALEXANDRIA,MN,HOSPITAL,independent,Independent / Unknown
244013,COMMUNITY BEHAVIORAL HEALTH HOSPITAL FERGUS FALLS,MN,HOSPITAL,independent,Independent / Unknown
244014,COMMUNITY BEHAVIORAL HEALTH HOSPITAL - BEMIDJI,MN,HOSPITAL,independent,Independent / Unknown
244015,COMMUNITY BEHAVIORAL HEALTH HOSPITAL - BAXTER,MN,HOSPITAL,independent,Independent / Unknown
244017,COMMUNITY BEHAVIORAL HEALTH HOSPITAL ROCHESTER,MN,HOSPITAL,independent,Independent / Unknown
244018,SANFORD BEHAVIORAL HEALTH CENTER,MN,HOSPITAL,independent,Independent / Unknown
250001,UNIVERSITY OF MISSISSIPPI MED CENTER,MS,HOSPITAL,the_university_of_mississippi_medical_center,The University of Mississippi Medical Center
250002,TISHOMINGO HEALTH SERVICES INC,MS,HOSPITAL,north_mississippi_health_services,North Mississippi Health Services
250004,NORTH MISSISSIPPI MEDICAL CENTER,MS,HOSPITAL,north_mississippi_health_services,North Mississippi Health Services
250006,BAPTIST MEMORIAL HOSPITAL UNION COUNTY,MS,HOSPITAL,baptist_memorial_health_care_corporation,Baptist Memorial Health Care Corporation
250007,MEMORIAL HOSPITAL BILOXI,MS,HOSPITAL,community_health_systems,Community Health Systems
250009,MAGNOLIA REGIONAL HEALTH CENTER,MS,HOSPITAL,quorum_health,Quorum Health
250017,PROGRESSIVE HEALTH GROUP OF HOUSTON,MS,HOSPITAL,independent,Independent / Unknown
250018,JASPER GENERAL HOSPITAL,MS,HOSPITAL,independent,Independent / Unknown
250019,MEMORIAL HOSPITAL AT GULFPORT,MS,HOSPITAL,memorial_hospital_at_gulfport,Memorial Hospital at Gulfport
250020,WEBSTER GENERAL HOSPITAL/ SWING BED,MS,HOSPITAL,north_mississippi_health_services,North Mississippi Health Services
250025,NORTH MISSISSIPPI MEDICAL CENTER-GILMORE AMORY,MS,HOSPITAL,north_mississippi_health_services,North Mississippi Health Services
250027,WINSTON MEDICAL CENTER,MS,HOSPITAL,baptist_memorial_health_care_corporation,Baptist Memorial Health Care Corporation
250031,MERIT HEALTH RIVER REGION,MS,HOSPITAL,community_health_systems,Community Health Systems
250034,BAPTIST MEMORIAL HOSPITAL NORTH MS,MS,HOSPITAL,baptist_memorial_health_care_corporation,Baptist Memorial Health Care Corporation
250036,GEORGE REGIONAL HEALTH SYSTEM,MS,HOSPITAL,independent,Independent / Unknown
250038,MERIT HEALTH MADISON,MS,HOSPITAL,community_health_systems,Community Health Systems
250040,SINGING RIVER HEALTH SYSTEM,MS,HOSPITAL,singing_river_health_system,Singing River Health System
250042,NORTHWEST MISSISSISSIPPI REGIONAL MEDICAL CENTER,MS,HOSPITAL,delta_health_system,Delta Health System
250043,NESHOBA COUNTY GENERAL HOSPITAL,MS,HOSPITAL,independent,Independent / Unknown
250044,BAPTIST MEMORIAL HOSPITAL BOONEVILLE,MS,HOSPITAL,baptist_memorial_health_care_corporation,Baptist Memorial Health Care Corporation
250048,ST DOMINIC-JACKSON MEMORIAL HOSPITAL,MS,HOSPITAL,franciscan_missionaries_of_our_lady_health_system,Franciscan Missionaries of Our Lady Health System
250049,BEACHAM MEMORIAL HOSPITAL,MS,HOSPITAL,independent,Independent / Unknown
250050,BAPTIST MEMORIAL HOSPITAL-OKTIBBEHA COUNTY,MS,HOSPITAL,independent,Independent / Unknown
250057,KING'S DAUGHTERS MEDICAL CENTER-BROOKHAVEN,MS,HOSPITAL,independent,Independent / Unknown
250058,SOUTH CENTRAL REG MED CTR,MS,HOSPITAL,south_central_regional_medical_center_health_system,South Central Regional Medical Center Health System
250061,YALOBUSHA GENERAL HOSPITAL,MS,HOSPITAL,independent,Independent / Unknown
250067,CLAY COUNTY MEDICAL CORPORATION,MS,HOSPITAL,north_mississippi_health_services,North Mississippi Health Services
250069,OCHSNER RUSH HOSPITAL,MS,HOSPITAL,ochsner,Ochsner
250072,MERIT HEALTH CENTRAL,MS,HOSPITAL,community_health_systems,Community Health Systems
250077,WAYNE GENERAL HOSPITAL,MS,HOSPITAL,independent,Independent / Unknown
250078,FORREST GENERAL HOSPITAL,MS,HOSPITAL,forrest_health,Forrest Health
250081,ANDERSON REGIONAL MEDICAL CENTER SOUTH CAMPUS,MS,HOSPITAL,anderson_regional_health_system,Anderson Regional Health System
250082,DELTA HEALTH SYSTEM - THE MEDICAL CENTER,MS,HOSPITAL,delta_health_system,Delta Health System
250084,MERIT HEALTH NATCHEZ,MS,HOSPITAL,community_health_systems,Community Health Systems
250085,MARION GENERAL HOSPITAL,MS,HOSPITAL,forrest_health,Forrest Health
250093,BOLIVAR MEDICAL CENTER,MS,HOSPITAL,scionhealth,ScionHealth
250094,MERIT HEALTH WESLEY,MS,HOSPITAL,community_health_systems,Community Health Systems
250095,SOUTH SUNFLOWER COUNTY HOSPITAL,MS,HOSPITAL,independent,Independent / Unknown
250096,CROSSGATES RIVER OAKS HOSPITAL,MS,HOSPITAL,community_health_systems,Community Health Systems
250097,SOUTHWEST MS REGIONAL MEDICAL CENTER,MS,HOSPITAL,independent,Independent / Unknown
250099,GREENWOOD LEFLORE HOSPITAL,MS,HOSPITAL,independent,Independent / Unknown
250100,BMH-GOLDEN TRIANGLE,MS,HOSPITAL,baptist_memorial_health_care_corporation,Baptist Memorial Health Care Corporation
250102,MISSISSIPPI BAPTIST MEDICAL CENTER,MS,HOSPITAL,baptist_memorial_health_care_corporation,Baptist Memorial Health Care Corporation
250104,ANDERSON REGIONAL MEDICAL CENTER,MS,HOSPITAL,anderson_regional_health_system,Anderson Regional Health System
250117,HIGHLAND COMMUNITY  HOSPITAL,MS,HOSPITAL,forrest_health,Forrest Health
250123,SINGING RIVER GULFPORT,MS,HOSPITAL,singing_river_health_system,Singing River Health System
250124,MAGEE GENERAL HOSPITAL,MS,HOSPITAL,independent,Independent / Unknown
250127,CHOCTAW HEALTH CENTER,MS,HOSPITAL,independent,Independent / Unknown
250134,WHITFIELD MEDICAL SURGICAL HOSPITAL,MS,HOSPITAL,independent,Independent / Unknown
250136,MERIT HEALTH WOMEN'S HOSPITAL,MS,HOSPITAL,community_health_systems,Community Health Systems
250138,MERIT HEALTH RIVER OAKS,MS,HOSPITAL,community_health_systems,Community Health Systems
250141,BAPTIST MEMORIAL HOSPITAL DESOTO,MS,HOSPITAL,baptist_memorial_health_care_corporation,Baptist Memorial Health Care Corporation
250151,ALLIANCE HEALTH CENTER,MS,HOSPITAL,universal_health_services,Universal Health Services
250152,MISSISSIPPI METHODIST REHAB CTR,MS,HOSPITAL,independent,Independent / Unknown
250162,OCHSNER MEDICAL CENTER-HANCOCK,MS,HOSPITAL,ochsner,Ochsner
250167,METHODIST HEALTHCARE - OLIVE BRANCH HOSPITAL,MS,HOSPITAL,methodist_le_bonheur_healthcare,Methodist Le Bonheur Healthcare
250168,UNIVERSITY OF MISSISSIPPI MEDICAL CENTER- GRENADA,MS,HOSPITAL,the_university_of_mississippi_medical_center,The University of Mississippi Medical Center
250172,HIGHLAND HILLS MEDICAL CENTER,MS,HOSPITAL,delta_health_system,Delta Health System
250174,"ALLIANCE HEALTHCARE SYSTEM, INC",MS,HOSPITAL,independent,Independent / Unknown
25039F,81ST MEDICAL GROUP (KEESLER AFB),MS,HOSPITAL,independent,Independent / Unknown
25042F,VA GULF COAST HEALTHCARE SYSTEM,MS,HOSPITAL,independent,Independent / Unknown
25043F,G. V. (SONNY) MONTGOMERY VA MEDICAL CENTER (JACKSON),MS,HOSPITAL,va,VA
250780,JEFFERSON COUNTY HOSPITAL,MS,HOSPITAL,independent,Independent / Unknown
250781,PANOLA MEDICAL CENTER,MS,HOSPITAL,independent,Independent / Unknown
250782,GREENE COUNTY HOSPITAL,MS,HOSPITAL,independent,Independent / Unknown
250783,PERRY COUNTY GENERAL HOSPITAL,MS,HOSPITAL,independent,Independent / Unknown
250784,SHARKEY ISSAQUENA COMMUNITY HOSPITAL,MS,HOSPITAL,independent,Independent / Unknown
250785,PROGRESSIVE HEALTH GROUP OF HOUSTON,MS,HOSPITAL,independent,Independent / Unknown
250786,SMITH COUNTY  EMERGENCY HOSPITAL,MS,HOSPITAL,independent,Independent / Unknown
251300,S E LACKEY MEMORIAL HOSPITAL,MS,HOSPITAL,independent,Independent / Unknown
251302,MONROE REGIONAL HOSPITAL,MS,HOSPITAL,independent,Independent / Unknown
251304,TALLAHATCHIE GENERAL HOSPITAL-CAH,MS,HOSPITAL,independent,Independent / Unknown
251305,LAWRENCE COUNTY HOSPITAL CAH,MS,HOSPITAL,independent,Independent / Unknown
251307,NOXUBEE GENERAL CRITICAL ACCESS HOSP,MS,HOSPITAL,independent,Independent / Unknown
251308,PONTOTOC HEALTH SERVICE INC CAH,MS,HOSPITAL,north_mississippi_health_services,North Mississippi Health Services
251309,FIELD HEALTH SYSTEM,MS,HOSPITAL,independent,Independent / Unknown
251312,TYLER HOLMES MEMORIAL HOSPITAL CAH,MS,HOSPITAL,independent,Independent / Unknown
251313,BAPTIST MEDICAL CENTER-YAZOO,MS,HOSPITAL,baptist_memorial_health_care_corporation,Baptist Memorial Health Care Corporation
251315,BAPTIST MEDICAL CENTER-LEAKE,MS,HOSPITAL,baptist_memorial_health_care_corporation,Baptist Memorial Health Care Corporation
251316,OCHSNER WATKINS HOSPITAL,MS,HOSPITAL,ochsner,Ochsner
251317,SIMPSON GENERAL HOSPITAL CAH,MS,HOSPITAL,independent,Independent / Unknown
251318,NORTH SUNFLOWER MEDICAL CENTER CAH,MS,HOSPITAL,independent,Independent / Unknown
251319,HOLMES COUNTY HOSPITAL AND CLINICS,MS,HOSPITAL,the_university_of_mississippi_medical_center,The University of Mississippi Medical Center
251320,CLAIBORNE COUNTY HOSPITAL,MS,HOSPITAL,independent,Independent / Unknown
251322,OCHSNER LAIRD HOSPITAL,MS,HOSPITAL,ochsner,Ochsner
251323,OCHSNER SCOTT REGIONAL,MS,HOSPITAL,ochsner,Ochsner
251324,WALTHALL COUNTY GENERAL HOSPITAL CAH,MS,HOSPITAL,forrest_health,Forrest Health
251325,COVINGTON COUNTY HOSPITAL CAH,MS,HOSPITAL,forrest_health,Forrest Health
251326,JEFFERSON DAVIS COMMUNITY HOSPITAL CAH,MS,HOSPITAL,forrest_health,Forrest Health
251327,COPIAH COUNTY MEDICAL CENTER,MS,HOSPITAL,independent,Independent / Unknown
251330,FRANKLIN COUNTY MEMORIAL HOSPITAL,MS,HOSPITAL,independent,Independent / Unknown
251331,BMH-CALHOUN,MS,HOSPITAL,baptist_memorial_health_care_corporation,Baptist Memorial Health Care Corporation
251333,PEARL RIVER COUNTY HOSPITAL,MS,HOSPITAL,forrest_health,Forrest Health
251334,CHOCTAW REGIONAL MEDICAL CENTER,MS,HOSPITAL,independent,Independent / Unknown
251335,OCHSNER STENNIS MEMORIAL HOSPITAL,MS,HOSPITAL,ochsner,Ochsner
251336,BAPTIST MEDICAL CENTER ATTALA,MS,HOSPITAL,baptist_memorial_health_care_corporation,Baptist Memorial Health Care Corporation
251337,TIPPAH COUNTY HOSPITAL,MS,HOSPITAL,independent,Independent / Unknown
251339,QUITMAN COMMUNITY HOSPITAL,MS,HOSPITAL,independent,Independent / Unknown
252013,ALLEGIANCE SPECIALTY HOSPITAL OF GREENVILLE,MS,HOSPITAL,independent,Independent / Unknown
254005,PARKWOOD BEHAVIORAL HEALTH SYSTEM,MS,HOSPITAL,independent,Independent / Unknown
254007,BRENTWOOD BEHAVIORAL HEALTHCARE OF MS,MS,HOSPITAL,independent,Independent / Unknown
254008,SOUTH MISSISSIPPI STATE HOSPITAL,MS,HOSPITAL,independent,Independent / Unknown
254009,NORTH MISSISSIPPI STATE HOSPITAL,MS,HOSPITAL,independent,Independent / Unknown
254010,MS STATE HOSPITAL-WHITFIELD,MS,HOSPITAL,independent,Independent / Unknown
254011,GULFPORT BEHAVIORAL HEALTH  SYSTEM,MS,HOSPITAL,independent,Independent / Unknown
254012,OCEANS BEHAVIORAL HOSPITAL- BILOXI,MS,HOSPITAL,independent,Independent / Unknown
254013,OCEANS BEHAVIORAL HOSPITAL OF TUPELO,MS,HOSPITAL,independent,Independent / Unknown
254014,OCEANS BEHAVIORAL HOSPITAL OF JACKSON,MS,HOSPITAL,independent,Independent / Unknown
260001,MERCY HOSPITAL JOPLIN,MO,HOSPITAL,mercy_health,Mercy
260005,SSM ST JOSEPH HEALTH CENTER,MO,HOSPITAL,ssm_health,SSM Health
260006,MOSAIC LIFE CARE AT ST JOSEPH,MO,HOSPITAL,mosaic_life_care,Mosaic Life Care
260009,BOTHWELL REGIONAL HEALTH CENTER,MO,HOSPITAL,quorum_health,Quorum Health
260011,SSM HEALTH ST. MARY'S HOSPITAL - JEFFERSON CITY,MO,HOSPITAL,ssm_health,SSM Health
260017,PHELPS COUNTY REGIONAL MEDICAL CENTER,MO,HOSPITAL,independent,Independent / Unknown
260020,MERCY HOSPITAL ST LOUIS,MO,HOSPITAL,mercy_health,Mercy
260022,NORTHEAST REGIONAL MEDICAL CENTER,MO,HOSPITAL,community_health_systems,Community Health Systems
260023,MERCY HOSPITAL JEFFERSON,MO,HOSPITAL,mercy_health,Mercy
260024,TEXAS COUNTY MEMORIAL HOSPITAL,MO,HOSPITAL,independent,Independent / Unknown
260025,HANNIBAL REGIONAL HOSPITAL,MO,HOSPITAL,hannibal_regional_healthcare_system,Hannibal Regional Healthcare System
260027,RESEARCH MEDICAL CENTER,MO,HOSPITAL,hca,HCA
26002F,GENERAL LEONARD WOOD ACH (FT LEONARD WOOD),MO,HOSPITAL,independent,Independent / Unknown
260032,BARNES JEWISH HOSPITAL,MO,HOSPITAL,bjc_healthcare,BJC Healthcare
260034,BATES COUNTY MEMORIAL HOSPITAL,MO,HOSPITAL,independent,Independent / Unknown
260040,COX MEDICAL CENTERS,MO,HOSPITAL,coxhealth,CoxHealth
260048,TRUMAN MEDICAL CENTER HOSPITAL HILL,MO,HOSPITAL,university_health,University Health
26004F,KANSAS CITY VA MEDICAL CENTER,MO,HOSPITAL,va,VA
260052,MERCY HOSPITAL WASHINGTON,MO,HOSPITAL,mercy_health,Mercy
260057,CAMERON REGIONAL MEDICAL CENTER,MO,HOSPITAL,independent,Independent / Unknown
260059,MERCY HOSPITAL LEBANON,MO,HOSPITAL,mercy_health,Mercy
260061,NEVADA REGIONAL MEDICAL CENTER,MO,HOSPITAL,quorum_health,Quorum Health
260062,SAINT LUKES NORTH HOSPITAL,MO,HOSPITAL,saint_lukes_health_system_mo,Saint Lukes Health System MO
260065,MERCY HOSPITAL SPRINGFIELD,MO,HOSPITAL,mercy_health,Mercy
260068,BOONE HOSPITAL CENTER,MO,HOSPITAL,boone_hospital_center,Boone Hospital Center
260070,PEMISCOT COUNTY MEMORIAL HOSPITAL,MO,HOSPITAL,independent,Independent / Unknown
260074,MOBERLY REGIONAL MEDICAL CENTER,MO,HOSPITAL,community_health_systems,Community Health Systems
260077,MERCY HOSPITAL SOUTH,MO,HOSPITAL,mercy_health,Mercy
260078,OZARKS HEALTHCARE,MO,HOSPITAL,ozarks_healthcare,Ozarks Healthcare
26007F,POPLAR BLUFF VA MEDICAL CENTER,MO,HOSPITAL,va,VA
260081,SSM ST CLARE HEALTH CENTER,MO,HOSPITAL,ssm_health,SSM Health
260085,ST JOSEPH MEDICAL CENTER,MO,HOSPITAL,prime_healthcare,Prime Healthcare
260091,SSM HEALTH ST MARY'S HOSPITAL - ST LOUIS,MO,HOSPITAL,ssm_health,SSM Health
260094,COX MEDICAL CENTER BRANSON,MO,HOSPITAL,coxhealth,CoxHealth
260095,CENTERPOINT MEDICAL CENTER,MO,HOSPITAL,hca,HCA
260096,NKC HEALTH,MO,HOSPITAL,north_kansas_city_hospital,North Kansas City Hospital
260097,WESTERN MISSOURI MEDICAL CENTER,MO,HOSPITAL,independent,Independent / Unknown
26009F,ST LOUIS-JOHN COCHRAN VA MEDICAL CENTER,MO,HOSPITAL,va,VA
260102,UNIVERSITY HEALTH LAKEWOOD MEDICAL CENTER,MO,HOSPITAL,university_health,University Health
260104,SSM HEALTH DEPAUL HOSPITAL ST LOUIS,MO,HOSPITAL,ssm_health,SSM Health
260105,SSM HEALTH SAINT LOUIS UNIVERSITY HOSPITAL,MO,HOSPITAL,ssm_health,SSM Health
260108,MISSOURI BAPTIST MEDICAL CENTER,MO,HOSPITAL,bjc_healthcare,BJC Healthcare
260110,MERCY HOSPITAL SOUTHEAST,MO,HOSPITAL,southeast_health_mo,Southeast Health MO
260113,MISSOURI DELTA MEDICAL CENTER,MO,HOSPITAL,missouri_delta_medical_center,Missouri Delta Medical Center
260119,POPLAR BLUFF REGIONAL MEDICAL CENTER,MO,HOSPITAL,community_health_systems,Community Health Systems
260137,FREEMAN HEALTH SYSTEM - FREEMAN WEST,MO,HOSPITAL,freeman_health_system,Freeman Health System
260138,ST LUKES HOSPITAL OF KANSAS CITY,MO,HOSPITAL,saint_lukes_health_system_mo,Saint Lukes Health System MO
260141,UNIVERSITY OF MISSOURI HEALTH CARE,MO,HOSPITAL,university_of_missouri_health_care,University of Missouri Health Care
260142,FITZGIBBON HOSPITAL,MO,HOSPITAL,independent,Independent / Unknown
260160,MERCY HOSPITAL STODDARD,MO,HOSPITAL,southeast_health_mo,Southeast Health MO
260162,BARNES-JEWISH WEST COUNTY HOSPITAL,MO,HOSPITAL,bjc_healthcare,BJC Healthcare
260163,PARKLAND HEALTH CENTER,MO,HOSPITAL,bjc_healthcare,BJC Healthcare
260175,GOLDEN VALLEY MEMORIAL HOSPITAL,MO,HOSPITAL,golden_valley_memorial_healthcare,Golden Valley Memorial Healthcare
260176,ST LUKES DES PERES HOSPITAL,MO,HOSPITAL,saint_lukes_episcopal_presbyterian_hospital,Saint Lukes Episcopal Presbyterian Hospital
260177,LIBERTY HOSPITAL,MO,HOSPITAL,new_liberty_hospital_district_of_clay_county,New Liberty Hospital District of Clay County
260179,ST LUKES HOSPITAL,MO,HOSPITAL,saint_lukes_episcopal_presbyterian_hospital,Saint Lukes Episcopal Presbyterian Hospital
260180,CHRISTIAN HOSPITAL NORTHEAST,MO,HOSPITAL,bjc_healthcare,BJC Healthcare
260183,SAINT FRANCIS MEDICAL CENTER,MO,HOSPITAL,saint_francis_healthcare_system,Saint Francis Healthcare System
260186,LAKE REGIONAL HEALTH SYSTEM,MO,HOSPITAL,lake_regional_health_system,Lake Regional Health System
260190,LEE'S SUMMIT MEDICAL CENTER,MO,HOSPITAL,hca,HCA
260191,BARNES-JEWISH ST PETERS HOSPITAL,MO,HOSPITAL,bjc_healthcare,BJC Healthcare
260193,ST MARY'S MEDICAL CENTER,MO,HOSPITAL,prime_healthcare,Prime Healthcare
260195,CITIZENS MEMORIAL HOSPITAL,MO,HOSPITAL,citizens_memorial_healthcare,Citizens Memorial Healthcare
260200,SSM ST JOSEPH HOSPITAL WEST,MO,HOSPITAL,ssm_health,SSM Health
260214,BELTON REGIONAL MEDICAL CENTER,MO,HOSPITAL,hca,HCA
260216,SAINT LUKE'S EAST  HOSPITAL,MO,HOSPITAL,saint_lukes_health_system_mo,Saint Lukes Health System MO
260219,PROGRESS WEST HOSPITAL,MO,HOSPITAL,bjc_healthcare,BJC Healthcare
26023F,COLUMBIA MO VA MEDICAL CENTER,MO,HOSPITAL,va,VA
260779,PARKLAND HEALTH CENTER - BONNE TERRE,MO,HOSPITAL,parkland_health_texas,Parkland Health (Texas)
261301,ELLETT MEMORIAL HOSPITAL,MO,HOSPITAL,independent,Independent / Unknown
261302,MADISON MEDICAL CENTER,MO,HOSPITAL,ssm_health,SSM Health
261303,COMMUNITY HOSPITAL ASSOCIATION,MO,HOSPITAL,independent,Independent / Unknown
261305,PUTNAM COUNTY MEMORIAL HOSPITAL,MO,HOSPITAL,independent,Independent / Unknown
261306,SULLIVAN COUNTY MEMORIAL HOSPITAL,MO,HOSPITAL,independent,Independent / Unknown
261307,PERSHING MEMORIAL HOSPITAL,MO,HOSPITAL,independent,Independent / Unknown
261308,WASHINGTON COUNTY MEMORIAL HOSPITAL,MO,HOSPITAL,mercy_health,Mercy
261309,WRIGHT MEMORIAL HOSPITAL,MO,HOSPITAL,saint_lukes_health_system_mo,Saint Lukes Health System MO
261310,SCOTLAND COUNTY  HOSPITAL,MO,HOSPITAL,independent,Independent / Unknown
261311,MERCY HOSPITAL PERRY,MO,HOSPITAL,mercy_health,Mercy
261312,HARRISON COUNTY COMMUNITY HOSPITAL,MO,HOSPITAL,mosaic_life_care,Mosaic Life Care
261313,MACON COUNTY SAMARITAN MEMORIAL HOSPITAL,MO,HOSPITAL,independent,Independent / Unknown
261314,HERMANN AREA DISTRICT HOSPITAL,MO,HOSPITAL,mercy_health,Mercy
261316,MERCY HOSPITAL AURORA,MO,HOSPITAL,mercy_health,Mercy
261317,MERCY HOSPITAL - CASSVILLE,MO,HOSPITAL,mercy_health,Mercy
261318,SALEM MEMORIAL DISTRICT HOSPITAL,MO,HOSPITAL,independent,Independent / Unknown
261319,MERCY HOSPITAL LINCOLN,MO,HOSPITAL,mercy_health,Mercy
261320,LAFAYETTE REGIONAL HEALTH CENTER,MO,HOSPITAL,hca,HCA
261321,HEDRICK MEDICAL CENTER,MO,HOSPITAL,saint_lukes_health_system_mo,Saint Lukes Health System MO
261322,EXCELSIOR SPRINGS HOSPITAL,MO,HOSPITAL,independent,Independent / Unknown
261323,CEDAR COUNTY MEMORIAL HOSPITAL,MO,HOSPITAL,independent,Independent / Unknown
261324,CASS REGIONAL MEDICAL CENTER,MO,HOSPITAL,hca,HCA
261325,COX BARTON COUNTY HOSPITAL,MO,HOSPITAL,coxhealth,CoxHealth
261327,RAY COUNTY MEMORIAL HOSPITAL,MO,HOSPITAL,independent,Independent / Unknown
261328,MOSAIC MEDICAL CENTER ALBANY,MO,HOSPITAL,mosaic_life_care,Mosaic Life Care
261329,COX MONETT HOSPITAL,MO,HOSPITAL,coxhealth,CoxHealth
261330,STE GENEVIEVE COUNTY MEMORIAL HOSPITAL,MO,HOSPITAL,independent,Independent / Unknown
261331,FREEMAN NEOSHO HOSPITAL,MO,HOSPITAL,freeman_health_system,Freeman Health System
261332,CARROLL COUNTY MEMORIAL HOSPITAL,MO,HOSPITAL,independent,Independent / Unknown
261333,PIKE COUNTY MEMORIAL HOSPITAL,MO,HOSPITAL,independent,Independent / Unknown
261335,MERCY ST FRANCIS HOSPITAL,MO,HOSPITAL,mercy_health,Mercy
261336,IRON COUNTY MEDICAL CENTER,MO,HOSPITAL,independent,Independent / Unknown
261337,MISSOURI BAPTIST SULLIVAN HOSPITAL,MO,HOSPITAL,bjc_healthcare,BJC Healthcare
261338,MERCY HOSPITAL CARTHAGE,MO,HOSPITAL,mercy_health,Mercy
261340,MOSAIC MEDICAL CENTER - MARYVILLE,MO,HOSPITAL,independent,Independent / Unknown
263301,ST LOUIS CHILDRENS HOSPITAL,MO,HOSPITAL,independent,Independent / Unknown
263302,THE CHILDREN'S MERCY HOSPITAL,MO,HOSPITAL,independent,Independent / Unknown
263303,RANKEN JORDAN PEDIATRIC BRIDGE HOSPITAL,MO,HOSPITAL,independent,Independent / Unknown
263304,SHRINERS HOSPITALS FOR CHILDREN,MO,HOSPITAL,independent,Independent / Unknown
264004,CENTER FOR BEHAVIORAL MEDICINE,MO,HOSPITAL,independent,Independent / Unknown
264005,SOUTHEAST MISSOURI MENTAL HLTH CTR,MO,HOSPITAL,independent,Independent / Unknown
264007,NORTHWEST MISSOURI PSYCHIATRIC REHAB CTR,MO,HOSPITAL,independent,Independent / Unknown
264008,CENTER FOR BEHAVIORAL MEDICINE,MO,HOSPITAL,independent,Independent / Unknown
264010,ST LOUIS FORENSIC TREATMENT CENTER,MO,HOSPITAL,independent,Independent / Unknown
264012,CENTERPOINTE HOSPITAL,MO,HOSPITAL,independent,Independent / Unknown
264020,ROYAL OAKS HOSPITAL,MO,HOSPITAL,independent,Independent / Unknown
264024,LAKELAND BEHAVIORAL HEALTH SYSTEM,MO,HOSPITAL,independent,Independent / Unknown
264031,OSAGE BEACH CENTER FOR BEHAVIORAL HEALTH,MO,HOSPITAL,independent,Independent / Unknown
264032,CENTERPOINTE HOSPITAL OF COLUMBIA,MO,HOSPITAL,independent,Independent / Unknown
264033,PERIMETER BEHAVIORAL HOSPITAL OF SPRINGFIELD,MO,HOSPITAL,independent,Independent / Unknown
264034,SOUTHEAST BEHAVIORAL HOSPITAL,MO,HOSPITAL,independent,Independent / Unknown
264035,MARYLAND HEIGHTS CENTER FOR BEHAVIORAL HEALTH,MO,HOSPITAL,independent,Independent / Unknown
270003,ST PETERS HEALTH,MT,HOSPITAL,saint_peters_health,Saint Peters Health
270004,BILLINGS CLINIC,MT,HOSPITAL,billings_clinic,Billings Clinic
270012,BENEFIS HOSPITALS INC,MT,HOSPITAL,benefis_health_system,Benefis Health System
270014,ST. PATRICK HOSPITAL,MT,HOSPITAL,providence,Providence
270017,ST JAMES HOSPITAL,MT,HOSPITAL,intermountain_health,Intermountain Health
270023,COMMUNITY MEDICAL CENTER,MT,HOSPITAL,lifepoint_health,Lifepoint Health
27003F,VA MONTANA HEALTHCARE SYSTEM,MT,HOSPITAL,independent,Independent / Unknown
270049,INTERMOUNTAIN HEALTH ST VINCENT REGIONAL HOSPITAL,MT,HOSPITAL,intermountain_health,Intermountain Health
270051,LOGAN HEALTH MEDICAL CENTER,MT,HOSPITAL,logan_health,Logan Health
270057,BOZEMAN HEALTH DEACONESS HOSPITAL,MT,HOSPITAL,bozeman_deaconess_hospital,Bozeman Deaconess Hospital
270074,P H S INDIAN HOSPITAL AT BROWNING - BLACKFEET,MT,HOSPITAL,independent,Independent / Unknown
270086,GREAT FALLS CLINIC HOSPITAL,MT,HOSPITAL,independent,Independent / Unknown
271300,POPLAR COMMUNITY HOSPITAL,MT,HOSPITAL,independent,Independent / Unknown
271301,FALLON MEDICAL COMPLEX HOSPITAL,MT,HOSPITAL,independent,Independent / Unknown
271302,DAHL MEMORIAL HEALTHCARE ASSOCIATION INC,MT,HOSPITAL,independent,Independent / Unknown
271303,GRANITE COUNTY MEDICAL CENTER,MT,HOSPITAL,independent,Independent / Unknown
271304,MISSOURI RIVER MEDICAL CENTER,MT,HOSPITAL,benefis_health_system,Benefis Health System
271305,MCCONE COUNTY HEALTH CENTER,MT,HOSPITAL,independent,Independent / Unknown
271306,MOUNTAINVIEW MEDICAL CENTER,MT,HOSPITAL,independent,Independent / Unknown
271307,BENEFIS TETON MEDICAL CENTER,MT,HOSPITAL,benefis_health_system,Benefis Health System
271308,ROOSEVELT MEDICAL CENTER,MT,HOSPITAL,independent,Independent / Unknown
271309,PRAIRIE COMMUNITY CAH,MT,HOSPITAL,independent,Independent / Unknown
271310,GARFIELD COUNTY HEALTH CENTER,MT,HOSPITAL,independent,Independent / Unknown
271311,BIG SANDY MEDICAL CENTER,MT,HOSPITAL,independent,Independent / Unknown
271312,PHILLIPS COUNTY HOSPITAL - CAH,MT,HOSPITAL,independent,Independent / Unknown
271313,PIONEER MEDICAL CENTER,MT,HOSPITAL,billings_clinic,Billings Clinic
271314,DEER LODGE MEDICAL CENTER,MT,HOSPITAL,independent,Independent / Unknown
271315,P H S INDIAN HOSPITAL-FT BELKNAP AT HARLEM - CAH,MT,HOSPITAL,independent,Independent / Unknown
271316,FRANCES MAHON DEACONESS HOSPITAL,MT,HOSPITAL,independent,Independent / Unknown
271317,LIVINGSTON HEALTHCARE,MT,HOSPITAL,billings_clinic,Billings Clinic
271318,BARRETT HOSPITAL & HEALTHCARE,MT,HOSPITAL,independent,Independent / Unknown
271319,RUBY VALLEY MEDICAL CENTER,MT,HOSPITAL,independent,Independent / Unknown
271320,CABINET PEAKS MEDICAL CENTER,MT,HOSPITAL,independent,Independent / Unknown
271321,WHEATLAND MEMORIAL HOSPITAL,MT,HOSPITAL,independent,Independent / Unknown
271322,SHERIDAN MEMORIAL HOSPTIAL,MT,HOSPITAL,independent,Independent / Unknown
271323,CLARK FORK VALLEY HOSPITAL,MT,HOSPITAL,providence,Providence
271324,PONDERA MEDICAL CENTER,MT,HOSPITAL,logan_health,Logan Health
271325,ST LUKE COMMUNITY HOSPITAL,MT,HOSPITAL,independent,Independent / Unknown
271326,BEARTOOTH BILLINGS CLINIC,MT,HOSPITAL,billings_clinic,Billings Clinic
271327,ROSEBUD HEALTH CARE CENTER,MT,HOSPITAL,independent,Independent / Unknown
271328,LOGAN HEALTH - SHELBY,MT,HOSPITAL,logan_health,Logan Health
271329,MADISON VALLEY MEDICAL CENTER,MT,HOSPITAL,independent,Independent / Unknown
271330,STILLWATER BILLINGS CLINIC,MT,HOSPITAL,billings_clinic,Billings Clinic
271331,MINERAL COMMUNITY HOSPITAL,MT,HOSPITAL,independent,Independent / Unknown
271332,GLENDIVE MEDICAL CENTER,MT,HOSPITAL,independent,Independent / Unknown
271333,BILLINGS CLINIC BROADWATER,MT,HOSPITAL,independent,Independent / Unknown
271334,LOGAN HEALTH - CHESTER,MT,HOSPITAL,sanford_health,Sanford Health
271335,COMMUNITY HOSPITAL OF ANACONDA,MT,HOSPITAL,independent,Independent / Unknown
271336,LOGAN HEALTH - WHITEFISH,MT,HOSPITAL,logan_health,Logan Health
271337,NORTHERN ROCKIES MEDICAL CENTER,MT,HOSPITAL,logan_health,Logan Health
271338,BIG HORN HOSPITAL,MT,HOSPITAL,independent,Independent / Unknown
271339,P H S INDIAN HOSPITAL CROW / NORTHERN CHEYENNE,MT,HOSPITAL,independent,Independent / Unknown
271340,BITTERROOT HEALTH - DALY HOSPITAL,MT,HOSPITAL,bitterroot_health,Bitterroot Health
271341,TRINITY HOSPITAL,MT,HOSPITAL,independent,Independent / Unknown
271342,DANIELS MEMORIAL HOSPITAL,MT,HOSPITAL,billings_clinic,Billings Clinic
271343,PROVIDENCE ST JOSEPH MEDICAL CENTER,MT,HOSPITAL,providence,Providence
271344,SIDNEY HEALTH CENTER,MT,HOSPITAL,independent,Independent / Unknown
271345,CENTRAL MONTANA MEDICAL CENTER,MT,HOSPITAL,independent,Independent / Unknown
271346,ROUNDUP MEMORIAL HEALTHCARE,MT,HOSPITAL,independent,Independent / Unknown
271347,HOLY ROSARY HOSPITAL,MT,HOSPITAL,intermountain_health,Intermountain Health
271348,NORTHERN MONTANA HOSPITAL,MT,HOSPITAL,independent,Independent / Unknown
271389,BOZEMAN HEALTH BIG SKY MEDICAL CENTER,MT,HOSPITAL,independent,Independent / Unknown
274004,SHODAIR CHILDREN'S HOSPITAL,MT,HOSPITAL,independent,Independent / Unknown
280003,BRYAN MEDICAL CENTER,NE,HOSPITAL,bryan_health,Bryan Health
280009,CHI HEALTH GOOD SAMARITAN,NE,HOSPITAL,commonspirit,CommonSpirit Health
280013,THE NEBRASKA MEDICAL CENTER,NE,HOSPITAL,the_nebraska_medical_center,The Nebraska Medical Center
280020,CHI HEALTH ST. ELIZABETH,NE,HOSPITAL,commonspirit,CommonSpirit Health
280023,CHI HEALTH ST. FRANCIS,NE,HOSPITAL,commonspirit,CommonSpirit Health
280032,MARY LANNING HEALTHCARE,NE,HOSPITAL,mary_lanning_healthcare,Mary Lanning Healthcare
280040,THE NEBRASKA METHODIST HOSPITAL,NE,HOSPITAL,methodist_health_system_ne,Methodist Health System NE
280059,TWELVE CLANS UNITY HOSPITAL,NE,HOSPITAL,independent,Independent / Unknown
280060,CHI HEALTH BERGAN MERCY,NE,HOSPITAL,commonspirit,CommonSpirit Health
280061,REGIONAL WEST MEDICAL CENTER,NE,HOSPITAL,regional_west_health_services,Regional West Health Services
280065,GREAT PLAINS HEALTH,NE,HOSPITAL,great_plains_health,Great Plains Health
28006F,OMAHA VA MEDICAL CENTER (VA NEBRASKA WESTERN IOWA HEALTHCARE SYSTEM),NE,HOSPITAL,va,VA
280077,METHODIST FREMONT HEALTH,NE,HOSPITAL,methodist_health_system_ne,Methodist Health System NE
280081,CHI HEALTH IMMANUEL,NE,HOSPITAL,commonspirit,CommonSpirit Health
280105,CHI HEALTH MIDLANDS,NE,HOSPITAL,commonspirit,CommonSpirit Health
280111,"COLUMBUS COMMUNITY HOSPITAL, INC",NE,HOSPITAL,independent,Independent / Unknown
280125,FAITH REGIONAL HEALTH SERVICES,NE,HOSPITAL,faith_regional_health_services,Faith Regional Health Services
280127,LINCOLN SURGICAL HOSPITAL,NE,HOSPITAL,independent,Independent / Unknown
280128,CHI HEALTH NEBRASKA HEART,NE,HOSPITAL,commonspirit,CommonSpirit Health
280129,NEBRASKA ORTHOPAEDIC HOSPITAL,NE,HOSPITAL,the_nebraska_medical_center,The Nebraska Medical Center
280130,CHI HEALTH LAKESIDE,NE,HOSPITAL,commonspirit,CommonSpirit Health
280131,MIDWEST SURGICAL HOSPITAL LLC,NE,HOSPITAL,independent,Independent / Unknown
280132,BELLEVUE MEDICAL CENTER,NE,HOSPITAL,the_nebraska_medical_center,The Nebraska Medical Center
280133,"NEBRASKA SPINE HOSPITAL, LLC",NE,HOSPITAL,commonspirit,CommonSpirit Health
280134,KEARNEY REGIONAL MEDICAL CENTER,NE,HOSPITAL,bryan_health,Bryan Health
280139,GRAND ISLAND REGIONAL MEDICAL CENTER,NE,HOSPITAL,bryan_health,Bryan Health
280779,FRIEND COMMUNITY HEALTHCARE SYSTEM,NE,HOSPITAL,independent,Independent / Unknown
281300,HARLAN COUNTY HEALTH SYSTEM,NE,HOSPITAL,independent,Independent / Unknown
281301,FILLMORE COUNTY HOSPITAL,NE,HOSPITAL,independent,Independent / Unknown
281302,PAWNEE COUNTY MEMORIAL HOSPITAL,NE,HOSPITAL,independent,Independent / Unknown
281303,NIOBRARA VALLEY HOSPITAL,NE,HOSPITAL,faith_regional_health_services,Faith Regional Health Services
281304,THAYER COUNTY HEALTH SERVICES,NE,HOSPITAL,independent,Independent / Unknown
281305,KIMBALL HEALTH SERVICES,NE,HOSPITAL,independent,Independent / Unknown
281306,KEARNEY COUNTY HEALTH SERVICES HOSPITAL,NE,HOSPITAL,independent,Independent / Unknown
281307,SAUNDERS MEDICAL CENTER,NE,HOSPITAL,bryan_health,Bryan Health
281308,HENDERSON COMMUNITY HOSPITAL,NE,HOSPITAL,independent,Independent / Unknown
281309,SYRACUSE AREA HEALTH,NE,HOSPITAL,independent,Independent / Unknown
281310,GARDEN COUNTY HEALTH SERVICES,NE,HOSPITAL,regional_west_health_services,Regional West Health Services
281311,FRANKLIN COUNTY MEMORIAL HOSPITAL,NE,HOSPITAL,independent,Independent / Unknown
281312,GENOA COMMUNITY HOSPITAL,NE,HOSPITAL,faith_regional_health_services,Faith Regional Health Services
281313,GOTHENBURG HEALTH,NE,HOSPITAL,independent,Independent / Unknown
281314,ANNIE JEFFREY MEMORIAL COUNTY HEALTH CENTER,NE,HOSPITAL,independent,Independent / Unknown
281315,BRODSTONE HEALTHCARE,NE,HOSPITAL,independent,Independent / Unknown
281316,WEBSTER COUNTY COMMUNITY HOSPITAL,NE,HOSPITAL,independent,Independent / Unknown
281318,MORRILL COUNTY COMMUNITY HOSPITAL,NE,HOSPITAL,independent,Independent / Unknown
281319,JEFFERSON COMMUNITY HEALTH & LIFE,NE,HOSPITAL,independent,Independent / Unknown
281320,MEMORIAL HOSPITAL,NE,HOSPITAL,independent,Independent / Unknown
281322,ST FRANCIS MEMORIAL HOSPITAL,NE,HOSPITAL,independent,Independent / Unknown
281323,CHI HEALTH SCHUYLER,NE,HOSPITAL,commonspirit,CommonSpirit Health
281324,NEMAHA COUNTY HOSPITAL,NE,HOSPITAL,independent,Independent / Unknown
281325,BROWN COUNTY HOSPITAL,NE,HOSPITAL,independent,Independent / Unknown
281326,ANTELOPE MEMORIAL HOSPITAL,NE,HOSPITAL,independent,Independent / Unknown
281327,COZAD COMMUNITY HOSPITAL,NE,HOSPITAL,independent,Independent / Unknown
281328,MERRICK MEDICAL CENTER,NE,HOSPITAL,bryan_health,Bryan Health
281329,AVERA ST ANTHONY'S HOSPITAL,NE,HOSPITAL,avera_health,Avera Health
281331,AVERA CREIGHTON HOSPITAL,NE,HOSPITAL,avera_health,Avera Health
281332,BUTLER COUNTY HEALTH,NE,HOSPITAL,independent,Independent / Unknown
281333,ROCK COUNTY HOSPITAL,NE,HOSPITAL,independent,Independent / Unknown
281334,BOONE COUNTY HEALTH CENTER,NE,HOSPITAL,independent,Independent / Unknown
281335,CALLAWAY DISTRICT HOSPITAL,NE,HOSPITAL,independent,Independent / Unknown
281336,YORK GENERAL HEALTH CARE SERVICES,NE,HOSPITAL,independent,Independent / Unknown
281338,HOWARD COUNTY MEDICAL CENTER,NE,HOSPITAL,independent,Independent / Unknown
281339,MEMORIAL HEALTH CARE SYSTEMS,NE,HOSPITAL,independent,Independent / Unknown
281340,DUNDY COUNTY HOSPITAL,NE,HOSPITAL,independent,Independent / Unknown
281341,CHADRON HOSPITAL,NE,HOSPITAL,independent,Independent / Unknown
281342,CHI HEALTH ST. MARYS,NE,HOSPITAL,commonspirit,CommonSpirit Health
281343,WEST HOLT MEMORIAL HOSPITAL,NE,HOSPITAL,faith_regional_health_services,Faith Regional Health Services
281344,CHERRY COUNTY HOSPITAL,NE,HOSPITAL,independent,Independent / Unknown
281345,PROVIDENCE MEDICAL CENTER,NE,HOSPITAL,providence,Providence
281346,CHI HEALTH PLAINVIEW HOSPITAL,NE,HOSPITAL,commonspirit,CommonSpirit Health
281347,OSMOND GENERAL HOSPITAL,NE,HOSPITAL,independent,Independent / Unknown
281348,TRI VALLEY HEALTH SYSTEM,NE,HOSPITAL,avera_health,Avera Health
281349,PENDER COMMUNITY HOSPITAL,NE,HOSPITAL,independent,Independent / Unknown
281350,JOHNSON COUNTY HOSPITAL,NE,HOSPITAL,independent,Independent / Unknown
281351,CHASE COUNTY COMMUNITY HOSPITAL,NE,HOSPITAL,independent,Independent / Unknown
281352,"COMMUNITY MEDICAL CENTER, INC",NE,HOSPITAL,independent,Independent / Unknown
281353,VALLEY COUNTY HEALTH SYSTEM,NE,HOSPITAL,independent,Independent / Unknown
281354,CRETE AREA MEDICAL CENTER,NE,HOSPITAL,bryan_health,Bryan Health
281355,OGALLALA COMMUNITY HOSPITAL,NE,HOSPITAL,banner_health,Banner Health
281356,PERKINS COUNTY HEALTH SERVICES,NE,HOSPITAL,independent,Independent / Unknown
281357,SIDNEY REGIONAL MEDICAL CENTER,NE,HOSPITAL,independent,Independent / Unknown
281358,GORDON MEMORIAL HOSPITAL DISTRICT,NE,HOSPITAL,independent,Independent / Unknown
281359,MEMORIAL COMMUNITY HOSPITAL & HEALTH SYSTEM,NE,HOSPITAL,commonspirit,CommonSpirit Health
281360,BOX BUTTE GENERAL HOSPITAL,NE,HOSPITAL,independent,Independent / Unknown
281361,LEXINGTON REGIONAL HEALTH CENTER,NE,HOSPITAL,independent,Independent / Unknown
281362,PHELPS MEMORIAL HEALTH CENTER,NE,HOSPITAL,independent,Independent / Unknown
281363,COMMUNITY HOSPITAL,NE,HOSPITAL,independent,Independent / Unknown
281364,"BEATRICE COMMUNITY HOSPITAL & HEALTH CENTER, INC",NE,HOSPITAL,independent,Independent / Unknown
281365,JENNIE M MELHAM MEMORIAL MEDICAL CENTER,NE,HOSPITAL,independent,Independent / Unknown
283300,BOYS TOWN NATIONAL RESEARCH HOSPITAL,NE,HOSPITAL,independent,Independent / Unknown
283301,CHILDREN'S NEBRASKA,NE,HOSPITAL,independent,Independent / Unknown
284003,LINCOLN REGIONAL CENTER,NE,HOSPITAL,independent,Independent / Unknown
284009,DOUGLAS COUNTY COMMUNITY MENTAL HEALTH CENTER,NE,HOSPITAL,independent,Independent / Unknown
290001,RENOWN REGIONAL MEDICAL CENTER,NV,HOSPITAL,renown_health,Renown Health
290003,SUNRISE HOSPITAL AND MEDICAL CENTER,NV,HOSPITAL,hca,HCA
290005,NORTH VISTA HOSPITAL,NV,HOSPITAL,prime_healthcare,Prime Healthcare
290007,UNIVERSITY MEDICAL CENTER,NV,HOSPITAL,university_medical_center_of_southern_nevada,University Medical Center of Southern Nevada
290008,NORTHEASTERN NEVADA REGIONAL HOSPITAL,NV,HOSPITAL,lifepoint_health,Lifepoint Health
290009,SAINT MARY'S REGIONAL MEDICAL CENTER,NV,HOSPITAL,prime_healthcare,Prime Healthcare
290012,SAINT ROSE DOMINICAN HOSPITALS - ROSE DE LIMA,NV,HOSPITAL,commonspirit,CommonSpirit Health
290019,CARSON TAHOE REGIONAL MEDICAL CENTER,NV,HOSPITAL,carson_tahoe_health,Carson Tahoe Health
29001F,99TH MEDICAL GROUP (NELLIS AFB),NV,HOSPITAL,independent,Independent / Unknown
290021,VALLEY HOSPITAL MEDICAL CENTER,NV,HOSPITAL,universal_health_services,Universal Health Services
29002F,VA SIERRA NEVADA HEALTHCARE SYSTEM,NV,HOSPITAL,independent,Independent / Unknown
290032,NORTHERN NEVADA MEDICAL CENTER,NV,HOSPITAL,universal_health_services,Universal Health Services
290039,MOUNTAINVIEW HOSPITAL,NV,HOSPITAL,hca,HCA
290041,SUMMERLIN HOSPITAL MEDICAL CENTER,NV,HOSPITAL,universal_health_services,Universal Health Services
290042,HARMON HOSPITAL,NV,HOSPITAL,independent,Independent / Unknown
290045,SAINT ROSE DOMINICAN HOSPITALS - SIENA CAMPUS,NV,HOSPITAL,commonspirit,CommonSpirit Health
290046,SPRING VALLEY HOSPITAL MEDICAL CENTER,NV,HOSPITAL,universal_health_services,Universal Health Services
290047,SOUTHERN HILLS HOSPITAL AND MEDICAL CENTER,NV,HOSPITAL,hca,HCA
290049,RENOWN SOUTH MEADOWS MEDICAL CENTER,NV,HOSPITAL,renown_health,Renown Health
29004F,VA SOUTHERN NEVADA HEALTHCARE SYSTEM,NV,HOSPITAL,independent,Independent / Unknown
290053,SAINT ROSE DOMINICAN HOSPITALS - SAN MARTIN CAMPUS,NV,HOSPITAL,commonspirit,CommonSpirit Health
290054,CENTENNIAL HILLS HOSPITAL MEDICAL CENTER,NV,HOSPITAL,universal_health_services,Universal Health Services
290057,HENDERSON HOSPITAL,NV,HOSPITAL,universal_health_services,Universal Health Services
290058,SAINT ROSE DOMINICAN HOSPITALS - NORTH LAS VEGAS,NV,HOSPITAL,commonspirit,CommonSpirit Health
290062,WEST HENDERSON HOSPITAL,NV,HOSPITAL,independent,Independent / Unknown
291300,MOUNT GRANT GENERAL HOSPITAL,NV,HOSPITAL,independent,Independent / Unknown
291301,INCLINE VILLAGE COMMUNITY HOSPITAL,NV,HOSPITAL,tahoe_forest_hospital_district,Tahoe Forest Hospital District
291302,WILLIAM BEE RIRIE HOSPITAL,NV,HOSPITAL,independent,Independent / Unknown
291303,BATTLE MOUNTAIN GENERAL HOSPITAL,NV,HOSPITAL,independent,Independent / Unknown
291304,PERSHING GENERAL HOSPITAL,NV,HOSPITAL,independent,Independent / Unknown
291306,CARSON VALLEY HEALTH,NV,HOSPITAL,barton_health,Barton Health
291307,MESA VIEW REGIONAL HOSPITAL,NV,HOSPITAL,quorum_health,Quorum Health
291308,HUMBOLDT GENERAL HOSPITAL,NV,HOSPITAL,independent,Independent / Unknown
291309,BOULDER CITY HOSPITAL,NV,HOSPITAL,independent,Independent / Unknown
291311,DESERT VIEW HOSPITAL,NV,HOSPITAL,universal_health_services,Universal Health Services
291312,GROVER C DILS MEDICAL CENTER,NV,HOSPITAL,independent,Independent / Unknown
291313,BANNER CHURCHILL COMMUNITY HOSPITAL,NV,HOSPITAL,banner_health,Banner Health
291314,SOUTH LYON MEDICAL CENTER,NV,HOSPITAL,independent,Independent / Unknown
294000,DINI-TOWNSEND HOSPITAL AT NNMH,NV,HOSPITAL,independent,Independent / Unknown
294002,SOUTHERN NEVADA ADULT MENTAL HEALTH SERVICES,NV,HOSPITAL,independent,Independent / Unknown
294010,SPRING MOUNTAIN SAHARA,NV,HOSPITAL,independent,Independent / Unknown
294011,SPRING MOUNTAIN TREATMENT CENTER,NV,HOSPITAL,independent,Independent / Unknown
294012,SEVEN HILLS HOSPITAL,NV,HOSPITAL,independent,Independent / Unknown
294013,"DESERT PARKWAY BEHAVIORAL HEALTHCARE HOSPITAL, LLC",NV,HOSPITAL,independent,Independent / Unknown
294015,"RENO BEHAVIORAL HEALTHCARE HOSPITAL, LLC",NV,HOSPITAL,independent,Independent / Unknown
294016,"THRIVE BEHAVIORAL HOSPITAL, LLC",NV,HOSPITAL,independent,Independent / Unknown
300001,CONCORD HOSPITAL,NH,HOSPITAL,capital_region_health_care,Capital Region Health Care
300003,MARY HITCHCOCK MEMORIAL HOSPITAL,NH,HOSPITAL,dartmouth_hitchcock,Dartmouth-Hitchcock
300005,CONCORD HOSPITAL- LACONIA,NH,HOSPITAL,capital_region_health_care,Capital Region Health Care
300011,ST JOSEPH HOSPITAL,NH,HOSPITAL,covenant_health_systems,Covenant Health Systems
300012,ELLIOT HOSPITAL,NH,HOSPITAL,solutionhealth,Solutionhealth
300014,FRISBIE MEMORIAL HOSPITAL,NH,HOSPITAL,hca,HCA
300017,PARKLAND MEDICAL CENTER,NH,HOSPITAL,hca,HCA
300018,WENTWORTH-DOUGLASS HOSPITAL,NH,HOSPITAL,mass_general_brigham,Mass General Brigham
300019,CHESHIRE MEDICAL CENTER,NH,HOSPITAL,dartmouth_hitchcock,Dartmouth-Hitchcock
300020,SOUTHERN NH MEDICAL CENTER,NH,HOSPITAL,solutionhealth,Solutionhealth
300023,EXETER HOSPITAL INC,NH,HOSPITAL,exeter_health_resources,Exeter Health Resources
300029,PORTSMOUTH REGIONAL HOSPITAL,NH,HOSPITAL,hca,HCA
300034,CATHOLIC MEDICAL CENTER,NH,HOSPITAL,catholic_medical_center,Catholic Medical Center
301300,UPPER CONNECTICUT VALLEY HOSPITAL,NH,HOSPITAL,independent,Independent / Unknown
301301,COTTAGE HOSPITAL,NH,HOSPITAL,independent,Independent / Unknown
301302,LITTLETON REGIONAL HEALTHCARE,NH,HOSPITAL,independent,Independent / Unknown
301303,WEEKS MEDICAL CENTER,NH,HOSPITAL,north_country_healthcare,North Country Healthcare
301304,NEW LONDON HOSPITAL,NH,HOSPITAL,dartmouth_hitchcock,Dartmouth-Hitchcock
301305,ALICE PECK DAY MEMORIAL HOSPITAL,NH,HOSPITAL,dartmouth_hitchcock,Dartmouth-Hitchcock
301306,CONCORD HOSPITAL- FRANKLIN,NH,HOSPITAL,capital_region_health_care,Capital Region Health Care
301307,"MEMORIAL HOSPITAL, THE",NH,HOSPITAL,mainehealth,MaineHealth
301308,VALLEY REGIONAL HOSPITAL,NH,HOSPITAL,dartmouth_hitchcock,Dartmouth-Hitchcock
301309,MONADNOCK COMMUNITY HOSPITAL,NH,HOSPITAL,independent,Independent / Unknown
301310,ANDROSCOGGIN VALLEY HOSPITAL,NH,HOSPITAL,north_country_healthcare,North Country Healthcare
301311,SPEARE MEMORIAL HOSPITAL,NH,HOSPITAL,independent,Independent / Unknown
301312,HUGGINS HOSPITAL,NH,HOSPITAL,independent,Independent / Unknown
304000,NEW HAMPSHIRE HOSPITAL,NH,HOSPITAL,independent,Independent / Unknown
304001,HAMPSTEAD HOSPITAL & RESIDENTIAL TREATMENT FACILIT,NH,HOSPITAL,independent,Independent / Unknown
310001,HACKENSACK UNIVERSITY MEDICAL CENTER,NJ,HOSPITAL,hackensack_meridian_health,Hackensack Meridian Health
310002,NEWARK BETH ISRAEL MEDICAL CENTER,NJ,HOSPITAL,rwjbarnabas_health,RWJBarnabas Health
310003,PALISADES MEDICAL CENTER,NJ,HOSPITAL,hackensack_meridian_health,Hackensack Meridian Health
310005,HUNTERDON MEDICAL CENTER,NJ,HOSPITAL,hunterdon_healthcare_system,Hunterdon Healthcare System
310006,ST MARY'S GENERAL HOSPITAL,NJ,HOSPITAL,prime_healthcare,Prime Healthcare
310008,HOLY NAME MEDICAL CENTER,NJ,HOSPITAL,holy_name_medical_center,Holy Name Medical Center
310009,CLARA MAASS MEDICAL CENTER,NJ,HOSPITAL,rwjbarnabas_health,RWJBarnabas Health
310010,UNIVERSITY MEDICAL CENTER OF PRINCETON AT PLAINSBORO,NJ,HOSPITAL,university_of_pennsylvania_health_system,University of Pennsylvania Health System
310011,CAPE REGIONAL MEDICAL CENTER INC,NJ,HOSPITAL,cape_regional_health_system,Cape Regional Health System
310012,VALLEY HOSPITAL,NJ,HOSPITAL,valley_health_system_nj,Valley Health System NJ
310014,COOPER UNIVERSITY HOSPITAL,NJ,HOSPITAL,cooper_university_health_care,Cooper University Health Care
310015,MORRISTOWN MEDICAL CENTER,NJ,HOSPITAL,atlantic_health_system,Atlantic Health System
310016,HEIGHTS UNIVERSITY HOSPITAL,NJ,HOSPITAL,carepoint_health,Carepoint Health
310017,CHILTON MEDICAL CENTER,NJ,HOSPITAL,atlantic_health_system,Atlantic Health System
310019,ST JOSEPH'S UNIVERSITY MEDICAL CENTER INC,NJ,HOSPITAL,saint_josephs_health,Saint Josephs Health
31001F,VA NEW JERSEY HEALTH CARE SYSTEM,NJ,HOSPITAL,independent,Independent / Unknown
310022,WEST JERSEY HOSPITAL,NJ,HOSPITAL,virtua_health,Virtua Health
310024,ROBERT WOOD JOHNSON UNIVERSITY HOSPITAL AT RAHWAY,NJ,HOSPITAL,rwjbarnabas_health,RWJBarnabas Health
310025,CAREPOINT HEALTH - BAYONNE MEDICAL CENTER,NJ,HOSPITAL,carepoint_health,Carepoint Health
310027,TRINITAS REGIONAL MEDICAL CENTER,NJ,HOSPITAL,rwjbarnabas_health,RWJBarnabas Health
310028,NEWTON MEDICAL CENTER,NJ,HOSPITAL,atlantic_health_system,Atlantic Health System
310029,VIRTUA OUR LADY OF LOURDES HOSPITAL,NJ,HOSPITAL,virtua_health,Virtua Health
310031,DEBORAH HEART AND LUNG CENTER,NJ,HOSPITAL,independent,Independent / Unknown
310032,INSPIRA MEDICAL CENTER VINELAND,NJ,HOSPITAL,inspira_health_network,Inspira Health Network
310034,RIVERVIEW MEDICAL CENTER,NJ,HOSPITAL,hackensack_meridian_health,Hackensack Meridian Health
310038,ROBERT WOOD JOHNSON UNIVERSITY HOSPITAL,NJ,HOSPITAL,rwjbarnabas_health,RWJBarnabas Health
310039,RARITAN BAY MEDICAL CENTER,NJ,HOSPITAL,hackensack_meridian_health,Hackensack Meridian Health
310040,CAREPOINT HEALTH-HOBOKEN UNIVERSITY MEDICAL CENTER,NJ,HOSPITAL,carepoint_health,Carepoint Health
310041,COMMUNITY MEDICAL CENTER,NJ,HOSPITAL,rwjbarnabas_health,RWJBarnabas Health
310044,CAPITAL HEALTH MEDICAL CENTER - HOPEWELL,NJ,HOSPITAL,capital_health_system,Capital Health System
310045,ENGLEWOOD HOSPITAL AND MEDICAL CENTER,NJ,HOSPITAL,englewood_health,Englewood Health
310047,SHORE MEDICAL CENTER,NJ,HOSPITAL,shore_physicians_group,Shore Physicians Group
310048,ROBERT WOOD JOHNSON UNIVERSITY HOSPITAL - SOMERSET,NJ,HOSPITAL,rwjbarnabas_health,RWJBarnabas Health
310050,SAINT CLARE'S HOSPITAL/ DENVILLE CAMPUS,NJ,HOSPITAL,prime_healthcare,Prime Healthcare
310051,OVERLOOK MEDICAL CENTER,NJ,HOSPITAL,atlantic_health_system,Atlantic Health System
310052,OCEAN MEDICAL CENTER,NJ,HOSPITAL,hackensack_meridian_health,Hackensack Meridian Health
310054,HACKENSACK MERIDIAN MOUNTAINSIDE MEDICAL,NJ,HOSPITAL,ardent_health,Ardent Health
310057,VIRTUA MOUNT HOLLY HOSPITAL,NJ,HOSPITAL,virtua_health,Virtua Health
310058,BERGEN NEW BRIDGE MEDICAL CENTER,NJ,HOSPITAL,independent,Independent / Unknown
310060,ST LUKE'S WARREN HOSPITAL,NJ,HOSPITAL,saint_lukes_university_health_network,Saint Lukes University Health Network
310061,VIRTUA WILLINGBORO HOSPITAL,NJ,HOSPITAL,virtua_health,Virtua Health
310064,ATLANTICARE REGIONAL MEDICAL CENTER - CITY CAMPUS,NJ,HOSPITAL,atlanticare,AtlantiCare
310069,INSPIRA MEDICAL CENTER MULLICA HILL,NJ,HOSPITAL,inspira_health_network,Inspira Health Network
310070,SAINT PETER'S UNIVERSITY HOSPITAL,NJ,HOSPITAL,saint_peters_healthcare_system,Saint Peters Healthcare System
310073,JERSEY SHORE UNIVERSITY MEDICAL CENTER,NJ,HOSPITAL,hackensack_meridian_health,Hackensack Meridian Health
310074,JERSEY CITY MEDICAL CENTER,NJ,HOSPITAL,rwjbarnabas_health,RWJBarnabas Health
310075,MONMOUTH MEDICAL CENTER,NJ,HOSPITAL,rwjbarnabas_health,RWJBarnabas Health
310076,COOPERMAN BARNABAS MEDICAL CENTER,NJ,HOSPITAL,rwjbarnabas_health,RWJBarnabas Health
310083,CAREWELL HEALTH MEDICAL CENTER,NJ,HOSPITAL,independent,Independent / Unknown
310084,MONMOUTH MEDICAL CENTER-SOUTHERN CAMPUS,NJ,HOSPITAL,rwjbarnabas_health,RWJBarnabas Health
310086,JEFFERSON STRATFORD HOSPITAL,NJ,HOSPITAL,jefferson_health,Jefferson Health
310092,CAPITAL HEALTH REGIONAL MEDICAL CENTER,NJ,HOSPITAL,capital_health_system,Capital Health System
310096,SAINT MICHAEL'S MEDICAL CENTER,NJ,HOSPITAL,prime_healthcare,Prime Healthcare
310108,JFK UNIVERSITY MEDICAL CENTER,NJ,HOSPITAL,hackensack_meridian_health,Hackensack Meridian Health
310110,ROBERT WOOD JOHNSON UNIVERSITY HOSPITAL AT HAMILTON,NJ,HOSPITAL,rwjbarnabas_health,RWJBarnabas Health
310111,CENTRASTATE MEDICAL CENTER,NJ,HOSPITAL,centrastate_healthcare_system,Centrastate Healthcare System
310112,BAYSHORE MEDICAL CENTER,NJ,HOSPITAL,hackensack_meridian_health,Hackensack Meridian Health
310113,SOUTHERN OCEAN MEDICAL CENTER,NJ,HOSPITAL,hackensack_meridian_health,Hackensack Meridian Health
310115,AHS HOSPITAL CORP,NJ,HOSPITAL,atlantic_health_system,Atlantic Health System
310118,HUDSON REGIONAL HOSPITAL,NJ,HOSPITAL,independent,Independent / Unknown
310119,THE UNIVERSITY HOSPITAL,NJ,HOSPITAL,university_hospital,University Hospital
310130,HACKENSACK MERIDIAN HEALTH PASCACK VALLEY MEDICAL,NJ,HOSPITAL,ardent_health,Ardent Health
312024,SILVER LAKE HOSPITAL LTACH,NJ,HOSPITAL,independent,Independent / Unknown
313300,CHILDREN'S SPECIALIZED HOSPITAL,NJ,HOSPITAL,independent,Independent / Unknown
313302,WEISMAN CHILDRENS REHABILITATION HOSPITAL,NJ,HOSPITAL,independent,Independent / Unknown
314001,SUMMIT OAKS HOSPITAL,NJ,HOSPITAL,independent,Independent / Unknown
314005,ANCORA PSYCH HOSP,NJ,HOSPITAL,independent,Independent / Unknown
314011,UNIVERSITY BEHAVIORAL HEALTH CARE,NJ,HOSPITAL,independent,Independent / Unknown
314012,HACKENSACK MERIDIAN HEALTH CARRIER CLINIC,NJ,HOSPITAL,hackensack_meridian_health,Hackensack Meridian Health
314013,TRENTON PSYCHIATRIC HOSP,NJ,HOSPITAL,independent,Independent / Unknown
314016,GREYSTONE PARK PSYCHIATRIC HOSPITAL,NJ,HOSPITAL,independent,Independent / Unknown
314018,NORTHBROOK BEHAVIORAL HEALTH HOSPITAL,NJ,HOSPITAL,independent,Independent / Unknown
314019,RAMAPO RIDGE BEHAVIORAL HEALTH HOSPITAL,NJ,HOSPITAL,independent,Independent / Unknown
314020,ESSEX COUNTY HOSPITAL CENTER,NJ,HOSPITAL,independent,Independent / Unknown
314021,HAMPTON BEHAVIORAL HEALTH CENTER,NJ,HOSPITAL,independent,Independent / Unknown
314022,SAINT BARNABAS BEHAVIORAL HEALTH CENTER,NJ,HOSPITAL,rwjbarnabas_health,RWJBarnabas Health
314023,ASPEN HILLS HEALTHCARE CENTER,NJ,HOSPITAL,independent,Independent / Unknown
314024,HUDSON COUNTY MEADOWVIEW PSYCHIATRIC H,NJ,HOSPITAL,independent,Independent / Unknown
314027,MOUNTAINVIEW BEHAVIORAL HOSPITAL,NJ,HOSPITAL,independent,Independent / Unknown
320001,UNM HOSPITAL,NM,HOSPITAL,unm_health_system,UNM Health System
320002,CHRISTUS ST VINCENT REGIONAL MEDICAL CENTER,NM,HOSPITAL,christus_health,CHRISTUS Health
320004,CHRISTUS SOUTHERN NEW MEXICO,NM,HOSPITAL,gerald_champion_regional_medical_center,Gerald Champion Regional Medical Center
320005,SAN JUAN REGIONAL MEDICAL CENTER INC,NM,HOSPITAL,san_juan_regional_medical_center,San Juan Regional Medical Center
320006,EASTERN NEW MEXICO MEDICAL CENTER,NM,HOSPITAL,community_health_systems,Community Health Systems
320009,LOVELACE MEDICAL CENTER,NM,HOSPITAL,ardent_health,Ardent Health
320011,PRESBYTERIAN ESPANOLA HOSPITAL,NM,HOSPITAL,presbyterian_healthcare_services,Presbyterian Healthcare Services
320017,LOVELACE WOMEN'S HOSPITAL,NM,HOSPITAL,ardent_health,Ardent Health
320018,MEMORIAL MEDICAL CENTER,NM,HOSPITAL,lifepoint_health,Lifepoint Health
320021,PRESBYTERIAN HOSPITAL,NM,HOSPITAL,presbyterian_healthcare_services,Presbyterian Healthcare Services
320022,PLAINS REGIONAL MEDICAL CENTER,NM,HOSPITAL,presbyterian_healthcare_services,Presbyterian Healthcare Services
320030,ARTESIA GENERAL HOSPITAL,NM,HOSPITAL,independent,Independent / Unknown
320033,LOS ALAMOS MEDICAL CENTER,NM,HOSPITAL,lifepoint_health,Lifepoint Health
320057,SANTA FE PHS INDIAN HOSPITAL,NM,HOSPITAL,independent,Independent / Unknown
320059,NORTHERN NAVAJO MEDICAL CENTER,NM,HOSPITAL,independent,Independent / Unknown
32005F,VA NEW MEXICO HEALTHCARE SYSTEM,NM,HOSPITAL,independent,Independent / Unknown
320060,ZUNI COMPREHENSIVE COMMUNITY HEALTH CENTER,NM,HOSPITAL,independent,Independent / Unknown
320061,GALLUP INDIAN MEDICAL CENTER,NM,HOSPITAL,independent,Independent / Unknown
320062,CROWNPOINT HEALTHCARE FACILITY,NM,HOSPITAL,independent,Independent / Unknown
320063,CARLSBAD MEDICAL CENTER,NM,HOSPITAL,community_health_systems,Community Health Systems
320065,COVENANT HEALTH HOBBS HOSPITAL,NM,HOSPITAL,providence,Providence
320074,LOVELACE WESTSIDE HOSPITAL,NM,HOSPITAL,ardent_health,Ardent Health
320084,ROOSEVELT GENERAL HOSPITAL,NM,HOSPITAL,independent,Independent / Unknown
320085,MOUNTAIN VIEW REGIONAL MEDICAL CENTER,NM,HOSPITAL,community_health_systems,Community Health Systems
320086,LOVELACE REGIONAL HOSPITAL - ROSWELL,NM,HOSPITAL,ardent_health,Ardent Health
320090,PRESBYTERIAN SANTA FE MEDICAL CENTER,NM,HOSPITAL,presbyterian_healthcare_services,Presbyterian Healthcare Services
320091,THREE CROSSES REGIONAL HOSPITAL LLC,NM,HOSPITAL,independent,Independent / Unknown
320779,GUADALUPE COUNTY HOSPITAL,NM,HOSPITAL,independent,Independent / Unknown
321300,SIERRA VISTA HOSPITAL,NM,HOSPITAL,independent,Independent / Unknown
321301,SOCORRO GENERAL HOSPITAL,NM,HOSPITAL,presbyterian_healthcare_services,Presbyterian Healthcare Services
321302,DR DAN C TRIGG MEMORIAL HOSPITAL,NM,HOSPITAL,presbyterian_healthcare_services,Presbyterian Healthcare Services
321304,UNION COUNTY GENERAL HOSPITAL,NM,HOSPITAL,community_hospital_corporation,Community Hospital Corporation
321305,NOR-LEA HOSPITAL DISTRICT,NM,HOSPITAL,independent,Independent / Unknown
321306,LINCOLN COUNTY MEDICAL CENTER,NM,HOSPITAL,presbyterian_healthcare_services,Presbyterian Healthcare Services
321307,MINERS' COLFAX MEDICAL CENTER,NM,HOSPITAL,independent,Independent / Unknown
321308,CIBOLA GENERAL HOSPITAL,NM,HOSPITAL,independent,Independent / Unknown
321309,MIMBRES VALLEY MEDICAL CENTER,NM,HOSPITAL,quorum_health,Quorum Health
321310,HOLY CROSS HOSPITAL A DIV OF TAOS HEALTH SYSTEMS,NM,HOSPITAL,independent,Independent / Unknown
321311,GILA REGIONAL MEDICAL CENTER,NM,HOSPITAL,independent,Independent / Unknown
321312,ALTA VISTA REGIONAL HOSPITAL,NM,HOSPITAL,quorum_health,Quorum Health
321313,REHOBOTH MCKINLEY CHRISTIAN HEALTH CARE SERVICES,NM,HOSPITAL,independent,Independent / Unknown
324010,"BHC MESILLA VALLEY HOSPITAL, LLC",NM,HOSPITAL,independent,Independent / Unknown
324012,"PEAK BEHAVIORAL HEALTH SERVICES, LLC",NM,HOSPITAL,independent,Independent / Unknown
324013,HAVEN BEHAVIORAL HOSPITAL OF ALBUQUERQUE,NM,HOSPITAL,independent,Independent / Unknown
324014,CENTRAL DESERT BEHAVIORAL HEALTH HOSPITAL,NM,HOSPITAL,independent,Independent / Unknown
330005,KALEIDA HEALTH,NY,HOSPITAL,kaleida_health,Kaleida Health
330006,ST JOSEPH'S MEDICAL CENTER,NY,HOSPITAL,saint_joseph_medical_center,Saint Joseph Medical Center
330009,BRONXCARE HOSPITAL CENTER,NY,HOSPITAL,bronxcare_health_system,BronxCare Health System
330011,"OUR LADY OF LOURDES MEMORIAL HOSPITAL, INC",NY,HOSPITAL,ascension,Ascension
330013,ALBANY MEDICAL CENTER HOSPITAL,NY,HOSPITAL,albany_medical_center,Albany Medical Center
330014,JAMAICA HOSPITAL MEDICAL CENTER,NY,HOSPITAL,medisys_health_network,Medisys Health Network
330019,"NEW YORK COMMUNITY HOSPITAL OF BROOKLYN, INC.",NY,HOSPITAL,northwell_health,Northwell Health
330023,VASSAR BROTHERS MEDICAL CENTER,NY,HOSPITAL,nuvance_health,Nuvance Health
330024,MOUNT SINAI HOSPITAL,NY,HOSPITAL,mount_sinai_health_system,Mount Sinai Health System
330027,NASSAU UNIVERSITY MEDICAL CENTER,NY,HOSPITAL,northwell_health,Northwell Health
330028,RICHMOND UNIVERSITY MEDICAL CENTER,NY,HOSPITAL,richmond_university_medical_center,Richmond University Medical Center
330030,NEWARK-WAYNE COMMUNITY HOSPITAL,NY,HOSPITAL,rochester_regional_health_system,Rochester Regional Health System
330033,CHENANGO MEMORIAL HOSPITAL,NY,HOSPITAL,united_health_services,United Health Services
330043,NS/LIJ HS SOUTHSIDE HOSPITAL,NY,HOSPITAL,northwell_health,Northwell Health
330044,WYNN HOSPITAL,NY,HOSPITAL,mohawk_valley_health_system,Mohawk Valley Health System
330045,NS/LIJ HS HUNTINGTON HOSPITAL,NY,HOSPITAL,northwell_health,Northwell Health
330046,MOUNT SINAI WEST,NY,HOSPITAL,mount_sinai_health_system,Mount Sinai Health System
330047,ST MARY'S HEALTHCARE,NY,HOSPITAL,saint_marys_healthcare,Saint Marys Healthcare
330049,NORTHERN DUTCHESS HOSPITAL,NY,HOSPITAL,nuvance_health,Nuvance Health
330055,NEW YORK-PRESBYTERIAN/QUEENS,NY,HOSPITAL,new_york_presbyterian_healthcare_system,New York Presbyterian Healthcare System
330056,BROOKLYN HOSPITAL CENTER - DOWNTOWN CAMPUS,NY,HOSPITAL,the_brooklyn_hospital_center,The Brooklyn Hospital Center
330057,ST PETER'S HOSPITAL,NY,HOSPITAL,trinity_health,Trinity Health
330058,GENEVA GENERAL HOSPITAL,NY,HOSPITAL,finger_lakes_regional_health_system,Finger Lakes Regional Health System
330059,MONTEFIORE MEDICAL CENTER,NY,HOSPITAL,montefiore_medical_center,Montefiore Medical Center
330060,"CARTHAGE AREA HOSPITAL, INC",NY,HOSPITAL,independent,Independent / Unknown
330065,NIAGARA FALLS MEMORIAL MEDICAL CENTER,NY,HOSPITAL,niagara_falls_memorial_medical_center,Niagara Falls Memorial Medical Center
330073,UNITED MEMORIAL MEDICAL CENTER,NY,HOSPITAL,rochester_regional_health_system,Rochester Regional Health System
330074,F F THOMPSON HOSPITAL,NY,HOSPITAL,university_of_rochester_medical_center,University of Rochester Medical Center
330078,SISTERS OF CHARITY HOSPITAL,NY,HOSPITAL,catholic_health_systems,Catholic Health Systems
330079,ADIRONDACK MEDICAL CENTER - SARANAC LAKE,NY,HOSPITAL,independent,Independent / Unknown
330080,LINCOLN MEDICAL & MENTAL HEALTH CENTER,NY,HOSPITAL,new_york_city_health_and_hospitals_corporation,New York City Health and Hospitals Corporation
330085,AURELIA OSBORN FOX MEMORIAL HOSPITAL,NY,HOSPITAL,bassett_healthcare_network,Bassett Healthcare Network
330086,MONTEFIORE MOUNT VERNON HOSPITAL,NY,HOSPITAL,montefiore_medical_center,Montefiore Medical Center
330090,ARNOT OGDEN MEDICAL CENTER,NY,HOSPITAL,arnot_health,Arnot Health
330094,COLUMBIA MEMORIAL HOSPITAL,NY,HOSPITAL,columbia_memorial_health,Columbia Memorial Health
330096,JONES MEMORIAL HOSPITAL,NY,HOSPITAL,university_of_rochester_medical_center,University of Rochester Medical Center
33009F,ALBANY VA MEDICAL CENTER,NY,HOSPITAL,va,VA
330100,NY EYE AND EAR INFIRMARY OF MOUNT SINAI,NY,HOSPITAL,mount_sinai_health_system,Mount Sinai Health System
330101,NEW YORK-PRESBYTERIAN HOSPITAL,NY,HOSPITAL,new_york_presbyterian_healthcare_system,New York Presbyterian Healthcare System
330102,KENMORE MERCY HOSPITAL,NY,HOSPITAL,catholic_health_systems,Catholic Health Systems
330103,OLEAN GENERAL HOSPITAL,NY,HOSPITAL,kaleida_health,Kaleida Health
330104,NYACK HOSPITAL,NY,HOSPITAL,montefiore_medical_center,Montefiore Medical Center
330106,NORTH SHORE UNIVERSITY HOSPITAL,NY,HOSPITAL,northwell_health,Northwell Health
330107,PECONIC BAY MEDICAL CENTER,NY,HOSPITAL,northwell_health,Northwell Health
330111,BERTRAND CHAFFEE HOSPITAL,NY,HOSPITAL,catholic_health_systems,Catholic Health Systems
330115,ONEIDA HEALTH HOSPITAL,NY,HOSPITAL,oneida_health,Oneida Health
330119,LENOX HILL HOSPITAL,NY,HOSPITAL,northwell_health,Northwell Health
33011F,BATH VA MEDICAL CENTER,NY,HOSPITAL,va,VA
330125,ROCHESTER GENERAL HOSPITAL,NY,HOSPITAL,rochester_regional_health_system,Rochester Regional Health System
330126,GARNET HEALTH MEDICAL CENTER,NY,HOSPITAL,garnet_health,Garnet Health
330127,JACOBI MEDICAL CENTER,NY,HOSPITAL,new_york_city_health_and_hospitals_corporation,New York City Health and Hospitals Corporation
330128,ELMHURST HOSPITAL CENTER,NY,HOSPITAL,new_york_city_health_and_hospitals_corporation,New York City Health and Hospitals Corporation
33012F,UPSTATE NEW YORK VA HEALTHCARE SYSTEM (WESTERN NY VA HEALTHCARE SYSTEM),NY,HOSPITAL,independent,Independent / Unknown
330135,BON SECOURS COMMUNITY HOSPITAL,NY,HOSPITAL,wmc_health,WMC Health
330136,BASSETT HEALTHCARE,NY,HOSPITAL,bassett_healthcare_network,Bassett Healthcare Network
330140,ST JOSEPH'S HOSPITAL HEALTH CENTER,NY,HOSPITAL,trinity_health,Trinity Health
330141,LONG ISLAND COMMUNITY HOSPITAL,NY,HOSPITAL,nyu_langone_health,NYU Langone Health
330151,ST JAMES HOSPITAL,NY,HOSPITAL,university_of_rochester_medical_center,University of Rochester Medical Center
330153,ELLIS HOSPITAL,NY,HOSPITAL,ellis_medicine,Ellis Medicine
330157,SAMARITAN MEDICAL CENTER,NY,HOSPITAL,samaritan_health,Samaritan Health
330158,GOOD SAMARITAN HOSPITAL OF SUFFERN,NY,HOSPITAL,wmc_health,WMC Health
33015F,VA HUDSON VALLEY HEALTHCARE SYSTEM,NY,HOSPITAL,independent,Independent / Unknown
330160,STATEN ISLAND UNIVERSITY HOSPITAL,NY,HOSPITAL,northwell_health,Northwell Health
330162,NORTHERN WESTCHESTER HOSPITAL,NY,HOSPITAL,northwell_health,Northwell Health
330164,HIGHLAND HOSPITAL,NY,HOSPITAL,university_of_rochester_medical_center,University of Rochester Medical Center
330166,"WESTFIELD MEMORIAL HOSPITAL, INC",NY,HOSPITAL,allegheny_health_network,Allegheny Health Network
330169,MOUNT SINAI BETH ISRAEL,NY,HOSPITAL,mount_sinai_health_system,Mount Sinai Health System
33016F,BRONX VA MEDICAL CENTER,NY,HOSPITAL,va,VA
330175,GUTHRIE CORTLAND REGIONAL MEDICAL CENTER,NY,HOSPITAL,guthrie_healthcare_system,Guthrie Healthcare System
33017F,VA NEW YORK HARBOR HEALTHCARE SYSTEM - NY DIV.,NY,HOSPITAL,independent,Independent / Unknown
330180,"SAMARITAN HOSPITAL OF TROY, NEW YORK",NY,HOSPITAL,trinity_health,Trinity Health
330181,NORTHWELL HOSPITAL GLEN COVE,NY,HOSPITAL,northwell_health,Northwell Health
330182,ST FRANCIS HOSPITAL - THE HEART CENTER,NY,HOSPITAL,catholic_health,Catholic Health
330184,MONTEFIORE NEW ROCHELLE HOSPITAL,NY,HOSPITAL,montefiore_medical_center,Montefiore Medical Center
330185,JOHN T MATHER MEMORIAL HOSPITAL  OF PORT JEFFERSON,NY,HOSPITAL,northwell_health,Northwell Health
330188,MOUNT ST. MARY'S HOSPITAL & HEALTH CENTER,NY,HOSPITAL,catholic_health_systems,Catholic Health Systems
330191,GLENS FALLS HOSPITAL,NY,HOSPITAL,glens_falls_hospital,Glens Falls Hospital
330193,FLUSHING HOSPITAL MEDICAL CENTER,NY,HOSPITAL,medisys_health_network,Medisys Health Network
330194,MAIMONIDES MEDICAL CENTER,NY,HOSPITAL,northwell_health,Northwell Health
330195,LONG ISLAND JEWISH MEDICAL CENTER,NY,HOSPITAL,northwell_health,Northwell Health
330196,SOUTH BROOKLYN HEALTH,NY,HOSPITAL,new_york_city_health_and_hospitals_corporation,New York City Health and Hospitals Corporation
330197,CANTON-POTSDAM HOSPITAL,NY,HOSPITAL,saint_lawrence_health_system,Saint Lawrence Health System
330198,MOUNT SINAI SOUTH NASSAU,NY,HOSPITAL,mount_sinai_health_system,Mount Sinai Health System
330199,METROPOLITAN HOSPITAL CENTER,NY,HOSPITAL,new_york_city_health_and_hospitals_corporation,New York City Health and Hospitals Corporation
33019F,NORTHPORT VA MEDICAL CENTER,NY,HOSPITAL,va,VA
330202,KINGS COUNTY HOSPITAL CENTER,NY,HOSPITAL,new_york_city_health_and_hospitals_corporation,New York City Health and Hospitals Corporation
330203,CROUSE HOSPITAL,NY,HOSPITAL,crouse_health_system,Crouse Health System
330204,BELLEVUE HOSPITAL CENTER,NY,HOSPITAL,new_york_city_health_and_hospitals_corporation,New York City Health and Hospitals Corporation
330205,ST ANTHONY COMMUNITY HOSPITAL,NY,HOSPITAL,wmc_health,WMC Health
330208,ST JOHN'S RIVERSIDE HOSPITAL,NY,HOSPITAL,riverside_health_care_system,Riverside Health Care System
33020F,VA NEW YORK HARBOR HEALTHCARE SYSTEM - BROOKLYN,NY,HOSPITAL,independent,Independent / Unknown
330214,NYU LANGONE HOSPITALS,NY,HOSPITAL,nyu_langone_health,NYU Langone Health
330215,"ROME MEMORIAL HOSPITAL, INC",NY,HOSPITAL,trinity_health,Trinity Health
330218,OSWEGO HOSPITAL,NY,HOSPITAL,oswego_health,Oswego Health
330219,ERIE COUNTY MEDICAL CENTER,NY,HOSPITAL,the_erie_county_medical_center_corporation,The Erie County Medical Center Corporation
330221,WYCKOFF HEIGHTS MEDICAL CENTER,NY,HOSPITAL,independent,Independent / Unknown
330222,SARATOGA HOSPITAL,NY,HOSPITAL,albany_medical_center,Albany Medical Center
330224,HEALTHALLIANCE HOSPITAL MARYS AVENUE CAMPUS,NY,HOSPITAL,wmc_health,WMC Health
330226,UNITY HOSPITAL,NY,HOSPITAL,rochester_regional_health_system,Rochester Regional Health System
330229,"BROOKS-TLC HOSPITAL SYSTEM, INC",NY,HOSPITAL,independent,Independent / Unknown
330231,QUEENS HOSPITAL CENTER,NY,HOSPITAL,new_york_city_health_and_hospitals_corporation,New York City Health and Hospitals Corporation
330233,BROOKDALE HOSPITAL MEDICAL CENTER,NY,HOSPITAL,brookdale_university_hospital_and_medical_center,Brookdale University Hospital And Medical Center
330234,WESTCHESTER MEDICAL CENTER,NY,HOSPITAL,wmc_health,WMC Health
330235,AUBURN  COMMUNITY  HOSPITAL,NY,HOSPITAL,auburn_community_hospital,Auburn Community Hospital
330238,NICHOLAS H NOYES MEMORIAL HOSPITAL,NY,HOSPITAL,university_of_rochester_medical_center,University of Rochester Medical Center
330239,UPMC CHAUTAUQUA AT WCA,NY,HOSPITAL,upmc,UPMC
330240,HARLEM HOSPITAL CENTER,NY,HOSPITAL,new_york_city_health_and_hospitals_corporation,New York City Health and Hospitals Corporation
330241,UNIVERSITY HOSPITAL S U N Y HEALTH SCIENCE CENTER,NY,HOSPITAL,suny_upstate_medical_university,SUNY Upstate Medical University
330246,ST CHARLES HOSPITAL,NY,HOSPITAL,catholic_health,Catholic Health
33024F,SYRACUSE VA MEDICAL CENTER,NY,HOSPITAL,va,VA
330250,THE UNIVERSITY OF VERMONT HEALTH NETWORK  - CHAMPL,NY,HOSPITAL,university_of_vermont_health_network,University of Vermont Health Network
330259,MERCY MEDICAL CENTER,NY,HOSPITAL,catholic_health,Catholic Health
33025F,KELLER ACH (WEST POINT),NY,HOSPITAL,independent,Independent / Unknown
330261,PHELPS HOSPITAL,NY,HOSPITAL,northwell_health,Northwell Health
330264,MONTEFIORE ST LUKE'S CORNWALL,NY,HOSPITAL,montefiore_medical_center,Montefiore Medical Center
330265,CLIFTON SPRINGS HOSPITAL AND CLINIC,NY,HOSPITAL,rochester_regional_health_system,Rochester Regional Health System
330267,HUDSON VALLEY HOSPITAL CENTER,NY,HOSPITAL,new_york_presbyterian_healthcare_system,New York Presbyterian Healthcare System
330270,HOSPITAL FOR SPECIAL SURGERY,NY,HOSPITAL,independent,Independent / Unknown
330273,PUTNAM HOSPITAL CENTER,NY,HOSPITAL,nuvance_health,Nuvance Health
330276,NATHAN LITTAUER HOSPITAL,NY,HOSPITAL,independent,Independent / Unknown
330277,CORNING HOSPITAL,NY,HOSPITAL,guthrie_healthcare_system,Guthrie Healthcare System
330279,MERCY HOSPITAL OF BUFFALO,NY,HOSPITAL,catholic_health_systems,Catholic Health Systems
330285,STRONG MEMORIAL HOSPITAL,NY,HOSPITAL,university_of_rochester_medical_center,University of Rochester Medical Center
330286,GOOD SAMARITAN HOSPITAL MEDICAL CENTER,NY,HOSPITAL,catholic_health,Catholic Health
330304,WHITE PLAINS HOSPITAL CENTER,NY,HOSPITAL,montefiore_medical_center,Montefiore Medical Center
330307,CAYUGA MEDICAL CENTER AT ITHACA,NY,HOSPITAL,cayuga_medical_center,Cayuga Medical Center
330331,PLAINVIEW HOSPITAL,NY,HOSPITAL,northwell_health,Northwell Health
330332,CHSLI ST JOSEPH HOSPITAL,NY,HOSPITAL,catholic_health,Catholic Health
330350,SUNY/DOWNSTATE UNIVERSITY HOSPITAL OF BROOKLYN,NY,HOSPITAL,suny_downstate_medical_center,SUNY Downstate Medical Center
330386,GARNET HEALTH  MEDICAL CENTER CATSKILLS,NY,HOSPITAL,garnet_health,Garnet Health
330393,SUNY/STONY BROOK UNIVERSITY HOSPITAL,NY,HOSPITAL,stony_brook_medicine,Stony Brook Medicine
330394,"UNITED HEALTH SERVICES HOSPITALS, INC",NY,HOSPITAL,united_health_services,United Health Services
330395,ST JOHN'S EPISCOPAL HOSPITAL AT SOUTH SHORE,NY,HOSPITAL,episcopal_health_services,Episcopal Health Services
330396,WOODHULL MEDICAL & MENTAL HEALTH CENTER,NY,HOSPITAL,new_york_city_health_and_hospitals_corporation,New York City Health and Hospitals Corporation
330399,ST BARNABAS HOSPITAL,NY,HOSPITAL,sbh_health_system,SBH Health System
330401,ST CATHERINE OF SIENA HOSPITAL,NY,HOSPITAL,catholic_health,Catholic Health
330405,HELEN HAYES HOSPITAL,NY,HOSPITAL,independent,Independent / Unknown
330406,SUNNYVIEW HOSPITAL AND REHABILITATION CENTER,NY,HOSPITAL,independent,Independent / Unknown
330411,UNITY SPECIALTY HOSPITAL,NY,HOSPITAL,rochester_regional_health_system,Rochester Regional Health System
330799,CLIFTON-FINE HOSPITAL,NY,HOSPITAL,independent,Independent / Unknown
330800,IRA DAVENPORT MEMORIAL HOSPITAL,NY,HOSPITAL,independent,Independent / Unknown
331301,"CUBA MEMORIAL HOSPITAL, INC",NY,HOSPITAL,kaleida_health,Kaleida Health
331302,ELIZABETHTOWN COMMUNITY HOSPITAL,NY,HOSPITAL,university_of_vermont_health_network,University of Vermont Health Network
331303,GARNET HEALTH MEDICAL CENTER CATSKILLS,NY,HOSPITAL,garnet_health,Garnet Health
331304,MARGARETVILLE MEMORIAL HOSPITAL,NY,HOSPITAL,wmc_health,WMC Health
331305,O'CONNOR HOSPITAL,NY,HOSPITAL,bassett_healthcare_network,Bassett Healthcare Network
331309,RIVER HOSPITAL CLINICS,NY,HOSPITAL,independent,Independent / Unknown
331310,ELLENVILLE REGIONAL HOSPITAL,NY,HOSPITAL,independent,Independent / Unknown
331311,LITTLE FALLS HOSPITAL,NY,HOSPITAL,bassett_healthcare_network,Bassett Healthcare Network
331312,"DELAWARE VALLEY HOSPITAL, INC",NY,HOSPITAL,united_health_services,United Health Services
331313,SCHUYLER HOSPITAL,NY,HOSPITAL,cayuga_medical_center,Cayuga Medical Center
331314,SOLDIERS AND SAILORS MEMORIAL HOSPITAL OF YATES,NY,HOSPITAL,finger_lakes_regional_health_system,Finger Lakes Regional Health System
331315,GOUVERNEUR HOSPITAL,NY,HOSPITAL,saint_lawrence_health_system,Saint Lawrence Health System
331316,"COMMUNITY MEMORIAL HOSPITAL, INC",NY,HOSPITAL,northwell_health,Northwell Health
331317,LEWIS COUNTY GENERAL HOSPITAL,NY,HOSPITAL,independent,Independent / Unknown
331318,"CARTHAGE AREA HOSPITAL, INC",NY,HOSPITAL,quorum_health,Quorum Health
331319,MEDINA MEMORIAL HOSPITAL,NY,HOSPITAL,independent,Independent / Unknown
331320,COBLESKILL REGIONAL HOSPITAL,NY,HOSPITAL,bassett_healthcare_network,Bassett Healthcare Network
331321,THE UNIVERSITY OF VERMONT HEALTH NETWORK-ALICE HY,NY,HOSPITAL,independent,Independent / Unknown
331322,"SLHS MASSENA, INC",NY,HOSPITAL,independent,Independent / Unknown
331323,WYOMING COUNTY,NY,HOSPITAL,independent,Independent / Unknown
333301,BLYTHEDALE CHILDREN'S HOSPITAL,NY,HOSPITAL,independent,Independent / Unknown
334001,HUTCHINGS PSYCHIATRIC CTR,NY,HOSPITAL,independent,Independent / Unknown
334002,FOUR WINDS,NY,HOSPITAL,independent,Independent / Unknown
334003,ST LAWRENCE PSYCHIATRIC CENTER,NY,HOSPITAL,independent,Independent / Unknown
334004,CREEDMOOR PSYCHIATRIC CENTER,NY,HOSPITAL,independent,Independent / Unknown
334009,NEW YORK STATE PSYCHIATRIC INSTITUTE,NY,HOSPITAL,independent,Independent / Unknown
334012,GREATER BINGHAMTON HEALTH CENTER,NY,HOSPITAL,independent,Independent / Unknown
334013,PILGRIM PSYCHIATRIC CENTER,NY,HOSPITAL,independent,Independent / Unknown
334015,ROCKLAND PSYCH CTR,NY,HOSPITAL,independent,Independent / Unknown
334020,ROCHESTER PSYCHIATRIC CENTER,NY,HOSPITAL,independent,Independent / Unknown
334021,MOHAWK VALLEY PSYCHIATRIC CENTER,NY,HOSPITAL,independent,Independent / Unknown
334022,BRYLIN HOSP,NY,HOSPITAL,independent,Independent / Unknown
334026,"BRUNSWICK HOSPITAL CENTER, INC.",NY,HOSPITAL,independent,Independent / Unknown
334027,SOUTH OAKS HOSP,NY,HOSPITAL,independent,Independent / Unknown
334043,SOUTH BEACH PSYCHIATRIC CENTER,NY,HOSPITAL,independent,Independent / Unknown
334045,ELMIRA PSYCH CENTER,NY,HOSPITAL,independent,Independent / Unknown
334046,CAPITAL DISTRICT PSYCH CENTER,NY,HOSPITAL,independent,Independent / Unknown
334048,GRACIE SQUARE HOSP,NY,HOSPITAL,independent,Independent / Unknown
334049,FOUR WINDS OF SARATOGA,NY,HOSPITAL,independent,Independent / Unknown
334052,BUFFALO PSYCHIATRIC CENTER,NY,HOSPITAL,independent,Independent / Unknown
334053,BRONX PSYCHIATRIC CENTER,NY,HOSPITAL,independent,Independent / Unknown
334054,MANHATTAN PSYCHIATRIC CENTER,NY,HOSPITAL,independent,Independent / Unknown
334060,KIRBY FORENSIC PSYCHIATRIC CENTER,NY,HOSPITAL,independent,Independent / Unknown
334061,MID HUDSON FORENSIC PSYCHIATRIC CTR,NY,HOSPITAL,independent,Independent / Unknown
334063,KINGSBORO PSYCHIATRIC HOSPITAL,NY,HOSPITAL,independent,Independent / Unknown
334064,SAGAMORE CHILDRENS PSYCHIATRIC CENTER,NY,HOSPITAL,independent,Independent / Unknown
334065,WESTERN NY CHILDRENS PSYCHIATRIC CENTER,NY,HOSPITAL,independent,Independent / Unknown
334066,ROCKLAND CHILDRENS PSYCHIATRIC CENTER,NY,HOSPITAL,independent,Independent / Unknown
334067,NEW YORK CITY CHILDRENS PSYCH CENTER,NY,HOSPITAL,independent,Independent / Unknown
334068,CLAXTON-HEPBURN MEDICAL CENTER,NY,HOSPITAL,independent,Independent / Unknown
340001,CAROLINAS MEDICAL CENTER-NORTHEAST,NC,HOSPITAL,advocate_health,Advocate Health
340002,MEMORIAL MISSION HOSPITAL AND ASHEVILLE SURGERY CE,NC,HOSPITAL,hca,HCA
340003,NORTHERN REGIONAL HOSPITAL,NC,HOSPITAL,quorum_health,Quorum Health
340004,HIGH POINT REGIONAL HEALTH SYSTEM,NC,HOSPITAL,advocate_health,Advocate Health
340008,SCOTLAND MEMORIAL HOSPITAL,NC,HOSPITAL,advocate_health,Advocate Health
340010,UNC HEALTH CARE WAYNE,NC,HOSPITAL,unc_health_care_system,UNC Health Care System
340013,RUTHERFORD REGIONAL MEDICAL CENTER,NC,HOSPITAL,lifepoint_health,Lifepoint Health
340014,NOVANT HEALTH FORSYTH MEDICAL CENTER,NC,HOSPITAL,novant_health,Novant Health
340015,NOVANT HEALTH ROWAN MEDICAL CENTER,NC,HOSPITAL,novant_health,Novant Health
340016,HARRIS REGIONAL HOSPITAL,NC,HOSPITAL,lifepoint_health,Lifepoint Health
340017,PARDEE HOSPITAL HENDERSON COUNTY,NC,HOSPITAL,unc_health_care_system,UNC Health Care System
340020,CENTRAL CAROLINA HOSPITAL,NC,HOSPITAL,lifepoint_health,Lifepoint Health
340021,ATRIUM HEALTH CLEVELAND,NC,HOSPITAL,advocate_health,Advocate Health
340023,ADVENTHEALTH HENDERSONVILLE,NC,HOSPITAL,adventhealth,AdventHealth
340024,SAMPSON REGIONAL MEDICAL CENTER,NC,HOSPITAL,independent,Independent / Unknown
340027,UNC LENOIR HEALTH CARE,NC,HOSPITAL,unc_health_care_system,UNC Health Care System
340028,CAPE FEAR VALLEY MEDICAL CENTER,NC,HOSPITAL,cape_fear_valley_health_system,Cape Fear Valley Health System
340030,DUKE UNIVERSITY HOSPITAL,NC,HOSPITAL,duke_university_health_system,Duke University Health System
340032,CAROMONT REGIONAL MEDICAL CENTER,NC,HOSPITAL,caromont_health_system,Caromont Health System
340039,IREDELL MEMORIAL HOSPITAL INC,NC,HOSPITAL,iredell_health_system,Iredell Health System
340040,ECU HEALTH MEDICAL CENTER,NC,HOSPITAL,ecu_health,ECU Health
340041,CALDWELL MEMORIAL HOSPITAL,NC,HOSPITAL,unc_health_care_system,UNC Health Care System
340042,ONSLOW MEMORIAL HOSPITAL,NC,HOSPITAL,unc_health_care_system,UNC Health Care System
340047,NORTH CAROLINA BAPTIST HOSPITAL,NC,HOSPITAL,advocate_health,Advocate Health
340049,NORTH CAROLINA SPECIALTY HOSPITAL,NC,HOSPITAL,independent,Independent / Unknown
340050,SOUTHEASTERN REGIONAL MEDICAL CENTER,NC,HOSPITAL,unc_health_care_system,UNC Health Care System
340051,WATAUGA MEDICAL CENTER,NC,HOSPITAL,unc_health_care_system,UNC Health Care System
340053,NOVANT HEALTH PRESBYTERIAN MEDICAL CENTER,NC,HOSPITAL,novant_health,Novant Health
340060,UNC ROCKINGHAM,NC,HOSPITAL,unc_health_care_system,UNC Health Care System
340061,UNC HOSPITALS,NC,HOSPITAL,unc_health_care_system,UNC Health Care System
340064,WILKES REGIONAL MEDICAL CENTER,NC,HOSPITAL,advocate_health,Advocate Health
340068,COLUMBUS REGIONAL HEALTHCARE SYSTEM,NC,HOSPITAL,advocate_health,Advocate Health
340069,"WAKEMED, RALEIGH CAMPUS",NC,HOSPITAL,wakemed_health_and_hospitals,WakeMed Health and Hospitals
340070,ALAMANCE REGIONAL MEDICAL CENTER,NC,HOSPITAL,cone_health,Cone Health
340071,BETSY JOHNSON REGIONAL HOSPITAL,NC,HOSPITAL,cape_fear_valley_health_system,Cape Fear Valley Health System
340075,"BLUE RIDGE HEALTHCARE HOSPITALS, INC",NC,HOSPITAL,unc_health_care_system,UNC Health Care System
340084,ATRIUM HEALTH ANSON,NC,HOSPITAL,advocate_health,Advocate Health
340085,NOVANT HEALTH THOMASVILLE MEDICAL CENTER,NC,HOSPITAL,novant_health,Novant Health
340087,THE MCDOWELL HOSPITAL,NC,HOSPITAL,hca,HCA
340090,JOHNSTON HEALTH,NC,HOSPITAL,unc_health_care_system,UNC Health Care System
340091,"MOSES H. CONE MEMORIAL HOSPITAL, THE",NC,HOSPITAL,cone_health,Cone Health
340096,LEXINGTON MEMORIAL HOSPITAL INC,NC,HOSPITAL,advocate_health,Advocate Health
340097,HUGH CHATHAM MEMORIAL HOSPITAL,NC,HOSPITAL,independent,Independent / Unknown
340098,ATRIUM HEALTH PINEVILLE,NC,HOSPITAL,advocate_health,Advocate Health
340099,VIDANT ROANOKE CHOWAN HOSPITAL,NC,HOSPITAL,ecu_health,ECU Health
340107,VIDANT EDGECOMBE HOSPITAL,NC,HOSPITAL,ecu_health,ECU Health
340109,SENTARA ALBEMARLE MEDICAL CENTER,NC,HOSPITAL,sentara_healthcare,Sentara Healthcare
340113,CAROLINAS MEDICAL CENTER/BEHAV HEALTH,NC,HOSPITAL,advocate_health,Advocate Health
340114,REX HOSPITAL,NC,HOSPITAL,unc_health_care_system,UNC Health Care System
340115,FIRSTHEALTH MOORE REGIONAL HOSPITAL,NC,HOSPITAL,firsthealth_of_the_carolinas,FirstHealth of the Carolinas
340116,FRYE REGIONAL MEDICAL CENTER,NC,HOSPITAL,lifepoint_health,Lifepoint Health
340119,STANLY REGIONAL MEDICAL CENTER,NC,HOSPITAL,advocate_health,Advocate Health
34011F,NMC CAMP LEJEUNE,NC,HOSPITAL,independent,Independent / Unknown
340120,VIDANT DUPLIN HOSPITAL,NC,HOSPITAL,ecu_health,ECU Health
340123,RANDOLPH HOSPITAL,NC,HOSPITAL,american_healthcare_systems,American Healthcare Systems
340126,WILSON MEDICAL CENTER,NC,HOSPITAL,lifepoint_health,Lifepoint Health
340127,GRANVILLE HEALTH SYSTEMS,NC,HOSPITAL,independent,Independent / Unknown
340129,DUKE HEALTH LAKE NORMAN HOSPITAL,NC,HOSPITAL,community_health_systems,Community Health Systems
34012F,DURHAM VA MEDICAL CENTER,NC,HOSPITAL,va,VA
340130,ATRIUM HEALTH UNION,NC,HOSPITAL,advocate_health,Advocate Health
340131,CAROLINA EAST MEDICAL CENTER,NC,HOSPITAL,carolinaeast_health_system,CarolinaEast Health System
340132,MARIA PARHAM MEDICAL CENTER,NC,HOSPITAL,lifepoint_health,Lifepoint Health
34013F,FAYETTEVILLE NC VA MEDICAL CENTER,NC,HOSPITAL,va,VA
340141,NOVANT HEALTH NEW HANOVER REGIONAL MEDICAL CENTER,NC,HOSPITAL,novant_health,Novant Health
340142,CARTERET GENERAL HOSPITAL,NC,HOSPITAL,independent,Independent / Unknown
340143,CATAWBA VALLEY MEDICAL CENTER,NC,HOSPITAL,catawba_valley_medical_center,Catawba Valley Medical Center
340145,ATRIUM HEALTH LINCOLN,NC,HOSPITAL,advocate_health,Advocate Health
340147,UNC HEALTH NASH,NC,HOSPITAL,unc_health_care_system,UNC Health Care System
340148,NOVANT HEALTH MEDICAL PARK HOSPITAL,NC,HOSPITAL,novant_health,Novant Health
34014F,WOMACK AMC (FT BRAGG),NC,HOSPITAL,independent,Independent / Unknown
340151,ECU HEALTH NORTH HOSPITAL,NC,HOSPITAL,ecu_health,ECU Health
340155,DUKE REGIONAL HOSPITAL,NC,HOSPITAL,duke_university_health_system,Duke University Health System
340156,CHEROKEE INDIAN HOSPITAL AUTHORITY,NC,HOSPITAL,independent,Independent / Unknown
340158,NOVANT HEALTH BRUNSWICK MEDICAL CENTER,NC,HOSPITAL,novant_health,Novant Health
340159,PERSON MEMORIAL HOSPITAL,NC,HOSPITAL,lifepoint_health,Lifepoint Health
340166,ATRIUM HEALTH UNIVERSITY CITY,NC,HOSPITAL,advocate_health,Advocate Health
340168,WILMINGTON TREATMENT CENTER,NC,HOSPITAL,independent,Independent / Unknown
340171,NOVANT HEALTH MATTHEWS MEDICAL CENTER,NC,HOSPITAL,novant_health,Novant Health
340173,"WAKEMED, CARY HOSPITAL",NC,HOSPITAL,wakemed_health_and_hospitals,WakeMed Health and Hospitals
34017F,W.G. (BILL) HEFNER SALISBURY VA MEDICAL CENTER (SALSBURY),NC,HOSPITAL,va,VA
340183,NOVANT HEALTH HUNTERSVILLE MEDICAL CENTER,NC,HOSPITAL,novant_health,Novant Health
340184,HAYWOOD REGIONAL MEDICAL CENTER,NC,HOSPITAL,lifepoint_health,Lifepoint Health
340188,CAPE FEAR VALLEY HOKE HOSPITAL,NC,HOSPITAL,cape_fear_valley_health_system,Cape Fear Valley Health System
340190,NOVANT HEALTH MINT HILL MEDICAL CENTER,NC,HOSPITAL,novant_health,Novant Health
340195,NOVANT HEALTH BALLANTYNE MEDICAL CENTER,NC,HOSPITAL,independent,Independent / Unknown
34036F,ASHEVILLE-OTEEN VA MEDICAL CENTER,NC,HOSPITAL,va,VA
341303,FIRSTHEALTH MONTGOMERY MEMORIAL HOSP,NC,HOSPITAL,firsthealth_of_the_carolinas,FirstHealth of the Carolinas
341304,ECU HEALTH BERTIE HOSPITAL,NC,HOSPITAL,ecu_health,ECU Health
341305,DLP SWAIN COUNTY HOSPITAL LLC,NC,HOSPITAL,lifepoint_health,Lifepoint Health
341307,PENDER MEMORIAL HOSPITAL,NC,HOSPITAL,novant_health,Novant Health
341311,CHATHAM HOSPITAL INC,NC,HOSPITAL,unc_health_care_system,UNC Health Care System
341314,WASHINGTON COUNTY HOSP INC,NC,HOSPITAL,independent,Independent / Unknown
341315,CAPE FEAR VALLEY-BLADEN COUNTY HOSPITAL,NC,HOSPITAL,cape_fear_valley_health_system,Cape Fear Valley Health System
341316,HIGHLANDS CASHIERS HOSPITAL,NC,HOSPITAL,hca,HCA
341317,LIFEBRITE COMMUNITY HOSPITAL OF STOKES,NC,HOSPITAL,independent,Independent / Unknown
341318,VIDANT CHOWAN HOSPITAL,NC,HOSPITAL,ecu_health,ECU Health
341319,"TRANSYLVANIA REGIONAL HOSPITAL, INC",NC,HOSPITAL,hca,HCA
341320,ALLEGHANY  MEMORIAL HOSPITAL,NC,HOSPITAL,advocate_health,Advocate Health
341322,ADVENT HEALTH POLK,NC,HOSPITAL,advocate_health,Advocate Health
341323,CHARLES A CANNON JR MEMORIAL HOSPITAL,NC,HOSPITAL,unc_health_care_system,UNC Health Care System
341324,"THE OUTER BANKS HOSPITAL, INC",NC,HOSPITAL,ecu_health,ECU Health
341325,ASHE MEMORIAL HOSPITAL,NC,HOSPITAL,novant_health,Novant Health
341326,ANGEL MEDICAL CENTER,NC,HOSPITAL,hca,HCA
341327,J ARTHUR DOSHER MEMORIAL HOSPITAL,NC,HOSPITAL,independent,Independent / Unknown
341328,ERLANGER MURPHY MEDICAL CENTER,NC,HOSPITAL,erlanger_health_system,Erlanger Health System
341329,BLUE RIDGE REGIONAL HOSPITAL,NC,HOSPITAL,hca,HCA
344004,CENTRAL REGIONAL HOSPITAL,NC,HOSPITAL,independent,Independent / Unknown
344007,OLD VINEYARD YOUTH SERVICES,NC,HOSPITAL,independent,Independent / Unknown
344014,HOLLY HILL MENTAL HEALTH SERVICES,NC,HOSPITAL,independent,Independent / Unknown
344016,BRYNN MARR HOSP,NC,HOSPITAL,independent,Independent / Unknown
344023,JULIAN F KEITH ALCOHOL & DRUG ABUSE TX,NC,HOSPITAL,independent,Independent / Unknown
344025,BROUGHTON HOSPITAL,NC,HOSPITAL,independent,Independent / Unknown
344026,CHERRY HOSPITAL,NC,HOSPITAL,independent,Independent / Unknown
344029,"GOOD HOPE HOSPITAL, INC",NC,HOSPITAL,independent,Independent / Unknown
344030,STRATEGIC BEHAVIORAL CENTER-LELAND,NC,HOSPITAL,independent,Independent / Unknown
344032,TRIANGLE SPRINGS,NC,HOSPITAL,independent,Independent / Unknown
344033,WALTER B JONES CENTER LAKESIDE PSYCHIATRIC HOSPITA,NC,HOSPITAL,independent,Independent / Unknown
344034,APPALACHIAN REGIONAL BEHAVIORAL HEALTHCARE,NC,HOSPITAL,independent,Independent / Unknown
344035,RALEIGH OAKS BEHAVIORAL HEALTH,NC,HOSPITAL,independent,Independent / Unknown
344036,IREDELL DAVIS BEHAVIORAL HEALTH HOSPITAL,NC,HOSPITAL,independent,Independent / Unknown
350002,CHI ST ALEXIUS HEALTH,ND,HOSPITAL,commonspirit,CommonSpirit Health
350006,TRINITY HOSPITALS,ND,HOSPITAL,trinity_health_nd,Trinity Health ND
350011,SANFORD MEDICAL CENTER FARGO,ND,HOSPITAL,sanford_health,Sanford Health
350015,SANFORD MEDICAL CENTER BISMARCK,ND,HOSPITAL,sanford_health,Sanford Health
350019,ALTRU HOSPITAL,ND,HOSPITAL,altru_health_system,Altru Health System
35002F,FARGO VA MEDICAL CENTER,ND,HOSPITAL,va,VA
350063,P H S INDIAN HOSP AT BELCOURT-QUENTIN N BURDICK,ND,HOSPITAL,independent,Independent / Unknown
350070,ESSENTIA HEALTH,ND,HOSPITAL,essentia_health,Essentia Health
351300,TIOGA MEDICAL CENTER,ND,HOSPITAL,independent,Independent / Unknown
351301,MOUNTRAIL COUNTY MEDICAL CENTER INC,ND,HOSPITAL,independent,Independent / Unknown
351302,MCKENZIE COUNTY HEALTHCARE SYSTEMS INC,ND,HOSPITAL,independent,Independent / Unknown
351303,GARRISON MEMORIAL HOSPITAL,ND,HOSPITAL,commonspirit,CommonSpirit Health
351304,CHI ST ALEXIUS HEALTH TURTLE LAKE,ND,HOSPITAL,commonspirit,CommonSpirit Health
351305,TRINITY KENMARE COMMUNITY HOSPITAL,ND,HOSPITAL,trinity_health_nd,Trinity Health ND
351306,COOPERSTOWN MEDICAL CENTER,ND,HOSPITAL,independent,Independent / Unknown
351307,ST ANDREW'S HOSPITAL,ND,HOSPITAL,independent,Independent / Unknown
351308,NELSON COUNTY HEALTH SYSTEM,ND,HOSPITAL,independent,Independent / Unknown
351309,SANFORD MAYVILLE,ND,HOSPITAL,sanford_health,Sanford Health
351310,SAKAKAWEA MEDICAL CENTER - CAH,ND,HOSPITAL,independent,Independent / Unknown
351311,LISBON AREA HEALTH SERVICES,ND,HOSPITAL,commonspirit,CommonSpirit Health
351312,NORTHWOOD DEACONESS HEALTH CENTER,ND,HOSPITAL,sanford_health,Sanford Health
351313,SOUTHWEST HEALTHCARE SERVICES,ND,HOSPITAL,independent,Independent / Unknown
351314,JACOBSON MEMORIAL HOSPITAL CARE CENTER,ND,HOSPITAL,independent,Independent / Unknown
351315,CHI OAKES HOSPITAL,ND,HOSPITAL,commonspirit,CommonSpirit Health
351316,PRESENTATION MEDICAL CENTER,ND,HOSPITAL,independent,Independent / Unknown
351318,CARRINGTON HEALTH CENTER,ND,HOSPITAL,commonspirit,CommonSpirit Health
351319,PEMBINA COUNTY MEMORIAL HOSPITAL,ND,HOSPITAL,independent,Independent / Unknown
351320,UNITY MEDICAL CENTER,ND,HOSPITAL,independent,Independent / Unknown
351321,SOUTH CENTRAL HEALTH,ND,HOSPITAL,independent,Independent / Unknown
351322,ASHLEY MEDICAL CENTER,ND,HOSPITAL,commonspirit,CommonSpirit Health
351323,CAVALIER COUNTY MEMORIAL HOSPITAL ASSOCIATION,ND,HOSPITAL,independent,Independent / Unknown
351324,CHI MERCY HEALTH,ND,HOSPITAL,commonspirit,CommonSpirit Health
351325,ST LUKE'S HOSPITAL,ND,HOSPITAL,independent,Independent / Unknown
351326,FIRST CARE HEALTH CENTER,ND,HOSPITAL,independent,Independent / Unknown
351327,SMP HEALTH ST ALOISIUS,ND,HOSPITAL,independent,Independent / Unknown
351328,LINTON HOSPITAL - CAH,ND,HOSPITAL,commonspirit,CommonSpirit Health
351329,SANFORD HILLSBORO,ND,HOSPITAL,sanford_health,Sanford Health
351330,WEST RIVER REGIONAL MEDICAL CENTER,ND,HOSPITAL,sanford_health,Sanford Health
351331,TOWNER COUNTY MEDICAL CENTER,ND,HOSPITAL,independent,Independent / Unknown
351332,HEART OF AMERICA MEDICAL CENTER,ND,HOSPITAL,independent,Independent / Unknown
351333,CHI ST ALEXIUS HEALTH DEVILS LAKE,ND,HOSPITAL,commonspirit,CommonSpirit Health
351334,CHI ST ALEXIUS HEALTH WILLISTON,ND,HOSPITAL,commonspirit,CommonSpirit Health
351335,JAMESTOWN REGIONAL MEDICAL CENTER,ND,HOSPITAL,independent,Independent / Unknown
351336,CHI ST ALEXIUS HEALTH DICKINSON,ND,HOSPITAL,commonspirit,CommonSpirit Health
351364,STANDING ROCK SERVICE UNIT,ND,HOSPITAL,independent,Independent / Unknown
354003,NORTH DAKOTA STATE HOSPITAL,ND,HOSPITAL,independent,Independent / Unknown
354004,PRAIRIE ST JOHN'S,ND,HOSPITAL,independent,Independent / Unknown
360001,MERCY HEALTH-ANDERSON HOSPITAL,OH,HOSPITAL,bon_secours_mercy_health,Bon Secours Mercy Health
360002,UNIVERSITY HOSPITALS SAMARITAN MEDICAL CENTER,OH,HOSPITAL,university_hospitals,University Hospitals
360003,"UNIVERSITY OF CINCINNATI MEDICAL CENTER, LLC",OH,HOSPITAL,uc_health_oh,UC Health OH
360006,RIVERSIDE METHODIST HOSPITAL,OH,HOSPITAL,ohiohealth,Ohiohealth
360008,SOUTHERN OHIO MEDICAL CENTER,OH,HOSPITAL,southern_ohio_medical_center,Southern Ohio Medical Center
360009,LIMA MEMORIAL HEALTH SYSTEM,OH,HOSPITAL,promedica,ProMedica
360010,UNION HOSPITAL,OH,HOSPITAL,cleveland_clinic,Cleveland Clinic
360011,MARION GENERAL HOSPITAL,OH,HOSPITAL,ohiohealth,Ohiohealth
360012,MOUNT CARMEL ST ANN'S,OH,HOSPITAL,trinity_health,Trinity Health
360013,WILSON MEMORIAL HOSPITAL,OH,HOSPITAL,the_ohio_state_university_wexner_medical_center,The Ohio State University Wexner Medical Center
360014,OHIOHEALTH O'BLENESS HOSPITAL,OH,HOSPITAL,ohiohealth,Ohiohealth
360016,THE JEWISH HOSPITAL-MERCY HEALTH,OH,HOSPITAL,bon_secours_mercy_health,Bon Secours Mercy Health
360017,GRANT MEDICAL CENTER,OH,HOSPITAL,ohiohealth,Ohiohealth
36001F,LOUIS STOKES CLEVELAND VA MEDICAL CENTER,OH,HOSPITAL,va,VA
360020,SUMMA HEALTH SYSTEM,OH,HOSPITAL,summa_health_system,Summa Health System
360025,FIRELANDS REGIONAL MEDICAL CENTER,OH,HOSPITAL,firelands_regional_health_system,Firelands Regional Health System
360026,KETTERING HEALTH GREENE MEMORIAL,OH,HOSPITAL,kettering_health,Kettering Health
360027,AKRON GENERAL MEDICAL CENTER,OH,HOSPITAL,cleveland_clinic,Cleveland Clinic
360029,WOOD COUNTY HOSPITAL,OH,HOSPITAL,independent,Independent / Unknown
360032,GRAND LAKE HEALTH SYSTEM,OH,HOSPITAL,independent,Independent / Unknown
360035,MOUNT CARMEL EAST & WEST,OH,HOSPITAL,trinity_health,Trinity Health
360036,WOOSTER COMMUNITY HOSPITAL,OH,HOSPITAL,wooster_community_hospital_health_system,Wooster Community Hospital Health System
360039,GENESIS HOSPITAL,OH,HOSPITAL,genesis_healthcare_system,Genesis Healthcare System
36003F,CINCINNATI VA MEDICAL CENTER,OH,HOSPITAL,va,VA
360040,KNOX COMMUNITY HOSPITAL,OH,HOSPITAL,knox_community_hospital,Knox Community Hospital
360041,PARMA COMMUNITY GENERAL HOSPITAL,OH,HOSPITAL,university_hospitals,University Hospitals
360046,MCCULLOUGH-HYDE MEMORIAL HOSPITAL,OH,HOSPITAL,trihealth,TriHealth
360048,UNIVERSITY OF TOLEDO MEDICAL CENTER,OH,HOSPITAL,the_university_of_toledo_medical_center,The University of Toledo Medical Center
360051,MIAMI VALLEY HOSPITAL,OH,HOSPITAL,premier_health,Premier Health
360054,HOLZER MEDICAL CENTER,OH,HOSPITAL,holzer_health_system,Holzer Health System
360055,INSIGHT HOSPITAL AND MEDICAL CENTER TRUMBULL,OH,HOSPITAL,steward_health_care,Steward Health Care
360056,MERCY HEALTH - FAIRFIELD HOSPITAL,OH,HOSPITAL,bon_secours_mercy_health,Bon Secours Mercy Health
360058,MERCER COUNTY JOINT TOWNSHIP COMMUNITY HOSPITAL,OH,HOSPITAL,independent,Independent / Unknown
360059,METROHEALTH SYSTEM,OH,HOSPITAL,the_metrohealth_system,The Metrohealth System
360064,ST ELIZABETH YOUNGSTOWN HOSPITAL,OH,HOSPITAL,bon_secours_mercy_health,Bon Secours Mercy Health
360065,FISHER-TITUS HOSPITAL,OH,HOSPITAL,fisher_titus_medical_center,Fisher Titus Medical Center
360066,MERCY HEALTH ST RITAS MEDICAL CENTER,OH,HOSPITAL,bon_secours_mercy_health,Bon Secours Mercy Health
360068,PROMEDICA TOLEDO HOSPITAL,OH,HOSPITAL,promedica,ProMedica
36006F,88TH MEDICAL GROUP (WRIGHT-PATTERSON AFB),OH,HOSPITAL,independent,Independent / Unknown
360070,MERCY MEDICAL CENTER,OH,HOSPITAL,cleveland_clinic,Cleveland Clinic
360071,VAN WERT COUNTY HOSPITAL,OH,HOSPITAL,ohiohealth,Ohiohealth
360072,FAIRFIELD MEDICAL CENTER,OH,HOSPITAL,fairfield_medical_center,Fairfield Medical Center
360075,UH REGIONAL HOSPITALS,OH,HOSPITAL,university_hospitals,University Hospitals
360076,ATRIUM MEDICAL CENTER,OH,HOSPITAL,premier_health,Premier Health
360077,FAIRVIEW HOSPITAL,OH,HOSPITAL,cleveland_clinic,Cleveland Clinic
360078,UNIVERSITY HOSPITALS PORTAGE MEDICAL CENTER,OH,HOSPITAL,university_hospitals,University Hospitals
360079,KETTERING HEALTH MAIN CAMPUS,OH,HOSPITAL,kettering_health,Kettering Health
36007F,DAYTON VA MEDICAL CENTER,OH,HOSPITAL,va,VA
360080,EAST OHIO REGIONAL HOSPITAL,OH,HOSPITAL,independent,Independent / Unknown
360082,EUCLID HOSPITAL,OH,HOSPITAL,cleveland_clinic,Cleveland Clinic
360084,AULTMAN HOSPITAL,OH,HOSPITAL,aultman_health_foundation,Aultman Health Foundation
360085,OHIO STATE UNIVERSITY STATE HEALTH SYSTEM,OH,HOSPITAL,the_ohio_state_university_wexner_medical_center,The Ohio State University Wexner Medical Center
360086,SPRINGFIELD REGIONAL MEDICAL CENTER,OH,HOSPITAL,bon_secours_mercy_health,Bon Secours Mercy Health
360087,LUTHERAN HOSPITAL,OH,HOSPITAL,cleveland_clinic,Cleveland Clinic
360089,MERCY HEALTH - TIFFIN HOSPITAL,OH,HOSPITAL,bon_secours_mercy_health,Bon Secours Mercy Health
36008F,CHILLICOTHE VA MEDICAL CENTER,OH,HOSPITAL,va,VA
360091,MEDINA HOSPITAL,OH,HOSPITAL,cleveland_clinic,Cleveland Clinic
360092,MEMORIAL HOSPITAL,OH,HOSPITAL,memorial_health_system_il,Memorial Health System IL
360095,BLANCHARD VALLEY HOSPITAL,OH,HOSPITAL,blanchard_valley_health_system,Blanchard Valley Health System
360096,EAST LIVERPOOL CITY HOSPITAL,OH,HOSPITAL,prime_healthcare,Prime Healthcare
360098,LAKE HEALTH,OH,HOSPITAL,university_hospitals,University Hospitals
360107,BELLEVUE HOSPITAL,OH,HOSPITAL,nyc_health_hospitals,NYC Health + Hospitals
360109,COSHOCTON REGIONAL MEDICAL CENTER,OH,HOSPITAL,prime_healthcare,Prime Healthcare
360112,MERCY ST VINCENT MEDICAL CENTER,OH,HOSPITAL,bon_secours_mercy_health,Bon Secours Mercy Health
360118,OHIOHEALTH MANSFIELD HOSPITAL,OH,HOSPITAL,ohiohealth,Ohiohealth
360121,COMMUNITY HOSPITALS AND WELLNESS CENTERS,OH,HOSPITAL,parkview_health_system,Parkview Health System
360123,UH ST JOHN MEDICAL CENTER,OH,HOSPITAL,university_hospitals,University Hospitals
360125,ASHTABULA COUNTY MEDICAL CENTER,OH,HOSPITAL,cleveland_clinic,Cleveland Clinic
360131,ALLIANCE COMMUNITY HOSPITAL,OH,HOSPITAL,aultman_health_foundation,Aultman Health Foundation
360132,FORT HAMILTON HUGHES MEMORIAL HOSPITAL,OH,HOSPITAL,kettering_health,Kettering Health
360133,KETTERING HEALTH DAYTON,OH,HOSPITAL,kettering_health,Kettering Health
360134,GOOD SAMARITAN HOSPITAL,OH,HOSPITAL,commonspirit,CommonSpirit Health
360137,UH CLEVELAND MEDICAL CENTER,OH,HOSPITAL,university_hospitals,University Hospitals
360143,MARYMOUNT HOSPITAL,OH,HOSPITAL,cleveland_clinic,Cleveland Clinic
360144,SOUTH POINTE HOSPITAL,OH,HOSPITAL,cleveland_clinic,Cleveland Clinic
360145,UNIVERSITY HOSPITALS - ELYRIA MEDICAL CENTER,OH,HOSPITAL,university_hospitals,University Hospitals
360147,MARIETTA MEMORIAL HOSPITAL,OH,HOSPITAL,memorial_health_system_oh,Memorial Health System OH
360148,POMERENE HOSPITAL,OH,HOSPITAL,independent,Independent / Unknown
360150,SUMMA WESTERN RESERVE HOSPITAL,OH,HOSPITAL,independent,Independent / Unknown
360152,DOCTORS HOSPITAL,OH,HOSPITAL,ohiohealth,Ohiohealth
360155,SOUTHWEST GENERAL HEALTH CENTER,OH,HOSPITAL,university_hospitals,University Hospitals
360156,MEMORIAL HOSPITAL,OH,HOSPITAL,promedica,ProMedica
360159,ADENA REGIONAL MEDICAL CENTER,OH,HOSPITAL,adena_health_system,Adena Health System
360161,MH ST JOSEPH WARREN HOSPITAL,OH,HOSPITAL,bon_secours_mercy_health,Bon Secours Mercy Health
360163,CHRIST HOSPITAL,OH,HOSPITAL,the_christ_hospital_health_network,The Christ Hospital Health Network
360170,BERGER HOSPITAL,OH,HOSPITAL,ohiohealth,Ohiohealth
360172,MERCY REGIONAL MEDICAL CENTER,OH,HOSPITAL,bon_secours_mercy_health,Bon Secours Mercy Health
360174,UPPER VALLEY MEDICAL CENTER,OH,HOSPITAL,premier_health,Premier Health
360175,CLINTON MEMORIAL HOSPITAL,OH,HOSPITAL,scionhealth,ScionHealth
360179,BETHESDA NORTH,OH,HOSPITAL,trihealth,TriHealth
360180,CLEVELAND CLINIC,OH,HOSPITAL,cleveland_clinic,Cleveland Clinic
360185,SALEM REGIONAL MEDICAL CENTER,OH,HOSPITAL,salem_regional_medical_center,Salem Regional Medical Center
360189,MADISON HEALTH,OH,HOSPITAL,the_ohio_state_university_wexner_medical_center,The Ohio State University Wexner Medical Center
360197,MARY RUTAN HOSPITAL,OH,HOSPITAL,independent,Independent / Unknown
360203,SOUTHEASTERN OHIO REGIONAL MEDICAL CENTER,OH,HOSPITAL,ohiohealth,Ohiohealth
360210,GRADY MEMORIAL HOSPITAL,OH,HOSPITAL,ohiohealth,Ohiohealth
360211,TRINITY MEDICAL CTR EAST &TRINITY MEDICAL CTR WEST,OH,HOSPITAL,commonspirit,CommonSpirit Health
360218,LICKING MEMORIAL HOSPITAL,OH,HOSPITAL,licking_memorial_health_systems,Licking Memorial Health Systems
360230,HILLCREST HOSPITAL,OH,HOSPITAL,cleveland_clinic,Cleveland Clinic
360234,MERCY HEALTH - WEST HOSPITAL,OH,HOSPITAL,bon_secours_mercy_health,Bon Secours Mercy Health
360236,MERCY HEALTH - CLERMONT HOSPITAL,OH,HOSPITAL,bon_secours_mercy_health,Bon Secours Mercy Health
360239,KETTERING HEALTH MIAMISBURG,OH,HOSPITAL,kettering_health,Kettering Health
360245,GLENBEIGH HEALTH SOURCES,OH,HOSPITAL,cleveland_clinic,Cleveland Clinic
360259,BAY PARK COMMUNITY HOSPITAL,OH,HOSPITAL,promedica,ProMedica
360263,INSTITUTE FOR ORTHOPAEDIC SURGERY,OH,HOSPITAL,bon_secours_mercy_health,Bon Secours Mercy Health
360266,MOUNT CARMEL NEW ALBANY SURGICAL HOSPITAL,OH,HOSPITAL,trinity_health,Trinity Health
360270,MERCY HEALTH - DEFIANCE HOSPITAL,OH,HOSPITAL,bon_secours_mercy_health,Bon Secours Mercy Health
360276,HMHP ST ELIZABETH BOARDMAN HEALTH CENTER,OH,HOSPITAL,bon_secours_mercy_health,Bon Secours Mercy Health
360348,DUBLIN METHODIST HOSPITAL,OH,HOSPITAL,ohiohealth,Ohiohealth
360351,CRYSTAL CLINIC ORTHOPAEDIC CENTER,OH,HOSPITAL,independent,Independent / Unknown
360352,SURGICAL HOSPITAL AT SOUTHWOODS,OH,HOSPITAL,independent,Independent / Unknown
360354,WEST CHESTER HOSPITAL,OH,HOSPITAL,uc_health_oh,UC Health OH
360355,OHIO VALLEY SURGICAL HOSPITAL,OH,HOSPITAL,independent,Independent / Unknown
360358,DILEY RIDGE MEDICAL CENTER,OH,HOSPITAL,trinity_health,Trinity Health
360359,UNIVERSITY HOSPITALS AHUJA MEDICAL CENTER,OH,HOSPITAL,university_hospitals,University Hospitals
360360,SOIN MEDICAL CENTER,OH,HOSPITAL,kettering_health,Kettering Health
360361,KINGS DAUGHTERS MEDICAL CENTER OHIO,OH,HOSPITAL,university_of_kentucky_healthcare,University of Kentucky Healthcare
360364,CLEVELAND CLINIC AVON HOSPITAL,OH,HOSPITAL,cleveland_clinic,Cleveland Clinic
360365,AVITA ONTARIO,OH,HOSPITAL,independent,Independent / Unknown
360367,LAKE HEALTH BEACHWOOD MEDICAL CENTER,OH,HOSPITAL,university_hospitals,University Hospitals
360368,KETTERING HEALTH TROY,OH,HOSPITAL,kettering_health,Kettering Health
360374,MERCY HEALTH KINGS MILLS HOSPITAL LLC,OH,HOSPITAL,bon_secours_mercy_health,Bon Secours Mercy Health
360375,MOUNT CARMEL DUBLIN,OH,HOSPITAL,independent,Independent / Unknown
361300,PAULDING COUNTY HOSPITAL,OH,HOSPITAL,independent,Independent / Unknown
361302,TWIN CITY MEDICAL CENTER,OH,HOSPITAL,commonspirit,CommonSpirit Health
361303,LODI COMMUNITY HOSPITAL,OH,HOSPITAL,cleveland_clinic,Cleveland Clinic
361304,GREENFIELD AREA MEDICAL CENTER,OH,HOSPITAL,adena_health_system,Adena Health System
361306,MERCY ALLEN HOSPITAL,OH,HOSPITAL,bon_secours_mercy_health,Bon Secours Mercy Health
361307,UHHS MEMORIAL HOSPITAL OF GENEVA,OH,HOSPITAL,university_hospitals,University Hospitals
361308,UNIVERSITY HOSPITALS CONNEAUT MEDICAL CENTER,OH,HOSPITAL,university_hospitals,University Hospitals
361309,"HENRY COUNTY HOSPITAL, INC",OH,HOSPITAL,independent,Independent / Unknown
361310,MERCY HEALTH - WILLARD HOSPITAL,OH,HOSPITAL,bon_secours_mercy_health,Bon Secours Mercy Health
361311,HARRISON COMMUNITY HOSPITAL,OH,HOSPITAL,west_virginia_university_health_system,West Virginia University Health System
361312,MERCY HEALTH - URBANA HOSPITAL,OH,HOSPITAL,bon_secours_mercy_health,Bon Secours Mercy Health
361313,OHIOHEALTH MORROW COUNTY HOSPITAL,OH,HOSPITAL,ohiohealth,Ohiohealth
361314,MAGRUDER HOSPITAL,OH,HOSPITAL,independent,Independent / Unknown
361315,HARDIN MEMORIAL HOSPITAL,OH,HOSPITAL,ohiohealth,Ohiohealth
361316,BUCYRUS COMMUNITY HOSPITAL,OH,HOSPITAL,independent,Independent / Unknown
361318,FOSTORIA COMMUNITY HOSPITAL,OH,HOSPITAL,promedica,ProMedica
361319,SELBY GENERAL HOSPITAL,OH,HOSPITAL,memorial_health_system_oh,Memorial Health System OH
361320,HOLZER MEDICAL CENTER JACKSON,OH,HOSPITAL,holzer_health_system,Holzer Health System
361321,"BARNESVILLE HOSPITAL ASSOCIATION, INC",OH,HOSPITAL,west_virginia_university_health_system,West Virginia University Health System
361322,BLUFFTON HOSPITAL,OH,HOSPITAL,blanchard_valley_health_system,Blanchard Valley Health System
361323,AULTMAN ORRVILLE HOSPITAL,OH,HOSPITAL,aultman_health_foundation,Aultman Health Foundation
361324,OHIOHEALTH SHELBY HOSPITAL,OH,HOSPITAL,ohiohealth,Ohiohealth
361325,GALION COMMUNITY HOSPITAL,OH,HOSPITAL,independent,Independent / Unknown
361326,ADAMS COUNTY REGIONAL MEDICAL CENTER,OH,HOSPITAL,independent,Independent / Unknown
361327,COMMUNITY HOSPITALS AND WELLNESS CENTERS,OH,HOSPITAL,parkview_health_system,Parkview Health System
361328,PROMEDICA DEFIANCE REGIONAL HOSPITAL,OH,HOSPITAL,promedica,ProMedica
361329,WYANDOT MEMORIAL HOSPITAL,OH,HOSPITAL,independent,Independent / Unknown
361330,HOCKING VALLEY COMMUNITY HOSPITAL,OH,HOSPITAL,the_ohio_state_university_wexner_medical_center,The Ohio State University Wexner Medical Center
361331,ADENA FAYETTE MEDICAL CENTER,OH,HOSPITAL,adena_health_system,Adena Health System
361332,HIGHLAND DISTRICT HOSPITAL,OH,HOSPITAL,the_ohio_state_university_wexner_medical_center,The Ohio State University Wexner Medical Center
361333,FULTON COUNTY HEALTH CENTER,OH,HOSPITAL,independent,Independent / Unknown
361334,ADENA PIKE MEDICAL CENTER,OH,HOSPITAL,adena_health_system,Adena Health System
361335,WAYNE HOSPITAL,OH,HOSPITAL,independent,Independent / Unknown
363300,CINCINNATI CHILDREN'S HOSPITAL MEDICAL CENTER,OH,HOSPITAL,independent,Independent / Unknown
363302,RAINBOW BABIES AND CHILDRENS HOSPITAL,OH,HOSPITAL,independent,Independent / Unknown
363303,AKRON CHILDREN'S HOSPITAL,OH,HOSPITAL,independent,Independent / Unknown
363304,CLEVELAND CLINIC CHILDREN'S HOSPITAL FOR REHAB,OH,HOSPITAL,cleveland_clinic,Cleveland Clinic
363305,NATIONWIDE CHILDREN'S HOSPITAL,OH,HOSPITAL,independent,Independent / Unknown
363306,DAYTON CHILDRENS HOSPITAL,OH,HOSPITAL,independent,Independent / Unknown
363308,SHRINERS HOSPITALS FOR CHILDREN,OH,HOSPITAL,independent,Independent / Unknown
363309,"NATIONWIDE CHILDREN'S HOSPITAL TOLEDO, LLC",OH,HOSPITAL,independent,Independent / Unknown
364007,TWIN VALLEY BEHAVIORAL HEALTHCARE,OH,HOSPITAL,independent,Independent / Unknown
364011,NORTHCOAST BEHAVIORAL HEALTHCARE NORTHFIELD CAMPUS,OH,HOSPITAL,independent,Independent / Unknown
364014,NORTHWEST OHIO PSYCHIATRIC HOSPITAL,OH,HOSPITAL,independent,Independent / Unknown
364015,APPALACHIAN BEHAVIORAL HEALTH CARE,OH,HOSPITAL,independent,Independent / Unknown
364029,WINDSOR LAURELWOOD CENTER FOR BEHAVORIAL MEDICINE,OH,HOSPITAL,independent,Independent / Unknown
364031,HEARTLAND BEHAVIORAL HEALTHCARE,OH,HOSPITAL,independent,Independent / Unknown
364035,SUMMIT BEHAVIORAL HEALTHCARE,OH,HOSPITAL,independent,Independent / Unknown
364036,ARROWHEAD BEHAVIORAL HEALTH,OH,HOSPITAL,independent,Independent / Unknown
364038,BELMONT PINES HOSPITAL,OH,HOSPITAL,independent,Independent / Unknown
364040,MENTAL HEALTH SERVICES FOR CLARK AND MADISON COS,OH,HOSPITAL,independent,Independent / Unknown
364041,OHIO HOSPITAL FOR PSYCHIATRY,OH,HOSPITAL,independent,Independent / Unknown
364044,LINDNER CENTER OF HOPE,OH,HOSPITAL,independent,Independent / Unknown
364047,RIDGEVIEW HOSPITAL,OH,HOSPITAL,independent,Independent / Unknown
364048,HAVEN BEHAVIORAL HOSPITAL OF DAYTON,OH,HOSPITAL,independent,Independent / Unknown
364049,DUBLIN SPRINGS,OH,HOSPITAL,independent,Independent / Unknown
364050,"ACCESS HOSPITAL DAYTON, LLC",OH,HOSPITAL,independent,Independent / Unknown
364051,BECKETT SPRINGS,OH,HOSPITAL,independent,Independent / Unknown
364052,CLEAR VISTA HEALTH & WELLNESS,OH,HOSPITAL,independent,Independent / Unknown
364053,HIGHLAND SPRINGS,OH,HOSPITAL,independent,Independent / Unknown
364054,GENERATIONS BEHAVIORAL HEALTH - GENEVA,OH,HOSPITAL,independent,Independent / Unknown
364055,SOJOURN AT SENECA SENIOR BEHAVIORAL HEALTH HOSPITA,OH,HOSPITAL,independent,Independent / Unknown
364056,ASSURANCE HEALTH CINCINNATI LLC,OH,HOSPITAL,independent,Independent / Unknown
364057,BLUERIDGE VISTA HEALTH AND WELLNESS,OH,HOSPITAL,independent,Independent / Unknown
364058,SUN BEHAVIORAL COLUMBUS,OH,HOSPITAL,independent,Independent / Unknown
364059,ASSURANCE HEALTH HUDSON LLC,OH,HOSPITAL,independent,Independent / Unknown
364060,GENERATIONS BEHAVIORAL HEALTH-YOUNGSTOWN LLC,OH,HOSPITAL,independent,Independent / Unknown
364061,RIVER VISTA HEALTH AND WELLNESS LLC,OH,HOSPITAL,independent,Independent / Unknown
364062,MOUNT CARMEL BEHAVIORAL HEALTH,OH,HOSPITAL,independent,Independent / Unknown
364063,GEORGETOWN BEHAVIORAL HOSPITAL,OH,HOSPITAL,independent,Independent / Unknown
364064,SUNRISE VISTA HEALTH AND WELLNESS,OH,HOSPITAL,independent,Independent / Unknown
364065,GLENWOOD BEHAVIORAL HEALTH HOSPITAL,OH,HOSPITAL,independent,Independent / Unknown
364066,ASSURANCE HEALTH TOLEDO LLC,OH,HOSPITAL,independent,Independent / Unknown
370001,HILLCREST MEDICAL CENTER,OK,HOSPITAL,ardent_health,Ardent Health
370002,ALLIANCEHEALTH WOODWARD,OK,HOSPITAL,community_health_systems,Community Health Systems
370004,INTEGRIS MIAMI HOSPITAL,OK,HOSPITAL,integris_health,Integris Health
370006,INTEGRIS HEALTH PONCA CITY,OK,HOSPITAL,community_health_systems,Community Health Systems
370008,NORMAN REGIONAL,OK,HOSPITAL,norman_regional_health_system,Norman Regional Health System
370013,"MERCY HOSPITAL OKLAHOMA CITY, INC",OK,HOSPITAL,mercy_health,Mercy
370014,ALLIANCEHEALTH DURANT,OK,HOSPITAL,community_health_systems,Community Health Systems
370015,HILLCREST HOSPITAL PRYOR,OK,HOSPITAL,ardent_health,Ardent Health
370016,INTEGRIS HEALTH ENID HOSPITAL,OK,HOSPITAL,integris_health,Integris Health
370018,ASCENSION ST JOHN JANE PHILLIPS,OK,HOSPITAL,ascension,Ascension
370019,GREAT PLAINS REGIONAL MEDICAL CENTER,OK,HOSPITAL,independent,Independent / Unknown
370020,MERCY HOSPITAL ADA,OK,HOSPITAL,mercy_health,Mercy
370022,JACKSON COUNTY MEMORIAL HOSPITAL AUTHORITY,OK,HOSPITAL,independent,Independent / Unknown
370023,"DUNCAN REGIONAL HOSPITAL, INC",OK,HOSPITAL,independent,Independent / Unknown
370025,SAINT FRANCIS HOSPITAL MUSKOGEE,OK,HOSPITAL,saint_francis_health_system,Saint Francis Health System
370026,ST MARY'S REGIONAL MEDICAL CENTER,OK,HOSPITAL,universal_health_services,Universal Health Services
370028,"INTEGRIS BAPTIST MEDICAL CENTER, INC",OK,HOSPITAL,integris_health,Integris Health
370034,MCALESTER REGIONAL HEALTH CENTER,OK,HOSPITAL,independent,Independent / Unknown
370037,SSM HEALTH ST ANTHONY HOSPITAL - OKLAHOMA CITY,OK,HOSPITAL,ssm_health,SSM Health
370039,HILLCREST HOSPITAL CLAREMORE,OK,HOSPITAL,ardent_health,Ardent Health
370047,"MERCY HOSPITAL ARDMORE, INC",OK,HOSPITAL,mercy_health,Mercy
370049,STILLWATER MEDICAL CENTER,OK,HOSPITAL,stillwater_medical_center_authority,Stillwater Medical Center Authority
370054,GRADY MEMORIAL HOSPITAL,OK,HOSPITAL,independent,Independent / Unknown
370056,MEMORIAL HEALTH,OK,HOSPITAL,comanche_county_memorial_hospital,Comanche County Memorial Hospital
370057,MUSCOGEE (CREEK) NATION MEDICAL CENTER,OK,HOSPITAL,independent,Independent / Unknown
370078,OKLAHOMA STATE UNIVERSITY MEDICAL CENTER,OK,HOSPITAL,saint_francis_health_system,Saint Francis Health System
370083,PUSHMATAHA HOSPITAL,OK,HOSPITAL,independent,Independent / Unknown
370089,NORTHEASTERN HEALTH SYSTEM,OK,HOSPITAL,northeastern_health_system,Northeastern Health System
370091,"SAINT FRANCIS HOSPITAL, INC",OK,HOSPITAL,saint_francis_health_system,Saint Francis Health System
370093,O U MEDICAL CENTER,OK,HOSPITAL,ou_health,OU Health
370094,SSM HEALTH ST ANTHONY HOSPITAL - MIDWEST,OK,HOSPITAL,ssm_health,SSM Health
370097,SOUTHWESTERN MEDICAL CENTER,OK,HOSPITAL,scionhealth,ScionHealth
370099,HILLCREST HOSPITAL CUSHING,OK,HOSPITAL,ardent_health,Ardent Health
370100,CHOCTAW MEMORIAL HOSPITAL,OK,HOSPITAL,quorum_health,Quorum Health
370106,INTEGRIS SOUTHWEST MEDICAL CENTER,OK,HOSPITAL,integris_health,Integris Health
370112,SEQUOYAH COUNTY-CITY OF SALLISAW HOSPITAL AUTHORIT,OK,HOSPITAL,northeastern_health_system,Northeastern Health System
370113,INTEGRIS GROVE HOSPITAL,OK,HOSPITAL,integris_health,Integris Health
370114,ASCENSION ST JOHN MEDICAL CENTER,OK,HOSPITAL,ascension,Ascension
37012F,MUSKOGEE VA MEDICAL CENTER,OK,HOSPITAL,va,VA
370149,SSM HEALTH ST ANTHONY HOSPITAL - SHAWNEE,OK,HOSPITAL,ssm_health,SSM Health
37014F,OKLAHOMA CITY VA MEDICAL CENTER,OK,HOSPITAL,va,VA
370158,PURCELL MUNICIPAL HOSPITAL,OK,HOSPITAL,ssm_health,SSM Health
370166,WAGONER COMMUNITY HOSPITAL,OK,HOSPITAL,independent,Independent / Unknown
370170,LAWTON INDIAN HOSPITAL,OK,HOSPITAL,independent,Independent / Unknown
370171,CHEROKEE NATION W W HASTINGS INDIAN HOSPITAL,OK,HOSPITAL,independent,Independent / Unknown
370172,CHOCTAW NATION HEALTH SERVICES AUTHORITY,OK,HOSPITAL,independent,Independent / Unknown
370173,CLAREMORE INDIAN HOSPITAL,OK,HOSPITAL,independent,Independent / Unknown
370178,MEMORIAL HOSPITAL,OK,HOSPITAL,independent,Independent / Unknown
370180,CHICKASAW NATION MEDICAL CENTER,OK,HOSPITAL,independent,Independent / Unknown
370183,HILLCREST HOSPITAL HENRYETTA,OK,HOSPITAL,ardent_health,Ardent Health
370192,NORTHWEST SURGICAL HOSPITAL,OK,HOSPITAL,independent,Independent / Unknown
370199,"LAKESIDE WOMEN'S HOSPITAL, A MEMBER OF INTEGRIS HE",OK,HOSPITAL,integris_health,Integris Health
370201,SURGICAL HOSPITAL OF OKLAHOMA,OK,HOSPITAL,independent,Independent / Unknown
370202,HILLCREST HOSPITAL SOUTH,OK,HOSPITAL,ardent_health,Ardent Health
370203,"COMMUNITY HOSPITAL, LLC",OK,HOSPITAL,independent,Independent / Unknown
370206,OKLAHOMA SPINE HOSPITAL,OK,HOSPITAL,independent,Independent / Unknown
370210,"OKLAHOMA SURGICAL HOSPITAL, LLC",OK,HOSPITAL,independent,Independent / Unknown
370211,INTEGRIS CANADIAN VALLEY HOSPITAL,OK,HOSPITAL,integris_health,Integris Health
370212,OKLAHOMA CENTER FOR ORTHOPAEDIC & MULTI-SP,OK,HOSPITAL,tenet_healthcare,Tenet Healthcare
370214,LINDSAY MUNICIPAL HOSPITAL,OK,HOSPITAL,independent,Independent / Unknown
370215,"OKLAHOMA HEART HOSPITAL, LLC",OK,HOSPITAL,independent,Independent / Unknown
370216,TULSA SPINE & SPECIALTY HOSPITAL,OK,HOSPITAL,ardent_health,Ardent Health
370218,"SAINT FRANCIS HOSPITAL SOUTH, LLC",OK,HOSPITAL,saint_francis_health_system,Saint Francis Health System
370220,ONECORE HEALTH,OK,HOSPITAL,independent,Independent / Unknown
370222,MCBRIDE ORTHOPEDIC HOSPITAL,OK,HOSPITAL,independent,Independent / Unknown
370225,"SUMMIT MEDICAL CENTER, LLC",OK,HOSPITAL,independent,Independent / Unknown
370227,ST JOHN OWASSO,OK,HOSPITAL,ascension,Ascension
370228,"BAILEY MEDICAL CENTER, LLC",OK,HOSPITAL,ardent_health,Ardent Health
370234,"OKLAHOMA HEART HOSPITAL SOUTH, LLC",OK,HOSPITAL,mercy_health,Mercy
370235,ASCENSION ST JOHN BROKEN ARROW,OK,HOSPITAL,ascension,Ascension
370236,INTEGRIS HEALTH EDMOND HOSPITAL,OK,HOSPITAL,integris_health,Integris Health
370237,"SAINT FRANCIS HOSPITAL VINITA, INC",OK,HOSPITAL,saint_francis_health_system,Saint Francis Health System
370240,INTEGRIS COMMUNITY HOSPITAL - COUNCIL CROSSING,OK,HOSPITAL,integris_health,Integris Health
370243,VALLEY COMMUNITY HOSPITAL,OK,HOSPITAL,independent,Independent / Unknown
370244,COUNCIL OAK COMPREHENSIVE HEALTHCARE,OK,HOSPITAL,independent,Independent / Unknown
370245,CLINTON REGIONAL HOSPITAL,OK,HOSPITAL,independent,Independent / Unknown
370246,CARRUS LAKESIDE HOSPITAL,OK,HOSPITAL,independent,Independent / Unknown
370247,EXCEPTIONAL COMMUNITY HOSPITAL ARDMORE,OK,HOSPITAL,independent,Independent / Unknown
370779,STILLWATER MEDICAL - PERRY,OK,HOSPITAL,stillwater_medical_center_authority,Stillwater Medical Center Authority
370780,STILLWATER MEDICAL-BLACKWELL,OK,HOSPITAL,stillwater_medical_center_authority,Stillwater Medical Center Authority
370781,HARPER COUNTY COMMUNITY HOSPITAL,OK,HOSPITAL,independent,Independent / Unknown
370783,ELKVIEW GENERAL HOSPITAL,OK,HOSPITAL,independent,Independent / Unknown
371300,ATOKA COUNTY MEDICAL CENTER,OK,HOSPITAL,independent,Independent / Unknown
371301,PRAGUE REGIONAL MEMORIAL HOSPITAL,OK,HOSPITAL,independent,Independent / Unknown
371302,"MERCY HOSPITAL WATONGA, INC",OK,HOSPITAL,mercy_health,Mercy
371303,ROGER MILLS MEMORIAL HOSPITAL,OK,HOSPITAL,independent,Independent / Unknown
371304,MERCY HOSPITAL TISHOMINGO INC,OK,HOSPITAL,mercy_health,Mercy
371305,ASCENSION ST JOHN NOWATA,OK,HOSPITAL,ascension,Ascension
371306,MERCY HOSPITAL MARIETTA,OK,HOSPITAL,mercy_health,Mercy
371307,CIMARRON MEMORIAL HOSPITAL,OK,HOSPITAL,independent,Independent / Unknown
371309,"PAWHUSKA HOSPITAL, INC",OK,HOSPITAL,independent,Independent / Unknown
371310,"MERCY HOSPITAL HEALDTON, INC.",OK,HOSPITAL,mercy_health,Mercy
371311,JEFFERSON COUNTY HOSPITAL,OK,HOSPITAL,independent,Independent / Unknown
371312,ASCENSION ST JOHN SAPULPA,OK,HOSPITAL,ascension,Ascension
371313,"MERCY HOSPITAL KINGFISHER, INC",OK,HOSPITAL,mercy_health,Mercy
371314,THE PHYSICIANS' HOSPITAL IN ANADARKO,OK,HOSPITAL,independent,Independent / Unknown
371316,RURAL WELLNESS STROUD HOSPITAL,OK,HOSPITAL,independent,Independent / Unknown
371317,MERCY HOSPITAL LOGAN COUNTY,OK,HOSPITAL,mercy_health,Mercy
371318,RURAL WELLNESS FAIRFAX HOSPITAL,OK,HOSPITAL,quorum_health,Quorum Health
371319,"COAL COUNTY GENERAL HOSPITAL, INC.",OK,HOSPITAL,independent,Independent / Unknown
371320,CLEVELAND AREA HOSPITAL,OK,HOSPITAL,independent,Independent / Unknown
371321,HOLDENVILLE GENERAL HOSPITAL,OK,HOSPITAL,independent,Independent / Unknown
371322,BEAVER COUNTY MEMORIAL HOSPITAL,OK,HOSPITAL,independent,Independent / Unknown
371323,"WEATHERFORD REGIONAL HOSPITAL, INC OF WEATHERFORD",OK,HOSPITAL,ssm_health,SSM Health
371325,CORDELL MEMORIAL HOSPITAL,OK,HOSPITAL,ssm_health,SSM Health
371326,ALLIANCEHEALTH MADILL,OK,HOSPITAL,community_health_systems,Community Health Systems
371327,OKEENE MUNICIPAL HOSPITAL,OK,HOSPITAL,ssm_health,SSM Health
371328,ARBUCKLE MEMORIAL HOSPITAL,OK,HOSPITAL,mercy_health,Mercy
371329,FAIRVIEW REGIONAL MEDICAL CENTER AUTHORITY,OK,HOSPITAL,independent,Independent / Unknown
371330,MANGUM REGIONAL MEDICAL CENTER,OK,HOSPITAL,independent,Independent / Unknown
371331,DRUMRIGHT REGIONAL HOSPITAL,OK,HOSPITAL,independent,Independent / Unknown
371332,SEILING MUNICIPAL HOSPITAL,OK,HOSPITAL,independent,Independent / Unknown
371333,CREEK NATION COMMUNITY HOSPITAL,OK,HOSPITAL,independent,Independent / Unknown
371334,CARNEGIE TRI-COUNTY MUNICIPAL HOSPITAL,OK,HOSPITAL,independent,Independent / Unknown
371335,"HASKELL REGIONAL HOSPITAL, INC",OK,HOSPITAL,independent,Independent / Unknown
371336,NEWMAN MEMORIAL HOSPITAL,OK,HOSPITAL,independent,Independent / Unknown
371337,EASTERN OKLAHOMA MEDICAL CENTER,OK,HOSPITAL,independent,Independent / Unknown
371338,HARMON MEMORIAL HOSPITAL,OK,HOSPITAL,independent,Independent / Unknown
371340,MEMORIAL HOSPITAL OF TEXAS COUNTY AUTHORITY,OK,HOSPITAL,independent,Independent / Unknown
371341,SHARE MEDICAL CENTER,OK,HOSPITAL,ssm_health,SSM Health
371342,MCCURTAIN MEMORIAL HOSPITAL,OK,HOSPITAL,independent,Independent / Unknown
373300,J D MCCARTY CENTER FOR CHILDREN,OK,HOSPITAL,independent,Independent / Unknown
373303,"THE CHILDREN'S CENTER, INC",OK,HOSPITAL,independent,Independent / Unknown
374000,GRIFFIN MEMORIAL HOSPITAL,OK,HOSPITAL,independent,Independent / Unknown
374001,NORTHWEST CENTER FOR BEHAVIORAL HEALTH (NCBH),OK,HOSPITAL,independent,Independent / Unknown
374006,CARL ALBERT COMMUNITY MENTAL HEALTH CENTER,OK,HOSPITAL,independent,Independent / Unknown
374008,JIM TALIAFERRO COMM MENTAL HEALTH CTR,OK,HOSPITAL,independent,Independent / Unknown
374012,"BROOKHAVEN HOSPITAL, LLC",OK,HOSPITAL,independent,Independent / Unknown
374016,"ROLLING HILLS HOSPITAL, LLC",OK,HOSPITAL,independent,Independent / Unknown
374020,"LAUREATE PSYCHIATRIC CLINIC AND HOSPITAL, INC",OK,HOSPITAL,independent,Independent / Unknown
374021,"PARKSIDE, INC",OK,HOSPITAL,independent,Independent / Unknown
374023,CEDAR RIDGE BEHAVIORAL HOSPITAL,OK,HOSPITAL,independent,Independent / Unknown
374025,"OAKWOOD SPRINGS, LLC",OK,HOSPITAL,independent,Independent / Unknown
374026,TULSA CENTER FOR BEHAVIORAL HEALTH,OK,HOSPITAL,independent,Independent / Unknown
374027,BEHAVIORAL HEALTH CENTER AT PORTER HEALTH VILLAGE,OK,HOSPITAL,independent,Independent / Unknown
380001,MID-COLUMBIA MEDICAL CENTER,OR,HOSPITAL,adventist_health,Adventist Health
380002,ASANTE THREE RIVERS MEDICAL CENTER,OR,HOSPITAL,asante_health_system,Asante Health System
380004,PROVIDENCE ST VINCENT MEDICAL CENTER,OR,HOSPITAL,providence,Providence
380005,ASANTE ASHLAND COMMUNITY HOSPITAL,OR,HOSPITAL,asante_health_system,Asante Health System
380007,LEGACY EMANUEL MEDICAL CENTER,OR,HOSPITAL,legacy_health,Legacy Health
380009,OHSU HOSPITAL AND CLINICS,OR,HOSPITAL,oregon_health_and_science_university,Oregon Health and Science University
380014,GOOD SAMARITAN REGIONAL MEDICAL CENTER,OR,HOSPITAL,samaritan_health_services,Samaritan Health Services
380017,LEGACY GOOD SAMARITAN MEDICAL CENTER,OR,HOSPITAL,legacy_health,Legacy Health
380018,ASANTE ROGUE REGIONAL MEDICAL CENTER,OR,HOSPITAL,asante_health_system,Asante Health System
380020,MCKENZIE-WILLAMETTE MEDICAL CENTER,OR,HOSPITAL,quorum_health,Quorum Health
380021,HILLSBORO MEDICAL CENTER,OR,HOSPITAL,oregon_health_and_science_university,Oregon Health and Science University
380022,SAMARITAN ALBANY GENERAL HOSPITAL,OR,HOSPITAL,samaritan_health_services,Samaritan Health Services
380025,LEGACY MOUNT HOOD MEDICAL CENTER,OR,HOSPITAL,legacy_health,Legacy Health
380027,MERCY MEDICAL CENTER,OR,HOSPITAL,commonspirit,CommonSpirit Health
380029,LEGACY SILVERTON MEDICAL CENTER,OR,HOSPITAL,legacy_health,Legacy Health
380037,PROVIDENCE NEWBERG MEDICAL CENTER,OR,HOSPITAL,providence,Providence
380038,PROVIDENCE WILLAMETTE FALLS MEDICAL CENTER,OR,HOSPITAL,providence,Providence
38003F,PORTLAND VA MEDICAL CENTER,OR,HOSPITAL,va,VA
380047,ST CHARLES MEDICAL CENTER - BEND,OR,HOSPITAL,saint_charles_health_system,Saint Charles Health System
38004F,VA ROSEBURG HEALTHCARE SYSTEM,OR,HOSPITAL,independent,Independent / Unknown
380050,SKY LAKES MEDICAL CENTER,OR,HOSPITAL,sky_lakes_medical_center,Sky Lakes Medical Center
380051,SALEM HOSPITAL,OR,HOSPITAL,salem_health_hospitals_and_clinics,Salem Health Hospitals and Clinics
380052,SAINT ALPHONSUS MEDICAL CENTER ONTARIO,OR,HOSPITAL,trinity_health,Trinity Health
380056,SANTIAM HOSPITAL & CLINICS,OR,HOSPITAL,independent,Independent / Unknown
380060,ADVENTIST HEALTH PORTLAND,OR,HOSPITAL,adventist_health,Adventist Health
380061,PROVIDENCE PORTLAND MEDICAL CENTER,OR,HOSPITAL,providence,Providence
380071,WILLAMETTE VALLEY MEDICAL CENTER,OR,HOSPITAL,lifepoint_health,Lifepoint Health
380075,PROVIDENCE MEDFORD MEDICAL CENTER,OR,HOSPITAL,providence,Providence
380082,PROVIDENCE MILWAUKIE HOSPITAL,OR,HOSPITAL,providence,Providence
380089,LEGACY MERIDIAN PARK MEDICAL CENTER,OR,HOSPITAL,legacy_health,Legacy Health
380090,BAY AREA HOSPITAL,OR,HOSPITAL,independent,Independent / Unknown
380091,KAISER SUNNYSIDE MEDICAL CENTER,OR,HOSPITAL,kaiser_permanente,Kaiser Permanente
380102,SACRED HEART MEDICAL CENTER - RIVERBEND,OR,HOSPITAL,peacehealth,Peacehealth
380103,KAISER FOUNDATION HOSPITAL WESTSIDE,OR,HOSPITAL,kaiser_permanente,Kaiser Permanente
381301,PEACEHEALTH COTTAGE GROVE COMMUNITY MEDICAL CENTER,OR,HOSPITAL,peacehealth,Peacehealth
381302,SAMARITAN NORTH LINCOLN HOSPITAL,OR,HOSPITAL,samaritan_health_services,Samaritan Health Services
381303,PROVIDENCE SEASIDE HOSPITAL,OR,HOSPITAL,providence,Providence
381304,SOUTHERN COOS HOSPITAL & HEALTH CENTER,OR,HOSPITAL,independent,Independent / Unknown
381305,BLUE MOUNTAIN HOSPITAL,OR,HOSPITAL,independent,Independent / Unknown
381306,WALLOWA MEMORIAL HOSPITAL,OR,HOSPITAL,independent,Independent / Unknown
381307,HARNEY DISTRICT HOSPITAL,OR,HOSPITAL,independent,Independent / Unknown
381308,SALEM HEALTH WEST VALLEY HOSPITAL,OR,HOSPITAL,salem_health_hospitals_and_clinics,Salem Health Hospitals and Clinics
381309,LAKE DISTRICT HOSPITAL,OR,HOSPITAL,legacy_health,Legacy Health
381310,PIONEER MEMORIAL HOSPITAL,OR,HOSPITAL,independent,Independent / Unknown
381311,LOWER UMPQUA HOSPITAL DISTRICT,OR,HOSPITAL,independent,Independent / Unknown
381312,COQUILLE VALLEY HOSPITAL,OR,HOSPITAL,independent,Independent / Unknown
381313,ST CHARLES MEDICAL CENTER PRINEVILLE,OR,HOSPITAL,saint_charles_health_system,Saint Charles Health System
381314,SAMARITAN PACIFIC COMMUNITY HOSPITAL,OR,HOSPITAL,samaritan_health_services,Samaritan Health Services
381315,ST. ALPHONSUS MEDICAL CENTER - BAKER CITY,OR,HOSPITAL,trinity_health,Trinity Health
381316,PEACE HARBOR MEDICAL CENTER,OR,HOSPITAL,peacehealth,Peacehealth
381317,ADVENTIST HEALTH TILLAMOOK,OR,HOSPITAL,adventist_health,Adventist Health
381318,PROVIDENCE HOOD RIVER MEMORIAL HOSPITAL,OR,HOSPITAL,providence,Providence
381319,ST ANTHONY HOSPITAL,OR,HOSPITAL,commonspirit,CommonSpirit Health
381320,COLUMBIA MEMORIAL HOSPITAL,OR,HOSPITAL,independent,Independent / Unknown
381321,GRANDE RONDE HOSPITAL,OR,HOSPITAL,grande_ronde_hospital_and_clinics,Grande Ronde Hospital and Clinics
381322,CURRY GENERAL HOSPITAL,OR,HOSPITAL,independent,Independent / Unknown
381323,SAMARITAN LEBANON COMMUNITY HOSPITAL,OR,HOSPITAL,samaritan_health_services,Samaritan Health Services
381324,ST CHARLES MADRAS,OR,HOSPITAL,saint_charles_health_system,Saint Charles Health System
381325,GOOD SHEPHERD MEDICAL CENTER,OR,HOSPITAL,independent,Independent / Unknown
383300,SHRINERS HOSPITAL FOR CHILDREN - PORTLAND,OR,HOSPITAL,independent,Independent / Unknown
384008,OREGON STATE HOSPITAL DISTINCT PART,OR,HOSPITAL,independent,Independent / Unknown
384012,CEDAR HILLS HOSPITAL,OR,HOSPITAL,independent,Independent / Unknown
390001,GEISINGER-COMMUNITY MEDICAL CENTER,PA,HOSPITAL,geisinger,Geisinger
390002,UPMC MCKEESPORT HOSPITAL,PA,HOSPITAL,upmc,UPMC
390003,GEISINGER-BLOOMSBURG HOSPITAL,PA,HOSPITAL,geisinger,Geisinger
390004,PENN STATE HEALTH HOLY SPIRIT MEDICAL CENTER,PA,HOSPITAL,penn_state_health_milton_s_hershey_medical_center,Penn State Health Milton S Hershey Medical Center
390006,GEISINGER MEDICAL CENTER,PA,HOSPITAL,geisinger,Geisinger
390009,SAINT VINCENT HOSPITAL,PA,HOSPITAL,allegheny_health_network,Allegheny Health Network
390012,JEFFERSON LANSDALE HOSPITAL,PA,HOSPITAL,jefferson_health,Jefferson Health
390013,WELLSPAN EVANGELICAL COMMUNITY HOSPITAL,PA,HOSPITAL,evangelical_community_hospital,Evangelical Community Hospital
390016,UPMC JAMESON,PA,HOSPITAL,upmc,UPMC
39001F,JAMES E. VAN ZANDT VA MEDICAL CENTER (ALTOONA),PA,HOSPITAL,va,VA
390025,KENSINGTON HOSPITAL,PA,HOSPITAL,independent,Independent / Unknown
390026,TEMPLE HEALTH - CHESTNUT HILL HOSPITAL,PA,HOSPITAL,temple_university_health_system,Temple University Health System
390027,TEMPLE UNIVERSITY HOSPITAL,PA,HOSPITAL,temple_university_health_system,Temple University Health System
390028,UPMC MERCY,PA,HOSPITAL,upmc,UPMC
390030,SCHUYLKILL MEDICAL CENTER - SOUTH JACKSON STREET,PA,HOSPITAL,lehigh_valley_health_network,Lehigh Valley Health Network
390032,ALLEGHENY VALLEY HOSPITAL,PA,HOSPITAL,allegheny_health_network,Allegheny Health Network
390035,ST LUKE'S HOSPITAL - UPPER BUCKS CAMPUS,PA,HOSPITAL,saint_lukes_university_health_network,Saint Lukes University Health Network
390036,HERITAGE VALLEY BEAVER,PA,HOSPITAL,heritage_valley_health_system,Heritage Valley Health System
390037,HERITAGE VALLEY SEWICKLEY,PA,HOSPITAL,heritage_valley_health_system,Heritage Valley Health System
390039,UPMC SOMERSET,PA,HOSPITAL,upmc,UPMC
390041,UNIONTOWN HOSPITAL,PA,HOSPITAL,west_virginia_university_health_system,West Virginia University Health System
390042,"WASHINGTON HOSPITAL, THE",PA,HOSPITAL,washington_health_system,Washington Health System
390044,READING HOSPITAL,PA,HOSPITAL,tower_health,Tower Health
390045,UPMC WILLIAMSPORT,PA,HOSPITAL,upmc,UPMC
390046,WELLSPAN YORK HOSPITAL,PA,HOSPITAL,wellspan_health,Wellspan Health
390048,GEISINGER-LEWISTOWN HOSPITAL,PA,HOSPITAL,geisinger,Geisinger
390049,ST LUKES HOSPITAL,PA,HOSPITAL,saint_lukes_university_health_network,Saint Lukes University Health Network
39004F,COATESVILLE VA MEDICAL CENTER,PA,HOSPITAL,va,VA
390050,ALLEGHENY GENERAL HOSPITAL,PA,HOSPITAL,allegheny_health_network,Allegheny Health Network
390056,PENN HIGHLANDS HUNTINGDON,PA,HOSPITAL,penn_highlands_healthcare,Penn Highlands Healthcare
390057,ST LUKE'S HOSPITAL - GRAND VIEW CAMPUS,PA,HOSPITAL,grand_view_hospital,Grand View Hospital
390058,UPMC CARLISLE,PA,HOSPITAL,upmc,UPMC
39005F,ERIE VA MEDICAL CENTER,PA,HOSPITAL,va,VA
390062,CONEMAUGH NASON MEDICAL CENTER,PA,HOSPITAL,lifepoint_health,Lifepoint Health
390063,UPMC HAMOT,PA,HOSPITAL,upmc,UPMC
390065,GETTYSBURG HOSPITAL,PA,HOSPITAL,wellspan_health,Wellspan Health
390066,WELLSPAN GOOD SAMARITAN HOSPITAL,PA,HOSPITAL,wellspan_health,Wellspan Health
390067,UPMC PINNACLE HOSPITALS,PA,HOSPITAL,upmc,UPMC
390068,UPMC LITITZ,PA,HOSPITAL,upmc,UPMC
39006F,LEBANON VA MEDICAL CENTER,PA,HOSPITAL,va,VA
390070,LOWER BUCKS HOSPITAL,PA,HOSPITAL,prime_healthcare,Prime Healthcare
390073,UPMC ALTOONA,PA,HOSPITAL,upmc,UPMC
390079,ROBERT PACKER HOSPITAL,PA,HOSPITAL,guthrie_healthcare_system,Guthrie Healthcare System
390086,PENN HIGHLANDS DUBOIS,PA,HOSPITAL,penn_highlands_healthcare,Penn Highlands Healthcare
390090,WEST PENN HOSPITAL,PA,HOSPITAL,allegheny_health_network,Allegheny Health Network
390091,UPMC NORTHWEST,PA,HOSPITAL,upmc,UPMC
390093,CLARION HOSPITAL,PA,HOSPITAL,butler_health_system,Butler Health System
390096,PENN STATE HEALTH ST. JOSEPH,PA,HOSPITAL,penn_state_health_milton_s_hershey_medical_center,Penn State Health Milton S Hershey Medical Center
390097,HOLY REDEEMER HOSPITAL AND MEDICAL CENTER,PA,HOSPITAL,holy_redeemer_health_system,Holy Redeemer Health System
39009F,PHILADELPHIA VA MEDICAL CENTER,PA,HOSPITAL,va,VA
390100,LANCASTER GENERAL HOSPITAL,PA,HOSPITAL,university_of_pennsylvania_health_system,University of Pennsylvania Health System
390101,UPMC MEMORIAL,PA,HOSPITAL,upmc,UPMC
390102,UPMC ST MARGARET,PA,HOSPITAL,upmc,UPMC
390107,UPMC PASSAVANT,PA,HOSPITAL,upmc,UPMC
390110,CONEMAUGH MEMORIAL MEDICAL CENTER,PA,HOSPITAL,lifepoint_health,Lifepoint Health
390111,HOSPITAL OF UNIV OF PENNSYLVANIA,PA,HOSPITAL,university_of_pennsylvania_health_system,University of Pennsylvania Health System
390112,CHAN SOON- SHIONG MEDICAL CENTER AT WINDBER,PA,HOSPITAL,independent,Independent / Unknown
390113,MEADVILLE MEDICAL CENTER,PA,HOSPITAL,meadville_medical_center,Meadville Medical Center
390114,MAGEE WOMENS HOSPITAL OF UPMC HEALTH SYSTEM,PA,HOSPITAL,upmc,UPMC
390115,JEFFERSON HEALTH- NORTHEAST,PA,HOSPITAL,jefferson_health,Jefferson Health
390116,SUBURBAN COMMUNITY HOSPITAL,PA,HOSPITAL,prime_healthcare,Prime Healthcare
390117,UPMC BEDFORD MEMORIAL,PA,HOSPITAL,upmc,UPMC
390123,POTTSTOWN HOSPITAL,PA,HOSPITAL,tower_health,Tower Health
390125,WAYNE MEMORIAL HOSPITAL,PA,HOSPITAL,wayne_memorial_health_system,Wayne Memorial Health System
390127,PHOENIXVILLE HOSPITAL,PA,HOSPITAL,tower_health,Tower Health
39012F,VA PITTSBURGH HEALTHCARE SYSTEM - UNIV DR,PA,HOSPITAL,independent,Independent / Unknown
390133,LEHIGH VALLEY HOSPITAL,PA,HOSPITAL,lehigh_valley_health_network,Lehigh Valley Health Network
390137,WILKES-BARRE GENERAL HOSPITAL,PA,HOSPITAL,community_health_systems,Community Health Systems
390138,WELLSPAN WAYNESBORO HOSPITAL,PA,HOSPITAL,wellspan_health,Wellspan Health
390139,BRYN MAWR HOSPITAL,PA,HOSPITAL,main_line_health,Main Line Health
39013F,WILKES BARRE VA MEDICAL CENTER,PA,HOSPITAL,va,VA
390142,JEFFERSON EINSTEIN PHILADELPHIA HOSPITAL,PA,HOSPITAL,jefferson_health,Jefferson Health
390145,EXCELA HEALTH WESTMORELAND REGIONAL HOSPITAL,PA,HOSPITAL,excela_health,Excela Health
390146,WARREN GENERAL HOSPITAL,PA,HOSPITAL,upmc,UPMC
390147,PENN HIGHLANDS MON VALLEY,PA,HOSPITAL,penn_highlands_healthcare,Penn Highlands Healthcare
390150,UPMC GREENE,PA,HOSPITAL,washington_health_system,Washington Health System
390151,WELLSPAN CHAMBERSBURG HOSPITAL,PA,HOSPITAL,wellspan_health,Wellspan Health
390153,PAOLI HOSPITAL,PA,HOSPITAL,main_line_health,Main Line Health
390156,MERCY CATHOLIC MEDICAL CENTER- MERCY FITZGERALD,PA,HOSPITAL,trinity_health,Trinity Health
390160,CANONSBURG GENERAL HOSPITAL,PA,HOSPITAL,allegheny_health_network,Allegheny Health Network
390162,ST LUKE'S HOSPITAL - EASTON CAMPUS,PA,HOSPITAL,saint_lukes_university_health_network,Saint Lukes University Health Network
390163,ACMH HOSPITAL,PA,HOSPITAL,armstrong_county_memorial_hospital,Armstrong County Memorial Hospital
390164,UPMC PRESBYTERIAN SHADYSIDE,PA,HOSPITAL,upmc,UPMC
390168,INDEPENDENCE HEALTH SYSTEM BUTLER MEMORIAL HOSPITA,PA,HOSPITAL,butler_health_system,Butler Health System
390173,INDIANA REGIONAL MEDICAL CENTER,PA,HOSPITAL,indiana_regional_medical_center,Indiana Regional Medical Center
390174,THOMAS JEFFERSON UNIVERSITY HOSPITAL,PA,HOSPITAL,jefferson_health,Jefferson Health
390178,UPMC HORIZON,PA,HOSPITAL,upmc,UPMC
390179,CHESTER COUNTY HOSPITAL,PA,HOSPITAL,university_of_pennsylvania_health_system,University of Pennsylvania Health System
390180,CROZER CHESTER MEDICAL CENTER,PA,HOSPITAL,prospect_medical_holdings,Prospect Medical Holdings
390183,ST LUKE'S MINERS MEMORIAL HOSPITAL,PA,HOSPITAL,saint_lukes_university_health_network,Saint Lukes University Health Network
390184,PENN HIGHLANDS CONNELLSVILLE,PA,HOSPITAL,penn_highlands_healthcare,Penn Highlands Healthcare
390185,LEHIGH VALLEY HOSPITAL - HAZLETON,PA,HOSPITAL,lehigh_valley_health_network,Lehigh Valley Health Network
390195,MAIN LINE HOSPITAL LANKENAU,PA,HOSPITAL,main_line_health,Main Line Health
390198,LECOM MEDICAL CENTER AND BEHAVIORAL HEALTH PAV,PA,HOSPITAL,lecom_health,Lecom Health
390199,PUNXSUTAWNEY AREA HOSPITAL,PA,HOSPITAL,independent,Independent / Unknown
390201,LEHIGH VALLEY HOSPITAL - POCONO,PA,HOSPITAL,lehigh_valley_health_network,Lehigh Valley Health Network
390203,DOYLESTOWN HOSPITAL,PA,HOSPITAL,doylestown_health,Doylestown Health
390204,NAZARETH HOSPITAL,PA,HOSPITAL,trinity_health,Trinity Health
390211,SHARON REGIONAL MEDICAL CENTER,PA,HOSPITAL,steward_health_care,Steward Health Care
390217,EXCELA HEALTH - FRICK HOSPITAL,PA,HOSPITAL,excela_health,Excela Health
390219,EXCELA HEALTH LATROBE HOSPITAL,PA,HOSPITAL,excela_health,Excela Health
390222,RIDDLE MEMORIAL HOSPITAL,PA,HOSPITAL,main_line_health,Main Line Health
390223,PENN PRESBYTERIAN MEDICAL CENTER,PA,HOSPITAL,university_of_pennsylvania_health_system,University of Pennsylvania Health System
390225,WELLSPAN EPHRATA COMMUNITY HOSPITAL,PA,HOSPITAL,wellspan_health,Wellspan Health
390226,PENNSYLVANIA HOSPITAL,PA,HOSPITAL,university_of_pennsylvania_health_system,University of Pennsylvania Health System
390228,ST CLAIR HOSPITAL,PA,HOSPITAL,saint_clair_hospital,Saint Clair Hospital
390231,JEFFERSON ABINGTON HOSPITAL,PA,HOSPITAL,jefferson_health,Jefferson Health
390233,UPMC HANOVER,PA,HOSPITAL,upmc,UPMC
390237,REGIONAL HOSPITAL OF SCRANTON,PA,HOSPITAL,community_health_systems,Community Health Systems
390256,MILTON S HERSHEY MEDICAL CENTER,PA,HOSPITAL,penn_state_health_milton_s_hershey_medical_center,Penn State Health Milton S Hershey Medical Center
390258,ST MARY MEDICAL CENTER,PA,HOSPITAL,trinity_health,Trinity Health
390265,JEFFERSON HOSPITAL,PA,HOSPITAL,allegheny_health_network,Allegheny Health Network
390266,GROVE CITY MEDICAL CENTER,PA,HOSPITAL,allegheny_health_network,Allegheny Health Network
390267,FORBES HOSPITAL,PA,HOSPITAL,allegheny_health_network,Allegheny Health Network
390268,MOUNT NITTANY MEDICAL CENTER,PA,HOSPITAL,mount_nittany_health_system,Mount Nittany Health System
390270,GEISINGER WYOMING VALLEY MEDICAL CENTER,PA,HOSPITAL,geisinger,Geisinger
390272,VALLEY FORGE MEDICAL CENTER,PA,HOSPITAL,independent,Independent / Unknown
390278,EAGLEVILLE HOSPITAL,PA,HOSPITAL,independent,Independent / Unknown
390304,ROXBOROUGH MEMORIAL HOSPITAL,PA,HOSPITAL,prime_healthcare,Prime Healthcare
390307,EDGEWOOD SURGICAL HOSPITAL,PA,HOSPITAL,independent,Independent / Unknown
390316,SURGICAL INSTITUTE OF READING,PA,HOSPITAL,tenet_healthcare,Tenet Healthcare
390322,ROTHMAN ORTHOPAEDIC SPECIALTY HOSPITAL,PA,HOSPITAL,independent,Independent / Unknown
390323,ADVANCED SURGICAL HOSPITAL,PA,HOSPITAL,independent,Independent / Unknown
390324,PHYSICIANS CARE SURGICAL HOSPITAL,PA,HOSPITAL,independent,Independent / Unknown
390325,OSS ORTHOPAEDIC HOSPITAL,PA,HOSPITAL,independent,Independent / Unknown
390327,WELLSPAN SURGERY AND REHABILITATION HOSPITAL,PA,HOSPITAL,independent,Independent / Unknown
390328,UPMC EAST,PA,HOSPITAL,upmc,UPMC
390329,JEFFERSON EINSTEIN MONTGOMERY HOSPITAL,PA,HOSPITAL,jefferson_health,Jefferson Health
390330,ST LUKE'S HOSPITAL - MONROE CAMPUS,PA,HOSPITAL,saint_lukes_university_health_network,Saint Lukes University Health Network
390331,WILLS EYE HOSPITAL,PA,HOSPITAL,independent,Independent / Unknown
390332,GEISINGER ST. LUKE'S  HOSPITAL,PA,HOSPITAL,saint_lukes_university_health_network,Saint Lukes University Health Network
390333,"AHN EMERUS WESTMORELAND, LLC",PA,HOSPITAL,allegheny_health_network,Allegheny Health Network
390334,AHN WEXFORD HOSPITAL,PA,HOSPITAL,allegheny_health_network,Allegheny Health Network
390335,ST LUKE'S HOSPITAL - CARBON CAMPUS,PA,HOSPITAL,saint_lukes_university_health_network,Saint Lukes University Health Network
390336,PENN STATE HEALTH HAMPDEN MEDICAL CENTER,PA,HOSPITAL,penn_state_health_milton_s_hershey_medical_center,Penn State Health Milton S Hershey Medical Center
390337,GEISINGER MEDICAL CENTER MUNCY,PA,HOSPITAL,geisinger,Geisinger
390338,LEHIGH VALLEY HOSPITAL - DICKSON CITY,PA,HOSPITAL,lehigh_valley_health_network,Lehigh Valley Health Network
390339,PENN STATE HEALTH LANCASTER MEDICAL CENTER,PA,HOSPITAL,penn_state_health_milton_s_hershey_medical_center,Penn State Health Milton S Hershey Medical Center
390430,LEHIGH VALLEY HOSPITAL - MACUNGIE,PA,HOSPITAL,independent,Independent / Unknown
391300,GEISINGER JERSEY SHORE HOSPITAL,PA,HOSPITAL,geisinger,Geisinger
391301,UPMC MUNCY,PA,HOSPITAL,upmc,UPMC
391302,CONEMAUGH MEYERSDALE MEDICAL CENTER,PA,HOSPITAL,lifepoint_health,Lifepoint Health
391303,FULTON COUNTY MEDICAL CENTER,PA,HOSPITAL,independent,Independent / Unknown
391304,BUCKTAIL MEDICAL CENTER,PA,HOSPITAL,independent,Independent / Unknown
391305,TROY COMMUNITY HOSPITAL,PA,HOSPITAL,guthrie_healthcare_system,Guthrie Healthcare System
391306,ENDLESS MOUNTAINS HEALTH SYSTEMS,PA,HOSPITAL,independent,Independent / Unknown
391307,PENN HIGHLANDS TYRONE,PA,HOSPITAL,penn_highlands_healthcare,Penn Highlands Healthcare
391308,LECOM HEALTH CORRY MEMORIAL HOSPITAL,PA,HOSPITAL,lecom_health,Lecom Health
391309,BARNES-KASSON COUNTY HOSPITAL,PA,HOSPITAL,independent,Independent / Unknown
391312,PENN HIGHLANDS BROOKVILLE,PA,HOSPITAL,penn_highlands_healthcare,Penn Highlands Healthcare
391313,UPMC COLE,PA,HOSPITAL,upmc,UPMC
391314,TITUSVILLE AREA HOSPITAL,PA,HOSPITAL,meadville_medical_center,Meadville Medical Center
391315,PENN HIGHLANDS ELK,PA,HOSPITAL,penn_highlands_healthcare,Penn Highlands Healthcare
391316,UPMC WELLSBORO,PA,HOSPITAL,upmc,UPMC
391317,CONEMAUGH MINERS MEDICAL CENTER,PA,HOSPITAL,lifepoint_health,Lifepoint Health
391318,UPMC KANE,PA,HOSPITAL,upmc,UPMC
393302,UPMC CHILDREN'S HOSPITAL OF PITTSBURGH,PA,HOSPITAL,upmc,UPMC
393303,CHILDREN'S HOSPITAL OF PHILADELPHIA,PA,HOSPITAL,independent,Independent / Unknown
393304,CHILDREN'S HOME OF PITTSBURGH,PA,HOSPITAL,independent,Independent / Unknown
393307,ST CHRISTOPHER'S HOSPITAL FOR CHILDREN,PA,HOSPITAL,independent,Independent / Unknown
393309,SHRINERS HOSPITALS FOR CHILDREN - PHILADELPHIA,PA,HOSPITAL,independent,Independent / Unknown
394001,NORRISTOWN STATE HOSPITAL,PA,HOSPITAL,independent,Independent / Unknown
394004,DANVILLE STATE HOSPITAL,PA,HOSPITAL,independent,Independent / Unknown
394008,FRIENDS HOSPITAL,PA,HOSPITAL,independent,Independent / Unknown
394012,CLARKS SUMMIT STATE HOSPITAL,PA,HOSPITAL,independent,Independent / Unknown
394014,WERNERSVILLE STATE HOSPITAL,PA,HOSPITAL,independent,Independent / Unknown
394016,WARREN STATE HOSPITAL,PA,HOSPITAL,independent,Independent / Unknown
394020,PHILHAVEN HOSPITAL,PA,HOSPITAL,independent,Independent / Unknown
394023,BELMONT BEHAVIORAL HOSPITAL,PA,HOSPITAL,independent,Independent / Unknown
394026,TORRANCE STATE HOSPITAL,PA,HOSPITAL,independent,Independent / Unknown
394027,FAIRMOUNT BEHAVIORAL HEALTH SYSTEM,PA,HOSPITAL,independent,Independent / Unknown
394033,MONTGOMERY COUNTY EMERGENCY SERVICE,PA,HOSPITAL,independent,Independent / Unknown
394034,HORSHAM CLINIC,PA,HOSPITAL,independent,Independent / Unknown
394038,FOUNDATIONS BEHAVIORAL HEALTH,PA,HOSPITAL,independent,Independent / Unknown
394040,MEADOWS PSYCHIATRIC CENTER,PA,HOSPITAL,independent,Independent / Unknown
394043,CLARION PSYCHIATRIC CENTER,PA,HOSPITAL,independent,Independent / Unknown
394049,BROOKE GLEN BEHAVIORAL HOSPITAL,PA,HOSPITAL,independent,Independent / Unknown
394050,ROXBURY TREATMENT CENTER,PA,HOSPITAL,independent,Independent / Unknown
394051,PENNSYLVANIA PSYCHIATRIC INSTITUTE,PA,HOSPITAL,independent,Independent / Unknown
394052,HAVEN BEHAVIORAL HOSPITAL OF EASTERN PENNSYLVANIA,PA,HOSPITAL,independent,Independent / Unknown
394053,HAVEN BEHAVIORAL HOSPITAL OF PHILADELPHIA,PA,HOSPITAL,independent,Independent / Unknown
394055,LANCASTER BEHAVIORAL HEALTH HOSPITAL,PA,HOSPITAL,independent,Independent / Unknown
394056,TOWER BEHAVIORAL HEALTH,PA,HOSPITAL,independent,Independent / Unknown
394057,MALVERN BEHAVIORAL HEALTH,PA,HOSPITAL,independent,Independent / Unknown
394058,BERWICK HOSPITAL CENTER,PA,HOSPITAL,independent,Independent / Unknown
394059,GEISINGER BEHAVIORAL HEALTH CENTER NORTHEAST,PA,HOSPITAL,geisinger,Geisinger
394062,HAVEN BEHAVIORAL HOSPITAL OF WEST CHESTER,PA,HOSPITAL,independent,Independent / Unknown
400001,PRESBYTERIAN COMMUNITY HOSPITAL,PR,HOSPITAL,independent,Independent / Unknown
400003,HOSPITAL METROPOLITANO DR PILA,PR,HOSPITAL,independent,Independent / Unknown
400004,"ASOCIACION HOSPITAL DEL MAESTRO, INC",PR,HOSPITAL,independent,Independent / Unknown
400005,HOPE MEDICAL CENTER,PR,HOSPITAL,independent,Independent / Unknown
400006,DOCTOR'S CENTER DE SAN JUAN,PR,HOSPITAL,independent,Independent / Unknown
400007,RYDER MEMORIAL HOSPITAL INC,PR,HOSPITAL,independent,Independent / Unknown
400010,HOSPITAL GENERAL DE CASTANER,PR,HOSPITAL,independent,Independent / Unknown
400011,"HOSPITAL MENONITA HUMACAO, INC",PR,HOSPITAL,independent,Independent / Unknown
400012,HOSPITAL ONCOLOGICO DR ISAAC GONZALEZ MARTINEZ,PR,HOSPITAL,independent,Independent / Unknown
400013,HOSPITAL MENONITA DE CAYEY,PR,HOSPITAL,independent,Independent / Unknown
400014,BELLA VISTA HOSPITAL,PR,HOSPITAL,independent,Independent / Unknown
400015,SAN JUAN MUNICIPALITY HOSPITAL,PR,HOSPITAL,independent,Independent / Unknown
400016,AUXILIO MUTUO HOSPITAL,PR,HOSPITAL,independent,Independent / Unknown
400018,HOSPITAL MENONITA DE AIBONITO,PR,HOSPITAL,independent,Independent / Unknown
400019,HOSPITAL PAVIA SANTURCE,PR,HOSPITAL,independent,Independent / Unknown
400021,HOSPITAL DE LA CONCEPCION,PR,HOSPITAL,independent,Independent / Unknown
400022,HOSPITAL DAMAS INC,PR,HOSPITAL,independent,Independent / Unknown
400032,BAYAMON MEDICAL CENTER,PR,HOSPITAL,independent,Independent / Unknown
40003F,SAN JUAN VA MEDICAL CENTER,PR,HOSPITAL,va,VA
400044,HOSPITAL EPISCOPAL SAN LUCAS II,PR,HOSPITAL,independent,Independent / Unknown
400048,HOSPITAL MENONITA GUAYAMA,PR,HOSPITAL,independent,Independent / Unknown
400061,HOSPITAL UNIVERSITARIO DE ADULTO,PR,HOSPITAL,independent,Independent / Unknown
400079,HOSPITAL  COMUNITARIO BUEN SAMARITANO INC,PR,HOSPITAL,independent,Independent / Unknown
400087,HOSPITAL PAVIA ARECIBO,PR,HOSPITAL,independent,Independent / Unknown
400098,HOSPITAL SAN FRANCISCO,PR,HOSPITAL,independent,Independent / Unknown
400102,DOCTORS' CENTER BAYAMON,PR,HOSPITAL,independent,Independent / Unknown
400103,MAYAGUEZ MEDICAL CENTER DR RAMON EMETERIO BETANCES,PR,HOSPITAL,independent,Independent / Unknown
400104,HOSPITAL MENONITA CAGUAS INC,PR,HOSPITAL,independent,Independent / Unknown
400105,HOSPITAL UNIVERSITARIO DR RUIZ ARNAU,PR,HOSPITAL,independent,Independent / Unknown
400106,METROPOLITAN HOSPITAL,PR,HOSPITAL,nyc_health_hospitals,NYC Health + Hospitals
400109,HOSPITAL ESPANOL AUXILIO MUTUO SAN PABLO,PR,HOSPITAL,independent,Independent / Unknown
400110,HOSPITAL PAVIA YAUCO,PR,HOSPITAL,independent,Independent / Unknown
400111,HOSPITAL SAN CARLOS BORROMEO,PR,HOSPITAL,independent,Independent / Unknown
400112,"HOSPITAL UPR, DR  FEDERICO TRILLA",PR,HOSPITAL,independent,Independent / Unknown
400113,HOSPITAL MENONITA PONCE,PR,HOSPITAL,independent,Independent / Unknown
400114,MANATI MEDICAL CENTER DR OTERO LOPEZ,PR,HOSPITAL,independent,Independent / Unknown
400115,CENTRO MEDICO WILMA N VAZQUEZ,PR,HOSPITAL,independent,Independent / Unknown
400117,HOSPITAL METROPOLITANO  DR SUSONI,PR,HOSPITAL,independent,Independent / Unknown
400118,"DOCTORS' CENTER HOSPITAL, INC",PR,HOSPITAL,independent,Independent / Unknown
400120,HOSPITAL PAVIA CAGUAS,PR,HOSPITAL,independent,Independent / Unknown
400122,PROFESSIONAL HOSPITAL GUAYNABO INC,PR,HOSPITAL,independent,Independent / Unknown
400123,HOSPITAL PEREA,PR,HOSPITAL,independent,Independent / Unknown
400124,CENTRO CARDIOVASCULAR DE PUERTO RICO Y EL CARIBE,PR,HOSPITAL,independent,Independent / Unknown
400126,HOSPITAL METROPOLITANO DE SAN GERMAN,PR,HOSPITAL,independent,Independent / Unknown
400127,ASEM,PR,HOSPITAL,independent,Independent / Unknown
400128,"HOSPITAL PAVIA HATO REY, INC",PR,HOSPITAL,independent,Independent / Unknown
400130,HOSPITAL METROPOLITANO DE LA MONTANA,PR,HOSPITAL,independent,Independent / Unknown
400131,CARIBBEAN MEDICAL CENTER,PR,HOSPITAL,independent,Independent / Unknown
400132,DOCTORS CENTER HOSPITAL  CAROLINA LLC,PR,HOSPITAL,independent,Independent / Unknown
400134,THE SAN JORGE HOSPITAL INC,PR,HOSPITAL,independent,Independent / Unknown
400135,HOSPITAL  CENTRO COMPRENSIVO DEL CANCER,PR,HOSPITAL,independent,Independent / Unknown
400137,DOCTORS CENTER HOSPITAL ORLANDO HEALTH DORADO,PR,HOSPITAL,orlando_health,Orlando Health
400138,PUERTO RICO WOMEN AND CHILDREN HOSPITAL LLC,PR,HOSPITAL,independent,Independent / Unknown
400139,HOSPITAL EPISCOPAL  SAN LUCAS METRO,PR,HOSPITAL,independent,Independent / Unknown
400141,CENTRO MEDICO DEL NORESTE,PR,HOSPITAL,independent,Independent / Unknown
403301,UNIVERSITY PEDIATRIC HOSPITAL,PR,HOSPITAL,independent,Independent / Unknown
404004,FIRST HOSPITAL PANAMERICANO,PR,HOSPITAL,independent,Independent / Unknown
404005,SAN JUAN CAPESTRANO  HOSPITAL INC,PR,HOSPITAL,independent,Independent / Unknown
404007,HOSPITAL METROPOLITANO  PSIQUIATRICO DE CABO ROJO,PR,HOSPITAL,independent,Independent / Unknown
404009,CENTRO DE SALUD CONDUCTUAL MENONITA-CIMA,PR,HOSPITAL,independent,Independent / Unknown
410004,ROGER WILLIAMS MEDICAL CENTER,RI,HOSPITAL,prospect_medical_holdings,Prospect Medical Holdings
410005,OUR LADY OF FATIMA HOSPITAL,RI,HOSPITAL,prospect_medical_holdings,Prospect Medical Holdings
410006,NEWPORT HOSPITAL,RI,HOSPITAL,lifespan,Lifespan
410007,RHODE ISLAND HOSPITAL,RI,HOSPITAL,lifespan,Lifespan
410008,SOUTH COUNTY HOSPITAL INC,RI,HOSPITAL,south_county_health,South County Health
410009,KENT COUNTY MEMORIAL HOSPITAL,RI,HOSPITAL,care_new_england_health_system,Care New England Health System
410010,WOMEN & INFANTS HOSPITAL OF RHODE ISLAND,RI,HOSPITAL,care_new_england_health_system,Care New England Health System
410011,LANDMARK MEDICAL CENTER,RI,HOSPITAL,prime_healthcare,Prime Healthcare
410012,THE MIRIAM HOSPITAL,RI,HOSPITAL,lifespan,Lifespan
410013,WESTERLY HOSPITAL,RI,HOSPITAL,yale_new_haven_health_system,Yale New Haven Health System
41005F,PROVIDENCE VA MEDICAL CENTER,RI,HOSPITAL,providence,Providence
414000,BUTLER HOSPITAL,RI,HOSPITAL,independent,Independent / Unknown
414003,EMMA PENDLETON BRADLEY HOSPITAL,RI,HOSPITAL,independent,Independent / Unknown
420002,PIEDMONT MEDICAL CENTER,SC,HOSPITAL,tenet_healthcare,Tenet Healthcare
420004,MUSC MEDICAL CENTER,SC,HOSPITAL,medical_university_of_south_carolina_medical_center,Medical University of South Carolina Medical Center
420005,MCLEOD MEDICAL CENTER - DILLON,SC,HOSPITAL,mcleod_health,McLeod Health
420007,SPARTANBURG MEDICAL CENTER,SC,HOSPITAL,spartanburg_regional_healthcare_system,Spartanburg Regional Healthcare System
420009,PRISMA HEALTH OCONEE MEMORIAL HOSPITAL,SC,HOSPITAL,prisma_health,Prisma Health
420010,CAROLINA PINES REGIONAL MEDICAL CENTER,SC,HOSPITAL,scionhealth,ScionHealth
420011,CANNON MEMORIAL HOSPITAL,SC,HOSPITAL,anmed_health,AnMed Health
420015,PRISMA HEALTH BAPTIST EASLEY HOSPITAL,SC,HOSPITAL,prisma_health,Prisma Health
420018,PRISMA HEALTH RICHLAND HOSPITAL,SC,HOSPITAL,prisma_health,Prisma Health
420019,MUSC HEALTH CHESTER MEDICAL CENTER,SC,HOSPITAL,medical_university_of_south_carolina_medical_center,Medical University of South Carolina Medical Center
420020,TIDELANDS GEORGETOWN MEMORIAL HOSPITAL,SC,HOSPITAL,independent,Independent / Unknown
420023,ST FRANCIS-DOWNTOWN,SC,HOSPITAL,bon_secours_mercy_health,Bon Secours Mercy Health
420026,MUSC HEALTH COLUMBIA MEDICAL CENTER DOWNTOWN,SC,HOSPITAL,medical_university_of_south_carolina_medical_center,Medical University of South Carolina Medical Center
420027,ANMED HEALTH,SC,HOSPITAL,anmed_health,AnMed Health
420030,COLLETON MEDICAL CENTER,SC,HOSPITAL,hca,HCA
420033,PRISMA HEALTH GREER MEMORIAL HOSPITAL,SC,HOSPITAL,prisma_health,Prisma Health
420036,MUSC HEALTH LANCASTER MEDICAL CENTER,SC,HOSPITAL,medical_university_of_south_carolina_medical_center,Medical University of South Carolina Medical Center
420037,PRISMA HEALTH HILLCREST HOSPITAL,SC,HOSPITAL,prisma_health,Prisma Health
420038,PRISMA HEALTH LAURENS COUNTY HOSPITAL,SC,HOSPITAL,prisma_health,Prisma Health
420043,CHEROKEE MEDICAL CENTER,SC,HOSPITAL,spartanburg_regional_healthcare_system,Spartanburg Regional Healthcare System
420048,KERSHAWHEALTH,SC,HOSPITAL,medical_university_of_south_carolina_medical_center,Medical University of South Carolina Medical Center
420049,CONWAY MEDICAL CENTER,SC,HOSPITAL,conway_medical_center,Conway Medical Center
420051,MCLEOD REGIONAL MEDICAL CENTER-PEE DEE,SC,HOSPITAL,mcleod_health,McLeod Health
420053,NEWBERRY COUNTY MEMORIAL HOSPITAL,SC,HOSPITAL,independent,Independent / Unknown
420055,MUSC HEALTH MARION MEDICAL CENTER,SC,HOSPITAL,medical_university_of_south_carolina_medical_center,Medical University of South Carolina Medical Center
420065,BON SECOURS-ST FRANCIS XAVIER HOSPITAL,SC,HOSPITAL,bon_secours_mercy_health,Bon Secours Mercy Health
420067,BEAUFORT COUNTY MEMORIAL HOSPITAL,SC,HOSPITAL,beaufort_memorial_hospital,Beaufort Memorial Hospital
420070,PRISMA HEALTH TUOMEY HOSPITAL,SC,HOSPITAL,prisma_health,Prisma Health
420071,SELF REGIONAL HEALTHCARE,SC,HOSPITAL,self_regional_healthcare,Self Regional Healthcare
420072,HAMPTON REGIONAL MEDICAL CENTER,SC,HOSPITAL,advocate_health,Advocate Health
420073,LEXINGTON MEDICAL CENTER,SC,HOSPITAL,lexington_medical_center,Lexington Medical Center
420078,PRISMA HEALTH GREENVILLE MEMORIAL HOSPITAL,SC,HOSPITAL,prisma_health,Prisma Health
420079,TRIDENT MEDICAL CENTER,SC,HOSPITAL,hca,HCA
420080,NOVANT HEALTH HILTON HEAD MEDICAL CENTER,SC,HOSPITAL,tenet_healthcare,Tenet Healthcare
420082,AIKEN REGIONAL MEDICAL CENTER,SC,HOSPITAL,universal_health_services,Universal Health Services
420085,GRAND STRAND REGIONAL MEDICAL CENTER,SC,HOSPITAL,hca,HCA
420086,PRISMA HEALTH BAPTIST,SC,HOSPITAL,prisma_health,Prisma Health
420087,ROPER HOSPITAL,SC,HOSPITAL,bon_secours_mercy_health,Bon Secours Mercy Health
420089,EAST COOPER MEDICAL CENTER,SC,HOSPITAL,tenet_healthcare,Tenet Healthcare
420091,MUSC HEALTH FLORENCE MEDICAL CENTER,SC,HOSPITAL,medical_university_of_south_carolina_medical_center,Medical University of South Carolina Medical Center
420098,TIDELANDS WACCAMAW COMMUNITY HOSPITAL,SC,HOSPITAL,independent,Independent / Unknown
42009F,NH BEAUFORT,SC,HOSPITAL,independent,Independent / Unknown
420101,COASTAL CAROLINA HOSPITAL,SC,HOSPITAL,tenet_healthcare,Tenet Healthcare
420102,PRISMA HEALTH  PATEWOOD HOSPITAL,SC,HOSPITAL,prisma_health,Prisma Health
420103,PELHAM MEDICAL CENTER,SC,HOSPITAL,spartanburg_regional_healthcare_system,Spartanburg Regional Healthcare System
420104,MOUNT PLEASANT HOSPITAL,SC,HOSPITAL,bon_secours_mercy_health,Bon Secours Mercy Health
420105,MCLEOD LORIS  HOSPITAL,SC,HOSPITAL,mcleod_health,McLeod Health
420106,PRISMA HEALTH BAPTIST PARKRIDGE,SC,HOSPITAL,prisma_health,Prisma Health
420107,MCLEOD HEALTH CHERAW,SC,HOSPITAL,mcleod_health,McLeod Health
420108,UNION MEDICAL CENTER,SC,HOSPITAL,spartanburg_regional_healthcare_system,Spartanburg Regional Healthcare System
420109,MCLEOD HEALTH CLARENDON,SC,HOSPITAL,mcleod_health,McLeod Health
420110,ROPER ST FRANCIS HOSPITAL-BERKELEY INC,SC,HOSPITAL,bon_secours_mercy_health,Bon Secours Mercy Health
42011F,COLUMBIA SC VA MEDICAL CENTER,SC,HOSPITAL,va,VA
42029F,CHARLESTON VA MEDICAL CENTER,SC,HOSPITAL,va,VA
421300,ALLENDALE COUNTY HOSPITAL,SC,HOSPITAL,independent,Independent / Unknown
421301,ABBEVILLE AREA MEDICAL CENTER,SC,HOSPITAL,independent,Independent / Unknown
421304,EDGEFIELD COUNTY HEALTHCARE AN AFFILIATE OF SELF R,SC,HOSPITAL,self_regional_healthcare,Self Regional Healthcare
423300,SHRINERS HOSPITALS FOR CHILDREN,SC,HOSPITAL,independent,Independent / Unknown
424002,LIGHTHOUSE BEHAVIORAL HEALTH HOSPITAL,SC,HOSPITAL,independent,Independent / Unknown
424005,G WERBER BRYAN PSYCH HOSP,SC,HOSPITAL,independent,Independent / Unknown
424006,PALMETTO LOWCOUNTRY BEHAVIORAL HEALTH,SC,HOSPITAL,independent,Independent / Unknown
424007,SPRINGBROOK BEHAVIORAL HEALTH SYSTEM,SC,HOSPITAL,independent,Independent / Unknown
424008,THREE RIVERS BEHAVIORAL HEALTH,SC,HOSPITAL,independent,Independent / Unknown
424010,"CAROLINA CTR FOR BEHAVIORAL HEALTH,THE",SC,HOSPITAL,independent,Independent / Unknown
424011,PATRICK B HARRIS PSYCHIATRIC HOSPITAL,SC,HOSPITAL,independent,Independent / Unknown
424014,REBOUND BEHAVIORAL HEALTH,SC,HOSPITAL,independent,Independent / Unknown
430005,"PRAIRIE LAKES HEALTHCARE SYSTEM, INC",SD,HOSPITAL,independent,Independent / Unknown
430008,BROOKINGS HEALTH SYSTEM,SD,HOSPITAL,independent,Independent / Unknown
430012,AVERA SACRED HEART HOSPITAL,SD,HOSPITAL,avera_health,Avera Health
430014,AVERA ST LUKES,SD,HOSPITAL,avera_health,Avera Health
430015,AVERA ST MARY'S HOSPITAL,SD,HOSPITAL,avera_health,Avera Health
430016,AVERA MCKENNAN HOSPITAL & UNIVERSITY HEALTH CENTER,SD,HOSPITAL,avera_health,Avera Health
430027,SANFORD USD MEDICAL CENTER,SD,HOSPITAL,sanford_health,Sanford Health
43002F,VA BLACK HILLS HEALTHCARE SYSTEM,SD,HOSPITAL,independent,Independent / Unknown
430048,MONUMENT HEALTH SPEARFISH HOSPITAL,SD,HOSPITAL,monument_health,Monument Health
43005F,SIOUX FALLS VA MEDICAL CENTER,SD,HOSPITAL,va,VA
430077,MONUMENT HEALTH RAPID CITY HOSPITAL,SD,HOSPITAL,monument_health,Monument Health
430084,PHS INDIAN HOSPITAL AT ROSEBUD,SD,HOSPITAL,independent,Independent / Unknown
430089,DUNES SURGICAL HOSPITAL,SD,HOSPITAL,tenet_healthcare,Tenet Healthcare
430090,SIOUX FALLS SPECIALTY HOSPITAL,SD,HOSPITAL,independent,Independent / Unknown
430091,BLACK HILLS SURGICAL HOSPITAL LLC,SD,HOSPITAL,independent,Independent / Unknown
430093,SAME DAY SURGERY CENTER LLC,SD,HOSPITAL,monument_health,Monument Health
430095,AVERA HEART HOSPITAL OF SOUTH DAKOTA,SD,HOSPITAL,avera_health,Avera Health
430097,SANFORD MEDICAL CENTER ABERDEEN,SD,HOSPITAL,sanford_health,Sanford Health
430098,PINE RIDGE IHS HOSPITAL,SD,HOSPITAL,independent,Independent / Unknown
430779,LANDMANN JUNGMAN MEMORIAL HOSPITAL CORPORATION,SD,HOSPITAL,independent,Independent / Unknown
431300,MADISON REGIONAL HEALTH SYSTEM,SD,HOSPITAL,independent,Independent / Unknown
431301,FAULKTON AREA MEDICAL CENTER,SD,HOSPITAL,independent,Independent / Unknown
431302,AVERA MISSOURI RIVER HEALTH CENTER,SD,HOSPITAL,avera_health,Avera Health
431305,DOUGLAS COUNTY MEMORIAL HOSPITAL-CAH,SD,HOSPITAL,independent,Independent / Unknown
431306,PLATTE HEALTH CENTER,SD,HOSPITAL,avera_health,Avera Health
431307,SANFORD CLEAR LAKE MEDICAL CENTER,SD,HOSPITAL,sanford_health,Sanford Health
431308,EUREKA COMMUNITY HEALTH SERVICES - CAH,SD,HOSPITAL,avera_health,Avera Health
431309,COMMUNITY MEMORIAL HOSPITAL,SD,HOSPITAL,sanford_health,Sanford Health
431310,AVERA FLANDREAU HOSPITAL - CAH,SD,HOSPITAL,avera_health,Avera Health
431311,SANFORD HOSPITAL WEBSTER - CAH,SD,HOSPITAL,sanford_health,Sanford Health
431312,MARSHALL COUNTY HEALTHCARE CENTER - CAH,SD,HOSPITAL,avera_health,Avera Health
431313,FREEMAN MEDICAL CENTER - CAH,SD,HOSPITAL,avera_health,Avera Health
431314,BENNETT COUNTY HOSPITAL AND NURSING HOME - CAH,SD,HOSPITAL,independent,Independent / Unknown
431315,WAGNER COMMUNITY MEMORIAL HOSPITAL - CAH,SD,HOSPITAL,avera_health,Avera Health
431316,COMMUNITY MEMORIAL HOSPITAL,SD,HOSPITAL,independent,Independent / Unknown
431318,BOWDLE HOSPITAL - CAH,SD,HOSPITAL,independent,Independent / Unknown
431319,HANS P PETERSON MEMORIAL HOSPITAL - CAH,SD,HOSPITAL,monument_health,Monument Health
431320,MONUMENT HEALTH LEAD-DEADWOOD HOSPITAL,SD,HOSPITAL,monument_health,Monument Health
431321,MONUMENT HEALTH STURGIS HOSPITAL,SD,HOSPITAL,monument_health,Monument Health
431322,FALL RIVER HOSPITAL - CAH,SD,HOSPITAL,monument_health,Monument Health
431323,MONUMENT HEALTH CUSTER HOSPITAL,SD,HOSPITAL,monument_health,Monument Health
431324,AVERA WESKOTA MEMORIAL MEDICAL CENTER - CAH,SD,HOSPITAL,avera_health,Avera Health
431325,MOBRIDGE REGIONAL HOSPITAL - CAH,SD,HOSPITAL,commonspirit,CommonSpirit Health
431326,MILBANK AREA HOSPITAL/AVERA HEALTH,SD,HOSPITAL,avera_health,Avera Health
431327,ST MICHAEL'S HOSPITAL - CAH,SD,HOSPITAL,avera_health,Avera Health
431328,PIONEER MEMORIAL HOSPITAL - CAH,SD,HOSPITAL,sanford_health,Sanford Health
431329,SANFORD CHAMBERLAIN MEDICAL CENTER,SD,HOSPITAL,sanford_health,Sanford Health
431330,AVERA ST BENEDICT HEALTH CENTER - CAH,SD,HOSPITAL,avera_health,Avera Health
431331,AVERA DELLS AREA HOSPITAL  - CAH,SD,HOSPITAL,avera_health,Avera Health
431332,AVERA DE SMET MEMORIAL HOSPITAL - CAH,SD,HOSPITAL,avera_health,Avera Health
431333,SANFORD CANTON-INWOOD MEDICAL CENTER - CAH,SD,HOSPITAL,sanford_health,Sanford Health
431334,WINNER REGIONAL HEALTHCARE CENTER - CAH,SD,HOSPITAL,sanford_health,Sanford Health
431335,HURON REGIONAL MEDICAL CENTER,SD,HOSPITAL,independent,Independent / Unknown
431336,SANFORD VERMILLION MEDICAL CENTER,SD,HOSPITAL,sanford_health,Sanford Health
431337,AVERA HAND COUNTY MEMORIAL HOSPITAL AND CLINIC,SD,HOSPITAL,avera_health,Avera Health
431338,AVERA GREGORY HOSPITAL,SD,HOSPITAL,avera_health,Avera Health
431339,COTEAU DES PRAIRIES HEALTH CARE SYSTEM,SD,HOSPITAL,sanford_health,Sanford Health
431340,AVERA QUEEN OF PEACE,SD,HOSPITAL,avera_health,Avera Health
431383,EAGLE BUTTE INDIAN HEALTH SERVICE HOSPITAL,SD,HOSPITAL,independent,Independent / Unknown
433300,LIFESCAPE,SD,HOSPITAL,independent,Independent / Unknown
434003,SOUTH DAKOTA HUMAN SERVICES CENTER,SD,HOSPITAL,independent,Independent / Unknown
440002,JACKSON-MADISON COUNTY GENERAL HOSPITAL,TN,HOSPITAL,west_tennessee_healthcare,West Tennessee Healthcare
440003,HIGHPOINT HEALTH-SUMNER WITH ASCENSION SAINT THOMA,TN,HOSPITAL,lifepoint_health,Lifepoint Health
440006,TRISTAR SKYLINE MEDICAL CENTER,TN,HOSPITAL,hca,HCA
440007,UNITY MEDICAL CENTER,TN,HOSPITAL,independent,Independent / Unknown
440008,HENDERSON COUNTY COMMUNITY HOSPITAL,TN,HOSPITAL,independent,Independent / Unknown
440009,CUMBERLAND MEDICAL CENTER,TN,HOSPITAL,covenant_health,Covenant Health
440011,BLOUNT MEMORIAL HOSPITAL,TN,HOSPITAL,blount_memorial_hospital,Blount Memorial Hospital
440012,WELLMONT BRISTOL REGIONAL MEDICAL CENTER,TN,HOSPITAL,ballad_health,Ballad Health
440015,"UNIVERSITY HEALTH SYSTEM, INC",TN,HOSPITAL,university_of_tennessee_medical_center,University of Tennessee Medical Center
440016,BAPTIST MEMORIAL HOSPITAL - CARROLL COUNTY,TN,HOSPITAL,baptist_memorial_health_care_corporation,Baptist Memorial Health Care Corporation
440017,WELLMONT HOLSTON VALLEY MEDICAL CENTER,TN,HOSPITAL,ballad_health,Ballad Health
440018,SYCAMORE SHOALS HOSPITAL,TN,HOSPITAL,ballad_health,Ballad Health
440020,SOUTHERN TENNESSEE REGIONAL HEALTH SYSTEM PULASKI,TN,HOSPITAL,lifepoint_health,Lifepoint Health
440029,WILLIAMSON MEDICAL CENTER,TN,HOSPITAL,williamson_county_hospital_district,Williamson County Hospital District
440030,MORRISTOWN HAMBLEN HOSPITAL ASSOCIATION,TN,HOSPITAL,covenant_health,Covenant Health
440031,ROANE MEDICAL CENTER,TN,HOSPITAL,covenant_health,Covenant Health
440032,HAWKINS COUNTY MEMORIAL HOSPITAL,TN,HOSPITAL,ballad_health,Ballad Health
440033,LAFOLLETTE MEDICAL CENTER,TN,HOSPITAL,community_health_systems,Community Health Systems
440034,METHODIST MEDICAL CENTER OF OAK RIDGE,TN,HOSPITAL,covenant_health,Covenant Health
440035,TENNOVA HEALTHCARE - CLARKSVILLE,TN,HOSPITAL,community_health_systems,Community Health Systems
440039,VANDERBILT UNIVERSITY MEDICAL CENTER,TN,HOSPITAL,vanderbilt_health,Vanderbilt Health
440046,TRISTAR HORIZON MEDICAL CENTER,TN,HOSPITAL,hca,HCA
440048,BAPTIST MEMORIAL HOSPITAL,TN,HOSPITAL,baptist_memorial_health_care_corporation,Baptist Memorial Health Care Corporation
440049,METHODIST HOSPITALS OF MEMPHIS,TN,HOSPITAL,methodist_le_bonheur_healthcare,Methodist Le Bonheur Healthcare
440050,GREENEVILLE COMMUNITY HOSPITAL,TN,HOSPITAL,ballad_health,Ballad Health
440053,SAINT THOMAS RUTHERFORD HOSPITAL,TN,HOSPITAL,ascension,Ascension
440056,TENNOVA HEALTHCARE-JEFFERSON MEMORIAL HOSPITAL,TN,HOSPITAL,community_health_systems,Community Health Systems
440057,CLAIBORNE MEDICAL CENTER,TN,HOSPITAL,covenant_health,Covenant Health
440058,SOUTHERN TENNESSEE REGIONAL HEALTH SYSTEM WINCHEST,TN,HOSPITAL,lifepoint_health,Lifepoint Health
440059,COOKEVILLE REGIONAL MEDICAL CENTER,TN,HOSPITAL,cookeville_regional_health_system,Cookeville Regional Health System
440060,WEST TENNESSEE HEALTHCARE MILAN HOSPITAL,TN,HOSPITAL,west_tennessee_healthcare,West Tennessee Healthcare
440061,VOLUNTEER COMMUNITY HOSPITAL,TN,HOSPITAL,west_tennessee_healthcare,West Tennessee Healthcare
440063,JOHNSON CITY MEDICAL CENTER,TN,HOSPITAL,ballad_health,Ballad Health
440065,TRISTAR NORTHCREST MEDICAL CENTER,TN,HOSPITAL,hca,HCA
440068,STARR REGIONAL MEDICAL CENTER ATHENS,TN,HOSPITAL,lifepoint_health,Lifepoint Health
440072,DYERSBURG REGIONAL MEDICAL CENTER,TN,HOSPITAL,west_tennessee_healthcare,West Tennessee Healthcare
440073,MAURY REGIONAL HOSPITAL,TN,HOSPITAL,maury_regional_medical_center,Maury Regional Medical Center
440081,LECONTE MEDICAL CENTER,TN,HOSPITAL,covenant_health,Covenant Health
440082,ASCENSION SAINT THOMAS HOSPITAL,TN,HOSPITAL,ascension,Ascension
440084,SWEETWATER HOSPITAL ASSOCIATION,TN,HOSPITAL,independent,Independent / Unknown
440091,"MEMORIAL HEALTHCARE SYSTEM, INC",TN,HOSPITAL,commonspirit,CommonSpirit Health
440102,LINCOLN MEDICAL CENTER,TN,HOSPITAL,independent,Independent / Unknown
440104,ERLANGER MEDICAL CENTER,TN,HOSPITAL,erlanger_health_system,Erlanger Health System
440109,HARDIN MEDICAL CENTER,TN,HOSPITAL,independent,Independent / Unknown
440110,FORT LOUDOUN MEDICAL CENTER,TN,HOSPITAL,covenant_health,Covenant Health
440111,METRO NASHVILLE GENERAL HOSPITAL,TN,HOSPITAL,independent,Independent / Unknown
440120,PHYSICIANS REGIONAL MEDICAL CENTER,TN,HOSPITAL,community_health_systems,Community Health Systems
440125,FORT SANDERS REGIONAL MEDICAL CENTER,TN,HOSPITAL,covenant_health,Covenant Health
440130,BAPTIST MEMORIAL HOSPITAL UNION CITY,TN,HOSPITAL,baptist_memorial_health_care_corporation,Baptist Memorial Health Care Corporation
440131,BAPTIST MEMORIAL HOSPITAL TIPTON,TN,HOSPITAL,baptist_memorial_health_care_corporation,Baptist Memorial Health Care Corporation
440132,WEST TENNESSEE HEALTHCARE HENRY COUNTY HOSPITAL,TN,HOSPITAL,independent,Independent / Unknown
440137,VANDERBILT BEDFORD HOSPITAL,TN,HOSPITAL,vanderbilt_health,Vanderbilt Health
44013F,MEMPHIS VA MEDICAL CENTER,TN,HOSPITAL,va,VA
440144,VANDERBILT TULLAHOMA-HARTON HOSPITAL,TN,HOSPITAL,vanderbilt_health,Vanderbilt Health
440148,DEKALB COMMUNITY HOSPITAL,TN,HOSPITAL,ascension,Ascension
440150,TRISTAR SUMMIT MEDICAL CENTER,TN,HOSPITAL,hca,HCA
440151,SAINT THOMAS RIVER PARK HOSPITAL,TN,HOSPITAL,ascension,Ascension
440152,REGIONAL ONE HEALTH,TN,HOSPITAL,regional_one_health,Regional One Health
440153,TENNOVA HEALTHCARE - NEWPORT MEDICAL CENTER,TN,HOSPITAL,community_health_systems,Community Health Systems
440156,PARKRIDGE MEDICAL CENTER,TN,HOSPITAL,hca,HCA
440159,DELTA SPECIALTY HOSPITAL,TN,HOSPITAL,independent,Independent / Unknown
440161,TRISTAR CENTENNIAL MEDICAL CENTER,TN,HOSPITAL,hca,HCA
44016F,MOUNTAIN HOME VA MEDICAL CENTER,TN,HOSPITAL,va,VA
440173,PARKWEST MEDICAL CENTER,TN,HOSPITAL,covenant_health,Covenant Health
440175,SOUTHERN TENNESSEE REGIONAL HEALTH SYSTEM LAWRENCE,TN,HOSPITAL,lifepoint_health,Lifepoint Health
440176,INDIAN PATH COMMUNITY HOSPITAL,TN,HOSPITAL,ballad_health,Ballad Health
44017F,VA MIDDLE TENNESSEE HEALTHCARE SYSTEM - MURFREESBORO,TN,HOSPITAL,independent,Independent / Unknown
440183,ST FRANCIS HOSPITAL,TN,HOSPITAL,tenet_healthcare,Tenet Healthcare
440184,FRANKLIN WOODS COMMUNITY HOSPITAL,TN,HOSPITAL,ballad_health,Ballad Health
440185,AFFILIATE OF VITRUVIAN HEALTH,TN,HOSPITAL,community_health_systems,Community Health Systems
440187,LIVINGSTON REGIONAL HOSPITAL,TN,HOSPITAL,scionhealth,ScionHealth
44018F,VA MIDDLE TENNESSEE HEALTHCARE SYSTEM,TN,HOSPITAL,independent,Independent / Unknown
440192,SAINT THOMAS HIGHLANDS HOSPITAL,TN,HOSPITAL,ascension,Ascension
440193,VANDERBILT WILSON COUNTY HOSPITAL,TN,HOSPITAL,vanderbilt_health,Vanderbilt Health
440194,TRISTAR HENDERSONVILLE MEDICAL CENTER,TN,HOSPITAL,hca,HCA
440197,TRISTAR SOUTHERN HILLS MEDICAL CENTER,TN,HOSPITAL,hca,HCA
440200,STONES RIVER HOSPITAL,TN,HOSPITAL,ascension,Ascension
440218,SAINT THOMAS HOSPITAL FOR SPINAL SURGERY,TN,HOSPITAL,ascension,Ascension
440227,TRISTAR STONECREST MEDICAL CENTER,TN,HOSPITAL,hca,HCA
440228,SAINT FRANCIS BARTLETT MEDICAL CENTER,TN,HOSPITAL,tenet_healthcare,Tenet Healthcare
440231,TRUSTPOINT HOSPITAL,TN,HOSPITAL,independent,Independent / Unknown
440238,HAYWOOD COUNTY COMMUNITY HOSPITAL,TN,HOSPITAL,independent,Independent / Unknown
440779,TRISTAR ASHLAND CITY MEDICAL CENTER,TN,HOSPITAL,independent,Independent / Unknown
440780,WAYNE MEDICAL CENTER,TN,HOSPITAL,independent,Independent / Unknown
441300,SAINT THOMAS HICKMAN HOSPITAL,TN,HOSPITAL,ascension,Ascension
441301,HIGHPOINT HEALTH-TROUSDALE WITH ASCENSION SAINT,TN,HOSPITAL,lifepoint_health,Lifepoint Health
441303,ASCENSION SAINT THOMAS THREE RIVERS,TN,HOSPITAL,ascension,Ascension
441304,JOHNSON COUNTY COMMUNITY HOSPITAL,TN,HOSPITAL,ballad_health,Ballad Health
441305,MACON COMMUNITY HOSPITAL,TN,HOSPITAL,independent,Independent / Unknown
441306,ERLANGER BLEDSOE HOSPITAL,TN,HOSPITAL,erlanger_health_system,Erlanger Health System
441307,HIGHPOINT HEALTH-RIVERVIEW WITH ASCENSION SAINT TH,TN,HOSPITAL,lifepoint_health,Lifepoint Health
441309,MARSHALL MEDICAL CENTER,TN,HOSPITAL,maury_regional_medical_center,Maury Regional Medical Center
441310,RHEA MEDICAL CENTER,TN,HOSPITAL,independent,Independent / Unknown
441313,HANCOCK COUNTY HOSPITAL,TN,HOSPITAL,ballad_health,Ballad Health
441314,LAUDERDALE COMMUNITY HOSPITAL,TN,HOSPITAL,independent,Independent / Unknown
441316,WEST TENNESSEE HEALTHCARE CAMDEN HOSPITAL,TN,HOSPITAL,west_tennessee_healthcare,West Tennessee Healthcare
441320,WEST TENNESSEE HEALTHCARE BOLIVAR HOSPITAL,TN,HOSPITAL,west_tennessee_healthcare,West Tennessee Healthcare
441322,HOUSTON COUNTY COMMUNITY HOSPITAL,TN,HOSPITAL,independent,Independent / Unknown
441323,BIG SOUTH FORK MEDICAL CENTER,TN,HOSPITAL,independent,Independent / Unknown
443302,ST JUDE CHILDRENS RESEARCH HOSPITAL,TN,HOSPITAL,independent,Independent / Unknown
443303,EAST TENNESSEE CHILDRENS HOSPITAL,TN,HOSPITAL,independent,Independent / Unknown
444001,MEMPHIS MENTAL HEALTH INSTITUTE,TN,HOSPITAL,independent,Independent / Unknown
444002,MOCCASIN BEND MENTAL HEALTH INSTITUTE,TN,HOSPITAL,independent,Independent / Unknown
444003,RIDGEVIEW PSYCHIATRIC HOSPITAL AND CENTER,TN,HOSPITAL,independent,Independent / Unknown
444004,LAKESIDE BEHAVIORAL HEALTH SYSTEM,TN,HOSPITAL,independent,Independent / Unknown
444005,UNITY PSYCHIATRIC CARE-MARTIN,TN,HOSPITAL,independent,Independent / Unknown
444007,ROLLING HILLS PSYCHIATRIC HOSPITAL,TN,HOSPITAL,independent,Independent / Unknown
444008,WESTERN MENTAL HEALTH INSTITUTE,TN,HOSPITAL,independent,Independent / Unknown
444010,"PATHWAYS OF TENNESSEE, INC",TN,HOSPITAL,independent,Independent / Unknown
444014,MIDDLE TN MENTAL HEALTH INSTITUTE,TN,HOSPITAL,independent,Independent / Unknown
444019,UNITY PSYCHIATRIC CARE-CLARKSVILLE,TN,HOSPITAL,independent,Independent / Unknown
444021,UNITY PSYCHIATRIC CARE-COLUMBIA,TN,HOSPITAL,independent,Independent / Unknown
444023,PERIMETER BEHAVIORAL CENTER OF JACKSON,TN,HOSPITAL,independent,Independent / Unknown
444024,UNITY PSYCHIATRIC CARE-MEMPHIS,TN,HOSPITAL,independent,Independent / Unknown
444025,CRESTWYN BEHAVIORAL HEALTH,TN,HOSPITAL,independent,Independent / Unknown
444026,"ERLANGER BEHAVIORAL HOSPITAL, LLC",TN,HOSPITAL,independent,Independent / Unknown
444027,CREEKSIDE BEHAVIORAL HEALTH,TN,HOSPITAL,independent,Independent / Unknown
444029,PINEWOOD SPRINGS,TN,HOSPITAL,independent,Independent / Unknown
444030,ASCENSION SAINT THOMAS BEHAVIORAL HEALTH HOSPITAL,TN,HOSPITAL,ascension,Ascension
444031,KNOXVILLE CENTER FOR BEHAVIORAL MEDICINE,TN,HOSPITAL,independent,Independent / Unknown
444032,EAST TENNESSEE BEHAVIORAL HEALTH,TN,HOSPITAL,independent,Independent / Unknown
444033,COMPASS INTERVENTION CENTER,TN,HOSPITAL,independent,Independent / Unknown
450002,THE HOSPITALS OF PROVIDENCE - MEMORIAL CAMPUS,TX,HOSPITAL,tenet_healthcare,Tenet Healthcare
450007,PETERSON REGIONAL MEDICAL CENTER,TX,HOSPITAL,peterson_health,Peterson Health
450010,UNITED REGIONAL HEALTH CARE SYSTEM,TX,HOSPITAL,united_regional_health_care_system,United Regional Health Care System
450011,CHI ST JOSEPH HEALTH REGIONAL HOSPITAL,TX,HOSPITAL,commonspirit,CommonSpirit Health
450015,PARKLAND HEALTH & HOSPITAL SYSTEM,TX,HOSPITAL,parkland_health_and_hospital_system,Parkland Health and Hospital System
450018,UNIVERSITY OF TEXAS MEDICAL BRANCH GALVESTON,TX,HOSPITAL,the_university_of_texas_system,The University of Texas System
450021,BAYLOR UNIVERSITY MEDICAL CENTER,TX,HOSPITAL,baylor_scott_white,Baylor Scott & White
450023,CITIZENS MEDICAL CENTER,TX,HOSPITAL,independent,Independent / Unknown
450024,UNIVERSITY MEDICAL CENTER OF EL PASO,TX,HOSPITAL,el_paso_county_hospital_district,El Paso County Hospital District
450028,VALLEY BAPTIST MEDICAL CENTER- BROWNSVILLE,TX,HOSPITAL,tenet_healthcare,Tenet Healthcare
450029,LAREDO MEDICAL CENTER,TX,HOSPITAL,community_health_systems,Community Health Systems
450032,CHRISTUS GOOD SHEPHERD MEDICAL CENTER,TX,HOSPITAL,christus_health,CHRISTUS Health
450033,VHS HARLINGEN HOSPITAL COMPANY LLC,TX,HOSPITAL,tenet_healthcare,Tenet Healthcare
450034,CHRISTUS SOUTHEAST TEXAS- ST ELIZABETH,TX,HOSPITAL,christus_health,CHRISTUS Health
450035,ST JOSEPH MEDICAL CENTER,TX,HOSPITAL,steward_health_care,Steward Health Care
450039,JPS HEALTH NETWORK,TX,HOSPITAL,jps_health_network,JPS Health Network
450040,COVENANT MEDICAL CENTER,TX,HOSPITAL,providence,Providence
450042,ASCENSION PROVIDENCE,TX,HOSPITAL,ascension,Ascension
450044,UT OF TEXAS  SOUTHWESTERN UNIVERSITY HOSPITAL - WILLIAM P. CLEMENTS JR.,TX,HOSPITAL,the_university_of_texas_system,The University of Texas System
450046,CHRISTUS SPOHN HOSPITAL CORPUS CHRISTI,TX,HOSPITAL,christus_health,CHRISTUS Health
450051,METHODIST DALLAS MEDICAL CENTER,TX,HOSPITAL,methodist_health_system_tx,Methodist Health System TX
450054,BAYLOR SCOTT & WHITE MEDICAL CENTER - TEMPLE,TX,HOSPITAL,baylor_scott_white,Baylor Scott & White
450055,ROLLING PLAINS MEMORIAL HOSPITAL,TX,HOSPITAL,independent,Independent / Unknown
450056,ASCENSION SETON MEDICAL CENTER AUSTIN,TX,HOSPITAL,ascension,Ascension
450058,BAPTIST MEDICAL CENTER,TX,HOSPITAL,tenet_healthcare,Tenet Healthcare
450064,TEXAS HEALTH ARLINGTON MEMORIAL HOSPITAL,TX,HOSPITAL,texas_health_resources,Texas Health Resources
450068,MEMORIAL HERMANN - TEXAS MEDICAL CENTER,TX,HOSPITAL,memorial_hermann_healthcare_system,Memorial Hermann Healthcare System
450072,CHI ST LUKE'S HEALTH BRAZOSPORT,TX,HOSPITAL,commonspirit,CommonSpirit Health
450079,BAYLOR SCOTT & WHITE MEDICAL CENTER AT IRVING,TX,HOSPITAL,baylor_scott_white,Baylor Scott & White
450080,TITUS REGIONAL MEDICAL CENTER,TX,HOSPITAL,independent,Independent / Unknown
450082,CHRISTUS SPOHN HOSPITAL BEEVILLE,TX,HOSPITAL,christus_health,CHRISTUS Health
450083,UT HEALTH EAST TEXAS TYLER REGIONAL HOSPITAL,TX,HOSPITAL,ardent_health,Ardent Health
450087,MEDICAL CITY NORTH HILLS,TX,HOSPITAL,hca,HCA
450090,NORTH TEXAS MEDICAL CENTER,TX,HOSPITAL,community_hospital_corporation,Community Hospital Corporation
450092,FORT DUNCAN MEDICAL CENTER,TX,HOSPITAL,universal_health_services,Universal Health Services
450097,HCA HOUSTON HEALTHCARE SOUTHEAST,TX,HOSPITAL,hca,HCA
450101,BAYLOR SCOTT & WHITE MEDICAL CENTER HILLCREST,TX,HOSPITAL,baylor_scott_white,Baylor Scott & White
450102,CHRISTUS MOTHER FRANCES HOSPITAL,TX,HOSPITAL,christus_health,CHRISTUS Health
450104,GUADALUPE REGIONAL MEDICAL CENTER,TX,HOSPITAL,independent,Independent / Unknown
450107,LAS PALMAS MEDICAL CENTER A CAMPUS OF LPDS HEALTHC,TX,HOSPITAL,hca,HCA
450108,CONNALLY MEMORIAL MEDICAL CENTER,TX,HOSPITAL,independent,Independent / Unknown
450119,SOUTH TEXAS HEALTH SYSTEM,TX,HOSPITAL,universal_health_services,Universal Health Services
450124,DELL SETON  MED CENTER AT THE UNIVERSITY OF TX,TX,HOSPITAL,ascension,Ascension
450128,KNAPP MEDICAL CENTER,TX,HOSPITAL,prime_healthcare,Prime Healthcare
450132,MEDICAL CENTER HOSPITAL,TX,HOSPITAL,independent,Independent / Unknown
450133,MIDLAND MEMORIAL HOSPITAL,TX,HOSPITAL,midland_county_hospital_district,Midland County Hospital District
450135,TEXAS HEALTH HARRIS METHODIST FORT WORTH,TX,HOSPITAL,texas_health_resources,Texas Health Resources
450137,BAYLOR SCOTT AND WHITE ALL SAINTS MEDICAL CENTER,TX,HOSPITAL,baylor_scott_white,Baylor Scott & White
450144,PERMIAN REGIONAL MEDICAL CENTER ANDREWS COUNTY HO,TX,HOSPITAL,independent,Independent / Unknown
450147,DE TAR HOSPITAL NAVARRO,TX,HOSPITAL,community_health_systems,Community Health Systems
450148,TEXAS HEALTH HARRIS METHODIST HOSPITAL CLEBURNE,TX,HOSPITAL,texas_health_resources,Texas Health Resources
450152,ADVENTHEALTH CENTRAL TEXAS,TX,HOSPITAL,adventhealth,AdventHealth
450154,VAL VERDE REGIONAL MEDICAL CENTER,TX,HOSPITAL,independent,Independent / Unknown
450155,HEREFORD REGIONAL MEDICAL CENTER,TX,HOSPITAL,independent,Independent / Unknown
450162,GRACE SURGICAL HOSPITAL,TX,HOSPITAL,providence,Providence
450163,CHRISTUS SPOHN HOSPITAL KLEBERG,TX,HOSPITAL,christus_health,CHRISTUS Health
450165,METHODIST HOSPITAL ATASCOSA,TX,HOSPITAL,hca,HCA
450176,MISSION REGIONAL MEDICAL CENTER,TX,HOSPITAL,prime_healthcare,Prime Healthcare
450184,MEMORIAL HERMANN HOSPITAL SYSTEM,TX,HOSPITAL,memorial_hermann_healthcare_system,Memorial Hermann Healthcare System
450193,BAYLOR ST LUKES MEDICAL CENTER,TX,HOSPITAL,commonspirit,CommonSpirit Health
450194,UT HEALTH EAST TEXAS JACKSONVILLE HOSPITAL,TX,HOSPITAL,ardent_health,Ardent Health
450196,PARIS REGIONAL MEDICAL CENTER,TX,HOSPITAL,lifepoint_health,Lifepoint Health
450200,WADLEY REGIONAL MEDICAL CENTER,TX,HOSPITAL,steward_health_care,Steward Health Care
450203,MEDICAL CITY WEATHERFORD,TX,HOSPITAL,hca,HCA
450209,NORTHWEST TEXAS HOSPITAL,TX,HOSPITAL,universal_health_services,Universal Health Services
450210,UT HEALTH EAST TEXAS CARTHAGE HOSPITAL,TX,HOSPITAL,ardent_health,Ardent Health
450211,CHI ST LUKES HEALTH MEMORIAL LUFKIN,TX,HOSPITAL,commonspirit,CommonSpirit Health
450213,UNIVERSITY HEALTH SYSTEM,TX,HOSPITAL,university_health_system,University Health System
450222,HCA HOUSTON HEALTHCARE CONROE,TX,HOSPITAL,hca,HCA
450229,HENDRICK MEDICAL CENTER,TX,HOSPITAL,hendrick_health_system,Hendrick Health System
450231,BSA HOSPITAL,TX,HOSPITAL,ardent_health,Ardent Health
450235,MEMORIAL HOSPITAL,TX,HOSPITAL,independent,Independent / Unknown
450236,CHRISTUS MOTHER FRANCES HOSPITAL SULPHUR SPRINGS,TX,HOSPITAL,christus_health,CHRISTUS Health
450237,CHRISTUS SANTA ROSA MEDICAL CENTER,TX,HOSPITAL,christus_health,CHRISTUS Health
450241,FAITH COMMUNITY HOSPITAL,TX,HOSPITAL,independent,Independent / Unknown
450253,BELLVILLE MEDICAL CENTER,TX,HOSPITAL,independent,Independent / Unknown
450272,CHRISTUS SANTA ROSA HOSPITAL-SAN MARCOS,TX,HOSPITAL,christus_health,CHRISTUS Health
450289,HARRIS HEALTH,TX,HOSPITAL,harris_health_system,Harris Health System
450292,TEXAS HEALTH PRESBYTERIAN HOSPITAL KAUFMAN,TX,HOSPITAL,texas_health_resources,Texas Health Resources
450324,TEXOMA MEDICAL CENTER,TX,HOSPITAL,universal_health_services,Universal Health Services
450330,OAKBEND MEDICAL CENTER,TX,HOSPITAL,independent,Independent / Unknown
450346,BAPTIST BEAUMONT HOSPITAL,TX,HOSPITAL,community_hospital_corporation,Community Hospital Corporation
450347,HUNTSVILLE MEMORIAL HOSPITAL,TX,HOSPITAL,independent,Independent / Unknown
450351,TEXAS HEALTH HARRIS METHODIST HOSPITAL STEPHENVILL,TX,HOSPITAL,texas_health_resources,Texas Health Resources
450352,HUNT REGIONAL MEDICAL CENTER,TX,HOSPITAL,independent,Independent / Unknown
450358,HOUSTON METHODIST HOSPITAL,TX,HOSPITAL,houston_methodist,Houston Methodist
450369,CHILDRESS REGIONAL MEDICAL CENTER,TX,HOSPITAL,independent,Independent / Unknown
450370,COLUMBUS COMMUNITY HOSPITAL,TX,HOSPITAL,independent,Independent / Unknown
450372,BAYLOR SCOTT & WHITE MEDICAL CENTER- WAXAHACHIE,TX,HOSPITAL,baylor_scott_white,Baylor Scott & White
450379,DALLAS MEDICAL CENTER,TX,HOSPITAL,prime_healthcare,Prime Healthcare
450388,METHODIST HOSPITAL,TX,HOSPITAL,hca,HCA
450389,UT HEALTH EAST TEXAS ATHENS HOSPITAL,TX,HOSPITAL,ardent_health,Ardent Health
450395,CHI ST LUKES HEALTH MEMORIAL LIVINGSTON,TX,HOSPITAL,commonspirit,CommonSpirit Health
450399,BROWNFIELD REGIONAL MEDICAL CENTER,TX,HOSPITAL,independent,Independent / Unknown
450400,PARKVIEW REGIONAL HOSPITAL,TX,HOSPITAL,scionhealth,ScionHealth
450403,MEDICAL CENTER OF MCKINNEY,TX,HOSPITAL,hca,HCA
450419,TEXAS HEALTH HARRIS METHODIST HOSPITAL AZLE,TX,HOSPITAL,texas_health_resources,Texas Health Resources
450422,BAYLOR SCOTT AND WHITE MEDICAL CENTER UPTOWN,TX,HOSPITAL,tenet_healthcare,Tenet Healthcare
450424,HOUSTON METHODIST BAYTOWN HOSPITAL,TX,HOSPITAL,houston_methodist,Houston Methodist
450431,ST DAVID'S MEDICAL CENTER,TX,HOSPITAL,hca,HCA
450447,NAVARRO REGIONAL HOSPITAL,TX,HOSPITAL,community_health_systems,Community Health Systems
450451,GLEN ROSE MEDICAL CENTER,TX,HOSPITAL,independent,Independent / Unknown
450460,TYLER COUNTY HOSPITAL,TX,HOSPITAL,independent,Independent / Unknown
450462,TEXAS HEALTH PRESBYTERIAN HOSPITAL DALLAS,TX,HOSPITAL,texas_health_resources,Texas Health Resources
450465,MATAGORDA REGIONAL MEDICAL CENTER,TX,HOSPITAL,independent,Independent / Unknown
450469,WILSON N JONES REGIONAL MEDICAL CENTER,TX,HOSPITAL,independent,Independent / Unknown
450475,UT HEALTH EAST TEXAS HENDERSON HOSPITAL,TX,HOSPITAL,ardent_health,Ardent Health
450484,WOODLAND HEIGHTS MEDICAL CENTER,TX,HOSPITAL,community_health_systems,Community Health Systems
450489,MEDICAL ARTS HOSPITAL,TX,HOSPITAL,independent,Independent / Unknown
450508,NACOGDOCHES MEMORIAL HOSPITAL,TX,HOSPITAL,community_hospital_corporation,Community Hospital Corporation
450518,THE MEDICAL CENTER OF SOUTHEAST TEXAS,TX,HOSPITAL,steward_health_care,Steward Health Care
450537,METHODIST RICHARDSON MEDICAL CENTER,TX,HOSPITAL,methodist_health_system_tx,Methodist Health System TX
450539,COVENANT HOSPITAL PLAINVIEW,TX,HOSPITAL,providence,Providence
450563,BAYLOR SCOTT & WHITE MEDICAL CENTER  GRAPEVINE,TX,HOSPITAL,baylor_scott_white,Baylor Scott & White
450565,PALO PINTO GENERAL HOSPITAL,TX,HOSPITAL,independent,Independent / Unknown
450571,SHANNON MEDICAL CENTER,TX,HOSPITAL,shannon_health_system,Shannon Health System
450573,CHRISTUS JASPER MEMORIAL HOSPITAL,TX,HOSPITAL,christus_health,CHRISTUS Health
450584,WILBARGER GENERAL HOSPITAL,TX,HOSPITAL,independent,Independent / Unknown
450587,HENDRICK MEDICAL CENTER BROWNWOOD,TX,HOSPITAL,hendrick_health_system,Hendrick Health System
450596,LAKE GRANBURY MEDICAL CENTER,TX,HOSPITAL,community_health_systems,Community Health Systems
450597,CUERO REGIONAL HOSPITAL,TX,HOSPITAL,independent,Independent / Unknown
450604,HILL COUNTRY MEMORIAL HOSPITAL,TX,HOSPITAL,hca,HCA
45060F,VA AMARILLO HEALTHCARE SYSTEM,TX,HOSPITAL,independent,Independent / Unknown
450610,MEMORIAL HERMANN MEMORIAL CITY HOSPITAL,TX,HOSPITAL,memorial_hermann_healthcare_system,Memorial Hermann Healthcare System
450617,HCA HOUSTON HEALTHCARE CLEAR LAKE,TX,HOSPITAL,hca,HCA
450634,MEDICAL CITY DENTON,TX,HOSPITAL,hca,HCA
450638,HCA HOUSTON HEALTHCARE NORTHWEST,TX,HOSPITAL,hca,HCA
450639,TEXAS HEALTH HARRIS METHODIST HURST-EULESS-BEDFORD,TX,HOSPITAL,texas_health_resources,Texas Health Resources
450641,NOCONA GENERAL HOSPITAL,TX,HOSPITAL,independent,Independent / Unknown
450643,DOCTORS HOSPITAL OF LAREDO,TX,HOSPITAL,universal_health_services,Universal Health Services
450644,HCA HOUSTON HEALTHCARE WEST,TX,HOSPITAL,hca,HCA
450647,MEDICAL CITY DALLAS HOSPITAL,TX,HOSPITAL,hca,HCA
450651,MEDICAL CITY PLANO,TX,HOSPITAL,hca,HCA
450653,SCENIC MOUNTAIN MEDICAL CENTER,TX,HOSPITAL,steward_health_care,Steward Health Care
450654,STARR COUNTY MEMORIAL HOSPITAL,TX,HOSPITAL,independent,Independent / Unknown
450656,NACOGDOCHES MEDICAL CENTER,TX,HOSPITAL,tenet_healthcare,Tenet Healthcare
450658,FREESTONE MEDICAL CENTER,TX,HOSPITAL,community_hospital_corporation,Community Hospital Corporation
450659,HCA HOUSTON HEALTHCARE MEDICAL CENTER,TX,HOSPITAL,hca,HCA
450661,ODESSA REGIONAL MEDICAL CENTER,TX,HOSPITAL,steward_health_care,Steward Health Care
450662,VALLEY REGIONAL MEDICAL CENTER,TX,HOSPITAL,hca,HCA
450668,SIERRA MEDICAL CENTER,TX,HOSPITAL,tenet_healthcare,Tenet Healthcare
450669,MEDICAL CITY LEWISVILLE,TX,HOSPITAL,hca,HCA
45066F,DALLAS VA MEDICAL CENTER (VA NORTH TEXAS HEALTHCARE SYSTEM),TX,HOSPITAL,va,VA
450670,HCA HOUSTON HEALTHCARE TOMBALL,TX,HOSPITAL,hca,HCA
450672,MEDICAL CITY FORT WORTH,TX,HOSPITAL,hca,HCA
450674,"WOMANS HOSPITAL OF TEXAS,THE",TX,HOSPITAL,hca,HCA
450675,MEDICAL CITY ARLINGTON,TX,HOSPITAL,hca,HCA
450677,TEXAS HEALTH HUGULEY HOSPITAL FORT WORTH SOUTH,TX,HOSPITAL,adventhealth,AdventHealth
450678,WHITE ROCK MEDICAL CENTER,TX,HOSPITAL,pipeline_health,Pipeline Health
450684,MEMORIAL HERMANN NORTHEAST HOSPITAL,TX,HOSPITAL,memorial_hermann_healthcare_system,Memorial Hermann Healthcare System
450686,UNIVERSITY MEDICAL CENTER,TX,HOSPITAL,umc_health_system,UMC Health System
450688,DALLAS REGIONAL MEDICAL CENTER,TX,HOSPITAL,prime_healthcare,Prime Healthcare
45068F,WILLIAM BEAUMONT AMG (FT BLISS),TX,HOSPITAL,independent,Independent / Unknown
450690,THE UNIVERSITY OF TEXAS HEALTH SCIENCE CENTER AT TYLER,TX,HOSPITAL,the_university_of_texas_system,The University of Texas System
450694,EL CAMPO MEMORIAL HOSPITAL,TX,HOSPITAL,independent,Independent / Unknown
450698,LAMB HEALTHCARE CENTER,TX,HOSPITAL,independent,Independent / Unknown
45069F,BROOKE ARMY MEDICAL CENTER (FT SAM HOUSTON),TX,HOSPITAL,independent,Independent / Unknown
450702,LONGVIEW REGIONAL MEDICAL CENTER,TX,HOSPITAL,community_health_systems,Community Health Systems
450709,HOUSTON METHODIST CLEAR LAKE HOSPITAL,TX,HOSPITAL,houston_methodist,Houston Methodist
45070F,DARNALL AMC (FT CAVAZOS),TX,HOSPITAL,independent,Independent / Unknown
450711,RIO GRANDE REGIONAL HOSPITAL,TX,HOSPITAL,hca,HCA
450713,ST DAVID'S SOUTH AUSTIN MEDICAL CENTER,TX,HOSPITAL,hca,HCA
450718,ROUND ROCK MEDICAL CENTER,TX,HOSPITAL,hca,HCA
450723,METHODIST CHARLTON MEDICAL CENTER,TX,HOSPITAL,methodist_health_system_tx,Methodist Health System TX
450730,CARROLLTON REGIONAL MEDICAL CENTER,TX,HOSPITAL,independent,Independent / Unknown
450742,BAYLOR SCOTT AND WHITE MEDICAL CENTER LAKE POINTE,TX,HOSPITAL,baylor_scott_white,Baylor Scott & White
450743,TEXAS HEALTH PRESBYTERIAN HOSPITAL DENTON,TX,HOSPITAL,texas_health_resources,Texas Health Resources
450747,PALESTINE REGIONAL MEDICAL CENTER,TX,HOSPITAL,scionhealth,ScionHealth
45074F,HOUSTON VA MEDICAL CENTER,TX,HOSPITAL,va,VA
450755,COVENANT HOSPITAL LEVELLAND,TX,HOSPITAL,providence,Providence
450771,TEXAS HEALTH PRESBYTERIAN HOSPITAL PLANO,TX,HOSPITAL,texas_health_resources,Texas Health Resources
450774,TOPS SURGICAL SPECIALTY HOSPITAL,TX,HOSPITAL,tenet_healthcare,Tenet Healthcare
450775,HCA HOUSTON HEALTHCARE KINGWOOD,TX,HOSPITAL,hca,HCA
450779,TEXAS HEALTH HARRIS METHODIST HOSPITAL SOUTHWEST F,TX,HOSPITAL,texas_health_resources,Texas Health Resources
450788,"CORPUS CHRISTI MEDICAL CENTER,THE",TX,HOSPITAL,hca,HCA
450801,CHRISTUS ST MICHAEL HEALTH SYSTEM,TX,HOSPITAL,christus_health,CHRISTUS Health
450804,TEXAS ORTHOPEDIC HOSPITAL,TX,HOSPITAL,hca,HCA
450808,NORTHWEST HILLS SURGICAL HOSPITAL,TX,HOSPITAL,independent,Independent / Unknown
450809,NORTH AUSTIN MEDICAL CENTER,TX,HOSPITAL,hca,HCA
450820,HOUSTON METHODIST SUGARLAND HOSPITAL,TX,HOSPITAL,houston_methodist,Houston Methodist
450822,MEDICAL CITY LAS COLINAS,TX,HOSPITAL,hca,HCA
450825,CORNERSTONE REGIONAL HOSPITAL,TX,HOSPITAL,universal_health_services,Universal Health Services
450827,KELL WEST REGIONAL HOSPITAL,TX,HOSPITAL,independent,Independent / Unknown
450828,CHRISTUS SPOHN HOSPITAL ALICE,TX,HOSPITAL,christus_health,CHRISTUS Health
450831,SURGERY SPECIALTY HOSPITALS OF AMERICA SE HOUSTON,TX,HOSPITAL,independent,Independent / Unknown
450833,ENNIS REGIONAL MEDICAL CENTER,TX,HOSPITAL,scionhealth,ScionHealth
450834,"PHYSICIANS CENTRE,THE",TX,HOSPITAL,independent,Independent / Unknown
450840,TEXAS HEALTH PRESBYTERIAN HOSPITAL ALLEN,TX,HOSPITAL,texas_health_resources,Texas Health Resources
450844,HOUSTON METHODIST WILLOWBROOK HOSPITAL,TX,HOSPITAL,houston_methodist,Houston Methodist
450847,MEMORIAL HERMANN KATY HOSPITAL,TX,HOSPITAL,memorial_hermann_healthcare_system,Memorial Hermann Healthcare System
450848,MEMORIAL HERMANN SUGAR LAND HOSPITAL,TX,HOSPITAL,memorial_hermann_healthcare_system,Memorial Hermann Healthcare System
450851,BAYLOR SCOTT & WHITE HEART & VASCULAR HOSPITAL - DALLAS,TX,HOSPITAL,baylor_scott_white,Baylor Scott & White
450853,BAYLOR SCOTT & WHITE MEDICAL CENTER - FRISCO,TX,HOSPITAL,tenet_healthcare,Tenet Healthcare
450855,HARLINGEN MEDICAL CENTER,TX,HOSPITAL,prime_healthcare,Prime Healthcare
450856,SOUTH TEXAS SPINE AND SURGICAL HOSPITAL,TX,HOSPITAL,independent,Independent / Unknown
450860,SUGAR LAND SURGICAL HOSPITAL LLP,TX,HOSPITAL,memorial_hermann_healthcare_system,Memorial Hermann Healthcare System
450862,ST LUKE'S THE WOODLANDS HOSPITAL,TX,HOSPITAL,commonspirit,CommonSpirit Health
450864,BAYLOR SCOTT & WHITE TEXAS SPINE & JOINT HOSPITAL,TX,HOSPITAL,tenet_healthcare,Tenet Healthcare
450865,ASCENSION SETON  SOUTHWEST,TX,HOSPITAL,ascension,Ascension
450867,ASCENSION SETON NORTHWEST,TX,HOSPITAL,ascension,Ascension
450869,DOCTORS HOSPTAL AT RENAISSANCE,TX,HOSPITAL,dhr_health,DHR Health
45086F,TEMPLE VA MEDICAL CENTER (VA CENTRAL TEXAS HEALTHCARE SYSTEM),TX,HOSPITAL,va,VA
450872,USMD HOSPITAL AT ARLINGTON L P,TX,HOSPITAL,independent,Independent / Unknown
450874,BAYLOR SURGICAL HOSPITAL AT LAS COLINAS,TX,HOSPITAL,tenet_healthcare,Tenet Healthcare
450875,QUAIL CREEK SURGICAL HOSPITAL,TX,HOSPITAL,ardent_health,Ardent Health
450876,LUBBOCK HEART HOSPITAL LP,TX,HOSPITAL,independent,Independent / Unknown
450880,BAYLOR SCOTT AND WHITE SURGICAL HOSPITAL FORTWORTH,TX,HOSPITAL,baylor_scott_white,Baylor Scott & White
450883,BAYLOR MEDICAL CENTER AT TROPHY CLUB,TX,HOSPITAL,independent,Independent / Unknown
450885,BAYLOR SCOTT &  WHITE MEDICAL CENTER - CENTENNIAL,TX,HOSPITAL,baylor_scott_white,Baylor Scott & White
450888,TEXAS HEALTH HARRIS METHODIST HOSPITAL SOUTHLAKE,TX,HOSPITAL,independent,Independent / Unknown
450889,TEXAS INSTITUTE FOR SURGERY AT PRESBYTERIAN HOSPIT,TX,HOSPITAL,independent,Independent / Unknown
450890,BAYLOR SCOTT & WHITE MEDICAL CENTER PLANO,TX,HOSPITAL,baylor_scott_white,Baylor Scott & White
450891,TEXAS HEALTH CENTER FOR DIAGNOSTICS & SURGERY PLAN,TX,HOSPITAL,independent,Independent / Unknown
450893,THE HEART HOSPITAL BAYLOR DENTON,TX,HOSPITAL,independent,Independent / Unknown
450895,BAYLOR SCOTT WHITE THE HEART HOSPITAL CORINTH,TX,HOSPITAL,baylor_scott_white,Baylor Scott & White
45090F,SAN ANTONIO VA MEDICAL CENTER (VA SOUTH TEXAS HEALTHCARE SYSTEM),TX,HOSPITAL,va,VA
451300,PARMER COUNTY COMMUNITY HOSPITAL,TX,HOSPITAL,independent,Independent / Unknown
451301,REAGAN MEMORIAL HOSPITAL,TX,HOSPITAL,independent,Independent / Unknown
451303,LIMESTONE MEDICAL CENTER,TX,HOSPITAL,independent,Independent / Unknown
451304,SCHLEICHER COUNTY MEDICAL CENTER,TX,HOSPITAL,independent,Independent / Unknown
451305,BURLESON ST JOSEPH HEALTH CENTER,TX,HOSPITAL,commonspirit,CommonSpirit Health
451306,KIMBLE HOSPITAL,TX,HOSPITAL,independent,Independent / Unknown
451307,IRAAN GENERAL HOSPITAL,TX,HOSPITAL,independent,Independent / Unknown
451308,YOAKUM COUNTY HOSPITAL,TX,HOSPITAL,independent,Independent / Unknown
451309,MC CAMEY HOSPITAL,TX,HOSPITAL,independent,Independent / Unknown
451310,BALLINGER MEMORIAL HOSPITAL,TX,HOSPITAL,independent,Independent / Unknown
451311,SWEENY COMMUNITY HOSPITAL,TX,HOSPITAL,independent,Independent / Unknown
451312,RICE MEDICAL CENTER,TX,HOSPITAL,independent,Independent / Unknown
451313,FISHER COUNTY HOSPITAL DISTRICT,TX,HOSPITAL,independent,Independent / Unknown
451314,WINKLER COUNTY MEMORIAL HOSPITAL,TX,HOSPITAL,independent,Independent / Unknown
451315,NORTH RUNNELS HOSPITAL,TX,HOSPITAL,independent,Independent / Unknown
451316,MADISON ST JOSEPH HEALTH CENTER,TX,HOSPITAL,commonspirit,CommonSpirit Health
451317,REFUGIO COUNTY MEMORIAL HOSPITAL,TX,HOSPITAL,independent,Independent / Unknown
451318,STONEWALL MEMORIAL HOSPITAL DISTRICT,TX,HOSPITAL,independent,Independent / Unknown
451319,CHRISTUS MOTHER FRANCES HOSPITAL- JACKSONVILLE,TX,HOSPITAL,christus_health,CHRISTUS Health
451320,BAYSIDE COMMUNITY HOSPITAL,TX,HOSPITAL,independent,Independent / Unknown
451322,GRIMES ST JOSEPH HEALTH CENTER,TX,HOSPITAL,commonspirit,CommonSpirit Health
451323,ADVENTHEALTH ROLLINS BROOK,TX,HOSPITAL,adventhealth,AdventHealth
451324,LILLIAN M HUDSPETH MEMORIAL HOSPITAL,TX,HOSPITAL,independent,Independent / Unknown
451325,CONCHO COUNTY HOSPITAL,TX,HOSPITAL,independent,Independent / Unknown
451328,RICELAND MEDICAL CENTER,TX,HOSPITAL,independent,Independent / Unknown
451329,RANKIN HOSPITAL MEDICAL CLINIC,TX,HOSPITAL,independent,Independent / Unknown
451330,MEDINA REGIONAL HOSPITAL,TX,HOSPITAL,hca,HCA
451331,COON MEMORIAL HOSPITAL,TX,HOSPITAL,independent,Independent / Unknown
451332,PALACIOS COMMUNITY MEDICAL CENTER,TX,HOSPITAL,independent,Independent / Unknown
451333,MARTIN COUNTY HOSPITAL DISTRICT,TX,HOSPITAL,independent,Independent / Unknown
451334,PARKVIEW HOSPITAL,TX,HOSPITAL,independent,Independent / Unknown
451335,MUENSTER MEMORIAL HOSPITAL,TX,HOSPITAL,independent,Independent / Unknown
451337,W J MANGOLD MEMORIAL HOSPITAL,TX,HOSPITAL,independent,Independent / Unknown
451338,CULBERSON HOSPITAL,TX,HOSPITAL,independent,Independent / Unknown
451339,THROCKMORTON COUNTY MEMORIAL HOSPITAL,TX,HOSPITAL,independent,Independent / Unknown
451340,SHAMROCK GENERAL HOSPITAL,TX,HOSPITAL,independent,Independent / Unknown
451341,HASKELL MEMORIAL HOSPITAL,TX,HOSPITAL,independent,Independent / Unknown
451342,MITCHELL COUNTY HOSPITAL DISTRICT,TX,HOSPITAL,independent,Independent / Unknown
451343,ELECTRA MEMORIAL HOSPITAL,TX,HOSPITAL,independent,Independent / Unknown
451344,HANSFORD COUNTY HOSPITAL,TX,HOSPITAL,independent,Independent / Unknown
451346,YOAKUM COMMUNITY HOSPITAL,TX,HOSPITAL,community_hospital_corporation,Community Hospital Corporation
451347,COLEMAN COUNTY MEDICAL CENTER COMPANY,TX,HOSPITAL,independent,Independent / Unknown
451348,HEART OF TEXAS MEMORIAL HOSPITAL,TX,HOSPITAL,independent,Independent / Unknown
451349,SWISHER MEMORIAL HOSPITAL,TX,HOSPITAL,independent,Independent / Unknown
451350,PLAINS MEMORIAL HOSPITAL,TX,HOSPITAL,independent,Independent / Unknown
451351,LYNN COUNTY HOSPITAL DISTRICT,TX,HOSPITAL,independent,Independent / Unknown
451352,HARDEMAN COUNTY MEMORIAL HOSPITAL,TX,HOSPITAL,independent,Independent / Unknown
451353,CRANE COUNTY HOSPITAL DISTRICT,TX,HOSPITAL,independent,Independent / Unknown
451354,HAMILTON HOSPITAL,TX,HOSPITAL,independent,Independent / Unknown
451355,COLLINGSWORTH GENERAL HOSPITAL,TX,HOSPITAL,independent,Independent / Unknown
451356,MEMORIAL MEDICAL CENTER,TX,HOSPITAL,independent,Independent / Unknown
451358,MEMORIAL HOSPITAL,TX,HOSPITAL,independent,Independent / Unknown
451359,OCHILTREE GENERAL HOSPITAL,TX,HOSPITAL,independent,Independent / Unknown
451361,SABINE COUNTY HOSPITAL,TX,HOSPITAL,independent,Independent / Unknown
451362,CLAY COUNTY MEMORIAL HOSPITAL,TX,HOSPITAL,independent,Independent / Unknown
451363,JACKSON HEALTHCARE CENTER,TX,HOSPITAL,independent,Independent / Unknown
451364,OTTO KAISER MEMORIAL HOSPITAL,TX,HOSPITAL,kaiser_permanente,Kaiser Permanente
451365,ASCENSION SETON HIGHLAND LAKES,TX,HOSPITAL,ascension,Ascension
451366,COCHRAN MEMORIAL HOSPITAL,TX,HOSPITAL,independent,Independent / Unknown
451367,UT HEALTH EAST TEXAS PITTSBURG HOSPITAL,TX,HOSPITAL,ardent_health,Ardent Health
451369,GOLDEN PLAINS COMMUNITY HOSPITAL,TX,HOSPITAL,independent,Independent / Unknown
451370,TMC- BONHAM HOSPITAL,TX,HOSPITAL,universal_health_services,Universal Health Services
451371,ASCENSION SETON EDGAR B DAVIS,TX,HOSPITAL,ascension,Ascension
451372,MULESHOE AREA MEDICAL CENTER,TX,HOSPITAL,independent,Independent / Unknown
451373,WARD MEMORIAL HOSPITAL,TX,HOSPITAL,independent,Independent / Unknown
451374,BAYLOR SCOTT & WHITE MEDICAL CENTER -TAYLOR,TX,HOSPITAL,baylor_scott_white,Baylor Scott & White
451375,LIBERTY DAYTON REGIONAL MEDICAL CENTER,TX,HOSPITAL,independent,Independent / Unknown
451376,LAVACA MEDICAL CENTER,TX,HOSPITAL,independent,Independent / Unknown
451377,REEVES REGIONAL HEALTH,TX,HOSPITAL,independent,Independent / Unknown
451378,BIG BEND REGIONAL MEDICAL CENTER,TX,HOSPITAL,quorum_health,Quorum Health
451379,CORYELL MEMORIAL HOSPITAL,TX,HOSPITAL,independent,Independent / Unknown
451380,UT HEALTH EAST TEXAS QUITMAN HOSPITAL,TX,HOSPITAL,ardent_health,Ardent Health
451381,CHRISTUS MOTHER FRANCES HOSPITAL- WINNSBORO,TX,HOSPITAL,christus_health,CHRISTUS Health
451382,COMANCHE COUNTY MEDICAL CENTER,TX,HOSPITAL,independent,Independent / Unknown
451384,COGDELL MEMORIAL HOSPITAL,TX,HOSPITAL,independent,Independent / Unknown
451385,GOODALL WITCHER HOSPITAL,TX,HOSPITAL,independent,Independent / Unknown
451386,MEMORIAL HOSPITAL,TX,HOSPITAL,independent,Independent / Unknown
451387,UVALDE MEMORIAL HOSPITAL,TX,HOSPITAL,independent,Independent / Unknown
451389,PECOS COUNTY MEMORIAL HOSPITAL,TX,HOSPITAL,independent,Independent / Unknown
451390,DIMMIT REGIONAL HOSPITAL,TX,HOSPITAL,independent,Independent / Unknown
451391,FRIO REGIONAL HOSPITAL,TX,HOSPITAL,independent,Independent / Unknown
451392,HAMILTON GENERAL HOSPITAL,TX,HOSPITAL,independent,Independent / Unknown
451393,CROCKETT MEDICAL CENTER,TX,HOSPITAL,independent,Independent / Unknown
451394,KNOX COUNTY HOSPITAL,TX,HOSPITAL,independent,Independent / Unknown
451395,HILL REGIONAL HOSPITAL,TX,HOSPITAL,independent,Independent / Unknown
451396,MID COAST MEDICAL CENTER - CENTRAL,TX,HOSPITAL,independent,Independent / Unknown
451397,BAYLOR SCOTT & WHITE HOSPITAL BRENHAM,TX,HOSPITAL,baylor_scott_white,Baylor Scott & White
451398,PAMPA REGIONAL MEDICAL CENTER,TX,HOSPITAL,prime_healthcare,Prime Healthcare
451399,SEYMOUR HOSPITAL,TX,HOSPITAL,independent,Independent / Unknown
452114,ATRIUM MEDICAL CENTER,TX,HOSPITAL,advocate_health,Advocate Health
453300,COOK CHILDRENS MEDICAL CENTER,TX,HOSPITAL,independent,Independent / Unknown
453301,DRISCOLL CHILDRENS HOSPITAL,TX,HOSPITAL,independent,Independent / Unknown
453302,CHILDRENS MEDICAL CTR OF DALLAS,TX,HOSPITAL,independent,Independent / Unknown
453304,TEXAS CHILDRENS HOSPITAL,TX,HOSPITAL,independent,Independent / Unknown
453306,COVENANT CHILDRENS HOSPITAL,TX,HOSPITAL,independent,Independent / Unknown
453309,HEALTHBRIDGE CHILDRENS'S HOSPITAL OF HOUSTON,TX,HOSPITAL,independent,Independent / Unknown
453310,DELL CHILDREN'S MEDICAL CENTER,TX,HOSPITAL,independent,Independent / Unknown
453311,SHRINERS HOSPITALS FOR CHILDREN,TX,HOSPITAL,independent,Independent / Unknown
453313,EL PASO CHILDREN'S HOSPITAL,TX,HOSPITAL,independent,Independent / Unknown
453314,TEXAS SCOTTISH RITE HOSPITAL FOR CHILDREN,TX,HOSPITAL,independent,Independent / Unknown
453315,CHILDREN'S HOSPITAL OF SAN ANTONIO,TX,HOSPITAL,independent,Independent / Unknown
453316,CHILDRENS MEDICAL CENTER PLANO,TX,HOSPITAL,independent,Independent / Unknown
453317,COOK CHILDRENS MEDICAL CENTER PROSPER,TX,HOSPITAL,independent,Independent / Unknown
453318,NEXUS CHILDRENS HOSPITAL DALLAS,TX,HOSPITAL,independent,Independent / Unknown
453319,TEXAS CHILDRENS HOSPITAL NORTH AUSTIN CAMPUS,TX,HOSPITAL,independent,Independent / Unknown
453321,DRISCOLL CHILDREN'S HOSPITAL RIO GRANDE VALLEY,TX,HOSPITAL,independent,Independent / Unknown
454000,BIG SPRING STATE HOSPITAL,TX,HOSPITAL,independent,Independent / Unknown
454006,TERRELL STATE HOSPITAL,TX,HOSPITAL,independent,Independent / Unknown
454008,NORTH TEXAS STATE HOSPITAL,TX,HOSPITAL,independent,Independent / Unknown
454009,RUSK STATE HOSP,TX,HOSPITAL,independent,Independent / Unknown
454011,SAN ANTONIO STATE HOSP  STATE SCHOOL,TX,HOSPITAL,independent,Independent / Unknown
454012,MILLWOOD HOSPITAL,TX,HOSPITAL,independent,Independent / Unknown
454018,RED RIVER HOSPITAL,TX,HOSPITAL,independent,Independent / Unknown
454026,WEST OAKS HOSPITAL,TX,HOSPITAL,independent,Independent / Unknown
454050,GLEN OAKS HOSPITAL,TX,HOSPITAL,independent,Independent / Unknown
454060,LAUREL RIDGE TREATMENT CENTER,TX,HOSPITAL,independent,Independent / Unknown
454064,RIVER CREST HOSP,TX,HOSPITAL,independent,Independent / Unknown
454065,HICKORY TRAIL HOSPITAL,TX,HOSPITAL,independent,Independent / Unknown
454076,HARRIS COUNTY PSYCHIATRIC CENTER,TX,HOSPITAL,independent,Independent / Unknown
454079,MEDICAL CITY MENTAL HEALTH AND WELLNESS CENTER,TX,HOSPITAL,hca,HCA
454084,AUSTIN STATE HOSPITAL,TX,HOSPITAL,independent,Independent / Unknown
454088,RIO GRANDE STATE CENTER,TX,HOSPITAL,independent,Independent / Unknown
454093,STARCARE SPECIALTY HEALTH /SUNRISE CANYON HOSPITAL,TX,HOSPITAL,independent,Independent / Unknown
454094,MEDICAL CITY GREEN OAKS HOSPITAL,TX,HOSPITAL,hca,HCA
454100,EL PASO PSYCHIATRIC CENTER,TX,HOSPITAL,independent,Independent / Unknown
454101,ALLEGIANCE BEHAVIORAL HEALTH CENTER OF PLAINVIEW,TX,HOSPITAL,independent,Independent / Unknown
454103,KINGWOOD PINES HOSPITAL,TX,HOSPITAL,independent,Independent / Unknown
454104,UNIVERSITY BEHAVIORAL HEALTH OF DENTON,TX,HOSPITAL,independent,Independent / Unknown
454107,BEHAVIORAL HOSPITAL OF BELLAIRE,TX,HOSPITAL,independent,Independent / Unknown
454108,CYPRESS CREEK HOSPITAL,TX,HOSPITAL,independent,Independent / Unknown
454109,EL PASO BEHAVIORAL HEALTH SYSTEM,TX,HOSPITAL,independent,Independent / Unknown
454110,OCEANS BEHAVIORAL  HOSPITAL OF PERMIAN BASIN,TX,HOSPITAL,independent,Independent / Unknown
454114,CEDAR CREST HOSPITAL & RTC,TX,HOSPITAL,independent,Independent / Unknown
454117,OCEANS BEHAVIORAL HOSPITAL OF LONGVIEW,TX,HOSPITAL,independent,Independent / Unknown
454118,LONE STAR BEHAVIORAL HEALTH CYPRESS,TX,HOSPITAL,independent,Independent / Unknown
454119,CARROLLTON SPRINGS,TX,HOSPITAL,independent,Independent / Unknown
454121,AUSTIN OAKS HOSPITAL,TX,HOSPITAL,independent,Independent / Unknown
454122,OCEANS BEHAVIORAL HOSPITAL OF ABILENE,TX,HOSPITAL,independent,Independent / Unknown
454123,OCEANS BEHAVIORAL HOSPITAL OF LUFKIN LLC,TX,HOSPITAL,independent,Independent / Unknown
454124,MESA SPRINGS,TX,HOSPITAL,independent,Independent / Unknown
454126,DALLAS BEHAVIORAL HEALTHCARE HOSPITAL LLC,TX,HOSPITAL,independent,Independent / Unknown
454127,ROCK SPRINGS,TX,HOSPITAL,independent,Independent / Unknown
454128,WELLBRIDGE HEALTHCARE FORT WORTH,TX,HOSPITAL,independent,Independent / Unknown
454129,GEORGETOWN BEHAVIORAL HEALTH INSTITUTE,TX,HOSPITAL,independent,Independent / Unknown
454131,WESTPARK SPRINGS LLC,TX,HOSPITAL,independent,Independent / Unknown
454132,SAN ANTONIO BEHAVIORAL HEALTHCARE HOSPITAL,TX,HOSPITAL,independent,Independent / Unknown
454133,CROSS CREEK HOSPITAL,TX,HOSPITAL,independent,Independent / Unknown
454135,HOUSTON BEHAVIORAL HEALTHCARE HOSPITAL LLC,TX,HOSPITAL,independent,Independent / Unknown
454136,OCEANS BEHAVIORAL HOSPITAL OF KATY,TX,HOSPITAL,independent,Independent / Unknown
454139,SUN BEHAVIORAL HOUSTON,TX,HOSPITAL,independent,Independent / Unknown
454141,PALMS BEHAVIORAL HEALTH,TX,HOSPITAL,independent,Independent / Unknown
454144,WOODLAND SPRINGS,TX,HOSPITAL,independent,Independent / Unknown
454146,RIO VISTA BEHAVIORAL HEALTH,TX,HOSPITAL,independent,Independent / Unknown
454147,OCEANS BEHAVIORAL HOSPITAL OF PASADENA,TX,HOSPITAL,independent,Independent / Unknown
454148,PERIMETER BEHAVIORAL HOSPITAL OF ARLINGTON,TX,HOSPITAL,independent,Independent / Unknown
454149,PERIMETER BEHAVIORAL HOSPITAL OF DALLAS,TX,HOSPITAL,independent,Independent / Unknown
454150,OCEANS BEHAVIORAL HOSPITAL OF WACO,TX,HOSPITAL,independent,Independent / Unknown
454151,"MEDICAL BEHAVIORAL HOSPITAL OF CLEAR LAKE, LLC",TX,HOSPITAL,independent,Independent / Unknown
454152,CANYON CREEK BEHAVIORAL HEALTH,TX,HOSPITAL,independent,Independent / Unknown
454153,CARRUS BEHAVIORAL HOSPITAL,TX,HOSPITAL,independent,Independent / Unknown
454154,OCEANS BEHAVIORAL HOSPITAL OF AMARILLO,TX,HOSPITAL,independent,Independent / Unknown
454155,OCEANS BEHAVIORAL HOSPITAL OF CORPUS CHRISTI,TX,HOSPITAL,independent,Independent / Unknown
454156,VOYAGES BEHAVIORAL HEALTH OF SUGAR LAND,TX,HOSPITAL,independent,Independent / Unknown
454157,OCEANS BEHAVIORAL HOSPITAL OF LUBBOCK,TX,HOSPITAL,independent,Independent / Unknown
454158,VOYAGES BEHAVIORAL HEALTH OF CONROE,TX,HOSPITAL,independent,Independent / Unknown
454159,CEDAR HILLS BEHAVIORAL,TX,HOSPITAL,independent,Independent / Unknown
454161,MEDICAL CITY MENTAL HEALTH AND WELLNESS CENTER,TX,HOSPITAL,hca,HCA
460001,INTERMOUNTAIN HEALTH UTAH VALLEY HOSPITAL,UT,HOSPITAL,intermountain_health,Intermountain Health
460003,HOLY CROSS HOSPITAL - SALT LAKE,UT,HOSPITAL,commonspirit,CommonSpirit Health
460004,MCKAY-DEE HOSPITAL,UT,HOSPITAL,intermountain_health,Intermountain Health
460005,OGDEN REGIONAL MEDICAL CENTER,UT,HOSPITAL,hca,HCA
460006,LDS HOSPITAL,UT,HOSPITAL,intermountain_health,Intermountain Health
460007,CEDAR CITY HOSPITAL,UT,HOSPITAL,intermountain_health,Intermountain Health
460009,UNIVERSITY OF UTAH HOSPITAL AND CLINICS,UT,HOSPITAL,university_of_utah_hospitals_and_clinics,University of Utah Hospitals and Clinics
460010,INTERMOUNTAIN MEDICAL CENTER,UT,HOSPITAL,intermountain_health,Intermountain Health
460011,CASTLEVIEW HOSPITAL,UT,HOSPITAL,lifepoint_health,Lifepoint Health
460013,MOUNTAIN VIEW HOSPITAL,UT,HOSPITAL,hca,HCA
460014,MOUNTAIN WEST MEDICAL CENTER,UT,HOSPITAL,quorum_health,Quorum Health
460015,INTERMOUNTAIN HEALTH LOGAN REGIONAL HOSPITAL,UT,HOSPITAL,intermountain_health,Intermountain Health
460017,BRIGHAM CITY COMMUNITY HOSPITAL,UT,HOSPITAL,hca,HCA
460019,UINTAH BASIN MEDICAL CENTER,UT,HOSPITAL,independent,Independent / Unknown
460021,ST. GEORGE REGIONAL HOSPITAL,UT,HOSPITAL,intermountain_health,Intermountain Health
460023,AMERICAN FORK HOSPITAL,UT,HOSPITAL,intermountain_health,Intermountain Health
460026,INTERMOUNTAIN HEALTH SEVIER VALLEY HOSPITAL,UT,HOSPITAL,intermountain_health,Intermountain Health
46002F,VA SALT LAKE CITY HEALTHCARE - GEORGE E. WAHLEN VA MEDICAL CENTER,UT,HOSPITAL,va,VA
460030,ASHLEY REGIONAL MEDICAL CENTER,UT,HOSPITAL,lifepoint_health,Lifepoint Health
460039,BEAR RIVER VALLEY HOSPITAL,UT,HOSPITAL,intermountain_health,Intermountain Health
460041,HOLY CROSS HOSPITAL-DAVIS,UT,HOSPITAL,commonspirit,CommonSpirit Health
460042,LAKEVIEW HOSPITAL,UT,HOSPITAL,hca,HCA
460043,OREM COMMUNITY HOSPITAL,UT,HOSPITAL,intermountain_health,Intermountain Health
460044,INTERMOUNTAIN HEALTH ALTA VIEW HOSPITAL,UT,HOSPITAL,intermountain_health,Intermountain Health
460047,ST MARK'S HOSPITAL,UT,HOSPITAL,hca,HCA
460051,HOLY CROSS HOSPITAL-JORDAN VALLEY,UT,HOSPITAL,commonspirit,CommonSpirit Health
460052,TIMPANOGOS REGIONAL HOSPITAL,UT,HOSPITAL,hca,HCA
460054,CACHE VALLEY HOSPITAL,UT,HOSPITAL,hca,HCA
460057,PARK CITY HOSPITAL,UT,HOSPITAL,intermountain_health,Intermountain Health
460058,INTERMOUNTAIN HEALTH RIVERTON HOSPITAL,UT,HOSPITAL,intermountain_health,Intermountain Health
460060,LONE PEAK HOSPITAL,UT,HOSPITAL,hca,HCA
460061,INTERMOUNTAIN HEALTH LAYTON HOSPITAL,UT,HOSPITAL,intermountain_health,Intermountain Health
460062,INTERMOUNTAIN HEALTH SPANISH FORK HOSPITAL,UT,HOSPITAL,intermountain_health,Intermountain Health
460063,WESTERN PEAKS SPECIALTY HOSPITAL,UT,HOSPITAL,independent,Independent / Unknown
461300,INTERMOUNTAIN HEALTH DELTA COMMUNITY HOSPITAL,UT,HOSPITAL,intermountain_health,Intermountain Health
461301,INTERMOUNTAIN HEALTH FILLMORE COMMUNITY HOSPITAL,UT,HOSPITAL,intermountain_health,Intermountain Health
461302,MOAB REGIONAL HOSPITAL,UT,HOSPITAL,independent,Independent / Unknown
461303,INTERMOUNTAIN HEALTH SANPETE VALLEY HOSPITAL,UT,HOSPITAL,intermountain_health,Intermountain Health
461304,CENTRAL VALLEY MEDICAL CENTER - CAH,UT,HOSPITAL,independent,Independent / Unknown
461305,MILFORD MEMORIAL HOSPITAL,UT,HOSPITAL,independent,Independent / Unknown
461306,GUNNISON VALLEY HOSPITAL,UT,HOSPITAL,independent,Independent / Unknown
461307,INTERMOUNTAIN HEALTH HEBER VALLEY HOSPITAL,UT,HOSPITAL,intermountain_health,Intermountain Health
461308,SAN JUAN HOSPITAL,UT,HOSPITAL,independent,Independent / Unknown
461309,KANE COUNTY HOSPITAL,UT,HOSPITAL,independent,Independent / Unknown
461310,BLUE MOUNTAIN HOSPITAL,UT,HOSPITAL,independent,Independent / Unknown
461333,INTERMOUNTAIN HEALTH GARFIELD MEMORIAL HOSPITAL,UT,HOSPITAL,intermountain_health,Intermountain Health
461335,BEAVER VALLEY HOSPITAL,UT,HOSPITAL,independent,Independent / Unknown
463301,PRIMARY CHILDREN'S HOSPITAL,UT,HOSPITAL,independent,Independent / Unknown
464001,UTAH STATE HOSPITAL,UT,HOSPITAL,independent,Independent / Unknown
464012,MARIAN CENTER,UT,HOSPITAL,independent,Independent / Unknown
464013,SALT LAKE BEHAVIORAL HEALTH,UT,HOSPITAL,independent,Independent / Unknown
464014,ASPEN GROVE BEHAVIORAL HOSPITAL,UT,HOSPITAL,independent,Independent / Unknown
470001,CENTRAL VERMONT MEDICAL CENTER,VT,HOSPITAL,university_of_vermont_health_network,University of Vermont Health Network
470003,UNIV. OF VERMONT - FLETCHER ALLEN HEALTH CARE,VT,HOSPITAL,university_of_vermont_health_network,University of Vermont Health Network
470005,RUTLAND REGIONAL MEDICAL CENTER,VT,HOSPITAL,rutland_regional_health_services,Rutland Regional Health Services
470011,BRATTLEBORO MEMORIAL HOSPITAL,VT,HOSPITAL,dartmouth_hitchcock,Dartmouth-Hitchcock
470012,SOUTHWESTERN VERMONT MEDICAL CENTER,VT,HOSPITAL,dartmouth_hitchcock,Dartmouth-Hitchcock
47001F,WHITE RIVER JCT VA MEDICAL CENTER,VT,HOSPITAL,va,VA
470024,NORTHWESTERN MEDICAL CENTER INC,VT,HOSPITAL,independent,Independent / Unknown
471300,GRACE COTTAGE HOSPITAL,VT,HOSPITAL,independent,Independent / Unknown
471301,GIFFORD MEDICAL CENTER,VT,HOSPITAL,independent,Independent / Unknown
471302,MT ASCUTNEY HOSPITAL,VT,HOSPITAL,dartmouth_hitchcock,Dartmouth-Hitchcock
471303,NORTHEASTERN VERMONT REGIONAL HOSPITAL,VT,HOSPITAL,independent,Independent / Unknown
471304,NORTH COUNTRY HOSPITAL AND HEALTH CENTER,VT,HOSPITAL,independent,Independent / Unknown
471305,COPLEY HOSPITAL,VT,HOSPITAL,independent,Independent / Unknown
471306,SPRINGFIELD HOSPITAL,VT,HOSPITAL,independent,Independent / Unknown
471307,PORTER HOSPITAL INC,VT,HOSPITAL,university_of_vermont_health_network,University of Vermont Health Network
474001,BRATTLEBORO RETREAT,VT,HOSPITAL,independent,Independent / Unknown
474004,VERMONT PSYCHIATRIC CARE HOSPITAL,VT,HOSPITAL,independent,Independent / Unknown
480001,"ROY LESTER SCHNEIDER HOSPITAL,THE",VI,HOSPITAL,independent,Independent / Unknown
480002,GOV JUAN F LUIS HOSPITAL & MEDICAL CTR,VI,HOSPITAL,independent,Independent / Unknown
490002,RUSSELL COUNTY HOSPITAL,VA,HOSPITAL,ballad_health,Ballad Health
490004,SENTARA RMH MEDICAL CENTER,VA,HOSPITAL,sentara_healthcare,Sentara Healthcare
490005,WINCHESTER MEDICAL CENTER,VA,HOSPITAL,valley_health,Valley Health
490007,SENTARA NORFOLK GENERAL HOSPITAL,VA,HOSPITAL,sentara_healthcare,Sentara Healthcare
490009,UNIVERSITY OF VIRGINIA MEDICAL CENTER,VA,HOSPITAL,university_of_virginia_health_system,University of Virginia Health System
490013,SENTARA HALIFAX REGIONAL HOSPITAL,VA,HOSPITAL,sentara_healthcare,Sentara Healthcare
490017,BON SECOURS MARYVIEW MEDICAL CENTER,VA,HOSPITAL,bon_secours_mercy_health,Bon Secours Mercy Health
490018,AUGUSTA HEALTH,VA,HOSPITAL,augusta_health,Augusta Health
490019,UVA HEALTH CULPEPER MEDICAL CENTER,VA,HOSPITAL,university_of_virginia_health_system,University of Virginia Health System
49001F,FORT BELVOIR COMMUNITY HOSPITAL,VA,HOSPITAL,independent,Independent / Unknown
490020,JOHN RANDOLPH MEDICAL CENTER,VA,HOSPITAL,hca,HCA
490021,CENTRA HEALTH -  LYNCHBURG GEN HOSPITAL,VA,HOSPITAL,centra_health,Centra Health
490022,MARY WASHINGTON HOSPITAL,VA,HOSPITAL,mary_washington_healthcare,Mary Washington Healthcare
490023,FAUQUIER HOSPITAL,VA,HOSPITAL,lifepoint_health,Lifepoint Health
490024,CARILION MEDICAL CENTER,VA,HOSPITAL,carilion_clinic,Carilion Clinic
490032,MEDICAL COLLEGE OF VIRGINIA HOSPITALS,VA,HOSPITAL,vcu_health_system,VCU Health System
490033,WARREN MEMORIAL HOSPITAL,VA,HOSPITAL,valley_health,Valley Health
490037,RIVERSIDE SHORE MEMORIAL HOSPITAL,VA,HOSPITAL,riverside_health_system,Riverside Health System
490038,SMYTH COUNTY COMMUNITY HOSPITAL,VA,HOSPITAL,ballad_health,Ballad Health
490040,INOVA ALEXANDRIA HOSPITAL,VA,HOSPITAL,inova_health_system,Inova Health System
490041,MARY IMMACULATE HOSPITAL,VA,HOSPITAL,bon_secours_mercy_health,Bon Secours Mercy Health
490042,CARILION NEW RIVER VALLEY MEDICAL CENTER,VA,HOSPITAL,carilion_clinic,Carilion Clinic
490043,INOVA LOUDOUN HOSPITAL,VA,HOSPITAL,inova_health_system,Inova Health System
490044,SENTARA OBICI HOSPITAL,VA,HOSPITAL,sentara_healthcare,Sentara Healthcare
490045,NOVANT PRINCE WILLIAM MEDICAL CENTER,VA,HOSPITAL,university_of_virginia_health_system,University of Virginia Health System
490046,SENTARA LEIGH HOSPITAL,VA,HOSPITAL,sentara_healthcare,Sentara Healthcare
490048,LEWISGALE MEDICAL CENTER,VA,HOSPITAL,hca,HCA
490050,VIRGINIA HOSPITAL CENTER,VA,HOSPITAL,vhc_health,VHC Health
490052,RIVERSIDE REGIONAL MEDICAL CENTER,VA,HOSPITAL,riverside_health_system,Riverside Health System
490053,JOHNSTON MEMORIAL HOSPITAL,VA,HOSPITAL,ballad_health,Ballad Health
490057,SENTARA VIRGINIA BEACH GENERAL HOSPITAL,VA,HOSPITAL,sentara_healthcare,Sentara Healthcare
490059,BON SECOURS ST MARYS HOSPITAL,VA,HOSPITAL,bon_secours_mercy_health,Bon Secours Mercy Health
490060,CLINCH VALLEY MEDICAL CENTER,VA,HOSPITAL,lifepoint_health,Lifepoint Health
490063,INOVA FAIRFAX HOSPITAL,VA,HOSPITAL,inova_health_system,Inova Health System
490066,SENTARA WILLIAMSBURG REGIONAL MEDICAL CENTER,VA,HOSPITAL,sentara_healthcare,Sentara Healthcare
490067,BON SECOURS SOUTHSIDE MEDICAL CENTER,VA,HOSPITAL,bon_secours_mercy_health,Bon Secours Mercy Health
490069,BON SECOURS MEMORIAL REGIONAL MEDICAL CENTER,VA,HOSPITAL,bon_secours_mercy_health,Bon Secours Mercy Health
49006F,HAMPTON VA MEDICAL CENTER,VA,HOSPITAL,va,VA
490075,SOVAH HEALTH DANVILLE,VA,HOSPITAL,lifepoint_health,Lifepoint Health
490077,SENTARA MARTHA JEFFERSON HOSPITAL,VA,HOSPITAL,sentara_healthcare,Sentara Healthcare
490084,VCU HEALTH TAPPAHANNOCK HOSPITAL,VA,HOSPITAL,vcu_health_system,VCU Health System
490088,CENTRA BEDFORD MEMORIAL HOSPITAL,VA,HOSPITAL,centra_health,Centra Health
490089,CARILION FRANKLIN MEMORIAL HOSPITAL,VA,HOSPITAL,carilion_clinic,Carilion Clinic
49008F,NMC PORTSMOUTH,VA,HOSPITAL,independent,Independent / Unknown
490090,"SOUTHSIDE COMMUNITY HOSPITAL, INC",VA,HOSPITAL,centra_health,Centra Health
490092,BON SECOURS SOUTHAMPTON MEMORIAL HOSPITAL,VA,HOSPITAL,bon_secours_mercy_health,Bon Secours Mercy Health
490093,SENTARA CAREPLEX HOSPITAL,VA,HOSPITAL,sentara_healthcare,Sentara Healthcare
490094,BON SECOURS RICHMOND COMMUNITY HOSPITAL,VA,HOSPITAL,bon_secours_mercy_health,Bon Secours Mercy Health
490097,BON SECOURS SOUTHERN VIRGINIA MEDICAL CENTER,VA,HOSPITAL,bon_secours_mercy_health,Bon Secours Mercy Health
490098,COMMUNITY MEMORIAL HOSPITAL,VA,HOSPITAL,vcu_health_system,VCU Health System
490101,INOVA FAIR OAKS HOSPITAL,VA,HOSPITAL,inova_health_system,Inova Health System
490104,HIRAM W DAVIS MEDICAL CENTER,VA,HOSPITAL,independent,Independent / Unknown
490107,RESTON HOSPITAL CENTER,VA,HOSPITAL,hca,HCA
49010F,RICHMOND VA MEDICAL CENTER,VA,HOSPITAL,va,VA
490110,LEWISGALE HOSPITAL MONTGOMERY,VA,HOSPITAL,hca,HCA
490111,WYTHE COUNTY COMMUNITY HOSPITAL,VA,HOSPITAL,lifepoint_health,Lifepoint Health
490112,CJW MEDICAL CENTER,VA,HOSPITAL,hca,HCA
490113,SENTARA NORTHERN VIRGINIA MEDICAL CENTER,VA,HOSPITAL,sentara_healthcare,Sentara Healthcare
490114,LONESOME PINE HOSPITAL,VA,HOSPITAL,ballad_health,Ballad Health
490115,TWIN COUNTY REGIONAL HOSPITAL,VA,HOSPITAL,lifepoint_health,Lifepoint Health
490116,LEWISGALE HOSPITAL PULASKI,VA,HOSPITAL,hca,HCA
490117,CARILION TAZEWELL COMMUNITY HOSPITAL,VA,HOSPITAL,carilion_clinic,Carilion Clinic
490118,HENRICO DOCTORS' HOSPITAL,VA,HOSPITAL,hca,HCA
490119,SENTARA PRINCESS ANNE HOSPITAL,VA,HOSPITAL,sentara_healthcare,Sentara Healthcare
49011F,SALEM VA MEDICAL CENTER,VA,HOSPITAL,va,VA
490120,CHESAPEAKE GENERAL HOSPITAL,VA,HOSPITAL,chesapeake_regional_healthcare,Chesapeake Regional Healthcare
490122,INOVA MOUNT VERNON HOSPITAL,VA,HOSPITAL,inova_health_system,Inova Health System
490126,LEWISGALE HOSPITAL ALLEGHANY,VA,HOSPITAL,hca,HCA
490127,BUCHANAN GENERAL HOSPITAL,VA,HOSPITAL,independent,Independent / Unknown
490130,RIVERSIDE WALTER REED HOSPITAL,VA,HOSPITAL,riverside_health_system,Riverside Health System
490136,BON SECOURS ST FRANCIS MEDICAL CENTER,VA,HOSPITAL,bon_secours_mercy_health,Bon Secours Mercy Health
490140,"STAFFORD HOSPITAL, LLC",VA,HOSPITAL,mary_washington_healthcare,Mary Washington Healthcare
490141,SPOTSYLVANIA REGIONAL MEDICAL CENTER,VA,HOSPITAL,hca,HCA
490143,RIVERSIDE DOCTORS' HOSPITAL OF WILLIAMSBURG,VA,HOSPITAL,riverside_health_system,Riverside Health System
490144,UVA HEALTH HAYMARKET MEDICAL CENTER,VA,HOSPITAL,university_of_virginia_health_system,University of Virginia Health System
490145,STONESPRINGS HOSPITAL CENTER,VA,HOSPITAL,hca,HCA
490148,BON SECOURS HARBOUR VIEW MEDICAL CENTER,VA,HOSPITAL,bon_secours_mercy_health,Bon Secours Mercy Health
491300,BATH COMMUNITY HOSPITAL,VA,HOSPITAL,independent,Independent / Unknown
491302,CARILION GILES COMMUNITY HOSPITAL,VA,HOSPITAL,carilion_clinic,Carilion Clinic
491303,DICKENSON COMMUNITY HOSPITAL,VA,HOSPITAL,ballad_health,Ballad Health
491304,CARILION STONEWALL JACKSON HOSPITAL,VA,HOSPITAL,carilion_clinic,Carilion Clinic
491305,SHENANDOAH MEMORIAL HOSPITAL,VA,HOSPITAL,valley_health,Valley Health
491307,"PAGE MEMORIAL HOSPITAL, INC",VA,HOSPITAL,valley_health,Valley Health
491308,RAPPAHANNOCK GENERAL HOSPITAL,VA,HOSPITAL,bon_secours_mercy_health,Bon Secours Mercy Health
491309,LEE COUNTY COMMUNITY HOSPITAL,VA,HOSPITAL,ballad_health,Ballad Health
493300,CUMBERLAND HOSPITAL LLC,VA,HOSPITAL,independent,Independent / Unknown
493301,CHILDRENS HOSPITAL OF THE KINGS DAUGHTERS INC,VA,HOSPITAL,independent,Independent / Unknown
494010,NORTHERN VIRGINIA MENTAL HEALTH INSTI,VA,HOSPITAL,independent,Independent / Unknown
494017,SOUTHERN VIRGINIA MENTAL HEALTH INSTITUTE,VA,HOSPITAL,independent,Independent / Unknown
494021,WESTERN STATE HOSPITAL,VA,HOSPITAL,independent,Independent / Unknown
494022,POPLAR SPRINGS HOSPITAL,VA,HOSPITAL,independent,Independent / Unknown
494023,DOMINION HOSPITAL,VA,HOSPITAL,independent,Independent / Unknown
494025,VIRGINIA BEACH PSYCHIATRIC CENTER,VA,HOSPITAL,independent,Independent / Unknown
494029,SOUTHWESTERN VIRGINIA MENTAL HEALTH INSTITUTE,VA,HOSPITAL,independent,Independent / Unknown
494032,THE PAVILION AT WILLIAMSBURG PLACE,VA,HOSPITAL,independent,Independent / Unknown
494033,CATAWBA HOSPITAL,VA,HOSPITAL,independent,Independent / Unknown
500002,PROVIDENCE ST MARY MEDICAL CENTER,WA,HOSPITAL,providence,Providence
500003,SKAGIT VALLEY HOSPITAL,WA,HOSPITAL,skagit_regional_health,Skagit Regional Health
500005,VIRGINIA MASON MEDICAL CENTER,WA,HOSPITAL,commonspirit,CommonSpirit Health
500007,ISLAND HOSPITAL,WA,HOSPITAL,island_hospital,Island Hospital
500008,UNIVERSITY OF WASHINGTON MEDICAL CTR,WA,HOSPITAL,uw_medicine,UW Medicine
500011,HIGHLINE MEDICAL CENTER,WA,HOSPITAL,commonspirit,CommonSpirit Health
500014,PROVIDENCE REGIONAL MEDICAL CENTER EVERETT,WA,HOSPITAL,providence,Providence
500015,MULTICARE AUBURN MEDICAL CENTER,WA,HOSPITAL,multicare_health_system,Multicare Health System
500016,CONFLUENCE HEALTH HOSPITAL,WA,HOSPITAL,confluence_health,Confluence Health
500019,PROVIDENCE CENTRALIA HOSPITAL,WA,HOSPITAL,providence,Providence
500021,ST CLARE HOSPITAL,WA,HOSPITAL,commonspirit,CommonSpirit Health
500024,PROVIDENCE ST PETER HOSPITAL,WA,HOSPITAL,providence,Providence
500025,SWEDISH MEDICAL CENTER / CHERRY HILL,WA,HOSPITAL,providence,Providence
500026,SWEDISH EDMONDS HOSPITAL,WA,HOSPITAL,providence,Providence
500027,SWEDISH MEDICAL CENTER,WA,HOSPITAL,providence,Providence
500030,ST JOSEPH HOSPITAL,WA,HOSPITAL,peacehealth,Peacehealth
500031,GRAYS HARBOR COMMUNITY HOSPITAL,WA,HOSPITAL,independent,Independent / Unknown
500033,SAMARITAN HOSPITAL,WA,HOSPITAL,samaritan_healthcare,Samaritan Healthcare
500036,YAKIMA VALLEY MEMORIAL,WA,HOSPITAL,multicare_health_system,Multicare Health System
500037,ASTRIA TOPPENISH HOSPITAL,WA,HOSPITAL,astria_health_system,Astria Health System
500039,HARRISON MEDICAL CENTER,WA,HOSPITAL,commonspirit,CommonSpirit Health
500041,PEACEHEALTH ST JOHN MEDICAL CENTER,WA,HOSPITAL,peacehealth,Peacehealth
500044,DEACONESS MEDICAL CENTER,WA,HOSPITAL,multicare_health_system,Multicare Health System
500050,PEACEHEALTH SOUTHWEST MEDICAL CENTER,WA,HOSPITAL,peacehealth,Peacehealth
500051,OVERLAKE HOSPITAL MEDICAL CENTER,WA,HOSPITAL,overlake_medical_center_and_clinics,Overlake Medical Center and Clinics
500052,KAISER PERMANENTE CENTRAL HOSPITAL,WA,HOSPITAL,kaiser_permanente,Kaiser Permanente
500053,TRIOS HEALTH,WA,HOSPITAL,lifepoint_health,Lifepoint Health
500054,PROV SACRED HRT MED CTR & CHILDS HOSP.,WA,HOSPITAL,providence,Providence
500058,KADLEC REGIONAL MEDICAL CENTER,WA,HOSPITAL,providence,Providence
50005F,MADIGAN AMC (FT LEWIS),WA,HOSPITAL,independent,Independent / Unknown
500060,CASCADE VALLEY HOSPITAL,WA,HOSPITAL,skagit_regional_health,Skagit Regional Health
500064,HARBORVIEW MEDICAL CENTER,WA,HOSPITAL,uw_medicine,UW Medicine
500072,OLYMPIC MEDICAL CENTER,WA,HOSPITAL,olympic_medical_center,Olympic Medical Center
500077,PROVIDENCE HOLY FAMILY HOSPITAL,WA,HOSPITAL,providence,Providence
500079,MULTICARE GOOD SAMARITAN HOSPITAL,WA,HOSPITAL,multicare_health_system,Multicare Health System
500084,EVERGREENHEALTH MONROE,WA,HOSPITAL,evergreenhealth,EvergreenHealth
500088,VALLEY MEDICAL CENTER,WA,HOSPITAL,uw_medicine,UW Medicine
500108,ST JOSEPH MEDICAL CENTER,WA,HOSPITAL,commonspirit,CommonSpirit Health
500119,MULTICARE VALLEY HOSPITAL,WA,HOSPITAL,multicare_health_system,Multicare Health System
50011F,SPOKANE VA MEDICAL CENTER,WA,HOSPITAL,va,VA
500124,EVERGREENHEALTH MEDICAL CENTER,WA,HOSPITAL,evergreenhealth,EvergreenHealth
500129,TACOMA GENERAL ALLENMORE HOSPITAL,WA,HOSPITAL,multicare_health_system,Multicare Health System
500139,CAPITAL MEDICAL CENTER,WA,HOSPITAL,multicare_health_system,Multicare Health System
500141,ST FRANCIS COMMUNITY HOSPITAL,WA,HOSPITAL,commonspirit,CommonSpirit Health
500150,LEGACY SALMON CREEK MEDICAL CENTER,WA,HOSPITAL,legacy_health,Legacy Health
500151,ST ANTHONY HOSPITAL,WA,HOSPITAL,commonspirit,CommonSpirit Health
500152,SWEDISH ISSAQUAH,WA,HOSPITAL,providence,Providence
500154,MULTICARE COVINGTON MEDICAL CENTER,WA,HOSPITAL,multicare_health_system,Multicare Health System
50030F,SEATTLE VA MEDICAL CENTER (VA PUGET SOUND HEALTHCARE SYSTEM),WA,HOSPITAL,va,VA
501301,GARFIELD COUNTY PUBLIC HOSPITAL DISTRICT #1,WA,HOSPITAL,independent,Independent / Unknown
501302,DAYTON GENERAL HOSPITAL,WA,HOSPITAL,independent,Independent / Unknown
501303,WILLAPA HARBOR HOSPITAL,WA,HOSPITAL,independent,Independent / Unknown
501304,SUMMIT PACIFIC MEDICAL CENTER,WA,HOSPITAL,independent,Independent / Unknown
501305,LINCOLN HOSPITAL,WA,HOSPITAL,independent,Independent / Unknown
501307,ODESSA MEMORIAL HEALTHCARE CENTER,WA,HOSPITAL,independent,Independent / Unknown
501308,COULEE MEDICAL CENTER,WA,HOSPITAL,independent,Independent / Unknown
501309,PROVIDENCE ST JOSEPH HOSPITAL,WA,HOSPITAL,providence,Providence
501310,NEWPORT COMMUNITY HOSPITAL,WA,HOSPITAL,independent,Independent / Unknown
501311,EAST ADAMS RURAL HOSPITAL,WA,HOSPITAL,independent,Independent / Unknown
501312,PROSSER MEMORIAL HOSPITAL,WA,HOSPITAL,independent,Independent / Unknown
501313,CASCADE MEDICAL CENTER,WA,HOSPITAL,independent,Independent / Unknown
501314,OCEAN BEACH HOSPITAL,WA,HOSPITAL,independent,Independent / Unknown
501315,SKYLINE HOSPITAL,WA,HOSPITAL,independent,Independent / Unknown
501316,KLICKITAT VALLEY HOSPITAL,WA,HOSPITAL,independent,Independent / Unknown
501317,COLUMBIA BASIN HOSPITAL,WA,HOSPITAL,independent,Independent / Unknown
501318,OTHELLO COMMUNITY HOSPITAL,WA,HOSPITAL,independent,Independent / Unknown
501319,ARBOR HEALTH MORTON HOSPITAL,WA,HOSPITAL,independent,Independent / Unknown
501320,QUINCY VALLEY MEDICAL CENTER,WA,HOSPITAL,independent,Independent / Unknown
501321,NORTH VALLEY HOSPITAL,WA,HOSPITAL,independent,Independent / Unknown
501322,FERRY COUNTY MEMORIAL HOSPITAL,WA,HOSPITAL,independent,Independent / Unknown
501323,JEFFERSON HEALTHCARE,WA,HOSPITAL,jefferson_healthcare,Jefferson Healthcare
501324,THREE RIVERS HOSPITAL,WA,HOSPITAL,independent,Independent / Unknown
501325,FORKS COMMUNITY HOSPITAL,WA,HOSPITAL,independent,Independent / Unknown
501326,PROVIDENCE MOUNT CARMEL HOSPITAL,WA,HOSPITAL,providence,Providence
501327,WHITMAN HOSPITAL AND MEDICAL CENTER,WA,HOSPITAL,independent,Independent / Unknown
501328,MID VALLEY HOSPITAL & CLINIC,WA,HOSPITAL,independent,Independent / Unknown
501329,PEACEHEALTH UNITED GENERAL MEDICAL CENTER,WA,HOSPITAL,peacehealth,Peacehealth
501330,ASTRIA SUNNYSIDE HOSPITAL,WA,HOSPITAL,astria_health_system,Astria Health System
501331,PULLMAN REGIONAL HOSPITAL,WA,HOSPITAL,public_hospital_district_1a_of_whitman_county,Public Hospital District 1A of Whitman County
501332,TRI-STATE MEMORIAL HOSPITAL,WA,HOSPITAL,tri_state_memorial_hospital,Tri State Memorial Hospital
501333,KITTITAS VALLEY COMMUNITY HOSPITAL,WA,HOSPITAL,independent,Independent / Unknown
501334,LAKE CHELAN COMMUNITY HOSPITAL,WA,HOSPITAL,independent,Independent / Unknown
501335,ST ELIZABETH HOSPITAL,WA,HOSPITAL,commonspirit,CommonSpirit Health
501336,MASON GENERAL HOSPITAL & FAMILY OF CLINICS,WA,HOSPITAL,independent,Independent / Unknown
501337,LOURDES MEDICAL CENTER,WA,HOSPITAL,lifepoint_health,Lifepoint Health
501338,SNOQUALMIE VALLEY HOSPITAL,WA,HOSPITAL,independent,Independent / Unknown
501339,WHIDBEYHEALTH MEDICAL CENTER,WA,HOSPITAL,independent,Independent / Unknown
501340,PEACEHEALTH PEACE ISLAND MEDICAL CENTER,WA,HOSPITAL,peacehealth,Peacehealth
503300,SEATTLE CHILDREN'S HOSPITAL,WA,HOSPITAL,independent,Independent / Unknown
503301,MARY BRIDGE CHILDREN'S HOSPITAL,WA,HOSPITAL,independent,Independent / Unknown
503302,SHRINERS HOSPITAL FOR CHILDREN,WA,HOSPITAL,independent,Independent / Unknown
504002,BHC FAIRFAX HOSPITAL,WA,HOSPITAL,independent,Independent / Unknown
504004,EASTERN STATE HOSPITAL,WA,HOSPITAL,independent,Independent / Unknown
504008,LOURDES COUNSELING CENTER,WA,HOSPITAL,independent,Independent / Unknown
504009,NAVOS - INPATIENT SERVICES,WA,HOSPITAL,independent,Independent / Unknown
504012,SMOKEY POINT BEHAVIORAL HOSPITAL,WA,HOSPITAL,independent,Independent / Unknown
504013,RAINIER SPRINGS,WA,HOSPITAL,independent,Independent / Unknown
504014,INLAND NORTHWEST BEHAVIORAL HEALTH,WA,HOSPITAL,independent,Independent / Unknown
504015,SOUTH SOUND BEHAVIORAL HOSPITAL,WA,HOSPITAL,independent,Independent / Unknown
504016,WELLFOUND BEHAVIORAL HEALTH HOSPITAL,WA,HOSPITAL,independent,Independent / Unknown
510001,"WEST VIRGINIA UNIVERSITY HOSPITALS, INC",WV,HOSPITAL,west_virginia_university_health_system,West Virginia University Health System
510002,"CAMC GREENBRIER VALLEY MEDICAL CENTER, INC",WV,HOSPITAL,camc_health_system,CAMC Health System
510006,"UNITED HOSPITAL CENTER, INC",WV,HOSPITAL,west_virginia_university_health_system,West Virginia University Health System
510007,ST MARYS MEDICAL CENTER,WV,HOSPITAL,cabell_huntington_hospital,Cabell Huntington Hospital
510008,BERKELEY MEDICAL CENTER,WV,HOSPITAL,west_virginia_university_health_system,West Virginia University Health System
510012,RIVERS HEALTH,WV,HOSPITAL,cabell_huntington_hospital,Cabell Huntington Hospital
510013,"REYNOLDS MEMORIAL HOSPITAL, INC",WV,HOSPITAL,west_virginia_university_health_system,West Virginia University Health System
510022,CHARLESTON AREA MEDICAL CENTER,WV,HOSPITAL,camc_health_system,CAMC Health System
510023,"WEIRTON MEDICAL CENTER, INC",WV,HOSPITAL,independent,Independent / Unknown
510024,MON HEALTH MEDICAL CENTER,WV,HOSPITAL,camc_health_system,CAMC Health System
510029,THOMAS MEMORIAL HOSPITAL,WV,HOSPITAL,west_virginia_university_health_system,West Virginia University Health System
51002F,BECKLEY VA MEDICAL CENTER,WV,HOSPITAL,va,VA
510030,DAVIS MEDICAL CENTER,WV,HOSPITAL,davis_health_system,Davis Health System
510038,STONEWALL JACKSON MEMORIAL HOSPITAL,WV,HOSPITAL,camc_health_system,CAMC Health System
51003F,CLARKSBURG VA MEDICAL CENTER,WV,HOSPITAL,va,VA
510046,PRINCETON COMMUNITY HOSPITAL ASSN INC,WV,HOSPITAL,west_virginia_university_health_system,West Virginia University Health System
510048,LOGAN REGIONAL MEDICAL CENTER,WV,HOSPITAL,scionhealth,ScionHealth
51004F,HUNTINGTON VA MEDICAL CENTER,WV,HOSPITAL,va,VA
510050,"WHEELING HOSPITAL, INC",WV,HOSPITAL,west_virginia_university_health_system,West Virginia University Health System
510055,"CABELL HUNTINGTON HOSPITAL, INC",WV,HOSPITAL,cabell_huntington_hospital,Cabell Huntington Hospital
510058,CAMDEN CLARK MEDICAL CENTER,WV,HOSPITAL,west_virginia_university_health_system,West Virginia University Health System
51005F,MARTINSBURG VA MEDICAL CENTER,WV,HOSPITAL,va,VA
510062,BECKLEY ARH HOSPITAL,WV,HOSPITAL,appalachian_regional_healthcare,Appalachian Regional Healthcare
510070,RALEIGH GENERAL HOSPITAL,WV,HOSPITAL,lifepoint_health,Lifepoint Health
510072,WETZEL COUNTY HOSPITAL,WV,HOSPITAL,west_virginia_university_health_system,West Virginia University Health System
510086,WELCH COMMUNITY HOSPITAL,WV,HOSPITAL,independent,Independent / Unknown
510091,CAMC CHARLESTON SURGICAL HOSPITAL,WV,HOSPITAL,independent,Independent / Unknown
510093,MON HEALTH MARION,WV,HOSPITAL,independent,Independent / Unknown
510094,WILLIAMSON MEMORIAL INC,WV,HOSPITAL,independent,Independent / Unknown
511300,VANDALIA HEALTH BROADDUS HOSPITAL,WV,HOSPITAL,davis_health_system,Davis Health System
511301,WEBSTER MEMORIAL HOSPITAL,WV,HOSPITAL,davis_health_system,Davis Health System
511303,MINNIE HAMILTON HEALTH SYSTEM,WV,HOSPITAL,independent,Independent / Unknown
511304,SISTERSVILLE GENERAL HOSPITAL,WV,HOSPITAL,memorial_health_system_oh,Memorial Health System OH
511306,ROANE GENERAL HOSPITAL,WV,HOSPITAL,independent,Independent / Unknown
511307,"GRAFTON CITY HOSPITAL, INC",WV,HOSPITAL,camc_health_system,CAMC Health System
511308,"BRAXTON COUNTY MEMORIAL HOSPITAL, INC",WV,HOSPITAL,west_virginia_university_health_system,West Virginia University Health System
511309,VALLEY HEALTH WAR MEMORIAL HOSPITAL,WV,HOSPITAL,valley_health,Valley Health
511310,SUMMERS COUNTY ARH HOSPITAL,WV,HOSPITAL,appalachian_regional_healthcare,Appalachian Regional Healthcare
511311,HAMPSHIRE MEMORIAL HOSPITAL,WV,HOSPITAL,valley_health,Valley Health
511312,PRESTON MEMORIAL HOSPITAL,WV,HOSPITAL,camc_health_system,CAMC Health System
511313,BOONE MEMORIAL HOSPITAL,WV,HOSPITAL,independent,Independent / Unknown
511314,POCAHONTAS MEMORIAL HOSPITAL,WV,HOSPITAL,independent,Independent / Unknown
511315,POTOMAC VALLEY HOSPITAL,WV,HOSPITAL,west_virginia_university_health_system,West Virginia University Health System
511316,GRANT MEMORIAL HOSPITAL,WV,HOSPITAL,west_virginia_university_health_system,West Virginia University Health System
511317,"CAMC PLATEAU MEDICAL CENTER, INC",WV,HOSPITAL,camc_health_system,CAMC Health System
511318,MONTGOMERY GENERAL HOSPITAL,WV,HOSPITAL,independent,Independent / Unknown
511319,JEFFERSON MEDICAL CENTER,WV,HOSPITAL,west_virginia_university_health_system,West Virginia University Health System
511320,JACKSON GENERAL HOSPITAL,WV,HOSPITAL,west_virginia_university_health_system,West Virginia University Health System
511321,"ST JOSEPH'S HOSPITAL OF BUCKHANNON, INC",WV,HOSPITAL,west_virginia_university_health_system,West Virginia University Health System
511322,SUMMERSVILLE REGIONAL MEDICAL CENTER,WV,HOSPITAL,west_virginia_university_health_system,West Virginia University Health System
514001,HIGHLAND HOSPITAL,WV,HOSPITAL,independent,Independent / Unknown
514008,RIVER PARK HOSPITAL,WV,HOSPITAL,independent,Independent / Unknown
514009,MILDRED MITCHELL-BATEMAN HOSPITAL,WV,HOSPITAL,independent,Independent / Unknown
514011,"HIGHLAND-CLARKSBURG HOSPITAL, INC",WV,HOSPITAL,independent,Independent / Unknown
514012,"WILLIAM R SHARPE, JR HOSPITAL",WV,HOSPITAL,independent,Independent / Unknown
520002,"ASPIRUS STEVENS POINT HOSPITAL & CLINICS, INC.",WI,HOSPITAL,aspirus,Aspirus
520004,MAYO CLINIC HEALTH SYSTEM-FRANCISCAN MEDICAL CENTER INC,WI,HOSPITAL,mayo_clinic,Mayo Clinic
520008,WAUKESHA MEMORIAL HOSPITAL,WI,HOSPITAL,prohealth_care,Prohealth Care
520009,ASCENSION NE WISCONSIN - ST ELIZABETH CAMPUS,WI,HOSPITAL,ascension,Ascension
520011,MARSHFIELD MEDICAL CENTER - RICE LAKE,WI,HOSPITAL,marshfield_clinic_health_system,Marshfield Clinic Health System
520019,ASPIRUS RHINELANDER HOSPITAL,WI,HOSPITAL,aspirus,Aspirus
520021,FROEDTERT SOUTH INC.,WI,HOSPITAL,independent,Independent / Unknown
520028,THE MONROE CLINIC,WI,HOSPITAL,ssm_health,SSM Health
52002F,TOMAH VA MEDICAL CENTER,WI,HOSPITAL,va,VA
520030,ASPIRUS WAUSAU HOSPITAL,WI,HOSPITAL,aspirus,Aspirus
520033,ASPIRUS RIVERVIEW HOSPITAL & CLINICS INC,WI,HOSPITAL,aspirus,Aspirus
520034,AURORA MEDICAL CTR MANITOWOC COUNTY,WI,HOSPITAL,advocate_health,Advocate Health
520035,AURORA MEDICAL CENTER SHEBOYGAN COUNTY,WI,HOSPITAL,advocate_health,Advocate Health
520037,MARSHFIELD MEDICAL CENTER,WI,HOSPITAL,marshfield_clinic_health_system,Marshfield Clinic Health System
520038,AURORA MEDICAL CTR WASHINGTON COUNTY,WI,HOSPITAL,advocate_health,Advocate Health
52003F,MILWAUKEE VA MEDICAL CENTER,WI,HOSPITAL,va,VA
520041,ASPIRUS DIVINE SAVIOR HOSPITAL,WI,HOSPITAL,aspirus,Aspirus
520044,ST NICHOLAS HOSPITAL,WI,HOSPITAL,hospital_sisters_health_system,Hospital Sisters Health System
520045,THEDACARE REGIONAL MED CTR - NEENAH,WI,HOSPITAL,thedacare,ThedaCare
520049,BELLIN MEMORIAL HOSPITAL,WI,HOSPITAL,bellin_health_systems,Bellin Health Systems
52004F,MADISON VA MEDICAL CENTER,WI,HOSPITAL,va,VA
520051,ASCENSION COLUMBIA ST MARYS HOSPITAL MILWAUKEE,WI,HOSPITAL,ascension,Ascension
520057,SSM HEALTH ST CLARE HOSPITAL - BARABOO,WI,HOSPITAL,ssm_health,SSM Health
520059,AURORA MEMORIAL HOSPITAL BURLINGTON,WI,HOSPITAL,advocate_health,Advocate Health
520062,OCONOMOWOC MEMORIAL HOSPITAL,WI,HOSPITAL,prohealth_care,Prohealth Care
520063,ST JOSEPHS COMMUNITY HOSPITAL WEST BEND,WI,HOSPITAL,froedtert_and_the_medical_college_of_wisconsin,Froedtert and the Medical College of Wisconsin
520066,MERCY HEALTH SYSTEM CORP,WI,HOSPITAL,mercyhealth,Mercyhealth
520070,MAYO CLINIC HEALTH SYSTEM EAU CLAIRE HOSPITAL,WI,HOSPITAL,mayo_clinic,Mayo Clinic
520071,FORT MEMORIAL HOSPITAL,WI,HOSPITAL,independent,Independent / Unknown
520075,ST VINCENT HOSPITAL,WI,HOSPITAL,hospital_sisters_health_system,Hospital Sisters Health System
520076,MARSHFIELD MEDICAL CENTER - BEAVER DAM (MMC-BD),WI,HOSPITAL,marshfield_clinic_health_system,Marshfield Clinic Health System
520078,ASCENSION ST FRANCIS HOSPITAL,WI,HOSPITAL,ascension,Ascension
520083,SSM HEALTH ST MARY'S HOSPITAL - MADISON,WI,HOSPITAL,ssm_health,SSM Health
520087,GUNDERSEN LUTHERAN MEDICAL CENTER,WI,HOSPITAL,gundersen_health_system,Gundersen Health System
520088,SSM HEALTH ST AGNES HOSPITAL-FOND DU LAC,WI,HOSPITAL,ssm_health,SSM Health
520089,UNITYPOINT HEALTH - MERITER,WI,HOSPITAL,unitypoint_health,UnityPoint Health
520091,HOWARD YOUNG MEDICAL CENTER,WI,HOSPITAL,aspirus,Aspirus
520095,SAUK PRAIRIE HOSPITAL,WI,HOSPITAL,independent,Independent / Unknown
520096,ASCENSION ALL SAINTS HOSPITAL,WI,HOSPITAL,ascension,Ascension
520097,ST MARYS HOSPITAL MEDICAL CTR,WI,HOSPITAL,hospital_sisters_health_system,Hospital Sisters Health System
520098,UNIVERSITY OF WI  HOSPITALS & CLINICS AUTHORITY,WI,HOSPITAL,uw_health,UW Health
520100,BELOIT HEALTH SYSTEM,WI,HOSPITAL,beloit_health_system,Beloit Health System
520102,AURORA LAKELAND MEDICAL CENTER,WI,HOSPITAL,advocate_health,Advocate Health
520103,COMMUNITY MEMORIAL HOSPITAL,WI,HOSPITAL,froedtert_and_the_medical_college_of_wisconsin,Froedtert and the Medical College of Wisconsin
520107,HOLY FAMILY MEMORIAL,WI,HOSPITAL,froedtert_and_the_medical_college_of_wisconsin,Froedtert and the Medical College of Wisconsin
520109,MILE BLUFF MEDICAL CENTER,WI,HOSPITAL,independent,Independent / Unknown
520113,AURORA MEDICAL CENTER BAY AREA,WI,HOSPITAL,advocate_health,Advocate Health
520116,WATERTOWN MEMORIAL HOSPITAL,WI,HOSPITAL,scionhealth,ScionHealth
520136,ASCENSION SE WISCONSIN HOSPITAL,WI,HOSPITAL,ascension,Ascension
520138,AURORA ST LUKES MEDICAL CENTER,WI,HOSPITAL,advocate_health,Advocate Health
520139,WEST ALLIS MEMORIAL HOSPITAL,WI,HOSPITAL,advocate_health,Advocate Health
520160,THEDACARE REGIONAL MEDICAL CENTER - APPLETON INC,WI,HOSPITAL,thedacare,ThedaCare
520177,FROEDTERT MEMORIAL LUTHERAN HOSPITAL,WI,HOSPITAL,froedtert_and_the_medical_college_of_wisconsin,Froedtert and the Medical College of Wisconsin
520189,AURORA MEDICAL CENTER KENOSHA,WI,HOSPITAL,advocate_health,Advocate Health
520193,AURORA BAYCARE MEDICAL CTR,WI,HOSPITAL,advocate_health,Advocate Health
520194,ORTHOPAEDIC HOSPITAL OF WISCONSIN,WI,HOSPITAL,ascension,Ascension
520196,OAKLEAF SURGICAL HOSPITAL,WI,HOSPITAL,independent,Independent / Unknown
520198,AURORA MEDICAL CTR OSHKOSH,WI,HOSPITAL,advocate_health,Advocate Health
520202,MARSHFIELD MEDICAL CENTER - WESTON,WI,HOSPITAL,marshfield_clinic_health_system,Marshfield Clinic Health System
520205,MIDWEST ORTHOPEDIC SPECIALTY HOSPITAL,WI,HOSPITAL,ascension,Ascension
520206,AURORA MEDICAL CENTER - SUMMIT,WI,HOSPITAL,advocate_health,Advocate Health
520207,AURORA MEDICAL CENTER,WI,HOSPITAL,advocate_health,Advocate Health
520208,SSM HEALTH ST MARY'S HOSPITAL - JANESVILLE,WI,HOSPITAL,ssm_health,SSM Health
520210,MARSHFIELD MEDICAL CENTER - EAU CLAIRE,WI,HOSPITAL,marshfield_clinic_health_system,Marshfield Clinic Health System
520212,MARSHFIELD MEDICAL CENTER - MINOCQUA,WI,HOSPITAL,marshfield_clinic_health_system,Marshfield Clinic Health System
520213,FROEDTERT COMMUNITY HOSPITAL,WI,HOSPITAL,froedtert_and_the_medical_college_of_wisconsin,Froedtert and the Medical College of Wisconsin
520214,ASCENSION WISCONSIN HOSP MENOMONEE FALLS CAMPUS,WI,HOSPITAL,ascension,Ascension
520215,MARSHFIELD MEDICAL CENTER - RIVER REGION,WI,HOSPITAL,marshfield_clinic_health_system,Marshfield Clinic Health System
521300,ASPIRUS EAGLE RIVER HOSPITAL,WI,HOSPITAL,aspirus,Aspirus
521302,MAYO CLINIC HEALTH SYSTEM OAKRIDGE,WI,HOSPITAL,mayo_clinic,Mayo Clinic
521303,THEDACARE MEDICAL CENTER - WILD ROSE,WI,HOSPITAL,thedacare,ThedaCare
521304,GUNDERSEN ST JOSEPHS HOSPITAL AND CLINICS,WI,HOSPITAL,gundersen_health_system,Gundersen Health System
521305,MAYO CLINIC HLTH SYSTM FRANCISCAN HLTHCARE SPARTA,WI,HOSPITAL,mayo_clinic,Mayo Clinic
521307,CHIPPEWA VALLEY HOSPITAL,WI,HOSPITAL,adventhealth,AdventHealth
521308,AMERY HOSPITAL & CLINIC,WI,HOSPITAL,healthpartners,HealthPartners
521309,GUNDERSEN MOUNDVIEW HOSPITAL AND CLINICS,WI,HOSPITAL,gundersen_health_system,Gundersen Health System
521310,HSHS ST CLARE MEMORIAL HOSPITAL,WI,HOSPITAL,hospital_sisters_health_system,Hospital Sisters Health System
521311,ASPIRUS STANLEY HOSPITAL,WI,HOSPITAL,aspirus,Aspirus
521312,MEMORIAL HOSPITAL OF LAFAYETTE COUNTY,WI,HOSPITAL,independent,Independent / Unknown
521313,ASPIRUS TOMAHAWK HOSPITAL,WI,HOSPITAL,aspirus,Aspirus
521314,MAYO CLINIC HEALTH SYSTEM CHIPPEWA VALLEY,WI,HOSPITAL,mayo_clinic,Mayo Clinic
521315,MAYO CLINIC HEALTH SYSTEM-NORTHLAND,WI,HOSPITAL,mayo_clinic,Mayo Clinic
521316,GUNDERSEN TRI-COUNTY HOSPITAL & CLINICS,WI,HOSPITAL,gundersen_health_system,Gundersen Health System
521317,ASCENSION CALUMET HOSPITAL,WI,HOSPITAL,ascension,Ascension
521318,LADD MEMORIAL HOSPITAL,WI,HOSPITAL,independent,Independent / Unknown
521319,EDGERTON HOSPITAL AND HEALTH SERVICES,WI,HOSPITAL,ssm_health,SSM Health
521320,TOMAH MEMORIAL HOSPITAL,WI,HOSPITAL,independent,Independent / Unknown
521321,RIPON MEDICAL CENTER,WI,HOSPITAL,ssm_health,SSM Health
521322,GRANT REGIONAL HEALTH CENTER,WI,HOSPITAL,independent,Independent / Unknown
521323,MARSHFIELD MEDICAL CENTER - NEILLSVILLE,WI,HOSPITAL,marshfield_clinic_health_system,Marshfield Clinic Health System
521324,"ASPIRUS MEDFORD HOSPITAL & CLINICS, INC",WI,HOSPITAL,aspirus,Aspirus
521325,FLAMBEAU HOSPITAL,WI,HOSPITAL,marshfield_clinic_health_system,Marshfield Clinic Health System
521326,THEDACARE MEDICAL CENTER - NEW LONDON,WI,HOSPITAL,thedacare,ThedaCare
521327,WAUPUN MEMORIAL HOSPITAL,WI,HOSPITAL,ssm_health,SSM Health
521328,MARSHFIELD MEDICAL CENTER - LADYSMITH,WI,HOSPITAL,marshfield_clinic_health_system,Marshfield Clinic Health System
521329,ST MARYS HOSPITAL SUPERIOR,WI,HOSPITAL,essentia_health,Essentia Health
521330,CROSSING RIVERS HEALTH MEDICAL CENTER,WI,HOSPITAL,independent,Independent / Unknown
521331,BURNETT MEDICAL CENTER,WI,HOSPITAL,independent,Independent / Unknown
521332,SPOONER HEALTH SYSTEM,WI,HOSPITAL,independent,Independent / Unknown
521333,BLACK RIVER MEMORIAL HOSPITAL,WI,HOSPITAL,independent,Independent / Unknown
521334,THEDACARE MEDICAL CENTER-WAUPACA,WI,HOSPITAL,thedacare,ThedaCare
521335,HUDSON HOSPITAL,WI,HOSPITAL,healthpartners,HealthPartners
521336,TAMARACK HEALTH HAYWARD MEDICAL CENTER,WI,HOSPITAL,independent,Independent / Unknown
521337,ST CROIX REGIONAL MEDICAL CENTER,WI,HOSPITAL,fairview_health_services,Fairview Health Services
521338,COLUMBUS COMMUNITY HOSPITAL,WI,HOSPITAL,ssm_health,SSM Health
521339,ASPIRUS MERRILL HOSPITAL,WI,HOSPITAL,aspirus,Aspirus
521340,MAYO CLINIC HEALTH SYSTEM-RED CEDAR INC,WI,HOSPITAL,mayo_clinic,Mayo Clinic
521341,RICHLAND HOSPITAL,WI,HOSPITAL,independent,Independent / Unknown
521342,INDIANHEAD MEDICAL CTR,WI,HOSPITAL,independent,Independent / Unknown
521343,STOUGHTON HOSPITAL,WI,HOSPITAL,ssm_health,SSM Health
521344,GUNDERSEN BOSCOBEL AREA HOSPITAL AND CLINICS,WI,HOSPITAL,gundersen_health_system,Gundersen Health System
521345,WESTFIELDS HOSPITAL AND CLINIC,WI,HOSPITAL,healthpartners,HealthPartners
521346,THEDACARE MEDICAL CENTER - SHAWANO,WI,HOSPITAL,thedacare,ThedaCare
521347,WESTERN WISCONSIN HEALTH,WI,HOSPITAL,western_wisconsin_health,Western Wisconsin Health
521348,VERNON MEMORIAL HOSPITAL,WI,HOSPITAL,independent,Independent / Unknown
521349,RIVER FALLS AREA HOSPITAL,WI,HOSPITAL,allina_health,Allina Health
521350,LANGLADE HOSPITAL,WI,HOSPITAL,aspirus,Aspirus
521351,REEDSBURG AREA MEDICAL CENTER,WI,HOSPITAL,independent,Independent / Unknown
521352,UPLAND HILLS HEALTH,WI,HOSPITAL,ssm_health,SSM Health
521353,CUMBERLAND MEMORIAL HOSPITAL,WI,HOSPITAL,independent,Independent / Unknown
521354,SOUTHWEST HEALTH CENTER,WI,HOSPITAL,independent,Independent / Unknown
521355,THEDACARE MEDICAL CENTER - BERLIN INC,WI,HOSPITAL,thedacare,ThedaCare
521356,BELLIN HEALTH OCONTO HOSPITAL,WI,HOSPITAL,bellin_health_systems,Bellin Health Systems
521357,MERCY WALWORTH HOSPITAL & MEDICAL CENTER,WI,HOSPITAL,mercyhealth,Mercyhealth
521358,DOOR COUNTY MEDICAL CENTER,WI,HOSPITAL,hospital_sisters_health_system,Hospital Sisters Health System
521359,TAMARACK HEALTH ASHLAND MEDICAL CENTER,WI,HOSPITAL,independent,Independent / Unknown
523300,CHILDRENS HOSPITAL OF WISCONSIN,WI,HOSPITAL,independent,Independent / Unknown
523302,CHILDRENS HOSPITAL OF WISCONSIN FOX VALLEY,WI,HOSPITAL,independent,Independent / Unknown
524000,AURORA PSYCHIATRIC HOSPITAL,WI,HOSPITAL,independent,Independent / Unknown
524002,WINNEBAGO MENTAL HEALTH INSTITUTE,WI,HOSPITAL,independent,Independent / Unknown
524008,MENDOTA MENTAL HEALTH INSTITUTE,WI,HOSPITAL,independent,Independent / Unknown
524014,BROWN COUNTY COMMUNITY TREATMENT CTR,WI,HOSPITAL,independent,Independent / Unknown
524017,NORTH CENTRAL HEALTH CARE,WI,HOSPITAL,independent,Independent / Unknown
524018,ROGERS MEMORIAL HOSPITAL,WI,HOSPITAL,independent,Independent / Unknown
524019,NORWOOD HEALTH CENTER,WI,HOSPITAL,independent,Independent / Unknown
524025,FOND DU LAC COUNTY ACUTE PSYCH UNIT,WI,HOSPITAL,independent,Independent / Unknown
524026,WAUKESHA COUNTY MENTAL HEALTH CTR,WI,HOSPITAL,independent,Independent / Unknown
524041,"SBH GREEN BAY, LLC D/B/A WILLOW CREEK BEHAVIORAL HEALTH",WI,HOSPITAL,independent,Independent / Unknown
524042,MIRAMONT BEHAVIORAL HEALTH,WI,HOSPITAL,independent,Independent / Unknown
524043,GRANITE HILLS HOSPITAL,WI,HOSPITAL,independent,Independent / Unknown
524044,"MENTAL HEALTH EMERGENCY CENTER, INC",WI,HOSPITAL,independent,Independent / Unknown
530002,CAMPBELL COUNTY HEALTH,WY,HOSPITAL,campbell_county_health,Campbell County Health
530006,SHERIDAN MEMORIAL HOSPITAL,WY,HOSPITAL,independent,Independent / Unknown
530008,SAGEWEST HEALTH CARE,WY,HOSPITAL,scionhealth,ScionHealth
530012,BANNER WYOMING MEDICAL CENTER,WY,HOSPITAL,banner_health,Banner Health
530014,CHEYENNE REGIONAL MEDICAL CENTER,WY,HOSPITAL,cheyenne_regional_medical_center,Cheyenne Regional Medical Center
530015,ST JOHNS MEDICAL CENTER,WY,HOSPITAL,saint_johns_health,Saint Johns Health
530025,IVINSON MEMORIAL HOSPITAL,WY,HOSPITAL,university_of_colorado_health,University of Colorado Health
530034,SUMMIT MEDICAL CENTER,WY,HOSPITAL,independent,Independent / Unknown
53004F,CHEYENNE VA MEDICAL CENTER,WY,HOSPITAL,va,VA
53005F,SHERIDAN VA MEDICAL CENTER,WY,HOSPITAL,va,VA
531301,SOUTH BIG HORN COUNTY HOSPITAL,WY,HOSPITAL,independent,Independent / Unknown
531302,MEMORIAL HOSPITAL OF CONVERSE COUNTY,WY,HOSPITAL,independent,Independent / Unknown
531303,WESTON COUNTY HEALTH SERVICES,WY,HOSPITAL,monument_health,Monument Health
531304,HOT SPRINGS COUNTY MEMORIAL HOSPITAL,WY,HOSPITAL,independent,Independent / Unknown
531305,PLATTE COUNTY HOSPITAL,WY,HOSPITAL,banner_health,Banner Health
531306,WASHAKIE MEDICAL CENTER,WY,HOSPITAL,banner_health,Banner Health
531307,COMMUNITY HOSPITAL,WY,HOSPITAL,banner_health,Banner Health
531308,JOHNSON COUNTY HEALTHCARE CENTER,WY,HOSPITAL,independent,Independent / Unknown
531309,NORTH BIG HORN HOSPITAL DISTRICT,WY,HOSPITAL,billings_clinic,Billings Clinic
531310,POWELL VALLEY HOSPITAL,WY,HOSPITAL,billings_clinic,Billings Clinic
531311,CROOK COUNTY HOSPITAL,WY,HOSPITAL,independent,Independent / Unknown
531312,CODY REGIONAL HEALTH,WY,HOSPITAL,independent,Independent / Unknown
531313,STAR VALLEY MEDICAL CENTER,WY,HOSPITAL,independent,Independent / Unknown
531314,NIOBRARA COUNTY HOSPITAL DISTRICT,WY,HOSPITAL,independent,Independent / Unknown
531315,SOUTH LINCOLN MEDICAL CENTER - CAH,WY,HOSPITAL,independent,Independent / Unknown
531316,MEMORIAL HOSPITAL OF CARBON COUNTY,WY,HOSPITAL,independent,Independent / Unknown
531317,NORTH PLATTE VALLEY MEDICAL CENTER,WY,HOSPITAL,independent,Independent / Unknown
531318,MEMORIAL HOSPITAL SWEETWATER COUNTY,WY,HOSPITAL,independent,Independent / Unknown
531319,EVANSTON REGIONAL HOSPITAL,WY,HOSPITAL,independent,Independent / Unknown
534004,WYOMING BEHAVIORAL INSTITUTE,WY,HOSPITAL,independent,Independent / Unknown
640001,LBJ TROPICAL MEDICAL CENTER,AS,HOSPITAL,independent,Independent / Unknown
650001,GUAM MEMORIAL  HOSPITAL AUTHORITY,GU,HOSPITAL,independent,Independent / Unknown
650003,GUAM REGIONAL MEDICAL CITY,GU,HOSPITAL,hca,HCA
660001,COMMONWEALTH HEALTH CENTER,MP,HOSPITAL,independent,Independent / Unknown
670005,MEMORIAL HERMANN SURGICAL HOSPITAL KINGWOOD,TX,HOSPITAL,memorial_hermann,Memorial Hermann
670006,THE HOSPITAL AT WESTLAKE MEDICAL CENTER,TX,HOSPITAL,independent,Independent / Unknown
670008,MEMORIAL HERMANN HOUSTON PHYSICIANS HOSPITAL,TX,HOSPITAL,memorial_hermann,Memorial Hermann
670010,MAYHILL HOSPITAL,TX,HOSPITAL,universal_health_services,Universal Health Services
670023,METHODIST MANSFIELD MEDICAL CENTER,TX,HOSPITAL,methodist_health_system_tx,Methodist Health System TX
670025,BAYLOR SCOTT & WHITE THE HEART HOSPITAL PLANO,TX,HOSPITAL,baylor_scott_white,Baylor Scott & White
670031,ST LUKE'S PATIENTS MEDICAL CENTER,TX,HOSPITAL,commonspirit,CommonSpirit Health
670034,BAYLOR SCOTT & WHITE MEDICAL CENTER - ROUND ROCK,TX,HOSPITAL,baylor_scott_white,Baylor Scott & White
670041,ASCENSION SETON WILLIAMSON,TX,HOSPITAL,ascension,Ascension
670043,ASCENSION SETON CEDAR PARK,TX,HOSPITAL,community_health_systems,Community Health Systems
670044,TEXAS HEALTH PRESBYTERIAN HOSPITAL ROCKWALL,TX,HOSPITAL,texas_health_resources,Texas Health Resources
670047,THE HOSPITALS OF PROVIDENCE - EAST CAMPUS,TX,HOSPITAL,tenet_healthcare,Tenet Healthcare
670049,NORTH CENTRAL SURGICAL CENTER LLP,TX,HOSPITAL,tenet_healthcare,Tenet Healthcare
670053,ST LUKE'S SUGAR LAND HOSPITAL,TX,HOSPITAL,commonspirit,CommonSpirit Health
670054,FOUNDATION SURGICAL HOSPITAL OF SAN ANTONIO,TX,HOSPITAL,tenet_healthcare,Tenet Healthcare
670055,METHODIST HOSPITAL  STONE OAK,TX,HOSPITAL,hca,HCA
670056,ASCENSION  SETON HAYS,TX,HOSPITAL,ascension,Ascension
670059,CHI ST LUKES LAKESIDE HOSPITAL,TX,HOSPITAL,commonspirit,CommonSpirit Health
670060,BAYLOR SCOTT AND WHITE MEDICAL CENTER SUNNYVALE,TX,HOSPITAL,tenet_healthcare,Tenet Healthcare
670062,BAYLOR EMERGENCY MEDICAL CENTER AT AUBREY,TX,HOSPITAL,independent,Independent / Unknown
670067,BAYLOR SCOTT AND WHITE ORTHOPEDIC AND SPINE HOSPI,TX,HOSPITAL,tenet_healthcare,Tenet Healthcare
670068,TEXAS HEALTH PRESBYTERIAN HOSPITAL FLOWER MOUND,TX,HOSPITAL,texas_health_resources,Texas Health Resources
670069,METHODIST MCKINNEY HOSPITAL,TX,HOSPITAL,methodist_health_system_tx,Methodist Health System TX
670071,TEXAS HEALTH HEART & VASCULAR HOSPITAL ARLINGTON,TX,HOSPITAL,texas_health_resources,Texas Health Resources
670073,METHODIST HOSPITAL FOR SURGERY,TX,HOSPITAL,methodist_health_system_tx,Methodist Health System TX
670075,ST LUKE'S HOSPITAL AT THE VINTAGE,TX,HOSPITAL,commonspirit,CommonSpirit Health
670076,BAYLOR SCOTT AND WHITE SURGICAL HOSPITAL AT SHERMA,TX,HOSPITAL,baylor_scott_white,Baylor Scott & White
670077,HOUSTON METHODIST WEST HOSPITAL,TX,HOSPITAL,houston_methodist,Houston Methodist
670078,BAPTIST NEIGHBORHOOD HOSPITAL THOUSAND OAKS,TX,HOSPITAL,independent,Independent / Unknown
670080,SETON MEDICAL CENTER HARKER HEIGHTS,TX,HOSPITAL,ardent_health,Ardent Health
670082,BAYLOR SCOTT AND WHITE  MEDICAL CENTER  MCKINNEY,TX,HOSPITAL,baylor_scott_white,Baylor Scott & White
670085,TEXAS HEALTH HARRIS METHODIST HOSPITAL ALLIANCE,TX,HOSPITAL,texas_health_resources,Texas Health Resources
670088,BAYLOR SCOTT & WHITE MEDICAL CENTER- COLLEGE STATI,TX,HOSPITAL,baylor_scott_white,Baylor Scott & White
670090,CRESCENT MEDICAL CENTER LANCASTER,TX,HOSPITAL,independent,Independent / Unknown
670093,ASPIRE HOSPITAL,TX,HOSPITAL,independent,Independent / Unknown
670098,RESOLUTE HEALTH HOSPITAL,TX,HOSPITAL,tenet_healthcare,Tenet Healthcare
670102,"AD HOSPITAL EAST, LLC",TX,HOSPITAL,independent,Independent / Unknown
670103,MEDICAL CITY ALLIANCE,TX,HOSPITAL,hca,HCA
670106,HCA HOUSTON HEALTHCARE PEARLAND,TX,HOSPITAL,hca,HCA
670107,BAYLOR SCOTT AND WHITE EMERGENCY HOSPITAL,TX,HOSPITAL,baylor_scott_white,Baylor Scott & White
670108,BAYLOR SCOTT & WHITE MEDICAL CENTER - MARBLE FALLS,TX,HOSPITAL,baylor_scott_white,Baylor Scott & White
670109,BAYTOWN MEDICAL CENTER LP,TX,HOSPITAL,independent,Independent / Unknown
670112,LEGENT ORTHOPEDIC + SPINE,TX,HOSPITAL,independent,Independent / Unknown
670115,CLEVELAND EMERGENCY HOSPITAL,TX,HOSPITAL,independent,Independent / Unknown
670120,THE HOSPITALS OF PROVIDENCE TRANSMOUNTAIN CAMPUS,TX,HOSPITAL,tenet_healthcare,Tenet Healthcare
670121,SAINT CAMILLUS MEDICAL CENTER,TX,HOSPITAL,independent,Independent / Unknown
670122,HOUSTON METHODIST THE WOODLANDS HOSPITAL,TX,HOSPITAL,houston_methodist,Houston Methodist
670124,THE HOSPITALS OF PROVIDENCE HORIZON CITY CAMPUS,TX,HOSPITAL,tenet_healthcare,Tenet Healthcare
670125,TEXAS CENTER FOR INFECTIOUS DISEASE,TX,HOSPITAL,independent,Independent / Unknown
670128,BAYLOR SCOTT & WHITE MEDICAL CENTER PFLUGERVILLE,TX,HOSPITAL,baylor_scott_white,Baylor Scott & White
670131,BAYLOR SCOTT & WHITE MEDICAL CENTER - BUDA,TX,HOSPITAL,baylor_scott_white,Baylor Scott & White
670132,METHODIST SOUTHLAKE MEDICAL CENTER,TX,HOSPITAL,methodist_health_system_tx,Methodist Health System TX
670134,ALTUS LUMBERTON HOSPITAL,TX,HOSPITAL,independent,Independent / Unknown
670135,"ALTUS HOUSTON HOSPITAL, LP",TX,HOSPITAL,independent,Independent / Unknown
670136,BAYLOR SCOTT & WHITE MEDICAL CENTER- AUSTIN,TX,HOSPITAL,baylor_scott_white,Baylor Scott & White
670260,TEXAS HEALTH HOSPITAL FRISCO,TX,HOSPITAL,texas_health_resources,Texas Health Resources
670265,LEGENT ORTHOPEDIC HOSPITAL,TX,HOSPITAL,independent,Independent / Unknown
670266,TOWNSEN MEMORIAL HOSPITAL,TX,HOSPITAL,independent,Independent / Unknown
670267,THE WOODLANDS SPECIALTY HOSPITAL,TX,HOSPITAL,independent,Independent / Unknown
670285,ELITE HOSPITAL KINGWOOD,TX,HOSPITAL,independent,Independent / Unknown
670300,METHODIST MIDLOTHIAN MEDICAL CENTER,TX,HOSPITAL,methodist_health_system_tx,Methodist Health System TX
670309,TEXAS HEALTH HOSPITAL MANSFIELD,TX,HOSPITAL,texas_health_resources,Texas Health Resources
670314,ST MICHAELS MEDICAL HOSPITAL LLC,TX,HOSPITAL,independent,Independent / Unknown
670320,EAST HOUSTON MEDICAL CENTER,TX,HOSPITAL,independent,Independent / Unknown
670321,ADVANCED DALLAS HOSPITALS AND CLINICS,TX,HOSPITAL,independent,Independent / Unknown
670322,LEGENT SURGICAL HOSPITAL PLANO,TX,HOSPITAL,independent,Independent / Unknown
670326,BRUSHY CREEK FAMILY HOSPITAL LLC,TX,HOSPITAL,independent,Independent / Unknown
670327,EXCEPTIONAL COMMUNITY HOSPITAL LUBBOCK,TX,HOSPITAL,independent,Independent / Unknown
670331,MID COAST MEDICAL CENTER-TRINITY,TX,HOSPITAL,independent,Independent / Unknown
670333,WESTOVER HILLS BAPTIST HOSPITAL,TX,HOSPITAL,independent,Independent / Unknown
670335,UT HEALTH SAN ANTONIO MULTISPECIALTY & RESEARCH HO,TX,HOSPITAL,independent,Independent / Unknown
670336,BANDERA FAMILY HOSPITAL,TX,HOSPITAL,independent,Independent / Unknown
670340,METHODIST CELINA MEDICAL CENTER,TX,HOSPITAL,independent,Independent / Unknown
670342,HOUSTON METHODIST CYPRESS HOSPITAL,TX,HOSPITAL,houston_methodist,Houston Methodist
670343,BAYLOR SCOTT & WHITE HOSPITAL BRENHAM,TX,HOSPITAL,baylor_scott_white,Baylor Scott & White
670345,LEGENT NORTH HOUSTON SURGICAL HOSPITAL,TX,HOSPITAL,independent,Independent / Unknown
670346,BAYLOR SCOTT AND WHITE MEDICAL CENTER FRISCO AT PG,TX,HOSPITAL,baylor_scott_white,Baylor Scott & White
670779,CROSBYTON CLINIC HOSPITAL,TX,HOSPITAL,independent,Independent / Unknown
670780,FALLS COMMUNITY HOSPITAL AND CLINIC,TX,HOSPITAL,independent,Independent / Unknown
670781,ANSON GENERAL HOSPITAL,TX,HOSPITAL,independent,Independent / Unknown
670783,CHI ST LUKES HEALTH MEMORIAL SAN AUGUSTINE,TX,HOSPITAL,commonspirit,CommonSpirit
671300,GRAHAM REGIONAL MEDICAL CENTER,TX,HOSPITAL,quorum_health,Quorum Health
671301,HEMPHILL COUNTY HOSPITAL,TX,HOSPITAL,independent,Independent / Unknown
671302,STEPHENS MEMORIAL HOSPITAL,TX,HOSPITAL,independent,Independent / Unknown
671303,EASTLAND MEMORIAL HOSPITAL,TX,HOSPITAL,independent,Independent / Unknown
