ccn,rpt_rec_num,fy_end,total_salaries,total_paid_hours,total_avg_hourly_wage,contract_labor_dollars,contract_labor_hours,contract_labor_hourly_rate,source_confidence
230118,787853,01/29/2021,5166373.0,149472.7,34.56,490611.0,5284.58,92.84,0.92
490001,816398,02/27/2021,9054245.0,260862.1,30.04,264983.0,2626.56,100.89,0.92
040152,793790,07/31/2021,3856618.0,119563.0,32.26,511043.0,6958.0,73.45,0.92
050742,750352,08/09/2021,7151382.0,278453.0,25.68,970225.0,10079.0,96.26,0.92
030068,786114,09/27/2021,23077705.0,622538.29,37.07,1436468.0,14853.23,96.71,0.92
390192,751518,09/30/2021,1190362.0,45020.0,26.44,282328.0,3354.0,84.18,0.92
340186,816728,09/30/2021,27515203.0,929746.0,29.59,3308546.0,40261.0,82.18,0.92
010038,819967,09/30/2021,14948013.0,525699.0,28.43,1258967.0,13002.0,96.83,0.92
050849,807796,12/31/2021,15200573.0,214.7,70799.13,2866178.0,15566.56,184.12,0.92
390220,793890,12/31/2021,8686126.0,196424.85,44.22,304626.0,4835.0,63.0,0.92
713027,724513,12/31/2021,951052.0,34315.0,27.72,288666.0,5323.0,54.23,0.92
360192,792904,01/31/2022,51408146.0,1626991.0,31.6,712317.0,20113.19,35.42,0.92
390076,777371,01/31/2022,21960885.0,525715.24,41.77,4259598.0,31014.24,137.34,0.92
380040,792433,02/14/2022,35442633.0,658480.92,53.82,3859344.0,35894.78,107.52,0.92
360262,787752,02/28/2022,6661231.0,168958.18,39.43,956013.0,5942.0,160.89,0.92
360081,829012,02/28/2022,8425809.0,232665.08,36.21,1761307.0,10020.0,175.78,0.92
173027,792832,03/04/2022,10770724.0,314900.45,34.2,503085.0,6493.61,77.47,0.92
520027,791193,03/31/2022,40058398.0,847660.0,47.26,1952232.0,13942.98,140.02,0.92
450187,825455,04/20/2022,4302058.0,97294.78,43.43,825573.0,5392.0,153.11,0.92
140058,823265,04/25/2022,22295358.0,721001.2,30.92,6187649.0,37980.25,162.92,0.92
240063,826186,06/30/2022,12164765.0,350417.6,34.72,451103.0,4442.0,101.55,0.92
370229,832208,06/30/2022,1314371.0,39828.0,33.0,126927.0,1910.0,66.45,0.92
040163,787404,07/13/2022,7157805.0,240719.42,29.74,4500.0,36.0,125.0,0.92
430013,814899,07/20/2022,49469738.0,1128931.29,43.85,2634391.0,18638.33,141.34,0.92
240059,799380,07/31/2022,11808341.0,274682.47,43.58,4105985.0,30044.57,136.66,0.92
292002,769963,08/31/2022,27426190.0,757120.88,36.22,4102291.0,58246.0,70.43,0.92
392027,774187,08/31/2022,24862776.0,564450.26,44.59,4579820.0,42955.0,106.62,0.92
442007,774443,08/31/2022,6894740.0,182913.21,37.69,2585899.0,27137.0,95.29,0.92
052050,771643,08/31/2022,15300716.0,346167.9,44.2,4171038.0,53212.0,78.39,0.92
052052,768608,08/31/2022,11380597.0,268361.53,42.41,2965384.0,33953.0,87.34,0.92
322002,741623,08/31/2022,13405541.0,309772.31,40.15,5585775.0,46302.0,120.64,0.92
052046,767020,08/31/2022,30584960.0,682680.48,44.8,4183515.0,49189.0,85.05,0.92
052045,773930,08/31/2022,23698000.0,510209.19,46.45,4073903.0,57112.0,71.33,0.92
262010,770574,08/31/2022,13865848.0,338259.39,40.99,5564487.0,55613.0,100.06,0.92
052039,768258,08/31/2022,19032653.0,478941.19,39.74,2245929.0,30826.0,72.86,0.92
052038,774826,08/31/2022,46446082.0,1077340.72,43.11,4469468.0,51276.0,87.16,0.92
052049,772421,08/31/2022,15453092.0,362024.94,42.68,5272756.0,40839.0,129.11,0.92
262018,774285,08/31/2022,8505216.0,232954.5,36.51,3565248.0,35572.0,100.23,0.92
312020,766476,08/31/2022,21499608.0,467624.6,45.98,4406415.0,41712.0,105.64,0.92
502002,768459,08/31/2022,17551344.0,357535.36,49.09,7577049.0,69554.0,108.94,0.92
142006,766653,08/31/2022,7058043.0,191143.72,36.93,4415947.0,41843.0,105.54,0.92
142013,771273,08/31/2022,4252503.0,110201.13,38.59,5599925.0,54584.0,102.59,0.92
142009,770030,08/31/2022,9482708.0,243665.35,38.92,4034582.0,36037.0,111.96,0.92
142008,768506,08/31/2022,28254776.0,723553.22,39.05,13063978.0,117432.09,111.25,0.92
102027,766043,08/31/2022,12104027.0,348525.74,35.83,1497349.0,18120.0,82.64,0.92
052037,773800,08/31/2022,21269110.0,513842.74,41.39,5089587.0,53922.0,94.39,0.92
102010,768186,08/31/2022,41734508.0,1234980.56,34.14,6612251.0,79571.0,83.1,0.92
062009,769397,08/31/2022,11346779.0,274842.97,42.67,7634465.0,68028.0,112.23,0.92
062013,773349,08/31/2022,9891977.0,214525.3,46.11,2717152.0,20931.0,129.81,0.92
152007,764509,08/31/2022,6560558.0,166677.6,39.36,2784780.0,28399.0,98.06,0.92
152013,772647,08/31/2022,6984593.0,178515.42,39.13,3108436.0,30540.0,101.78,0.92
102025,771931,08/31/2022,13842181.0,379965.28,36.43,1802365.0,24025.0,75.02,0.92
102009,765063,08/31/2022,23898257.0,642309.69,37.97,8119872.0,104738.0,77.53,0.92
102013,771930,08/31/2022,17257259.0,465971.72,37.03,3936020.0,55178.0,71.33,0.92
102015,772754,08/31/2022,13790932.0,387099.07,36.46,2417069.0,29072.0,83.14,0.92
052036,766407,08/31/2022,19369695.0,385282.04,50.27,2415194.0,25311.0,95.42,0.92
052035,764244,08/31/2022,29112614.0,638535.15,45.59,4944110.0,57593.0,85.85,0.92
052034,769533,08/31/2022,30051253.0,531505.58,56.54,4843056.0,44598.0,108.59,0.92
052032,770008,08/31/2022,23756751.0,555752.75,42.75,2325822.0,28842.0,80.64,0.92
102019,735367,08/31/2022,2970015.0,80214.82,37.03,247908.0,2325.0,106.63,0.92
452073,773638,08/31/2022,8033041.0,198085.84,40.55,1564277.0,14691.0,106.48,0.92
362020,768719,08/31/2022,5520819.0,134775.55,40.96,2131671.0,19993.0,106.62,0.92
362033,769455,08/31/2022,9793786.0,271186.04,36.11,3243657.0,29468.0,110.07,0.92
452016,770937,08/31/2022,8257760.0,216796.83,38.09,2235755.0,22134.0,101.01,0.92
452108,766979,08/31/2022,11157414.0,283895.89,39.3,2774648.0,28973.0,95.77,0.92
452023,770071,08/31/2022,24131929.0,577085.46,42.51,4888866.0,57976.0,84.33,0.92
452028,771454,08/31/2022,27211102.0,707122.47,38.48,3856425.0,44199.0,87.25,0.92
452039,765151,08/31/2022,15366048.0,380009.96,40.44,2146681.0,27967.0,76.76,0.92
452075,769905,08/31/2022,13867313.0,343882.44,40.33,2702655.0,34055.0,79.36,0.92
342012,770918,08/31/2022,15487026.0,391169.29,39.59,6123014.0,48272.0,126.84,0.92
452080,768160,08/31/2022,15914598.0,386466.52,42.12,1420800.0,20294.0,70.01,0.92
182001,770036,08/31/2022,26726731.0,718549.95,37.2,11010416.0,106313.0,103.57,0.92
452079,767229,08/31/2022,9549326.0,282011.27,33.86,1619191.0,17627.0,91.86,0.92
231307,771982,09/30/2022,9673433.0,223122.0,43.35,594496.0,11564.0,51.41,0.92
330236,808441,09/30/2022,319070022.0,6156417.0,53.42,2425747.0,26224.0,92.5,0.92
110115,832095,09/30/2022,33776801.0,809188.0,41.74,1655320.0,20463.0,80.89,0.92
390119,832218,11/12/2022,14708737.0,372901.0,39.44,4609980.0,39318.0,117.25,0.92
360037,799410,11/15/2022,47949762.0,1334736.61,37.01,1604825.0,24149.4,66.45,0.92
310021,831913,12/20/2022,23296022.0,595115.0,38.13,5651965.0,55694.0,101.48,0.92
370029,828450,12/30/2022,5701309.0,163050.0,34.97,254696.0,2213.0,115.09,0.92
450099,828163,12/31/2022,15286720.0,393875.0,38.81,2155736.0,78311.0,27.53,0.92
190146,823444,12/31/2022,112390972.0,3185103.85,35.3,27541035.0,308263.0,89.34,0.92
450871,787051,12/31/2022,6846091.0,182466.84,37.52,310074.0,4585.94,67.61,0.92
260210,795236,12/31/2022,29795607.0,794888.15,37.48,4673774.0,38268.51,122.13,0.92
050096,788967,12/31/2022,8229097.0,253205.0,32.5,340323.0,4202.2,80.99,0.92
110153,816546,12/31/2022,11882059.0,442814.78,30.65,1176387.0,9811.0,119.9,0.92
450348,831104,02/07/2023,2257380.0,86350.0,25.64,252558.0,2326.34,108.56,0.92
670004,830502,02/23/2023,8315744.0,221232.0,37.59,1206826.0,10405.0,115.99,0.92
420068,811948,02/28/2023,39055138.0,1085788.85,35.9,2735838.0,28789.75,95.03,0.92
250012,769285,03/15/2023,833807.0,29952.57,27.84,77494.0,1624.95,47.69,0.92
313030,749926,03/30/2023,5284894.0,119864.0,44.09,8409.0,276.0,30.47,0.92
370139,762196,03/31/2023,1050838.0,26621.9,39.47,79012.0,845.18,93.49,0.92
390071,809557,04/02/2023,11211752.0,343315.57,29.28,650917.0,4892.0,133.06,0.92
450586,814991,04/05/2023,7746880.0,270256.57,28.66,34020.0,192.0,177.19,0.92
450697,751096,04/30/2023,30178795.0,773819.67,39.0,274500.0,1629.59,168.45,0.92
340144,822851,05/04/2023,3362492.0,81632.0,41.19,139077.0,1751.0,79.43,0.92
330163,816563,06/17/2023,8600179.0,258186.0,33.31,1536935.0,30739.0,50.0,0.92
500148,759615,06/30/2023,39704285.0,1099667.0,36.11,2147847.0,14668.0,146.43,0.92
370030,828688,06/30/2023,2518185.0,72596.1,34.69,8421.0,82.35,102.26,0.92
110189,827753,06/30/2023,4703799.0,127478.0,37.02,209982.0,2220.0,94.59,0.92
390157,831989,06/30/2023,29224392.0,737463.0,39.63,4817999.0,38060.0,126.59,0.92
190204,809268,06/30/2023,11293678.0,302253.0,35.2,2144006.0,14739.13,145.46,0.92
230096,823595,07/05/2023,6248070.0,201006.35,31.08,961235.0,11319.0,84.92,0.92
070039,772629,07/09/2023,20032881.0,642950.0,31.16,142117.0,576.0,246.73,0.92
320003,809426,07/09/2023,8736882.0,229926.0,38.0,2315058.0,26058.0,88.84,0.92
290022,823898,07/11/2023,12672661.0,255771.39,55.12,523803.0,3045.56,171.99,0.92
140167,828432,07/16/2023,11797105.0,400899.76,29.43,869301.0,4977.85,174.63,0.92
450085,763264,08/03/2023,7379653.0,263020.55,28.06,170160.0,703.77,241.78,0.92
140234,808015,08/10/2023,14487780.0,505061.73,28.69,2188208.0,15897.0,137.65,0.92
140143,814264,08/10/2023,32076913.0,889418.49,37.3,3264540.0,29938.61,109.04,0.92
140019,770293,08/17/2023,669897.0,17833.77,37.56,77812.0,843.42,92.26,0.92
450578,767119,08/17/2023,9057120.0,677411.65,13.37,135530.0,890.12,152.26,0.92
170150,816800,08/25/2023,6200948.0,222312.55,27.89,1523667.0,14962.0,101.84,0.92
040047,813837,08/31/2023,10870909.0,307384.89,35.37,1515.0,5.0,303.0,0.92
270032,828238,08/31/2023,39710290.0,1007273.0,39.42,781397.0,11166.71,69.98,0.92
320067,832118,08/31/2023,2952658.0,105184.0,28.07,33525.0,373.0,89.88,0.92
050350,809009,09/06/2023,44108873.0,1279243.0,34.48,3119358.0,25014.0,124.7,0.92
180106,829379,09/07/2023,2451581.0,80167.72,30.58,54893.0,647.45,84.78,0.92
370041,828689,09/07/2023,9468584.0,251980.0,37.58,75200.0,376.0,200.0,0.92
170166,766188,09/21/2023,2809545.0,98936.0,28.4,149834.0,2040.0,73.45,0.92
232039,808234,09/30/2023,4722649.0,186574.21,25.31,613107.0,12262.13,50.0,0.92
231317,798568,10/06/2023,4914491.0,135249.0,36.34,352338.0,3196.75,110.22,0.92
330245,768128,10/29/2023,89966400.0,2489535.0,36.14,21407230.0,175683.0,121.85,0.92
170145,820350,10/31/2023,17687227.0,488875.08,36.18,477091.0,6432.32,74.17,0.92
100106,768764,10/31/2023,4342728.0,153010.6,28.48,94259.0,2584.97,36.46,0.92
050724,787693,11/26/2023,23196162.0,609817.0,38.04,6053616.0,39670.0,152.6,0.92
670116,822447,11/30/2023,15083204.0,365660.04,41.25,33965.0,407.32,83.39,0.92
040085,815266,12/04/2023,4660258.0,115978.0,40.18,348583.0,3186.0,109.41,0.92
330223,831421,12/06/2023,27274174.0,630888.0,43.23,3023805.0,25962.0,116.47,0.92
050757,812374,12/10/2023,48258987.0,1061600.0,45.46,6770935.0,71888.0,94.19,0.92
380033,772693,12/14/2023,16352372.0,323759.0,50.51,1012786.0,10507.0,96.39,0.92
190081,831565,12/28/2023,12200110.0,397708.0,30.68,222788.0,6817.0,32.68,0.92
192034,779623,12/29/2023,789495.0,29300.0,26.95,81013.0,1056.0,76.72,0.92
194007,785441,12/31/2023,11764276.0,536267.88,21.94,1815054.0,24508.09,74.06,0.92
451339,822014,12/31/2023,2267858.0,122720.0,18.48,196199.0,2481.0,79.08,0.92
360055,820608,12/31/2023,46685985.0,1561233.47,33.14,1352554.0,13356.4,101.27,0.92
260047,776941,12/31/2023,52821448.0,1289701.5,41.02,2450312.0,22276.45,110.0,0.92
231304,819565,12/31/2023,12876412.0,425621.0,30.25,3445397.0,41520.0,82.98,0.92
010174,818136,12/31/2023,4814596.0,208732.01,23.07,7200.0,144.0,50.0,0.92
320089,776620,12/31/2023,20898326.0,592362.1,35.28,3526056.0,50201.08,70.24,0.92
170075,770748,12/31/2023,798648.0,21842.54,36.56,172764.0,2569.38,67.24,0.92
192023,782151,01/30/2024,3313448.0,118248.0,28.02,51475.0,637.0,80.81,0.92
440239,828728,01/31/2024,3896377.0,82970.84,46.96,1130129.0,14737.64,76.68,0.92
210006,832180,02/06/2024,25493470.0,544735.0,41.29,1116532.0,11906.0,93.78,0.92
523030,778760,02/24/2024,5729815.0,147728.39,38.79,168885.0,1799.87,93.83,0.92
100048,786932,02/29/2024,3109570.0,78966.83,39.38,191001.0,1936.04,98.66,0.92
150191,787713,02/29/2024,586945.0,17419.0,33.7,34146.0,721.22,47.34,0.92
340187,827870,03/01/2024,4566715.0,127889.39,36.95,60103.0,1237.8,48.56,0.92
460049,790814,03/14/2024,2186148.0,46959.59,45.29,18671.0,207.46,90.0,0.92
160005,823285,03/17/2024,28890257.0,804556.91,35.91,1282937.0,14970.02,85.7,0.92
520013,827889,03/21/2024,44133040.0,867449.11,50.88,4435228.0,61126.43,72.56,0.92
520017,827890,03/21/2024,14412618.0,260699.0,55.77,74400.0,746.25,99.7,0.92
490147,828756,03/31/2024,4154033.0,78895.96,52.65,1950893.0,22053.93,88.46,0.92
231308,827609,03/31/2024,6229953.0,155256.3,40.13,579340.0,5310.0,109.1,0.92
513025,796799,04/08/2024,2016070.0,90960.0,22.16,650113.0,9876.0,65.83,0.92
030131,794704,04/30/2024,4228781.0,106648.64,40.42,461616.0,8249.61,55.96,0.92
510031,832068,04/30/2024,8079631.0,237516.3,34.02,264304.0,4564.0,57.91,0.92
010110,813775,04/30/2024,2368460.0,91515.57,25.88,85775.0,1533.35,55.94,0.92
010069,794259,05/29/2024,3888753.0,138065.63,28.17,92037.0,1509.84,60.96,0.92
340073,827765,05/31/2024,173512927.0,3931825.88,44.13,1284540.0,16613.4,77.32,0.92
200019,790641,05/31/2024,107298808.0,1941118.0,55.27,14671199.0,143412.56,102.3,0.92
450271,810450,05/31/2024,24725687.0,590974.0,41.84,35875.0,608.41,58.97,0.92
360044,788795,06/12/2024,9965859.0,338856.0,33.01,1497029.0,19450.0,76.97,0.92
170110,791885,06/24/2024,4721590.0,93215.76,50.65,166933.0,1162.06,143.65,0.92
320779,795369,06/30/2024,2085310.0,70274.0,29.67,3248.0,75.0,43.31,0.92
200037,793469,06/30/2024,45979325.0,1305207.0,35.23,1997165.0,17411.0,114.71,0.92
440132,819046,06/30/2024,43724191.0,1188534.0,36.79,1586505.0,19866.0,79.86,0.92
521339,797124,06/30/2024,9651588.0,,,1405575.0,12906.14,108.91,0.92
370153,832206,06/30/2024,5583937.0,169557.0,32.93,493386.0,3295.0,149.74,0.92
530037,813549,08/08/2024,3668542.0,120840.0,30.36,1758873.0,13243.03,132.81,0.92
260050,800423,08/12/2024,4373726.0,79880.72,54.75,180561.0,1519.16,118.86,0.92
290061,808349,08/31/2024,34883557.0,959413.36,36.89,1943289.0,27546.48,70.55,0.92
420043,799177,09/30/2024,28233626.0,659917.19,42.92,1503006.0,18182.35,82.66,0.92
420072,797414,09/30/2024,16349589.0,421415.83,38.8,134498.0,1533.0,87.74,0.92
100093,794731,09/30/2024,165447645.0,4988391.02,33.17,707523.0,6938.0,101.98,0.92
100071,799791,09/30/2024,46541296.0,1369256.0,33.99,8316009.0,55725.0,149.23,0.92
250141,798702,09/30/2024,109362569.0,2749146.52,39.85,668065.0,18184.59,36.74,0.92
250138,830770,09/30/2024,44918411.0,1163272.0,38.61,1027903.0,11627.0,88.41,0.92
420038,798488,09/30/2024,40131172.0,882802.47,45.46,1147368.0,13842.0,82.89,0.92
370014,830112,09/30/2024,29150277.0,758643.0,38.42,1586232.0,20712.0,76.59,0.92
190128,800220,09/30/2024,181111156.0,4417518.0,41.0,9437981.0,120919.0,78.05,0.92
420071,823066,09/30/2024,152084939.0,4181712.51,36.37,10637033.0,123115.13,86.4,0.92
340008,798079,09/30/2024,86653562.0,2059974.16,42.07,3344474.0,47822.68,69.93,0.92
010045,798529,09/30/2024,16058820.0,496844.63,31.63,119913.0,2332.5,51.41,0.92
040119,815267,09/30/2024,118926825.0,3110905.77,38.23,2295181.0,32337.0,70.98,0.92
340002,825862,09/30/2024,295262230.0,7506087.0,39.34,18819021.0,331984.0,56.69,0.92
450848,799188,09/30/2024,102108482.0,2211644.68,46.17,286219.0,3203.0,89.36,0.92
100088,799221,09/30/2024,607130527.0,15667308.0,38.76,15378083.0,217815.0,70.6,0.92
340039,798832,09/30/2024,122252120.0,2879977.46,42.45,4047069.0,47401.75,85.38,0.92
420067,798864,09/30/2024,130286390.0,3114939.66,41.83,8832699.0,124458.22,70.97,0.92
100090,800082,09/30/2024,112486011.0,3091750.0,36.38,3910804.0,51417.0,76.06,0.92
050424,798386,09/30/2024,133979924.0,2522252.0,53.12,1793932.0,19089.0,93.98,0.92
190145,800400,09/30/2024,11743566.0,475848.0,24.68,132000.0,4160.0,31.73,0.92
420070,798489,09/30/2024,63986769.0,1684225.73,38.43,2624551.0,31117.0,84.34,0.92
190151,798804,09/30/2024,12762456.0,409394.0,31.17,633833.0,6561.0,96.61,0.92
030083,799047,09/30/2024,40173921.0,945544.0,42.28,1645411.0,39044.0,42.14,0.92
340040,827721,09/30/2024,523266439.0,13181450.0,39.7,40556153.0,512021.0,79.21,0.92
250162,798703,09/30/2024,17429475.0,515887.73,36.98,43734.0,869.5,50.3,0.92
340003,799403,09/30/2024,66263359.0,1684075.99,39.35,1888297.0,19395.26,97.36,0.92
113034,797144,09/30/2024,12959567.0,322763.41,40.15,155770.0,2102.61,74.08,0.92
190118,797873,09/30/2024,13620831.0,460545.0,29.58,659721.0,8961.0,73.62,0.92
250058,798986,09/30/2024,74673639.0,2986776.22,27.11,494960.0,8314.09,59.53,0.92
420107,821457,09/30/2024,24943210.0,561710.13,44.31,556966.0,6698.55,83.15,0.92
420108,808649,09/30/2024,14369585.0,405893.03,35.56,1161256.0,14341.0,80.97,0.92
190054,801036,09/30/2024,49724361.0,1302066.0,38.19,6260724.0,55214.0,113.39,0.92
250044,798699,09/30/2024,9918918.0,316946.63,30.96,2302.0,9.19,250.49,0.92
060034,827188,09/30/2024,152054378.0,3420944.0,44.84,2909091.0,33140.0,87.78,0.92
423033,828869,09/30/2024,16095815.0,426636.35,37.73,160047.0,1860.74,86.01,0.92
040134,799051,09/30/2024,82765491.0,2397111.22,34.53,462987.0,7147.88,64.77,0.92
420109,798868,09/30/2024,26649767.0,676716.96,39.73,20378.0,185.25,110.0,0.92
250004,799254,09/30/2024,336657351.0,8308647.25,40.24,23481074.0,279390.99,84.04,0.92
250007,799823,09/30/2024,23665626.0,664254.0,35.63,764553.0,13786.0,55.46,0.92
250020,799535,09/30/2024,14468903.0,387301.25,36.84,295906.0,4691.0,63.08,0.92
250019,797292,09/30/2024,289268159.0,7154554.83,40.43,4747719.0,40832.53,116.27,0.92
113032,828543,09/30/2024,15271582.0,385687.63,39.6,90916.0,1005.99,90.37,0.92
420106,798491,09/30/2024,39591661.0,959210.2,41.43,2825764.0,28927.0,97.69,0.92
250034,799983,09/30/2024,68238668.0,1924172.84,35.24,486421.0,4740.12,102.62,0.92
190065,799237,09/30/2024,153967833.0,4699930.47,32.76,3507752.0,44882.6,78.15,0.92
250009,800863,09/30/2024,16288398.0,507640.56,32.09,6402210.0,164604.97,38.89,0.92
340024,798318,09/30/2024,35801067.0,884470.39,40.48,626516.0,6769.25,92.55,0.92
250040,800702,09/30/2024,179592294.0,4620850.0,38.87,16335461.0,333810.0,48.94,0.92
113036,828544,09/30/2024,9237590.0,259225.56,35.64,28061.0,547.47,51.26,0.92
250042,799387,09/30/2024,9646959.0,294107.91,38.16,422859.0,4586.25,92.2,0.92
250061,799703,09/30/2024,12540636.0,497710.93,25.2,3258667.0,54530.1,59.76,0.92
420105,798866,09/30/2024,103944913.0,2465675.66,42.03,1595777.0,19270.05,82.81,0.92
250067,799141,09/30/2024,21645612.0,571966.38,37.32,211012.0,3256.75,64.79,0.92
250097,799257,09/30/2024,68916781.0,1697789.68,40.59,1039633.0,12896.75,80.61,0.92
420086,798338,09/30/2024,79062673.0,2004967.43,40.3,6745632.0,83619.0,80.67,0.92
250025,799386,09/30/2024,21798638.0,606397.26,35.95,772058.0,14664.64,52.65,0.92
250100,798701,09/30/2024,69988095.0,2125348.77,32.85,755889.0,5863.12,128.92,0.92
250102,799142,09/30/2024,180960181.0,4610087.52,39.25,4035467.0,42738.0,94.42,0.92
250104,799258,09/30/2024,89252029.0,2386771.3,37.39,15159269.0,384327.0,39.44,0.92
190111,800219,09/30/2024,405564912.0,10008992.35,40.76,14011204.0,201847.0,69.41,0.92
250123,799538,09/30/2024,61497804.0,1435102.01,42.85,2716023.0,35669.0,76.15,0.92
420078,798601,09/30/2024,394146440.0,10320532.83,39.86,27134607.0,321912.0,84.29,0.92
420073,820897,09/30/2024,713311185.0,13893851.95,51.34,1638068.0,13717.87,119.41,0.92
250117,799259,09/30/2024,19179021.0,531306.51,36.07,798826.0,11877.02,67.26,0.92
100087,829646,09/30/2024,420835558.0,10745114.45,39.17,12458319.0,149487.0,83.34,0.92
250095,798819,09/30/2024,11025553.0,350579.06,31.45,2304465.0,36030.46,63.96,0.92
190044,798436,09/30/2024,17485034.0,562849.39,35.23,94664.0,1336.1,70.85,0.92
250072,830194,09/30/2024,28978284.0,799240.0,36.26,283737.0,3764.0,75.38,0.92
420103,808647,09/30/2024,36506037.0,1012751.0,36.21,1117264.0,14236.0,78.48,0.92
250077,799986,09/30/2024,24481812.0,826424.88,29.62,9500.0,156.0,60.9,0.92
250078,823049,09/30/2024,247038241.0,7106812.99,32.72,16724362.0,236005.82,70.86,0.92
420102,798490,09/30/2024,36771681.0,944030.27,40.1,338141.0,3752.0,90.12,0.92
040156,799319,09/30/2024,7973164.0,211536.65,37.69,2761.0,11.0,251.0,0.92
250082,800781,09/30/2024,47730299.0,1306275.49,36.54,2867224.0,32867.87,87.23,0.92
250084,800598,09/30/2024,21826634.0,621882.0,35.1,1393081.0,20725.0,67.22,0.92
250085,798988,09/30/2024,7313799.0,242564.47,30.15,268031.0,3974.02,67.45,0.92
420098,798602,09/30/2024,45802131.0,1290317.95,37.83,3532645.0,45190.95,78.17,0.92
340028,798460,09/30/2024,430009120.0,9204971.0,46.71,63885759.0,489128.0,130.61,0.92
250081,831267,09/30/2024,9746676.0,258576.52,37.69,310476.0,6107.76,50.83,0.92
420049,795821,09/30/2024,139867352.0,3295313.0,42.44,4039542.0,54366.99,74.3,0.92
050234,831037,09/30/2024,75069663.0,1372289.58,55.08,137483.0,1682.87,81.7,0.92
070033,800079,09/30/2024,231791103.0,4901550.25,47.29,5785473.0,55844.89,103.6,0.92
070034,826149,09/30/2024,121426875.0,2710497.89,44.8,3724116.0,37448.43,99.45,0.92
450369,799019,09/30/2024,20426910.0,497708.42,41.04,1214182.0,16640.25,72.97,0.92
070035,800361,09/30/2024,233235210.0,4663830.68,50.01,36947590.0,383996.95,96.22,0.92
110032,798665,09/30/2024,22367022.0,697630.84,32.06,2376669.0,31625.64,75.15,0.92
450352,800041,09/30/2024,119350856.0,2494085.33,47.83,14802462.0,142019.63,104.23,0.92
450351,830482,09/30/2024,22106585.0,452852.11,48.82,195918.0,2625.5,74.62,0.92
673050,829735,09/30/2024,12696687.0,327215.47,38.8,263456.0,4368.18,60.31,0.92
010007,798630,09/30/2024,11352074.0,430404.53,26.38,11365.0,246.0,46.2,0.92
110029,798664,09/30/2024,558512426.0,11638759.0,42.68,29672861.0,334464.0,88.72,0.92
450080,798874,09/30/2024,56820633.0,1616942.25,35.14,2075423.0,20652.02,100.49,0.92
030148,807716,09/30/2024,37355999.0,887424.0,42.09,2147508.0,26295.0,81.67,0.92
213030,829658,09/30/2024,14795726.0,324715.16,45.57,2376664.0,27241.62,87.24,0.92
220001,799881,09/30/2024,74893342.0,1603972.56,46.69,18789900.0,164060.0,114.53,0.92
220002,795900,09/30/2024,121373806.0,3549161.0,34.2,11440940.0,102887.0,111.2,0.92
450289,799434,09/30/2024,902804092.0,21056573.86,42.59,21910335.0,221391.79,98.97,0.92
220008,798806,09/30/2024,107602686.0,2322112.28,46.4,1826186.0,20076.0,90.96,0.92
673065,829229,09/30/2024,13929775.0,368820.51,37.77,375648.0,4851.74,77.43,0.92
220010,799882,09/30/2024,150477027.0,2957193.0,50.89,16804735.0,176404.0,95.26,0.92
673066,829230,09/30/2024,14883606.0,370802.77,40.14,602273.0,7877.48,76.46,0.92
090008,798655,09/30/2024,46300691.0,1224423.0,37.81,14335692.0,171325.87,83.67,0.92
220012,798441,09/30/2024,235947888.0,3984937.38,61.81,32695436.0,312955.46,104.47,0.92
223029,829098,09/30/2024,20363831.0,468420.24,44.98,2416491.0,28638.78,84.38,0.92
110038,798409,09/30/2024,109539745.0,3109003.0,35.23,11364778.0,157507.0,72.15,0.92
100002,829913,09/30/2024,167936103.0,4029882.0,41.67,6990748.0,70163.0,99.64,0.92
030138,798767,09/30/2024,38626052.0,912550.09,42.33,348416.0,3723.5,93.57,0.92
110041,812546,09/30/2024,23135232.0,550854.0,42.0,117004.0,1729.0,67.67,0.92
100017,831762,09/30/2024,283971744.0,6882682.77,41.22,7921801.0,84032.95,94.27,0.92
070021,799072,09/30/2024,39602345.0,954288.0,41.5,3077563.0,31239.0,98.52,0.92
450475,822235,09/30/2024,12771877.0,358195.73,35.66,594963.0,9551.29,62.29,0.92
443036,828732,09/30/2024,10201237.0,275916.8,36.97,445226.0,5801.47,76.74,0.92
353027,828682,09/30/2024,9551633.0,215982.34,44.22,397071.0,4797.79,82.76,0.92
110075,829584,09/30/2024,59123663.0,1656845.0,35.63,516484.0,6769.0,76.3,0.92
450465,799919,09/30/2024,27372065.0,627532.47,34.17,4383271.0,54155.5,80.94,0.92
070022,827775,09/30/2024,1341169037.0,27629730.0,48.54,88535039.0,948811.0,93.31,0.92
230080,799815,09/30/2024,74331332.0,1472057.83,50.49,811661.0,12001.44,67.63,0.92
070024,799215,09/30/2024,159153323.0,3297516.0,48.26,10362234.0,109560.5,94.58,0.92
450451,799918,09/30/2024,10513889.0,356257.14,48.97,406804.0,9592.0,42.41,0.92
070025,799073,09/30/2024,752096119.0,15939309.0,47.18,61766492.0,908259.0,68.01,0.92
220015,831569,09/30/2024,89674412.0,2055347.0,43.63,9216861.0,90525.0,101.82,0.92
450015,821562,09/30/2024,1227904374.0,27473667.0,44.69,29915824.0,263536.0,113.52,0.92
450419,830374,09/30/2024,20535094.0,418740.0,49.04,73100.0,883.5,82.74,0.92
450024,800895,09/30/2024,338371313.0,8392970.2,40.48,22797785.0,530503.71,42.97,0.92
360147,799003,09/30/2024,262183156.0,5227698.0,50.02,21731537.0,168052.0,129.31,0.92
070028,799216,09/30/2024,175464405.0,4127043.0,42.52,18860435.0,188757.0,99.92,0.92
450029,830125,09/30/2024,95169428.0,2463128.0,38.64,2759629.0,39408.0,70.03,0.92
110045,798667,09/30/2024,16366989.0,349600.0,46.82,771802.0,8659.0,89.13,0.92
100006,829644,09/30/2024,1079809047.0,28152344.0,38.42,8178443.0,46488.0,175.93,0.92
450399,799917,09/30/2024,9150790.0,337739.72,27.09,778951.0,12097.55,64.39,0.92
050324,798385,09/30/2024,315231867.0,5793143.0,54.41,1031977.0,10077.0,102.41,0.92
070031,796611,09/30/2024,102727239.0,2555070.0,40.21,1885963.0,19149.0,98.49,0.92
230041,799250,09/30/2024,124340815.0,2859780.0,43.63,2821173.0,42285.0,66.72,0.92
450039,822231,09/30/2024,600225641.0,14496566.43,41.4,9567438.0,91943.0,104.06,0.92
100008,829569,09/30/2024,447227740.0,9639352.0,46.4,1397982.0,12987.0,107.64,0.92
220016,799121,09/30/2024,42748867.0,1015466.0,42.1,7218705.0,67413.0,107.08,0.92
450104,799432,09/30/2024,64103965.0,1434588.19,44.68,1910622.0,20617.25,92.67,0.92
450152,798878,09/30/2024,86739578.0,2025678.0,42.77,282585.0,3511.0,80.49,0.92
220095,795354,09/30/2024,74398534.0,1788625.0,41.6,1404210.0,14311.0,98.12,0.92
220036,819009,09/30/2024,128243397.0,2360230.0,53.9,514128.0,7143.0,71.98,0.92
450155,799433,09/30/2024,11811799.0,406127.0,29.08,1067731.0,13574.81,78.66,0.92
220090,799691,09/30/2024,128184109.0,2690420.53,47.64,7012205.0,97384.9,72.01,0.92
220088,798810,09/30/2024,76267426.0,1465825.0,52.03,3402787.0,33557.0,101.4,0.92
220086,831968,09/30/2024,764653708.0,19997689.0,41.05,31079670.0,307016.0,101.23,0.92
220046,799812,09/30/2024,241091022.0,5522580.0,43.66,10111703.0,106797.0,94.68,0.92
220084,798566,09/30/2024,165342115.0,3256012.0,50.78,7022136.0,76659.0,91.6,0.92
220083,798809,09/30/2024,61964251.0,1342992.0,46.14,9479473.0,24201.42,391.69,0.92
010001,798628,09/30/2024,216599951.0,5360094.0,40.61,10394857.0,149282.48,69.63,0.92
220049,799519,09/30/2024,37825373.0,734821.45,51.48,9281730.0,89598.5,103.59,0.92
220052,798285,09/30/2024,95133825.0,2253926.0,42.79,1444066.0,15457.0,93.42,0.92
220077,799124,09/30/2024,584512315.0,14348349.0,40.74,46967245.0,473282.0,99.24,0.92
220075,831664,09/30/2024,133818651.0,2823540.0,47.31,4655436.0,46434.0,100.26,0.92
110005,798407,09/30/2024,356725733.0,7272680.0,49.05,11082028.0,144062.0,76.93,0.92
220060,798687,09/30/2024,129934462.0,2852201.0,45.56,11492296.0,116278.0,98.83,0.92
220074,831165,09/30/2024,415602608.0,9247063.0,44.94,18491100.0,182414.0,101.37,0.92
083026,828616,09/30/2024,11403276.0,278918.88,40.88,531163.0,6367.34,83.42,0.92
220071,831571,09/30/2024,2158645940.0,29839629.0,72.28,43113118.0,409923.0,105.17,0.92
220070,798967,09/30/2024,131138959.0,2523586.0,53.81,4831198.0,50297.0,96.05,0.92
450203,830479,09/30/2024,38631515.0,953161.0,40.58,725.0,12.0,60.42,0.92
220062,799520,09/30/2024,17365056.0,739729.53,23.47,1522850.0,18956.01,80.34,0.92
220100,798968,09/30/2024,410801039.0,8978541.0,54.46,43713674.0,422986.0,103.35,0.92
450148,830372,09/30/2024,32304752.0,667591.48,48.39,14306.0,136.25,105.0,0.92
220101,799125,09/30/2024,279514071.0,5334476.94,52.31,19279620.0,189009.6,102.0,0.92
220035,831570,09/30/2024,242984737.0,5189330.0,46.82,31480807.0,318207.0,98.93,0.92
450108,798875,09/30/2024,19559869.0,533249.32,36.68,770090.0,10086.61,76.35,0.92
220019,799122,09/30/2024,78747669.0,1994284.04,39.49,2844609.0,30318.77,93.82,0.92
220177,831895,09/30/2024,33397598.0,508623.0,65.66,8066508.0,83565.0,96.53,0.92
220024,795688,09/30/2024,131458244.0,2843617.0,46.23,829675.0,6345.0,130.76,0.92
450132,799182,09/30/2024,130980537.0,3505834.31,37.36,10329395.0,110952.6,93.1,0.92
220029,799243,09/30/2024,59850992.0,1283705.0,46.62,2950658.0,29667.0,99.46,0.92
220171,830026,09/30/2024,689380403.0,10004757.0,68.91,11434553.0,122376.0,93.44,0.92
450133,813364,09/30/2024,146118587.0,3947174.56,37.02,26502020.0,258250.0,102.62,0.92
220163,800412,09/30/2024,747580673.0,15284091.73,48.91,49427234.0,482452.16,102.45,0.92
220030,799123,09/30/2024,39332824.0,1025359.06,38.36,3757255.0,39339.18,95.51,0.92
220135,798567,09/30/2024,70142015.0,1300935.81,56.91,11731349.0,109990.75,106.66,0.92
450135,830645,09/30/2024,380501498.0,8269835.0,46.01,2941171.0,32684.0,89.99,0.92
450137,798876,09/30/2024,182222119.0,3964592.16,46.51,731831.0,7401.0,98.88,0.92
220119,831572,09/30/2024,134627209.0,2683826.0,50.16,21983374.0,226933.0,96.87,0.92
220116,799246,09/30/2024,470347046.0,9474105.0,49.65,17358341.0,168859.0,102.8,0.92
220031,799517,09/30/2024,788819329.0,16638695.0,49.28,38269482.0,322452.0,118.68,0.92
220033,799518,09/30/2024,173106746.0,3540263.04,48.9,9974151.0,92333.94,108.02,0.92
450144,799184,09/30/2024,35103128.0,877914.85,39.73,149195.0,1656.3,90.08,0.92
110001,817365,09/30/2024,136420963.0,3369379.48,40.98,3786679.0,41164.25,91.99,0.92
220110,831667,09/30/2024,1434691900.0,27296040.0,52.56,58566705.0,601130.0,100.23,0.92
220108,799126,09/30/2024,60056031.0,1319035.0,45.53,5301956.0,83107.25,63.8,0.92
220105,799692,09/30/2024,132861582.0,2847478.0,46.66,2346048.0,21555.0,108.84,0.92
450147,830126,09/30/2024,76893242.0,1763808.0,43.6,817249.0,10046.0,81.35,0.92
110008,798408,09/30/2024,331633431.0,6836183.0,48.51,4302912.0,59766.0,72.0,0.92
363034,829202,09/30/2024,17783167.0,410413.68,43.33,87051.0,1214.55,71.67,0.92
070020,799471,09/30/2024,238270241.0,4921040.0,48.42,851130.0,11411.0,74.59,0.92
440048,828160,09/30/2024,319658668.0,8142619.0,39.19,19877608.0,353088.9,56.3,0.92
340099,798838,09/30/2024,34192302.0,894828.0,38.21,2620510.0,31229.0,83.91,0.92
050393,809011,09/30/2024,99844256.0,2112433.0,47.27,767213.0,7961.0,96.37,0.92
450698,800164,09/30/2024,5369521.0,260864.4,20.58,1381126.0,22977.06,60.11,0.92
340107,798839,09/30/2024,35888564.0,975596.24,36.79,3703782.0,41991.35,88.2,0.92
440056,798492,09/30/2024,16985205.0,492133.0,34.51,983969.0,12419.0,79.23,0.92
340115,809472,09/30/2024,318029034.0,7040842.0,40.76,18304261.0,253185.05,72.3,0.92
340116,799161,09/30/2024,113620704.0,2535620.0,44.81,13520865.0,176039.0,76.81,0.92
040050,800325,09/30/2024,15615000.0,729455.0,23.59,117340.0,661.0,177.52,0.92
340120,798841,09/30/2024,28024536.0,701370.0,39.96,1878348.0,20451.0,91.85,0.92
440068,798493,09/30/2024,36116445.0,1038007.0,34.79,716854.0,7374.0,97.21,0.92
010033,807678,09/30/2024,980777397.0,25516986.85,38.44,21235946.0,233879.0,90.8,0.92
340127,798842,09/30/2024,45036513.0,1067558.47,42.19,2342494.0,46529.24,50.34,0.92
340129,799162,09/30/2024,32414887.0,838819.0,38.63,4101426.0,59667.0,68.74,0.92
110161,795334,09/30/2024,1095608320.0,23029795.0,47.57,24930272.0,318816.0,78.2,0.92
010029,798632,09/30/2024,180092095.0,4928124.07,36.54,7845945.0,65860.47,119.13,0.92
340142,798470,09/30/2024,71255152.0,2008488.05,35.48,15247952.0,119658.47,127.43,0.92
110142,798555,09/30/2024,9991358.0,273552.0,36.52,129751.0,1951.55,66.49,0.92
450658,800656,09/30/2024,7579410.0,228381.0,33.19,697827.0,8208.0,85.02,0.92
440120,798729,09/30/2024,96965044.0,2625057.0,36.94,1624433.0,19905.0,81.61,0.92
230779,800109,09/30/2024,7887606.0,240534.59,32.79,842340.0,11197.1,75.23,0.92
450654,799921,09/30/2024,18032782.0,680855.0,26.49,2822321.0,28937.0,97.53,0.92
440130,798730,09/30/2024,18358089.0,541855.24,33.37,9904.0,33.6,294.76,0.92
230297,808227,09/30/2024,87527986.0,1692278.99,51.72,2588802.0,9327.0,277.56,0.92
440131,798871,09/30/2024,30918927.0,866584.27,35.52,43728.0,597.78,73.15,0.92
340151,798846,09/30/2024,37606645.0,950046.0,39.58,11744317.0,131628.0,89.22,0.92
450702,830286,09/30/2024,107096734.0,2457720.0,43.58,1868784.0,24442.0,76.46,0.92
340097,798837,09/30/2024,64914228.0,1601439.78,40.53,1008591.0,11528.0,87.49,0.92
100047,829433,09/30/2024,22399844.0,614686.0,36.4,92474.0,1735.0,53.3,0.92
110252,798413,09/30/2024,100079024.0,2344002.0,42.7,4503092.0,53273.0,84.53,0.92
010040,829505,09/30/2024,54912019.0,1720585.0,31.91,2913049.0,40451.0,72.01,0.92
110237,798671,09/30/2024,10458570.0,225232.0,46.43,195174.0,1917.0,101.81,0.92
100062,798788,09/30/2024,162418488.0,3810764.0,42.62,968825.0,16099.0,60.18,0.92
190202,799115,09/30/2024,125705088.0,4400221.0,31.77,86478.0,1282.0,67.46,0.92
030085,808934,09/30/2024,97575293.0,2351304.0,41.5,12957928.0,166306.0,77.92,0.92
433027,828720,09/30/2024,9061937.0,240993.99,37.6,640655.0,9541.99,67.14,0.92
240052,800110,09/30/2024,50920548.0,1290348.82,39.46,1975285.0,20815.78,94.89,0.92
110234,798412,09/30/2024,4444950.0,121299.88,36.64,113095.0,1509.2,74.94,0.92
670128,815197,09/30/2024,17314754.0,340232.91,50.92,399359.0,3876.0,103.03,0.92
240044,798816,09/30/2024,59884067.0,1437996.51,41.64,2115937.0,23727.35,89.18,0.92
450779,830380,09/30/2024,119836247.0,2518877.07,47.58,919238.0,9659.75,95.16,0.92
450775,830493,09/30/2024,231317642.0,5684302.0,40.65,1416772.0,24663.0,57.45,0.92
340068,798834,09/30/2024,35776761.0,985278.17,36.31,4631171.0,69093.25,67.03,0.92
340069,798195,09/30/2024,471535166.0,10867840.0,43.39,44525698.0,703040.0,63.33,0.92
340070,798835,09/30/2024,99834332.0,2542777.0,39.26,13644123.0,211032.0,64.65,0.92
440016,828159,09/30/2024,15682437.0,458755.02,33.95,2724.0,24.7,110.28,0.92
100051,828905,09/30/2024,123078244.0,3260498.3,37.8,1462097.0,14459.0,101.12,0.92
340071,798463,09/30/2024,66066770.0,1574777.0,42.3,5995505.0,47723.0,125.63,0.92
190316,799508,09/30/2024,10150109.0,275122.73,36.89,9745.0,108.28,90.0,0.92
440033,809635,09/30/2024,17115549.0,543320.0,31.5,1194725.0,13950.0,85.64,0.92
340091,798836,09/30/2024,573616739.0,13484253.22,42.54,38795959.0,620260.46,62.55,0.92
040067,815265,09/30/2024,13224636.0,433929.0,30.63,744922.0,8931.25,83.41,0.92
110233,798556,09/30/2024,47618593.0,1217573.65,39.11,965918.0,9052.13,106.71,0.92
100018,800555,09/30/2024,268711134.0,5990576.0,45.04,11261727.0,115607.0,97.41,0.92
110122,799655,09/30/2024,144166993.0,4649717.28,40.55,8232438.0,178940.27,46.01,0.92
070008,800078,09/30/2024,20429641.0,439932.0,46.44,1765037.0,20025.0,88.14,0.92
110095,798554,09/30/2024,171424909.0,3826657.12,44.8,3257434.0,46480.75,70.08,0.92
230167,819444,09/30/2024,144387351.0,3434966.0,42.48,2982683.0,29646.57,100.61,0.92
200052,799512,09/30/2024,30975023.0,723341.0,42.82,2656593.0,20403.11,130.21,0.92
110092,798668,09/30/2024,11845089.0,439931.0,26.92,1482058.0,20954.0,70.73,0.92
200063,809288,09/30/2024,88880032.0,1708645.66,52.02,7767667.0,73459.27,105.74,0.92
450584,798880,09/30/2024,14117108.0,374105.77,37.58,748485.0,2872.0,260.61,0.92
343027,828843,09/30/2024,15445910.0,365136.17,42.3,564835.0,7457.25,75.74,0.92
070011,799643,09/30/2024,97936928.0,1864453.0,52.53,3962999.0,39784.0,99.61,0.92
230141,826339,09/30/2024,189091860.0,4165931.17,46.15,4401970.0,62282.95,70.68,0.92
450571,798740,09/30/2024,152284062.0,4418832.04,34.46,37462148.0,470893.35,79.56,0.92
040014,819180,09/30/2024,113242141.0,2742214.19,41.3,439632.0,2642.5,166.37,0.92
110087,798410,09/30/2024,528196782.0,10716807.0,49.29,11381754.0,138765.0,82.02,0.92
070016,799071,09/30/2024,91592969.0,2216216.0,41.33,2768832.0,37141.0,74.55,0.92
010021,796722,09/30/2024,16779231.0,648116.79,25.89,717242.0,9070.58,79.07,0.92
100022,799219,09/30/2024,1482493325.0,30132221.18,49.2,14437247.0,181842.44,79.39,0.92
010019,798526,09/30/2024,55424274.0,1436302.4,38.59,49363.0,1071.25,46.08,0.92
050272,798774,09/30/2024,141914960.0,2898243.0,48.97,7489832.0,72256.0,103.66,0.92
070017,809035,09/30/2024,116545454.0,2636737.06,44.2,39636379.0,645701.67,61.38,0.92
230105,798973,09/30/2024,79414209.0,1829843.33,43.4,9226136.0,24731.0,373.06,0.92
070018,828075,09/30/2024,163648427.0,2831303.6,57.8,4638682.0,49039.0,94.59,0.92
100019,807857,09/30/2024,184431200.0,4882987.0,37.77,5963682.0,63970.0,93.23,0.92
450498,798608,09/30/2024,7759248.0,233883.3,33.18,836460.0,8893.0,94.06,0.92
200050,800101,09/30/2024,37947574.0,871635.0,43.54,18279491.0,184262.0,99.2,0.92
200041,800404,09/30/2024,31339211.0,732744.77,42.77,2957485.0,30560.54,96.77,0.92
670143,801022,09/30/2024,7262683.0,170226.41,44.17,1320.0,24.0,55.0,0.92
070007,829643,09/30/2024,173899893.0,3694735.0,47.07,12227062.0,130919.0,93.39,0.92
440153,810425,09/30/2024,17256673.0,527515.0,32.71,34361.0,489.0,70.27,0.92
100032,828982,09/30/2024,131395887.0,3244158.9,40.55,1160433.0,10596.0,109.52,0.92
070002,800076,09/30/2024,209862491.0,5098258.0,41.16,30557448.0,516140.0,59.2,0.92
200008,799510,09/30/2024,135262297.0,2489082.25,54.34,2905969.0,27863.73,104.29,0.92
110121,798411,09/30/2024,14482618.0,394937.57,32.21,3506983.0,41839.75,83.82,0.92
450639,830652,09/30/2024,123404495.0,2617367.17,47.15,242795.0,2415.75,100.51,0.92
200009,800099,09/30/2024,982078511.0,17131427.31,55.74,103621425.0,894224.0,115.88,0.92
070003,799470,09/30/2024,47117706.0,1246634.0,37.8,3152913.0,32453.0,97.15,0.92
420037,798487,09/30/2024,35383597.0,766534.87,46.32,470082.0,5344.0,87.96,0.92
040019,798537,09/30/2024,10109552.0,297889.0,33.94,1402973.0,15612.0,89.87,0.92
070004,799069,09/30/2024,22377111.0,466251.0,47.99,2455274.0,20987.0,116.99,0.92
200018,800100,09/30/2024,75421526.0,1678401.0,44.94,4044577.0,43451.0,93.08,0.92
100030,828981,09/30/2024,125494341.0,3384469.72,37.13,655141.0,5152.0,127.16,0.92
040020,830846,09/30/2024,219885081.0,6031399.0,36.46,7981658.0,81654.0,97.75,0.92
670132,798627,09/30/2024,17468614.0,357704.37,48.84,1130914.0,15099.0,74.9,0.92
340173,798082,09/30/2024,126547092.0,2855832.2,44.31,7996022.0,128044.38,62.45,0.92
200021,798439,09/30/2024,114730295.0,2182949.92,52.56,4357874.0,40706.94,107.05,0.92
030114,808938,09/30/2024,50519205.0,1217789.0,41.48,3160437.0,41812.0,75.59,0.92
230216,799252,09/30/2024,86491848.0,2177466.43,39.92,1945784.0,24731.02,78.68,0.92
070006,799214,09/30/2024,429388406.0,5636274.0,76.18,3791492.0,34228.0,110.77,0.92
440185,814931,09/30/2024,10584969.0,248153.14,42.65,155603.0,2024.92,76.84,0.92
230207,809316,09/30/2024,75739026.0,1813878.0,41.75,4731270.0,44712.0,105.82,0.92
200033,799688,09/30/2024,375242566.0,6965855.33,53.87,20060361.0,230124.38,87.17,0.92
100028,799869,09/30/2024,71702516.0,1934929.9,37.06,9761334.0,142569.0,68.47,0.92
230193,798974,09/30/2024,54523684.0,1357921.71,40.36,1591908.0,11618.0,137.02,0.92
340188,798847,09/30/2024,24614592.0,655568.0,37.55,823467.0,7188.0,114.56,0.92
450597,798741,09/30/2024,21250281.0,539529.21,39.35,1210235.0,25051.0,48.31,0.92
230227,799888,09/30/2024,142867079.0,3279284.0,43.97,7372099.0,95510.0,77.19,0.92
220063,798966,09/30/2024,245814195.0,5090100.94,48.29,6174234.0,57641.9,107.11,0.92
190002,799114,09/30/2024,192823551.0,5686929.0,35.23,7118354.0,111865.0,63.63,0.92
140113,800386,09/30/2024,34438619.0,821849.0,41.83,1064593.0,16174.0,65.82,0.92
010078,801023,09/30/2024,97287800.0,3036684.82,32.04,1155970.0,16188.5,71.41,0.92
490005,799764,09/30/2024,230135165.0,5383150.0,42.75,18885004.0,272574.0,69.28,0.92
520087,800055,09/30/2024,459168537.0,7453238.0,61.61,8859875.0,225979.0,39.21,0.92
400016,800725,09/30/2024,89214574.0,4368726.0,20.42,2241723.0,76237.0,29.4,0.92
050077,798382,09/30/2024,460362593.0,8627615.0,53.36,1793087.0,18747.0,95.65,0.92
100238,830169,09/30/2024,47555914.0,1266209.0,37.6,199860.0,4973.85,40.18,0.92
100253,799483,09/30/2024,147943160.0,3612335.46,40.95,10246237.0,134145.0,76.38,0.92
180048,798953,09/30/2024,94976611.0,2131499.0,44.56,1911127.0,19928.33,95.9,0.92
140093,799966,09/30/2024,29744292.0,752245.0,39.39,1169126.0,13038.0,89.67,0.92
100125,829796,09/30/2024,108508252.0,2465660.0,44.01,483445.0,5730.0,84.37,0.92
300001,797769,09/30/2024,310301807.0,6102368.72,50.85,9625038.0,101910.0,94.45,0.92
180044,798952,09/30/2024,266660424.0,6162525.0,43.27,12115172.0,142805.0,84.84,0.92
520109,799623,09/30/2024,48537545.0,1268970.0,38.25,3420879.0,38011.0,90.0,0.92
010087,798531,09/30/2024,175820711.0,4929167.61,35.69,889086.0,9782.15,90.89,0.92
180043,799361,09/30/2024,37278925.0,1035181.0,35.12,930210.0,14300.0,65.05,0.92
170027,820349,09/30/2024,27147079.0,681617.0,39.83,3870888.0,37979.0,101.92,0.92
460042,822016,09/30/2024,29903426.0,726641.0,41.17,212611.0,2773.75,76.65,0.92
140052,796825,09/30/2024,33174191.0,829240.0,40.17,20353.0,226.0,90.06,0.92
180056,798954,09/30/2024,41868856.0,997726.54,41.79,2700191.0,27989.76,96.47,0.92
140148,799970,09/30/2024,263905753.0,7781560.69,33.91,34933946.0,369051.23,94.66,0.92
170074,799111,09/30/2024,23568052.0,463337.03,50.87,1340069.0,11542.27,116.1,0.92
100359,797941,09/30/2024,98168603.0,2439937.0,40.23,438364.0,4252.66,103.08,0.92
140179,799971,09/30/2024,98153686.0,2242304.0,43.76,1529073.0,30059.0,50.87,0.92
470005,801011,09/30/2024,141209599.0,2418000.0,58.4,10257718.0,128241.0,79.99,0.92
010090,798532,09/30/2024,89753075.0,2569705.79,35.05,85720.0,498.34,172.01,0.92
330273,798714,09/30/2024,54871663.0,1167491.21,47.0,773528.0,7419.0,104.26,0.92
520008,798513,09/30/2024,134720168.0,3388551.86,38.52,16207487.0,195875.4,82.74,0.92
053040,829073,09/30/2024,16641157.0,328451.19,50.67,712138.0,6536.83,108.94,0.92
100142,799079,09/30/2024,36371502.0,1054353.11,34.5,3653072.0,52820.58,69.16,0.92
130071,799090,09/30/2024,89401040.0,1882895.0,47.48,6383349.0,40855.0,156.24,0.92
520062,798516,09/30/2024,27246507.0,654330.59,40.31,5214682.0,59694.0,87.36,0.92
300005,797770,09/30/2024,67975359.0,1285188.0,47.84,2909517.0,30053.0,96.81,0.92
320018,800436,09/30/2024,109067533.0,2508344.0,43.48,2177341.0,26056.0,83.56,0.92
140213,799100,09/30/2024,185049845.0,4639440.0,39.89,5449976.0,54899.23,99.27,0.92
133028,797201,09/30/2024,10216469.0,261020.75,39.14,1598627.0,22902.19,69.8,0.92
100315,807924,09/30/2024,44217485.0,1164021.0,37.99,641872.0,7595.0,84.51,0.92
510055,797542,09/30/2024,228235425.0,5826067.0,39.17,13967769.0,359902.0,38.81,0.92
100175,799223,09/30/2024,17235813.0,463304.0,37.2,1336614.0,18179.0,73.53,0.92
220065,799521,09/30/2024,30770391.0,781542.42,39.37,2231906.0,21692.54,102.89,0.92
380050,797981,09/30/2024,136009806.0,2665858.67,51.02,14540281.0,139104.3,104.53,0.92
180079,798956,09/30/2024,41708613.0,1127138.0,37.0,1166277.0,13729.0,84.95,0.92
153030,832019,09/30/2024,10772735.0,282007.83,38.2,1446729.0,18038.01,80.2,0.92
100135,807885,09/30/2024,373271786.0,9391352.0,39.37,23612981.0,276095.0,85.52,0.92
050696,798781,09/30/2024,472117279.0,7645582.4,61.75,13370955.0,149484.0,89.45,0.92
100246,829801,09/30/2024,133924469.0,3455382.0,38.94,2577029.0,21920.0,117.57,0.92
010073,798635,09/30/2024,11101021.0,449022.0,24.72,180094.0,4496.0,40.06,0.92
380005,798481,09/30/2024,28117596.0,464347.02,60.55,1559514.0,16860.61,92.49,0.92
140162,799097,09/30/2024,66829298.0,1717112.0,39.61,4550910.0,41804.0,108.86,0.92
370166,798590,09/30/2024,12167905.0,374744.2,32.47,387718.0,5837.0,66.42,0.92
470001,810524,09/30/2024,131756738.0,2932405.0,44.93,16661483.0,197171.0,84.5,0.92
150075,808059,09/30/2024,12574415.0,342180.0,36.75,779521.0,10112.0,77.09,0.92
140233,799101,09/30/2024,137580495.0,3157773.0,45.11,2871549.0,25737.0,111.57,0.92
010112,798639,09/30/2024,19853861.0,689158.31,28.81,480848.0,6949.01,69.2,0.92
470011,799295,09/30/2024,52257602.0,1146511.0,45.58,3963193.0,60196.0,65.84,0.92
050026,830692,09/30/2024,427538710.0,7054294.0,60.61,18090482.0,128973.0,140.27,0.92
010099,798637,09/30/2024,16482037.0,495318.78,33.28,1268430.0,24000.93,52.85,0.92
170012,799804,09/30/2024,124141219.0,2733734.29,45.41,1590785.0,11750.0,135.39,0.92
520049,799931,09/30/2024,318376701.0,7770707.0,40.97,3430994.0,107875.92,31.81,0.92
050503,798387,09/30/2024,158740454.0,2967468.0,53.49,122011.0,1160.0,105.18,0.92
470003,825465,09/30/2024,908585720.0,16419908.56,55.95,75205132.0,799940.08,94.01,0.92
190004,798965,09/30/2024,109971017.0,2249174.19,48.89,2541746.0,20264.04,125.43,0.92
330049,799560,09/30/2024,59843077.0,1243374.5,48.13,1845550.0,18872.0,97.79,0.92
140100,799094,09/30/2024,47620402.0,1218643.74,39.08,2112914.0,22917.63,92.2,0.92
100286,814144,09/30/2024,117141742.0,21036178.0,5.56,6041494.0,94747.0,63.76,0.92
140110,799967,09/30/2024,71196279.0,1632170.0,44.02,248143.0,3032.0,81.84,0.92
170208,799231,09/30/2024,26429823.0,538824.21,41.63,2028099.0,26467.57,76.63,0.92
180027,798951,09/30/2024,70519562.0,1790736.0,39.38,1923307.0,14768.0,130.23,0.92
140015,814248,09/30/2024,283638000.0,6641385.59,42.71,5304546.0,65671.53,80.77,0.92
100128,800367,09/30/2024,766802103.0,18450424.0,41.56,47593775.0,830284.0,57.32,0.92
170014,799668,09/30/2024,22967604.0,560240.0,41.0,590857.0,7024.0,84.12,0.92
180024,798950,09/30/2024,22622503.0,546686.0,41.38,429759.0,5552.0,77.41,0.92
030013,800830,09/30/2024,282246779.0,5486844.0,51.44,29670823.0,316872.0,93.64,0.92
100130,800761,09/30/2024,18028301.0,496246.35,36.33,443604.0,5002.25,88.68,0.92
100249,800369,09/30/2024,35767238.0,1014683.0,35.25,1994175.0,13358.0,149.29,0.92
050100,831218,09/30/2024,567816644.0,9811340.63,57.88,5173898.0,51055.0,101.34,0.92
470024,798891,09/30/2024,59161244.0,1188875.49,49.76,4513294.0,53978.39,83.61,0.92
100296,830546,09/30/2024,76103371.0,1798394.0,42.32,776051.0,8332.0,93.14,0.92
140161,799348,09/30/2024,35825514.0,772958.0,47.32,204345.0,2548.0,80.2,0.92
150082,799228,09/30/2024,352674302.0,8060001.24,43.58,25476709.0,279043.81,91.3,0.92
163027,829446,09/30/2024,9620854.0,224003.52,42.95,1027060.0,12838.67,80.0,0.92
100177,807888,09/30/2024,56917955.0,1451386.0,39.22,607495.0,5570.0,109.07,0.92
180017,795634,09/30/2024,98958774.0,2304652.0,42.94,4157853.0,51555.0,80.65,0.92
380002,798480,09/30/2024,105691532.0,2009712.08,52.41,4573720.0,36755.11,124.44,0.92
100316,807925,09/30/2024,51850180.0,1366969.0,37.93,651956.0,7429.0,87.76,0.92
470012,797825,09/30/2024,64150320.0,1716227.0,37.38,1821505.0,15219.0,119.69,0.92
010150,800061,09/30/2024,13423463.0,421051.36,31.88,296265.0,7323.75,40.45,0.92
510050,798902,09/30/2024,193634302.0,5043999.9,38.39,11867391.0,110818.0,107.09,0.92
100154,829797,09/30/2024,207691976.0,4746163.0,43.76,1430612.0,13958.0,102.49,0.92
260057,799392,09/30/2024,35480820.0,833396.0,42.03,302205.0,3587.0,84.25,0.92
180149,798434,09/30/2024,9572673.0,238506.0,40.14,363096.0,1900.0,191.1,0.92
300034,809416,09/30/2024,179737008.0,4287761.0,41.92,7252111.0,90423.0,80.2,0.92
420009,798595,09/30/2024,51166084.0,1305865.94,40.09,2245590.0,25932.0,86.6,0.92
010058,799044,09/30/2024,12324492.0,489384.4,25.18,511437.0,7936.06,64.44,0.92
420007,796858,09/30/2024,432177950.0,10742655.0,39.04,36247525.0,384596.0,94.25,0.92
050169,808992,09/30/2024,344904996.0,6806310.0,50.67,1372534.0,13950.0,98.39,0.92
420005,798863,09/30/2024,20122760.0,502549.75,39.38,1440072.0,19152.13,75.19,0.92
130014,798557,09/30/2024,31763050.0,770180.0,41.0,1506731.0,37905.0,39.75,0.92
330250,800240,09/30/2024,170566051.0,3776644.0,45.16,23385695.0,229161.0,102.05,0.92
300023,799714,09/30/2024,110747787.0,2552816.0,43.38,2923824.0,30969.0,94.41,0.92
100330,831763,09/30/2024,18803873.0,463637.31,41.21,372567.0,4211.83,88.46,0.92
140294,799353,09/30/2024,12993659.0,343250.43,37.71,1029570.0,9728.24,105.83,0.92
010092,798533,09/30/2024,278414496.0,7081244.45,37.1,20279363.0,346464.69,58.53,0.92
410013,829772,09/30/2024,51402856.0,1220825.0,42.11,2325169.0,24443.0,95.13,0.92
510029,815141,09/30/2024,92707204.0,2768218.0,33.49,16484129.0,184400.64,89.39,0.92
520071,798625,09/30/2024,61864240.0,1425006.06,43.41,2766791.0,32310.91,85.63,0.92
140135,799969,09/30/2024,145450175.0,2984389.48,48.83,9051901.0,104990.32,86.22,0.92
410012,798862,09/30/2024,233231088.0,5538554.0,42.11,5710557.0,55394.0,103.09,0.92
100266,798549,09/30/2024,31617008.0,914563.74,34.57,147888.0,1214.75,121.74,0.92
170122,800940,09/30/2024,197814672.0,5264007.41,37.58,41847456.0,476667.0,87.79,0.92
490033,798117,09/30/2024,30800121.0,682226.0,45.01,837248.0,9303.0,90.0,0.92
420033,798486,09/30/2024,37029738.0,925196.64,44.84,543838.0,6230.0,87.29,0.92
140067,799093,09/30/2024,387918082.0,10077054.0,39.62,49188791.0,479459.0,102.59,0.92
510012,798901,09/30/2024,24744433.0,777277.27,31.83,2679076.0,38031.0,70.44,0.92
050222,830394,09/30/2024,280667976.0,4593461.0,61.11,6488683.0,43319.0,149.79,0.92
490024,830662,09/30/2024,721820632.0,14669244.0,48.63,30763203.0,508889.0,60.45,0.92
140064,799092,09/30/2024,53671667.0,1224296.0,44.79,1855414.0,18289.0,101.45,0.92
100157,831051,09/30/2024,433931700.0,11487974.0,37.77,1140180.0,12519.0,91.08,0.92
140184,799350,09/30/2024,24754539.0,601819.08,41.13,2375415.0,17355.46,136.87,0.92
260025,799146,09/30/2024,137018076.0,2837286.88,48.29,9584859.0,95998.08,99.84,0.92
510007,832243,09/30/2024,200385756.0,5962196.88,33.61,4824689.0,113487.49,42.51,0.92
420020,821084,09/30/2024,39072656.0,1152481.23,33.92,5454416.0,60380.79,90.33,0.92
130002,799872,09/30/2024,182388463.0,4244653.0,42.97,15307813.0,117274.0,130.53,0.92
260040,799709,09/30/2024,594252833.0,15904007.72,37.36,13527085.0,153595.66,88.07,0.92
420018,798597,09/30/2024,258066400.0,6637321.63,41.87,36433114.0,415102.0,87.77,0.92
420015,798485,09/30/2024,35555156.0,885206.13,40.34,2262133.0,25951.0,87.17,0.92
010102,798638,09/30/2024,3187860.0,100696.0,31.66,188809.0,6854.0,27.55,0.92
130006,799343,09/30/2024,842492134.0,16007707.0,52.63,60714572.0,471579.0,128.75,0.92
100302,828906,09/30/2024,41857665.0,1082570.22,38.73,494772.0,4719.0,104.85,0.92
010169,798640,09/30/2024,11293639.0,354589.0,31.85,260618.0,4076.0,63.94,0.92
010175,798641,09/30/2024,15641618.0,473027.61,33.07,127682.0,1824.0,70.0,0.92
130025,796439,09/30/2024,43074779.0,1208371.0,35.65,1566467.0,22555.0,69.45,0.92
410007,798594,09/30/2024,600631726.0,27007913.0,23.78,33850163.0,305714.0,110.72,0.92
180124,823295,09/30/2024,28649436.0,809152.0,35.41,483540.0,11700.0,41.33,0.92
100168,799336,09/30/2024,208685001.0,5007290.0,41.68,5447418.0,58854.0,92.56,0.92
010120,800908,09/30/2024,11540952.0,422328.68,27.33,245000.0,1040.0,235.58,0.92
410006,799283,09/30/2024,62686824.0,1447345.67,43.31,2244170.0,20650.18,108.68,0.92
300018,831680,09/30/2024,176175493.0,4208197.17,41.5,13331186.0,154750.49,86.15,0.92
010095,798534,09/30/2024,7385343.0,261196.27,28.28,31619.0,269.0,117.54,0.92
330023,827761,09/30/2024,246733843.0,5221920.14,47.37,6986369.0,64661.0,107.98,0.92
260113,812853,09/30/2024,66672983.0,1924258.95,34.69,1980812.0,17670.0,112.1,0.92
140206,799972,09/30/2024,57673460.0,1371101.0,42.06,13754109.0,139380.0,98.68,0.92
100150,799080,09/30/2024,33922196.0,774314.0,43.75,1916502.0,50349.0,38.06,0.92
050471,807781,09/30/2024,134859968.0,2372778.0,56.84,14451594.0,152911.0,94.51,0.92
150115,798046,09/30/2024,29790981.0,612671.58,48.16,1589860.0,28307.86,56.16,0.92
373034,829017,09/30/2024,15129754.0,386838.77,39.11,16802.0,227.55,73.84,0.92
100117,799222,09/30/2024,57410135.0,1480175.0,38.71,201088.0,1993.0,100.9,0.92
410008,799010,09/30/2024,90866701.0,1977592.0,45.95,1097126.0,10030.0,109.38,0.92
050624,798651,09/30/2024,147943803.0,2796685.0,53.85,15222374.0,178181.0,85.43,0.92
100314,829650,09/30/2024,122902933.0,2649176.0,46.39,1627782.0,16166.0,100.69,0.92
490115,798236,09/30/2024,24575528.0,676626.0,36.32,702592.0,11590.0,60.62,0.92
490042,830836,09/30/2024,79045935.0,2207817.0,35.8,1953813.0,27857.0,70.14,0.92
490089,830838,09/30/2024,23781006.0,663268.0,35.85,839129.0,14705.0,57.06,0.92
050002,799056,09/30/2024,67775243.0,1139999.0,59.45,1734213.0,15570.0,111.38,0.92
260094,799710,09/30/2024,97582930.0,2200331.61,44.35,5132889.0,62640.0,81.94,0.92
410009,799173,09/30/2024,134445178.0,3344334.0,40.2,4020690.0,44148.0,91.07,0.92
380018,798724,09/30/2024,274263584.0,5226440.04,52.48,23937204.0,127937.34,187.1,0.92
410010,800146,09/30/2024,175328660.0,3984784.26,44.02,1877319.0,18833.04,99.68,0.92
100260,829860,09/30/2024,68219457.0,1743439.0,39.05,330506.0,4876.91,67.77,0.92
030037,819172,10/02/2024,6027871.0,142497.0,42.3,466015.0,4224.0,110.33,0.92
030121,819179,10/02/2024,15048975.0,356465.0,42.22,634064.0,6136.0,103.34,0.92
050726,810689,10/14/2024,8117987.0,215166.0,37.73,735900.0,7383.0,99.67,0.92
450661,801002,10/16/2024,47332145.0,1107683.0,42.73,382467.0,4521.0,84.6,0.92
450653,816338,10/16/2024,13070593.0,302149.0,43.26,32956.0,255.0,129.24,0.92
100092,822351,10/22/2024,43956456.0,1158774.0,37.93,17585.0,259.0,67.9,0.92
190160,818531,10/29/2024,26902032.0,695992.0,38.65,407617.0,3172.0,128.5,0.92
450518,820796,10/29/2024,28924989.0,822643.01,35.16,126317.0,1254.76,100.67,0.92
450035,821010,10/29/2024,59983943.0,1484294.0,40.41,3120.0,30.0,104.0,0.92
340132,808464,10/31/2024,49668801.0,1240093.0,40.05,6293698.0,77275.0,81.45,0.92
100012,807855,10/31/2024,508872200.0,12172272.0,41.81,12886183.0,107385.0,120.0,0.92
172005,797285,10/31/2024,10129437.0,238456.02,42.48,1669204.0,20945.26,79.69,0.92
100360,830014,10/31/2024,45469088.0,1121798.0,40.48,614212.0,8344.0,73.61,0.92
100049,830156,10/31/2024,25914563.0,653257.0,39.5,156297.0,3726.0,41.95,0.92
312019,808396,10/31/2024,10244768.0,208056.25,49.24,1639185.0,21027.09,77.96,0.92
233027,808236,10/31/2024,36417693.0,920226.0,39.54,700425.0,20006.0,35.01,0.92
490023,800045,10/31/2024,48585882.0,1052326.0,46.17,1804616.0,21804.0,82.77,0.92
490145,824402,10/31/2024,27712013.0,558014.0,49.66,383433.0,2103.0,182.33,0.92
362023,828950,10/31/2024,7912995.0,211710.81,37.38,224735.0,4026.36,55.82,0.92
230071,808220,10/31/2024,5577961.0,139909.54,39.87,1121606.0,6265.25,179.02,0.92
100220,807899,10/31/2024,296156578.0,6838590.0,43.31,15764080.0,131367.0,120.0,0.92
230277,808225,10/31/2024,58667212.0,1446626.0,40.49,4514939.0,114113.0,39.57,0.92
450083,822233,10/31/2024,149340337.0,4344025.08,34.38,20481396.0,347852.0,58.88,0.92
450194,808716,10/31/2024,14029023.0,389704.65,36.0,1191463.0,20927.0,56.93,0.92
522006,808875,10/31/2024,15494644.0,336301.77,46.07,738167.0,11143.29,66.24,0.92
490111,808811,10/31/2024,25013457.0,614736.0,40.69,1179928.0,18906.0,62.41,0.92
370039,808529,10/31/2024,24737009.0,582767.06,42.45,2202157.0,17505.84,125.8,0.92
040022,829789,10/31/2024,88000843.0,2264320.0,38.85,9318813.0,133391.0,69.86,0.92
262013,827618,10/31/2024,20355139.0,430825.43,47.25,3423557.0,41365.61,82.76,0.92
260074,830257,10/31/2024,16696233.0,430238.0,38.81,1152087.0,14589.0,78.97,0.92
370097,808537,10/31/2024,32700558.0,798668.0,40.94,200271.0,2161.0,92.68,0.92
190050,808157,10/31/2024,24004381.0,713411.0,33.65,1159697.0,11453.0,101.26,0.92
050254,807773,10/31/2024,125530516.0,2405931.7,52.18,334752.0,3247.11,103.09,0.92
442016,797108,10/31/2024,8253424.0,210689.54,39.17,613224.0,9356.95,65.54,0.92
060096,807829,10/31/2024,65619603.0,1211621.65,54.16,2210025.0,22693.0,97.39,0.92
100244,831829,10/31/2024,145839415.0,3713369.0,39.27,1997337.0,16644.0,120.0,0.92
112016,807982,10/31/2024,12464355.0,327535.18,38.06,2010450.0,28726.39,69.99,0.92
040015,808953,11/12/2024,14594377.0,467655.17,31.21,721974.0,12858.27,56.15,0.92
050030,808972,11/30/2024,150033148.0,3328581.61,45.07,1968822.0,21251.0,92.65,0.92
490069,809793,11/30/2024,27951254.0,678524.61,41.19,797843.0,13489.5,59.15,0.92
490060,808806,11/30/2024,42996982.0,1087628.0,39.53,1491413.0,19119.0,78.01,0.92
442014,800647,11/30/2024,10029784.0,223742.67,44.83,1117951.0,15460.28,72.31,0.92
370099,809532,11/30/2024,7250233.0,171287.99,42.33,1198201.0,25965.0,46.15,0.92
450596,830284,11/30/2024,56799222.0,1195306.0,47.52,1353304.0,22864.0,59.19,0.92
362027,828683,11/30/2024,13679302.0,379243.22,36.07,709382.0,12117.19,58.54,0.92
032001,827748,11/30/2024,11865435.0,271535.78,43.7,409178.0,6396.13,63.97,0.92
440006,829133,11/30/2024,104979181.0,2709065.0,38.79,186802.0,2947.0,63.39,0.92
190053,809263,11/30/2024,29207927.0,803278.0,39.29,139275.0,1540.0,90.44,0.92
490059,808805,11/30/2024,40433289.0,1027540.15,39.35,1051661.0,18031.17,58.32,0.92
230108,809315,11/30/2024,36843488.0,926518.0,39.79,326420.0,3654.0,89.33,0.92
420023,809607,11/30/2024,44008432.0,1142430.77,38.52,90667.0,1495.5,60.63,0.92
140310,808019,11/30/2024,10781568.0,227120.61,47.47,281295.0,3168.34,88.78,0.92
440175,809651,11/30/2024,23828710.0,599220.0,39.76,157547.0,1941.0,81.17,0.92
140084,809157,11/30/2024,53676133.0,1401860.0,38.29,4443827.0,44050.0,100.88,0.92
180019,809240,11/30/2024,25650219.0,568203.0,45.14,2856590.0,33115.0,86.26,0.92
670043,809850,11/30/2024,62336217.0,1648388.0,37.82,3010754.0,41389.0,72.74,0.92
102023,809107,11/30/2024,15889312.0,419790.58,37.85,64811.0,1123.62,57.68,0.92
490094,808808,11/30/2024,8249979.0,215145.0,38.35,27599.0,552.25,49.98,0.92
490041,821877,11/30/2024,11077207.0,262872.41,42.14,258631.0,4782.17,54.08,0.92
490017,808796,11/30/2024,22778958.0,561091.65,40.6,1921795.0,21752.05,88.35,0.92
030117,808939,11/30/2024,18736328.0,459552.0,40.77,1643676.0,18743.0,87.7,0.92
370183,809536,11/30/2024,8705170.0,210105.49,41.43,876647.0,5606.09,156.37,0.92
490136,808815,11/30/2024,24821996.0,594569.39,41.75,968735.0,15218.0,63.66,0.92
390104,813235,12/23/2024,6023497.0,147163.0,40.93,136174.0,1547.0,88.02,0.92
670326,816521,12/31/2024,7382216.0,151870.03,48.61,286308.0,4282.19,66.86,0.92
203025,828562,12/31/2024,18037184.0,395245.54,47.0,729978.0,9379.89,77.82,0.92
673031,812126,12/31/2024,11326207.0,262245.0,43.19,783928.0,12118.0,64.69,0.92
150168,812656,12/31/2024,27192256.0,705597.0,38.54,492724.0,6110.0,80.64,0.92
103046,812531,12/31/2024,15024387.0,402743.0,37.31,980166.0,14943.0,65.59,0.92
160045,810094,12/31/2024,136060504.0,2946166.0,44.07,11878809.0,129538.0,91.7,0.92
673027,812125,12/31/2024,6625491.0,141635.0,46.78,1740164.0,25544.0,68.12,0.92
140181,812611,12/31/2024,20919377.0,492584.0,42.47,5919779.0,59634.0,99.27,0.92
450447,830283,12/31/2024,33200807.0,709272.0,46.81,678676.0,10661.0,63.66,0.92
140127,811466,12/31/2024,88885172.0,2155570.02,40.31,5846323.0,72873.94,80.23,0.92
110100,811442,12/31/2024,9034067.0,305022.91,29.62,1117412.0,15258.3,73.23,0.92
450424,811988,12/31/2024,162174722.0,3763344.08,43.12,2802887.0,46223.0,60.64,0.92
490107,829901,12/31/2024,93547331.0,1994927.0,46.89,1509270.0,16548.0,91.21,0.92
140182,812612,12/31/2024,188578231.0,4526457.91,41.66,3793448.0,64376.41,58.93,0.92
520083,811205,12/31/2024,134474393.0,3325977.92,40.43,11906483.0,170057.63,70.01,0.92
110054,807954,12/31/2024,210993613.0,5111386.89,41.28,2781388.0,33380.25,83.32,0.92
490101,813468,12/31/2024,116691343.0,2307152.14,50.58,1059316.0,13655.0,77.58,0.92
160047,810822,12/31/2024,60573798.0,1393983.0,43.17,4951908.0,47976.0,103.22,0.92
010016,812144,12/31/2024,49895108.0,1169781.84,42.39,2445092.0,34775.2,70.31,0.92
450431,830282,12/31/2024,215206198.0,5172999.0,41.58,581005.0,15750.0,36.89,0.92
520076,811204,12/31/2024,33429782.0,763944.0,43.76,6758264.0,81301.0,83.13,0.92
490113,813469,12/31/2024,109148914.0,2039245.27,53.52,887863.0,9637.96,92.12,0.92
670260,812122,12/31/2024,53638396.0,980017.0,54.73,102575.0,1573.0,65.21,0.92
150165,810803,12/31/2024,45957633.0,1062227.0,43.27,1727042.0,13390.0,128.98,0.92
150167,810804,12/31/2024,20894950.0,789923.0,43.07,,2154.0,86.44,0.92
110069,820841,12/31/2024,135761843.0,3673720.72,33.52,11390215.0,113635.0,100.24,0.92
520070,811203,12/31/2024,316290243.0,5388064.26,62.93,151166.0,1366.05,110.66,0.92
500002,813480,12/31/2024,76835303.0,1616380.0,47.68,791987.0,15532.0,50.99,0.92
520037,812080,12/31/2024,270111991.0,4525927.0,59.68,38896782.0,439082.0,88.59,0.92
150177,811507,12/31/2024,10414988.0,261551.95,39.82,3083248.0,20807.85,148.18,0.92
150172,815601,12/31/2024,15606482.0,411889.11,37.89,112752.0,1618.25,69.68,0.92
150183,811510,12/31/2024,14748023.0,405307.0,36.39,518649.0,7855.0,66.03,0.92
670267,816519,12/31/2024,8440830.0,232998.0,36.23,796456.0,16724.0,47.62,0.92
210017,811616,12/31/2024,38022297.0,947279.02,40.14,1499741.0,15704.5,95.5,0.92
140160,811467,12/31/2024,44350705.0,1006802.0,44.05,819458.0,10702.0,76.57,0.92
150193,810806,12/31/2024,8328687.0,217775.0,38.24,807803.0,11048.0,73.12,0.92
492008,829690,12/31/2024,6670692.0,143105.84,46.61,1482484.0,19171.3,77.33,0.92
210016,811615,12/31/2024,120140726.0,2548678.0,46.58,7221593.0,85777.0,84.19,0.92
152014,829930,12/31/2024,11529608.0,312731.97,36.87,2615738.0,34535.87,75.74,0.92
450484,830216,12/31/2024,40017820.0,1043171.0,38.36,1995549.0,29300.0,68.11,0.92
520059,812082,12/31/2024,35124044.0,824883.01,42.42,623443.0,6494.36,96.0,0.92
160001,811534,12/31/2024,31731939.0,671655.0,47.06,1728460.0,18991.0,91.01,0.92
153050,811528,12/31/2024,5702422.0,139440.0,40.9,556769.0,7119.0,78.21,0.92
153044,811526,12/31/2024,9303458.0,216362.0,43.0,3139047.0,46444.0,67.59,0.92
450422,813377,12/31/2024,14068878.0,374451.31,39.05,272828.0,4549.09,59.97,0.92
670309,812123,12/31/2024,29747931.0,619808.0,46.49,139531.0,2459.0,56.74,0.92
490140,813474,12/31/2024,37874143.0,766729.57,49.4,4079927.0,44904.71,90.86,0.92
110079,810053,12/31/2024,842173590.0,17064684.87,49.35,70058652.0,1369989.98,51.14,0.92
153043,832172,12/31/2024,14272673.0,325268.0,43.88,2434862.0,34335.0,70.91,0.92
520057,811202,12/31/2024,23456341.0,572416.0,40.98,1500055.0,21926.07,68.41,0.92
030122,810635,12/31/2024,157047120.0,3770094.21,41.66,12430730.0,124742.11,99.65,0.92
490143,813475,12/31/2024,26188338.0,624991.0,41.9,260385.0,2811.0,92.63,0.92
140172,809161,12/31/2024,112237124.0,2714673.0,41.34,6335726.0,66471.0,95.32,0.92
490130,813472,12/31/2024,30714950.0,775162.0,39.62,878051.0,10051.0,87.36,0.92
140158,814267,12/31/2024,65670111.0,1428722.0,45.96,1931635.0,20333.0,95.0,0.92
670321,815200,12/31/2024,7671577.0,87202.0,87.97,,2016.0,60.05,0.92
490119,813470,12/31/2024,120772977.0,2804153.08,44.3,563277.0,6985.11,80.64,0.92
493029,810539,12/31/2024,11110547.0,260010.07,42.73,3516268.0,44542.56,78.94,0.92
013028,828522,12/31/2024,15487222.0,407605.51,38.0,407786.0,4563.37,89.36,0.92
450462,830894,12/31/2024,258345516.0,5430825.68,47.57,1629120.0,20982.5,77.64,0.92
100299,810753,12/31/2024,57213788.0,1404111.0,41.78,69617.0,1096.0,63.52,0.92
030130,809886,12/31/2024,41550208.0,925741.0,44.88,744981.0,7234.81,102.97,0.92
150173,829444,12/31/2024,93483032.0,2267618.71,41.09,2272071.0,24311.6,93.46,0.92
520038,812081,12/31/2024,25425722.0,583900.15,42.03,584489.0,5480.31,106.65,0.92
150169,811505,12/31/2024,153540454.0,3494779.0,43.74,6130712.0,43658.0,140.43,0.92
110089,810767,12/31/2024,73083045.0,1832813.38,39.87,2085893.0,20363.6,102.43,0.92
100014,810732,12/31/2024,64498228.0,1432045.0,40.61,74814.0,937.0,79.84,0.92
450469,813381,12/31/2024,20264501.0,693263.43,29.23,85663.0,1962.04,43.66,0.92
490122,813471,12/31/2024,108738039.0,2101533.0,51.74,2172160.0,26289.4,82.62,0.92
670266,813566,12/31/2024,21555878.0,517543.0,41.7,3048566.0,25497.0,119.57,0.92
160013,810090,12/31/2024,25226858.0,572788.0,44.04,1007513.0,9999.0,100.76,0.92
030123,810636,12/31/2024,67264920.0,1484202.0,45.84,295899.0,2501.0,118.31,0.92
493028,828757,12/31/2024,10631340.0,248828.72,42.73,1028568.0,18399.09,55.9,0.92
450358,811986,12/31/2024,771276258.0,17104010.0,45.12,37415677.0,722772.0,51.77,0.92
110050,812549,12/31/2024,18964105.0,365606.0,54.07,222406.0,2547.0,87.32,0.92
140280,810073,12/31/2024,95873788.0,2296667.0,41.74,15865731.0,162015.0,97.93,0.92
500077,811187,12/31/2024,84657720.0,1753437.0,48.41,1129234.0,20148.0,56.05,0.92
150045,810082,12/31/2024,18526836.0,597135.0,40.28,63144.0,956.25,66.03,0.92
510072,813525,12/31/2024,15293782.0,466773.92,32.76,434627.0,4731.5,91.86,0.92
450231,831433,12/31/2024,143853987.0,3849874.84,37.37,10062800.0,135331.0,74.36,0.92
500079,810546,12/31/2024,283327631.0,4371510.55,64.81,22381294.0,236773.0,94.53,0.92
030155,811267,12/31/2024,5565772.0,142498.0,39.06,162089.0,1842.0,88.0,0.92
150042,808052,12/31/2024,113252203.0,2772681.0,40.85,6143317.0,103844.0,59.16,0.92
500084,813501,12/31/2024,22720780.0,437483.0,52.18,2041370.0,19817.0,103.01,0.92
150037,828279,12/31/2024,70633622.0,2103585.0,33.4,1789349.0,21417.0,83.55,0.92
140288,812625,12/31/2024,134098129.0,3129898.56,42.59,57128.0,587.16,97.3,0.92
010139,812158,12/31/2024,96528696.0,2251624.55,42.57,11315310.0,131859.83,85.81,0.92
150035,829522,12/31/2024,98705918.0,2416652.0,40.84,3626967.0,48908.0,74.16,0.92
510058,813524,12/31/2024,120657407.0,3872591.33,31.16,13755636.0,172724.0,79.64,0.92
140289,820563,12/31/2024,72198645.0,1998072.83,36.13,2521293.0,26550.51,94.96,0.92
140291,811469,12/31/2024,98316417.0,2235025.3,43.99,807076.0,10207.29,79.07,0.92
500119,810547,12/31/2024,75682901.0,1224579.41,61.8,4939696.0,52800.0,93.55,0.92
150026,810081,12/31/2024,86816240.0,2135914.0,40.65,669958.0,5586.0,119.94,0.92
010144,810621,12/31/2024,69340759.0,2129208.0,32.57,2149800.0,42645.93,50.41,0.92
500072,813500,12/31/2024,128545472.0,2799119.24,45.92,7966317.0,95766.69,83.18,0.92
030154,816905,12/31/2024,7897227.0,136071.0,58.04,168045.0,1823.0,92.18,0.92
110023,811437,12/31/2024,96718101.0,2071101.0,66.05,2290299.0,32032.0,71.5,0.92
150065,808058,12/31/2024,95363540.0,1968870.0,48.44,3608857.0,67274.0,53.64,0.92
150061,811489,12/31/2024,33295031.0,945488.0,35.21,932616.0,9425.32,98.95,0.92
150059,810796,12/31/2024,111618529.0,2662457.02,41.96,1675937.0,16354.64,102.47,0.92
500054,813496,12/31/2024,394972653.0,7258311.0,54.91,9390980.0,173515.0,54.12,0.92
450253,813372,12/31/2024,4120253.0,93736.7,43.96,30975.0,1032.5,30.0,0.92
150058,812646,12/31/2024,190321890.0,4343904.0,43.81,7432452.0,76832.0,96.74,0.92
500058,813498,12/31/2024,379311156.0,7099966.0,53.76,9733912.0,107110.0,90.88,0.92
510093,816473,12/31/2024,4966498.0,86967.28,57.19,37348.0,713.75,52.33,0.92
150057,810795,12/31/2024,27049189.0,656051.0,41.23,1301193.0,14777.0,88.06,0.92
673073,813577,12/31/2024,4964249.0,113929.0,43.57,259023.0,5932.0,43.67,0.92
150056,811488,12/31/2024,845895809.0,19864506.0,42.4,156636247.0,1178271.0,132.94,0.92
673074,812138,12/31/2024,6160550.0,142050.0,43.37,293496.0,4379.0,67.02,0.92
150051,811487,12/31/2024,132086777.0,3367315.16,39.05,34377023.0,266253.0,129.11,0.92
500060,815125,12/31/2024,33287483.0,585064.61,56.9,5487150.0,50329.43,109.02,0.92
150048,811486,12/31/2024,98927611.0,2594704.82,38.13,8820379.0,116237.43,75.88,0.92
673077,813579,12/31/2024,7739688.0,192131.0,40.28,153332.0,4206.0,36.46,0.92
150069,812647,12/31/2024,65110645.0,1452745.0,44.9,2797097.0,18672.0,149.8,0.92
450222,830819,12/31/2024,77801129.0,1842813.0,42.33,1836912.0,45219.0,40.62,0.92
100258,812512,12/31/2024,143287496.0,3264140.0,43.87,146115.0,2486.0,58.78,0.92
503027,812069,12/31/2024,1858157.0,31921.0,58.21,443048.0,4380.0,101.15,0.92
150006,829443,12/31/2024,43749427.0,1122615.0,38.97,702038.0,7705.0,91.11,0.92
510001,815135,12/31/2024,557911100.0,16208914.63,34.42,22813584.0,230111.2,99.14,0.92
150005,810789,12/31/2024,221386160.0,4161770.17,53.2,1582332.0,18129.57,87.28,0.92
510002,815137,12/31/2024,56782160.0,956897.0,59.34,8660661.0,110819.14,78.15,0.92
010125,812154,12/31/2024,8517101.0,298579.0,28.53,165555.0,797.05,207.71,0.92
090001,811382,12/31/2024,203323288.0,4318706.0,48.24,44716202.0,851317.0,52.53,0.92
100265,812514,12/31/2024,141762237.0,3617562.8,39.19,3044169.0,34799.4,87.48,0.92
150002,811477,12/31/2024,180967806.0,4197664.0,43.01,22241277.0,229154.0,97.06,0.92
150001,828184,12/31/2024,40974928.0,1341832.82,30.5,5920762.0,55111.21,107.43,0.92
510006,816462,12/31/2024,186774076.0,3916109.0,47.69,11198135.0,114350.0,97.93,0.92
450209,809688,12/31/2024,130425576.0,3571282.0,37.71,8164939.0,168479.0,48.46,0.92
510024,815140,12/31/2024,127150691.0,2867523.55,44.55,6387129.0,109190.3,58.5,0.92
510008,812071,12/31/2024,94920567.0,2613981.6,36.31,16034423.0,136126.0,117.79,0.92
100268,812515,12/31/2024,58656205.0,1370782.0,42.77,546896.0,6998.0,78.15,0.92
110002,812535,12/31/2024,53182086.0,1383187.0,38.45,1765814.0,30091.0,58.68,0.92
510022,815138,12/31/2024,752758453.0,15249838.0,49.36,20934800.0,313063.0,66.87,0.92
150007,811481,12/31/2024,58001023.0,1343877.0,42.97,1069609.0,10040.0,106.53,0.92
500124,818295,12/31/2024,553869927.0,8681409.0,63.86,20586994.0,199332.0,103.28,0.92
143029,812639,12/31/2024,6568093.0,152730.0,43.0,1059869.0,13973.0,75.85,0.92
503026,812068,12/31/2024,11516851.0,243386.0,47.32,3256844.0,45663.0,71.32,0.92
150024,811483,12/31/2024,388959453.0,9539370.26,40.77,18023033.0,423678.0,42.54,0.92
500129,810548,12/31/2024,397410774.0,6197885.77,64.12,26011787.0,300031.0,86.7,0.92
140292,812627,12/31/2024,52829630.0,1209344.76,43.68,1323614.0,13859.0,95.51,0.92
150023,829251,12/31/2024,130458804.0,3267792.6,39.92,24652513.0,279899.4,88.08,0.92
150022,810791,12/31/2024,14417589.0,393155.0,36.67,514889.0,7754.0,66.4,0.92
500139,810550,12/31/2024,63162320.0,1096487.71,57.6,6979197.0,75414.0,92.55,0.92
150021,815585,12/31/2024,746732277.0,10823755.0,52.84,22119844.0,228384.0,96.85,0.92
673083,812139,12/31/2024,3783387.0,82513.0,45.85,18567.0,246.0,75.48,0.92
150018,811482,12/31/2024,96467839.0,2241541.0,43.04,2379469.0,27135.0,87.69,0.92
140304,810788,12/31/2024,73531011.0,1634886.05,44.98,228091.0,956.0,238.59,0.92
150015,812642,12/31/2024,76875078.0,1938932.53,39.65,2977139.0,27111.03,109.81,0.92
450213,813711,12/31/2024,917137520.0,20631833.02,44.45,2666897.0,35084.0,76.01,0.92
510038,815143,12/31/2024,25868133.0,641747.5,40.31,1235914.0,21601.07,57.22,0.92
500152,813502,12/31/2024,106639527.0,1839096.0,58.05,1646171.0,26321.0,62.54,0.92
100275,810752,12/31/2024,90187235.0,2225442.0,41.39,847840.0,11137.0,76.13,0.92
500154,810551,12/31/2024,36151818.0,604667.3,59.79,3025712.0,34848.0,86.83,0.92
500053,810545,12/31/2024,79215749.0,1511180.0,52.42,10551676.0,130804.0,80.67,0.92
030152,817083,12/31/2024,7442307.0,134578.0,55.3,308917.0,3187.0,96.93,0.92
150072,810797,12/31/2024,45345441.0,1167740.0,38.65,3193453.0,27976.0,114.15,0.92
500016,813486,12/31/2024,309570171.0,6978514.0,44.36,19588413.0,180332.0,108.62,0.92
100289,812522,12/31/2024,181313571.0,4714570.0,38.46,7374926.0,108059.0,68.25,0.92
673039,829228,12/31/2024,12526898.0,305079.18,41.06,191797.0,2786.77,68.82,0.92
150128,811497,12/31/2024,91034219.0,2050815.0,44.2,1663439.0,11638.0,142.93,0.92
150126,823853,12/31/2024,82906956.0,2061313.95,40.22,4829028.0,50257.25,96.09,0.92
500019,832144,12/31/2024,76127007.0,1514843.0,50.36,1911150.0,30550.0,62.56,0.92
140202,812616,12/31/2024,141306042.0,3301222.74,42.8,2908856.0,33927.9,85.74,0.92
500024,818293,12/31/2024,252310537.0,4931559.0,51.23,21060551.0,432466.0,48.7,0.92
140208,812617,12/31/2024,463059162.0,10904174.78,42.47,8542417.0,140703.15,60.71,0.92
520011,813534,12/31/2024,43856493.0,784350.0,55.91,2689360.0,27680.0,97.16,0.92
150113,811495,12/31/2024,74927974.0,1822099.0,40.96,1584355.0,14978.0,105.78,0.92
500025,812057,12/31/2024,170296451.0,2943290.0,57.96,10037495.0,162048.0,61.94,0.92
110036,828321,12/31/2024,213964905.0,5433880.0,39.3,97428.0,912.0,106.83,0.92
150112,810801,12/31/2024,130919015.0,3116456.0,41.78,29802705.0,408400.0,72.97,0.92
140209,812619,12/31/2024,204967257.0,4056030.0,50.53,14182467.0,150183.0,94.43,0.92
450379,813376,12/31/2024,18049880.0,474134.0,38.07,729292.0,11489.0,63.48,0.92
500026,813489,12/31/2024,149013465.0,2565427.0,58.16,3248295.0,49716.0,65.34,0.92
150109,800936,12/31/2024,113442805.0,2777472.0,40.84,7996019.0,86336.0,92.62,0.92
150146,811499,12/31/2024,19355949.0,599848.17,40.66,329050.0,3002.5,109.59,0.92
030136,809888,12/31/2024,28034658.0,582969.0,48.09,2205149.0,23688.0,93.09,0.92
150162,800937,12/31/2024,221783358.0,5236137.0,42.36,20075815.0,236696.0,84.82,0.92
520035,812079,12/31/2024,69972857.0,1666346.56,41.36,977630.0,10301.02,94.91,0.92
500003,813481,12/31/2024,271880347.0,4388297.88,61.96,9339676.0,68227.87,136.89,0.92
150161,811503,12/31/2024,83157093.0,2161133.0,38.34,24648811.0,188121.0,131.03,0.92
673032,829227,12/31/2024,18791708.0,451238.94,41.64,50411.0,1225.22,41.14,0.92
010012,810614,12/31/2024,16696388.0,525957.23,31.74,857823.0,15318.26,56.0,0.92
100007,809982,12/31/2024,2059509879.0,50295870.0,41.39,8174606.0,87421.0,93.51,0.92
103052,810037,12/31/2024,10258608.0,260402.46,39.4,39458.0,943.05,41.84,0.92
140185,808010,12/31/2024,147741053.0,3505069.18,42.29,24999466.0,377887.86,66.16,0.92
520034,812078,12/31/2024,26860835.0,660334.84,40.78,134593.0,1375.19,97.87,0.92
150160,811502,12/31/2024,33880980.0,823168.49,41.16,3561790.0,61033.31,58.36,0.92
150158,811501,12/31/2024,82666124.0,2143277.63,38.36,15169470.0,118696.0,127.8,0.92
500007,813483,12/31/2024,57606163.0,1138516.0,50.6,11445117.0,65829.0,173.86,0.92
140186,812614,12/31/2024,193156090.0,4276309.0,46.02,7193676.0,87915.0,81.83,0.92
673035,813573,12/31/2024,13543938.0,268029.13,50.53,110436.0,2969.75,37.19,0.92
520028,816761,12/31/2024,85880454.0,1551353.92,55.36,482470.0,5436.65,88.74,0.92
010103,812153,12/31/2024,62693684.0,1342075.59,46.46,4591160.0,54643.16,84.02,0.92
500014,813485,12/31/2024,356425319.0,6559072.0,54.46,34042285.0,612427.0,55.59,0.92
150149,811500,12/31/2024,54271950.0,1091873.09,49.47,133510.0,1175.76,113.55,0.92
500015,811181,12/31/2024,99774450.0,1656829.78,60.22,11438703.0,118995.0,96.13,0.92
030139,809889,12/31/2024,48682183.0,952315.0,51.12,2147274.0,23129.0,92.84,0.92
150104,828383,12/31/2024,79835859.0,1593618.26,50.1,4182544.0,42120.0,99.3,0.92
673054,812133,12/31/2024,14333725.0,333416.27,42.99,252303.0,4177.43,60.4,0.92
450330,810454,12/31/2024,51566875.0,1465622.0,35.18,1949195.0,31698.0,61.49,0.92
030147,827747,12/31/2024,33581259.0,766011.0,43.84,2463980.0,24508.0,100.54,0.92
500044,812060,12/31/2024,175399162.0,2933550.73,59.79,8695946.0,90556.0,96.03,0.92
450324,809691,12/31/2024,172849438.0,4395487.0,40.58,1539607.0,15262.0,100.88,0.92
450292,830891,12/31/2024,17123740.0,336211.05,50.93,22008.0,351.25,62.66,0.92
103066,814165,12/31/2024,2540895.0,53225.0,47.74,27466.0,447.0,61.45,0.92
213028,810172,12/31/2024,16316908.0,406823.39,40.11,1017021.0,13099.24,77.64,0.92
673060,812137,12/31/2024,8174470.0,192559.0,42.45,141050.0,3502.0,40.28,0.92
140251,812623,12/31/2024,45564613.0,1119848.0,40.69,1528970.0,20512.0,74.54,0.92
150074,811490,12/31/2024,282993260.0,6395104.0,44.04,9071672.0,57866.0,156.77,0.92
100284,812521,12/31/2024,25682988.0,863204.49,29.75,146425.0,3110.2,47.08,0.92
513030,810573,12/31/2024,20248965.0,527167.51,38.41,700628.0,9577.11,73.16,0.92
150086,809180,12/31/2024,33466857.0,875565.0,38.22,558754.0,6342.0,88.1,0.92
673052,829844,12/31/2024,15250752.0,368321.79,41.41,200296.0,2777.6,72.11,0.92
500037,809809,12/31/2024,24369077.0,475803.0,51.22,2933285.0,37727.0,77.75,0.92
500027,812058,12/31/2024,541464534.0,8839707.0,61.39,17146029.0,289377.0,59.25,0.92
150102,832170,12/31/2024,6473219.0,168379.0,38.44,42941.0,463.0,92.75,0.92
150101,810800,12/31/2024,31560298.0,971115.89,41.24,1682160.0,17395.97,96.7,0.92
520004,813533,12/31/2024,174260001.0,2892370.5,64.82,73012.0,667.55,109.37,0.92
500031,813491,12/31/2024,42981686.0,774927.0,55.47,8694499.0,88141.26,98.64,0.92
030134,809887,12/31/2024,9113642.0,188716.73,48.29,120641.0,1200.58,100.49,0.92
150097,821957,12/31/2024,81551437.0,1951124.0,41.55,809092.0,9434.0,85.76,0.92
150091,810798,12/31/2024,20514047.0,617147.0,41.76,199142.0,2359.0,84.42,0.92
500033,813492,12/31/2024,84488995.0,2242068.0,37.68,14204676.0,129547.0,109.65,0.92
150090,823852,12/31/2024,76769295.0,1777049.96,43.2,2590454.0,27797.0,93.19,0.92
150089,815595,12/31/2024,143898433.0,3781071.36,37.89,26290558.0,217170.0,121.06,0.92
210060,811618,12/31/2024,26581458.0,562185.0,46.95,1609370.0,19332.0,83.25,0.92
500036,812059,12/31/2024,282394624.0,5223059.07,54.07,13379316.0,193636.01,69.1,0.92
140223,811468,12/31/2024,351071580.0,8377495.8,41.91,1897752.0,19173.22,98.98,0.92
210057,811617,12/31/2024,192318470.0,4366442.0,43.48,5790874.0,69921.0,82.82,0.92
160082,810823,12/31/2024,384806176.0,8693493.0,44.27,37645108.0,394539.0,95.42,0.92
010024,816586,12/31/2024,150898879.0,3500696.21,43.01,4488402.0,68381.85,65.64,0.92
100189,829859,12/31/2024,75665644.0,1916193.0,39.56,444375.0,3916.0,113.48,0.92
030012,811260,12/31/2024,134008602.0,2936183.0,45.64,22651509.0,257780.0,87.87,0.92
520212,811213,12/31/2024,42505369.0,707575.0,60.07,3193305.0,29674.0,107.61,0.92
460057,827328,12/31/2024,32837811.0,642986.0,50.32,365952.0,4145.0,88.29,0.92
460058,827453,12/31/2024,52453201.0,1217388.95,42.52,92346.0,875.68,105.46,0.92
140030,812602,12/31/2024,113911766.0,2602742.97,43.77,780078.0,8031.47,97.13,0.92
450853,811141,12/31/2024,44110207.0,1005087.17,47.48,35200.0,276.38,127.36,0.92
520210,811212,12/31/2024,81391912.0,1405547.0,57.91,1473418.0,16350.0,90.12,0.92
100132,811411,12/31/2024,67516868.0,1684065.28,40.1,311663.0,3286.6,94.83,0.92
463025,810520,12/31/2024,11385264.0,298191.47,38.18,86214.0,1610.97,53.52,0.92
670060,813556,12/31/2024,29287080.0,664876.0,48.02,3770455.0,51601.0,73.07,0.92
140034,827684,12/31/2024,31095292.0,764259.28,40.69,300174.0,4547.0,66.02,0.92
520208,811211,12/31/2024,22426074.0,569553.65,39.37,290473.0,2899.47,100.18,0.92
450844,812006,12/31/2024,259194453.0,5530836.0,46.89,637366.0,8404.0,75.84,0.92
100069,810741,12/31/2024,81044187.0,1929441.0,42.0,2089389.0,26330.0,79.35,0.92
450840,830381,12/31/2024,41670858.0,773868.0,53.85,382777.0,6162.0,62.12,0.92
450855,813403,12/31/2024,42737253.0,1233850.0,34.64,277100.0,4116.0,67.32,0.92
100068,812474,12/31/2024,224802830.0,6322443.0,40.22,6905239.0,98607.0,70.03,0.92
100362,811426,12/31/2024,29050535.0,702238.53,41.37,308464.0,3161.55,97.57,0.92
190114,812714,12/31/2024,9981692.0,301569.0,33.1,135933.0,816.0,166.58,0.92
030016,809877,12/31/2024,53600717.0,1234885.0,43.41,2253161.0,23974.0,93.98,0.92
010065,812149,12/31/2024,34028265.0,985380.1,34.22,627665.0,11430.19,54.91,0.92
670049,810599,12/31/2024,22265178.0,603969.0,38.9,2075801.0,25948.0,80.0,0.92
140012,811459,12/31/2024,70181463.0,1440026.81,48.74,1894265.0,20640.81,91.77,0.92
140013,812601,12/31/2024,32848499.0,923902.0,35.55,5987093.0,75464.0,79.34,0.92
010046,811248,12/31/2024,45274031.0,1438353.0,31.48,1610211.0,21703.0,74.19,0.92
460043,827885,12/31/2024,11389280.0,261615.0,43.93,16843.0,328.0,51.35,0.92
100127,811409,12/31/2024,240355332.0,6272570.79,38.32,6082359.0,87598.62,69.43,0.92
030014,812175,12/31/2024,160187037.0,3550929.0,46.22,1226255.0,14596.0,84.01,0.92
180035,808136,12/31/2024,346263056.0,7778194.0,44.48,13245842.0,151776.0,87.27,0.92
460044,827886,12/31/2024,38792523.0,898562.22,42.21,153159.0,1529.74,100.12,0.92
450864,813723,12/31/2024,25925399.0,864274.65,33.96,2740768.0,48154.2,56.92,0.92
520215,812094,12/31/2024,12670271.0,223208.0,56.76,1073512.0,9485.0,113.18,0.92
670054,816509,12/31/2024,7082617.0,186197.59,39.09,47207.0,741.67,63.65,0.92
520214,816496,12/31/2024,7938115.0,175909.0,45.13,261092.0,2471.0,105.66,0.92
450860,815031,12/31/2024,7649049.0,188445.99,42.35,261051.0,4118.67,63.38,0.92
460052,831109,12/31/2024,38216589.0,923084.0,41.35,132067.0,2032.0,64.99,0.92
100072,811400,12/31/2024,96495446.0,2202298.0,40.41,633310.0,9228.0,68.63,0.92
450856,812009,12/31/2024,13543632.0,325220.0,41.64,1758048.0,22023.0,79.83,0.92
180001,810121,12/31/2024,56438813.0,1392258.0,40.54,2582418.0,26004.0,99.31,0.92
450834,813401,12/31/2024,8033885.0,219561.0,36.59,11013.0,79.0,139.41,0.92
520207,812092,12/31/2024,91196417.0,2149312.88,41.75,5059872.0,53941.21,93.8,0.92
490004,813443,12/31/2024,194871969.0,3686459.27,52.86,5166838.0,58609.55,88.16,0.92
030087,812180,12/31/2024,222768118.0,4783862.0,47.36,2011012.0,17215.0,116.82,0.92
100055,811395,12/31/2024,61278280.0,1536588.0,39.88,70123.0,1115.0,62.89,0.92
030006,807703,12/31/2024,323566770.0,7855341.0,41.69,20238477.0,189228.0,106.95,0.92
190256,811596,12/31/2024,4901100.0,151603.16,32.33,210336.0,2817.0,74.67,0.92
190259,812720,12/31/2024,13248831.0,336496.0,39.37,387345.0,4756.0,81.44,0.92
670071,813559,12/31/2024,13862649.0,263181.56,52.67,292585.0,3480.5,84.06,0.92
170198,809222,12/31/2024,4224464.0,128685.28,32.83,493666.0,6695.0,73.74,0.92
170197,811549,12/31/2024,20571503.0,602136.28,34.16,1052589.0,18778.9,56.05,0.92
190267,810855,12/31/2024,14969693.0,438513.18,34.14,1056590.0,14300.4,73.89,0.92
170196,828553,12/31/2024,13341356.0,339094.0,39.34,199560.0,3921.0,50.9,0.92
030088,810629,12/31/2024,94730310.0,2366194.89,40.03,7791168.0,78837.61,98.83,0.92
670073,811232,12/31/2024,20558026.0,473319.0,43.43,3887745.0,77487.0,50.17,0.92
490007,813444,12/31/2024,345435771.0,8226865.18,42.75,36305090.0,620962.58,58.47,0.92
450808,813721,12/31/2024,6291078.0,154752.0,40.65,239017.0,3735.0,63.99,0.92
190245,812718,12/31/2024,7821561.0,251583.43,31.09,1091.0,21.82,50.0,0.92
190241,815711,12/31/2024,3709327.0,125633.0,29.53,24005.0,382.0,62.84,0.92
100057,811396,12/31/2024,157580383.0,3918849.0,37.29,1377978.0,18897.0,72.92,0.92
100067,810740,12/31/2024,157123741.0,4071465.01,38.59,1757105.0,21470.2,81.84,0.92
670062,817795,12/31/2024,12222416.0,300202.0,40.71,336900.0,4466.0,75.44,0.92
190176,812716,12/31/2024,307265453.0,4360077.23,70.49,44010810.0,737872.0,59.65,0.92
173025,829448,12/31/2024,9954946.0,246738.32,40.35,257643.0,3796.03,67.87,0.92
670067,813737,12/31/2024,18033401.0,502200.43,37.5,326247.0,5669.0,57.55,0.92
172007,808132,12/31/2024,10985460.0,262875.55,41.79,1611509.0,19661.4,81.96,0.92
100063,810738,12/31/2024,77082702.0,2084658.27,37.5,423563.0,3949.3,107.25,0.92
140046,811460,12/31/2024,61600016.0,1416984.85,43.47,2131909.0,43024.0,49.55,0.92
450869,815032,12/31/2024,297849469.0,9834187.23,30.29,404255.0,3150.96,128.3,0.92
450827,811138,12/31/2024,9532035.0,363872.0,26.2,586392.0,9049.0,64.8,0.92
190190,811594,12/31/2024,8066588.0,203840.48,39.57,240447.0,2907.45,82.7,0.92
450822,830290,12/31/2024,33271118.0,760829.99,43.78,9809.0,348.5,28.15,0.92
170204,811550,12/31/2024,10189373.0,301727.62,33.77,317695.0,5331.31,59.59,0.92
140048,812604,12/31/2024,147846914.0,3480696.84,42.48,12946136.0,144719.0,89.46,0.92
670068,830504,12/31/2024,56610573.0,1199044.0,47.21,5354.0,84.0,63.74,0.92
450820,811137,12/31/2024,239124001.0,5282991.9,45.27,3366511.0,41203.0,81.71,0.92
520206,812091,12/31/2024,62000064.0,1403171.55,41.66,910794.0,9087.84,100.22,0.92
670069,811230,12/31/2024,16535516.0,398183.0,41.53,127949.0,3693.0,34.65,0.92
190088,811588,12/31/2024,11872111.0,407647.0,29.12,1478724.0,20645.0,71.63,0.92
180045,810125,12/31/2024,77090645.0,1933293.0,39.88,3473211.0,36109.0,96.19,0.92
180132,812696,12/31/2024,106285368.0,2483458.0,42.8,3037697.0,37207.0,81.64,0.92
190025,814397,12/31/2024,10199893.0,286010.16,35.66,48590.0,618.0,78.62,0.92
190026,828996,12/31/2024,78426992.0,2125476.0,36.8,1497134.0,54993.0,27.22,0.92
100109,811403,12/31/2024,158119679.0,3610043.0,43.5,7414887.0,111127.0,66.72,0.92
450891,813724,12/31/2024,17803731.0,382225.0,46.58,419721.0,6516.0,64.41,0.92
030062,813810,12/31/2024,95494670.0,2144857.5,44.52,5480730.0,64237.13,85.32,0.92
450890,809748,12/31/2024,76954341.0,1562334.52,49.3,3173127.0,70520.0,45.0,0.92
030036,813805,12/31/2024,253372192.0,5032362.0,50.35,24002858.0,288257.0,83.27,0.92
190034,810139,12/31/2024,36055290.0,990479.0,36.4,516181.0,10702.0,48.23,0.92
450889,811145,12/31/2024,16921199.0,378203.78,44.74,1207169.0,15914.0,75.86,0.92
530008,813548,12/31/2024,18506596.0,432277.0,42.81,10034014.0,113668.0,88.27,0.92
130028,812583,12/31/2024,123042953.0,2467822.82,49.86,13220522.0,176248.0,75.01,0.92
130049,812585,12/31/2024,415444136.0,7306308.0,56.58,7946531.0,91091.0,87.24,0.92
190036,828555,12/31/2024,745552107.0,23093950.0,39.06,39820126.0,541391.0,73.55,0.92
190039,811584,12/31/2024,123418290.0,2829206.84,43.62,13363620.0,203555.0,65.65,0.92
030061,828524,12/31/2024,119598765.0,2845157.0,42.04,28849592.0,285334.0,101.11,0.92
102026,812530,12/31/2024,25026542.0,621948.0,38.57,189491.0,3517.0,53.88,0.92
120006,811456,12/31/2024,100952723.0,1913607.57,52.76,1265609.0,11748.16,107.73,0.92
030038,812177,12/31/2024,141833580.0,3154968.0,45.46,528609.0,7449.0,70.96,0.92
670006,813552,12/31/2024,9854537.0,200382.63,49.18,,7165.99,95.15,0.92
190005,812705,12/31/2024,191332284.0,4914174.39,38.93,45411332.0,1021516.0,44.45,0.92
670005,811226,12/31/2024,5592345.0,150256.0,38.39,558216.0,8581.74,65.05,0.92
670008,813553,12/31/2024,19271794.0,526768.0,36.58,5885307.0,66642.0,88.31,0.92
183032,812702,12/31/2024,5875045.0,127904.0,45.94,1692883.0,21654.0,78.18,0.92
183028,829181,12/31/2024,7075124.0,177191.39,39.93,886351.0,11610.27,76.34,0.92
100105,829571,12/31/2024,231310140.0,4157908.81,55.63,5409321.0,79436.7,68.1,0.92
120011,812579,12/31/2024,170011253.0,2749452.96,61.27,4759407.0,51644.66,92.16,0.92
670025,810595,12/31/2024,117057954.0,2322138.92,50.37,49005.0,375.0,130.68,0.92
190013,812707,12/31/2024,42248995.0,1226147.0,34.46,8950.0,28.0,319.64,0.92
190014,810850,12/31/2024,17168597.0,558759.65,33.45,84465.0,867.63,97.35,0.92
100107,811402,12/31/2024,14427741.0,454674.0,31.73,834356.0,12647.0,65.97,0.92
530012,810591,12/31/2024,64402831.0,1523284.0,42.28,5750271.0,53011.15,108.47,0.92
190270,811598,12/31/2024,8199280.0,268126.0,32.8,110788.0,1208.0,91.71,0.92
460001,826567,12/31/2024,193444801.0,4649925.1,40.9,570595.0,5743.59,99.34,0.92
180102,815679,12/31/2024,67813741.0,1812414.95,37.42,1068230.0,11589.75,92.17,0.92
450876,812011,12/31/2024,25620553.0,672023.0,38.12,1908839.0,29408.84,64.91,0.92
460015,828125,12/31/2024,69606290.0,1677088.42,40.62,3668.0,39.0,94.05,0.92
140002,810783,12/31/2024,63571606.0,1664187.16,38.23,1759408.0,25493.14,69.01,0.92
523028,812109,12/31/2024,11113523.0,261714.0,42.46,1238046.0,28308.0,43.73,0.92
010049,832151,12/31/2024,21498211.0,713652.0,30.12,15903.0,237.0,67.1,0.92
190060,813636,12/31/2024,133371990.0,3451300.76,38.38,13047912.0,201047.78,64.9,0.92
450875,811142,12/31/2024,19951132.0,479858.86,41.58,1447578.0,19511.55,74.19,0.92
460021,825063,12/31/2024,199499725.0,4907001.0,40.18,431034.0,4107.0,104.95,0.92
180051,812692,12/31/2024,85335326.0,1943503.95,43.91,347878.0,4535.34,76.7,0.92
523027,812108,12/31/2024,10044666.0,231352.0,43.42,314364.0,4211.0,74.65,0.92
460023,827655,12/31/2024,61040552.0,1461393.6,41.37,333956.0,3072.43,108.69,0.92
450874,813404,12/31/2024,12143260.0,277526.13,45.26,165650.0,3179.65,52.1,0.92
140010,812600,12/31/2024,724873155.0,13523006.0,53.6,30767344.0,752756.0,40.87,0.92
460026,827452,12/31/2024,14954817.0,321333.69,41.85,148018.0,1377.41,107.46,0.92
100075,819759,12/31/2024,531908846.0,13406754.32,39.87,10056961.0,101245.8,99.33,0.92
670047,812113,12/31/2024,83995070.0,2228249.0,37.63,500616.0,6889.0,72.67,0.92
450872,812010,12/31/2024,22045820.0,560775.0,39.31,1104528.0,13879.0,79.58,0.92
130074,812589,12/31/2024,29890874.0,873152.0,32.98,2608349.0,40755.0,64.0,0.92
130073,818001,12/31/2024,1703588.0,51590.0,33.02,273.0,3.0,91.0,0.92
460014,813436,12/31/2024,22636474.0,579141.0,39.09,1497954.0,50826.0,29.47,0.92
100121,811408,12/31/2024,36717602.0,877390.46,41.85,65657.0,744.65,88.17,0.92
120002,812577,12/31/2024,140725692.0,2661594.55,52.87,9432921.0,109951.18,85.79,0.92
030064,809878,12/31/2024,319797526.0,8217068.81,38.92,80467060.0,594066.0,135.45,0.92
130063,812586,12/31/2024,24524328.0,580468.87,42.25,210758.0,2667.82,79.0,0.92
460004,827737,12/31/2024,172638981.0,4274139.0,39.45,81313.0,812.0,100.14,0.92
180088,812693,12/31/2024,841770369.0,18896582.56,44.55,56681901.0,686642.81,82.55,0.92
460006,827836,12/31/2024,98030352.0,2374163.0,40.39,787626.0,11071.0,71.14,0.92
450883,811144,12/31/2024,13367778.0,341148.34,40.55,529106.0,10289.15,51.42,0.92
190040,811585,12/31/2024,76123589.0,3263056.0,38.78,1595452.0,21795.0,73.2,0.92
130065,810066,12/31/2024,118089552.0,3709946.0,31.57,19541560.0,234894.0,83.19,0.92
190045,814405,12/31/2024,217425769.0,5031086.0,44.06,1108893.0,21107.0,52.54,0.92
130066,812587,12/31/2024,56787904.0,1339010.0,42.2,1717267.0,22092.0,77.73,0.92
190046,811586,12/31/2024,156608553.0,3274177.07,47.83,7675301.0,150221.0,51.09,0.92
030065,809879,12/31/2024,262621454.0,6138629.0,42.78,26173898.0,259405.61,100.9,0.92
460010,828124,12/31/2024,357698039.0,8039140.0,43.01,10905600.0,230425.0,47.33,0.92
460011,813435,12/31/2024,24987617.0,577128.0,43.3,332472.0,4520.0,73.56,0.92
100118,811406,12/31/2024,127744934.0,2193161.0,58.25,366180.0,3961.8,92.43,0.92
460007,824201,12/31/2024,31129603.0,751802.0,41.0,286243.0,3037.0,94.25,0.92
170194,812676,12/31/2024,1.0,1.0,1.0,4850266.0,125530.66,38.64,0.92
030002,811259,12/31/2024,380364373.0,9247142.18,41.35,25428666.0,255823.0,99.4,0.92
450774,813397,12/31/2024,10069963.0,290545.68,36.07,520685.0,9167.93,56.79,0.92
030111,808937,12/31/2024,66270652.0,1787350.62,37.08,19604242.0,374147.0,52.4,0.92
520102,813535,12/31/2024,29633962.0,709828.8,41.1,362685.0,3682.12,98.5,0.92
670122,812120,12/31/2024,192123445.0,4182838.45,45.94,3077693.0,31948.0,96.33,0.92
490063,813460,12/31/2024,808798657.0,16192222.85,49.95,23244001.0,251862.45,92.29,0.92
110129,831958,12/31/2024,133001609.0,3278804.0,40.56,228192.0,2331.0,97.89,0.92
490066,813461,12/31/2024,68183451.0,1658300.97,42.24,2480884.0,27613.98,89.84,0.92
100035,810734,12/31/2024,138362210.0,3585354.0,39.44,3081654.0,37145.0,82.96,0.92
030112,809883,12/31/2024,12700378.0,329921.95,38.97,998503.0,17871.55,55.87,0.92
163026,812671,12/31/2024,3640213.0,71476.0,50.93,508580.0,5900.0,86.2,0.92
450644,829773,12/31/2024,68685426.0,1693495.0,40.54,2526994.0,35751.0,70.68,0.92
010089,812150,12/31/2024,33164832.0,877143.85,37.77,498136.0,6172.98,80.7,0.92
020006,811257,12/31/2024,81379976.0,1510694.0,53.87,301295.0,3376.0,89.25,0.92
170009,811542,12/31/2024,13704136.0,415654.0,32.97,6319.0,98.0,64.48,0.92
140103,812609,12/31/2024,53083540.0,1379298.0,38.49,8315645.0,87289.0,95.27,0.92
140091,811462,12/31/2024,332867852.0,7858472.0,42.38,37989933.0,399291.0,95.14,0.92
110150,811446,12/31/2024,25242994.0,696473.13,36.24,934183.0,13306.38,70.21,0.92
490050,813456,12/31/2024,300391865.0,5970157.0,50.32,11279508.0,185426.89,60.83,0.92
030108,810631,12/31/2024,17475214.0,411690.11,42.45,1036367.0,18279.64,56.7,0.92
100319,812524,12/31/2024,120314248.0,2923095.0,44.42,284936.0,5287.0,53.89,0.92
490052,813458,12/31/2024,280905517.0,6686990.0,42.01,8790972.0,92382.0,95.16,0.92
100176,812487,12/31/2024,64061412.0,1523069.0,42.05,38430.0,705.0,54.51,0.92
490057,813459,12/31/2024,136911383.0,3482572.0,40.33,4772951.0,49967.0,95.52,0.92
193099,808190,12/31/2024,12571317.0,314113.23,40.02,484798.0,6949.21,69.76,0.92
140101,812607,12/31/2024,115087390.0,2541388.83,45.29,1058044.0,13953.62,75.83,0.92
450656,813388,12/31/2024,35395798.0,928898.0,38.1,936158.0,19433.0,48.17,0.92
670120,813563,12/31/2024,43809529.0,1090410.0,40.08,442987.0,7481.0,59.21,0.92
490046,813453,12/31/2024,162555671.0,4048515.0,41.32,2540428.0,44114.0,57.59,0.92
100034,810733,12/31/2024,434649477.0,9407556.11,46.2,6543255.0,75818.87,86.3,0.92
140120,812610,12/31/2024,17325252.0,485019.0,35.72,476662.0,6481.0,73.55,0.92
520089,812083,12/31/2024,227161102.0,4902099.0,46.34,12041778.0,135865.59,88.63,0.92
490090,813465,12/31/2024,34625887.0,915894.78,37.81,3700690.0,37571.06,98.5,0.92
110107,811443,12/31/2024,292047266.0,7661349.01,38.12,12486252.0,185926.83,67.16,0.92
160110,811535,12/31/2024,128259527.0,2739309.0,44.0,9625692.0,105923.0,90.87,0.92
140122,811464,12/31/2024,133087274.0,2701198.08,44.25,1331618.0,15235.0,87.41,0.92
200031,811613,12/31/2024,30592273.0,779854.0,39.53,4598713.0,44253.0,103.92,0.92
520088,811206,12/31/2024,116384353.0,2557411.0,45.51,1994494.0,21182.21,94.16,0.92
490092,811179,12/31/2024,18256070.0,451574.56,40.43,312735.0,3342.85,93.55,0.92
160104,810096,12/31/2024,29260922.0,697068.0,41.98,2009584.0,21489.0,93.52,0.92
030115,810633,12/31/2024,132704540.0,3082124.47,43.06,11429544.0,111352.29,102.64,0.92
200034,810869,12/31/2024,89512064.0,1816710.76,49.27,3020504.0,36047.45,83.79,0.92
490093,813467,12/31/2024,96936988.0,2304660.25,43.34,4450121.0,47136.15,94.41,0.92
670136,810603,12/31/2024,13846469.0,265058.74,52.26,48495.0,367.0,132.14,0.92
490097,811180,12/31/2024,9651055.0,221665.14,43.54,161.0,3.14,51.27,0.92
140125,811465,12/31/2024,45440755.0,1203497.01,37.76,1062370.0,14757.6,71.99,0.92
103044,810033,12/31/2024,18280220.0,510688.37,35.8,14598.0,170.3,85.72,0.92
450617,830650,12/31/2024,179771547.0,4345861.0,41.24,34450.0,175.0,196.86,0.92
200020,813645,12/31/2024,81795629.0,1593543.0,51.33,8014907.0,97769.0,81.98,0.92
160117,810824,12/31/2024,51492224.0,1109676.0,46.4,3746399.0,37943.0,98.74,0.92
450643,809705,12/31/2024,59690307.0,1741136.0,35.89,101616.0,685.0,148.34,0.92
163025,811541,12/31/2024,9329800.0,221733.0,42.08,737909.0,11836.0,62.34,0.92
520100,812084,12/31/2024,118801012.0,2572244.0,46.19,3354606.0,41339.0,81.15,0.92
490067,811177,12/31/2024,82709863.0,1879800.64,44.0,12883316.0,140385.63,91.77,0.92
200001,810868,12/31/2024,94774105.0,1961103.97,48.33,3910117.0,49607.93,78.82,0.92
162003,829314,12/31/2024,5518843.0,135678.17,40.68,1482897.0,17112.85,86.65,0.92
140114,819416,12/31/2024,151545423.0,3278454.9,45.86,1175084.0,12305.06,95.5,0.92
020001,812169,12/31/2024,253832435.0,5142162.0,49.97,10452666.0,148545.0,70.37,0.92
490077,812052,12/31/2024,146264995.0,2301060.88,49.55,4317147.0,46478.67,92.88,0.92
160147,810098,12/31/2024,26552679.0,601543.0,44.14,1034351.0,10508.0,98.43,0.92
160146,810825,12/31/2024,88101604.0,1927692.0,45.61,11684268.0,115894.02,100.82,0.92
110113,811444,12/31/2024,17213293.0,447708.79,38.45,1071005.0,13993.72,76.53,0.92
520095,811208,12/31/2024,64602903.0,1157420.7,55.82,2381741.0,24497.61,97.22,0.92
490088,811178,12/31/2024,19200630.0,523402.46,36.68,3331.0,31.72,105.01,0.92
490075,813463,12/31/2024,116341393.0,3035561.0,38.33,9888656.0,124956.0,79.14,0.92
170186,809220,12/31/2024,14401767.0,352422.69,40.87,1248771.0,26317.76,47.45,0.92
520198,821378,12/31/2024,64267142.0,1563148.83,40.92,460098.0,4068.35,113.09,0.92
030093,812182,12/31/2024,123329719.0,2936266.0,42.0,15369998.0,159942.0,96.1,0.92
100151,810745,12/31/2024,220089884.0,6661044.94,39.95,644294.0,9590.37,67.18,0.92
170185,810831,12/31/2024,72831917.0,1773396.0,41.07,3031521.0,38835.0,78.06,0.92
490021,812049,12/31/2024,265358773.0,7134216.04,37.2,44429070.0,463538.81,95.85,0.92
490022,813448,12/31/2024,185547032.0,3975378.22,46.67,28311294.0,278565.06,101.63,0.92
450709,811133,12/31/2024,107333958.0,2196010.0,48.89,88630.0,705.0,125.72,0.92
170146,812674,12/31/2024,37001563.0,1005951.0,36.78,735719.0,10391.0,70.8,0.92
520193,813537,12/31/2024,152228903.0,3119770.21,39.93,1959980.0,20629.35,95.01,0.92
140065,812605,12/31/2024,69145721.0,1685199.27,43.95,418562.0,4547.0,92.05,0.92
450730,812003,12/31/2024,32929016.0,1261588.75,26.1,1801179.0,29947.23,60.15,0.92
670078,811234,12/31/2024,29842238.0,790816.0,37.74,1500.0,37.0,40.54,0.92
190313,812724,12/31/2024,21994129.0,1177292.55,18.68,994095.0,13192.0,75.36,0.92
030089,809880,12/31/2024,215897503.0,5139128.53,42.01,18406994.0,186143.85,98.89,0.92
190278,811599,12/31/2024,13265401.0,521618.56,25.43,1110184.0,14802.45,75.0,0.92
450771,830492,12/31/2024,165807969.0,3250049.0,51.02,841346.0,11920.0,70.58,0.92
100052,814086,12/31/2024,169114982.0,4430115.14,38.62,3153026.0,39910.65,79.0,0.92
190300,815713,12/31/2024,7236661.0,171924.2,42.09,495698.0,12459.0,39.79,0.92
520205,813539,12/31/2024,16466252.0,312349.0,52.72,264663.0,4407.0,60.06,0.92
490013,813445,12/31/2024,34634779.0,861335.0,41.04,879370.0,10042.88,87.56,0.92
170190,810105,12/31/2024,9545743.0,229942.95,41.51,622105.0,7876.29,78.98,0.92
450747,812004,12/31/2024,36831319.0,1031918.0,35.69,322808.0,5800.0,55.66,0.92
170137,812673,12/31/2024,156630087.0,3292246.0,48.01,5090639.0,50321.0,101.16,0.92
520202,812090,12/31/2024,68053219.0,1098110.0,61.97,4432967.0,57342.0,77.31,0.92
030092,812181,12/31/2024,130676933.0,2940143.0,45.13,934868.0,11546.0,80.97,0.92
170188,812675,12/31/2024,20353308.0,525476.0,38.73,695521.0,5208.0,133.55,0.92
490018,812048,12/31/2024,156284232.0,3431173.35,45.55,5988743.0,100958.89,59.32,0.92
670077,811233,12/31/2024,189874592.0,4134790.34,45.94,3594471.0,39367.0,91.31,0.92
170187,810104,12/31/2024,7744906.0,203408.0,38.08,130945.0,1560.0,83.94,0.92
190303,812723,12/31/2024,7563532.0,304216.4,24.86,326385.0,2265.68,144.06,0.92
010086,811251,12/31/2024,12258066.0,416358.0,29.44,832980.0,11785.0,70.68,0.92
520189,821377,12/31/2024,99069418.0,2365821.93,41.57,1135236.0,12619.42,89.96,0.92
490037,813449,12/31/2024,31122602.0,742566.0,41.91,751252.0,8418.0,89.24,0.92
490043,813450,12/31/2024,162576746.0,3208295.95,50.67,3072627.0,40433.18,75.99,0.92
193031,829000,12/31/2024,7309605.0,188831.81,38.71,408094.0,8680.19,47.01,0.92
100044,829570,12/31/2024,271877675.0,6682972.58,40.68,3293831.0,53083.75,62.05,0.92
450677,811130,12/31/2024,118938772.0,2908809.0,40.89,324305.0,4567.0,71.01,0.92
030105,811263,12/31/2024,34138405.0,757166.78,45.09,2512988.0,23138.66,108.61,0.92
490044,813451,12/31/2024,109703843.0,2634365.0,42.96,1135749.0,12104.0,93.83,0.92
170068,810830,12/31/2024,33696850.0,777346.0,43.35,6524460.0,79006.0,82.58,0.92
110165,812562,12/31/2024,49222259.0,1359969.0,36.19,1876506.0,27043.0,69.39,0.92
100173,811415,12/31/2024,310305669.0,9061231.0,34.25,7030171.0,152927.0,45.97,0.92
520113,812085,12/31/2024,36702163.0,934026.15,39.01,1734841.0,18218.38,95.22,0.92
020012,810622,12/31/2024,154085256.0,2937815.0,52.45,17146123.0,106976.0,160.28,0.92
670107,815194,12/31/2024,8281051.0,205226.0,40.35,787201.0,10231.0,76.94,0.92
100043,812464,12/31/2024,48340976.0,1283890.13,37.65,1733579.0,17761.5,97.6,0.92
030107,813815,12/31/2024,9284772.0,221325.0,41.95,140180.0,2613.0,53.65,0.92
670102,812119,12/31/2024,19202479.0,304669.24,63.03,355499.0,12498.86,28.44,0.92
170104,811544,12/31/2024,262442071.0,5934008.0,44.23,3243304.0,37547.0,86.38,0.92
450684,813391,12/31/2024,138876940.0,3062948.99,45.52,2084857.0,22045.0,94.57,0.92
170120,811545,12/31/2024,45782197.0,1295225.0,35.35,689312.0,7797.0,88.41,0.92
100046,813616,12/31/2024,91962092.0,2272669.0,37.56,1434087.0,21008.0,68.26,0.92
140077,812606,12/31/2024,30701042.0,715601.41,42.9,4663407.0,63554.92,73.38,0.92
100166,829701,12/31/2024,44819990.0,1106236.0,40.31,27979.0,260.0,107.61,0.92
170123,829655,12/31/2024,164911311.0,4624222.0,36.08,10454540.0,281794.0,37.1,0.92
140082,813630,12/31/2024,43703386.0,1048352.0,41.69,6743551.0,65478.0,102.99,0.92
100045,813615,12/31/2024,84533338.0,1922720.0,40.02,280525.0,4040.0,69.44,0.92
490040,812050,12/31/2024,148813595.0,2914302.35,51.06,8248403.0,101705.05,81.1,0.92
520139,812086,12/31/2024,100807258.0,2536199.07,39.84,4113254.0,43513.67,94.53,0.92
450686,811132,12/31/2024,394104553.0,9939188.06,39.65,31294487.0,597831.77,52.35,0.92
030103,809882,12/31/2024,1014764421.0,18089600.88,62.3,1234663.0,15516.44,79.57,0.92
520138,813536,12/31/2024,573932454.0,13310235.0,40.19,17331002.0,183488.0,94.45,0.92
110190,814202,12/31/2024,4471370.0,148633.6,30.08,125760.0,2080.0,60.46,0.92
450688,811999,12/31/2024,41805698.0,1095586.0,38.16,3884414.0,63197.0,61.47,0.92
510013,812072,12/31/2024,56009276.0,1368518.0,40.93,888831.0,8416.0,105.61,0.92
360084,813116,12/31/2024,241773596.0,6636170.18,36.43,155350.0,2987.5,52.0,0.92
310032,812935,12/31/2024,276947370.0,6475161.24,42.77,19381307.0,249042.34,77.82,0.92
310048,811008,12/31/2024,154317751.0,3323633.48,45.58,7032135.0,57501.0,122.3,0.92
050076,812228,12/31/2024,259799699.0,3086664.66,86.29,93703021.0,911445.65,102.81,0.92
310047,812939,12/31/2024,78466543.0,1846272.0,42.5,6060606.0,69153.0,87.64,0.92
310045,814645,12/31/2024,228715137.0,5383262.75,42.64,13825808.0,146834.4,94.16,0.92
310044,812937,12/31/2024,389566786.0,6739448.0,57.79,7251293.0,78596.0,92.26,0.92
050075,811306,12/31/2024,438036085.0,5307158.93,82.97,187829315.0,1692027.0,111.01,0.92
310041,811007,12/31/2024,196762298.0,4253065.82,45.54,6993017.0,59819.0,116.9,0.92
310040,812936,12/31/2024,61883501.0,1553742.0,39.83,79585.0,1234.66,64.46,0.92
310039,827416,12/31/2024,149955045.0,3426842.0,43.76,9084812.0,71024.0,127.91,0.92
050073,811305,12/31/2024,208486345.0,2521422.45,81.08,97156056.0,862544.0,112.64,0.92
310038,811005,12/31/2024,475218879.0,9491874.6,49.97,32865411.0,424807.88,77.37,0.92
310034,827258,12/31/2024,154443569.0,3051234.0,50.62,3134562.0,32577.0,96.22,0.92
050739,812361,12/31/2024,109463865.0,2242355.0,48.82,15304662.0,176406.0,86.76,0.92
310031,811004,12/31/2024,105186607.0,1971877.0,53.34,2230996.0,27269.0,81.81,0.92
310029,829006,12/31/2024,149464445.0,3360923.0,45.3,11658683.0,109881.0,106.1,0.92
310050,812941,12/31/2024,129409457.0,3412672.0,37.92,2792242.0,32872.0,84.94,0.92
310051,813665,12/31/2024,414939912.0,8067356.0,51.51,9425881.0,93020.0,101.33,0.92
310052,827784,12/31/2024,230356563.0,4546513.0,50.67,8967557.0,86411.0,103.78,0.92
310054,812942,12/31/2024,106099626.0,2365515.92,44.85,8375926.0,93603.0,89.48,0.92
050089,812230,12/31/2024,130281468.0,2407187.0,54.12,2130557.0,15583.0,136.72,0.92
310084,810263,12/31/2024,63540803.0,1137682.82,44.86,2617569.0,21305.0,122.86,0.92
310083,812948,12/31/2024,46626646.0,1194009.0,39.05,1755119.0,17162.0,102.27,0.92
050723,812356,12/31/2024,174950153.0,2472156.28,66.66,95967739.0,931213.0,103.06,0.92
310076,811735,12/31/2024,380604145.0,6584904.1,56.23,29403228.0,372433.0,78.95,0.92
310075,810262,12/31/2024,192908529.0,3953208.58,48.6,10045896.0,90001.0,111.62,0.92
310074,811012,12/31/2024,196260461.0,4560116.05,42.36,19915846.0,183490.0,108.54,0.92
050072,811304,12/31/2024,277514001.0,3219489.04,85.2,96405435.0,854507.0,112.82,0.92
310073,828148,12/31/2024,493056156.0,9774616.0,50.44,28279706.0,291103.0,97.15,0.92
310070,811733,12/31/2024,288054482.0,5565021.0,51.76,4695990.0,48059.0,97.71,0.92
310069,812946,12/31/2024,214389717.0,4889321.97,43.85,13960089.0,151906.39,91.9,0.92
310064,812945,12/31/2024,299836833.0,7057310.17,42.34,6760700.0,18645.84,362.58,0.92
310061,811732,12/31/2024,49382184.0,1230418.0,41.16,2439526.0,22446.0,108.68,0.92
310058,814648,12/31/2024,157157912.0,3749909.0,41.91,1952270.0,18787.0,103.92,0.92
310057,811011,12/31/2024,133914499.0,3095362.0,44.27,4312097.0,40913.0,105.4,0.92
050078,810653,12/31/2024,95951106.0,1894707.0,50.79,3128847.0,48560.0,64.43,0.92
390180,813246,12/31/2024,179240471.0,3966094.64,46.57,2221164.0,20239.29,109.75,0.92
310028,812932,12/31/2024,108200771.0,2240619.0,48.29,444735.0,6370.0,69.82,0.92
310027,811003,12/31/2024,170016854.0,4055514.13,41.77,5304663.0,43762.0,121.22,0.92
050071,821113,12/31/2024,393315513.0,4858446.43,85.89,175488311.0,1521649.0,115.33,0.92
310003,811725,12/31/2024,95717488.0,2138855.0,44.75,3813633.0,41016.0,92.98,0.92
050747,812368,12/31/2024,33382002.0,671679.27,49.7,2232322.0,23013.64,97.0,0.92
390316,813254,12/31/2024,13033074.0,356601.18,36.55,,2453.0,95.01,0.92
310002,810250,12/31/2024,354761167.0,6400509.75,53.64,32919275.0,309781.0,106.27,0.92
310001,831179,12/31/2024,899089641.0,16210141.0,55.46,37199099.0,388193.0,95.83,0.92
390322,811088,12/31/2024,12548374.0,299255.0,41.93,383603.0,5074.0,75.6,0.92
050748,812369,12/31/2024,266170850.0,2954644.88,84.86,116755720.0,1095310.0,106.6,0.92
310005,812926,12/31/2024,217694087.0,4181053.0,52.07,3239534.0,33960.0,95.39,0.92
303027,828660,12/31/2024,11446473.0,258997.82,44.2,1413524.0,16667.74,84.81,0.92
050755,812370,12/31/2024,43500721.0,1022356.0,42.55,357114.0,6958.0,51.32,0.92
390323,813255,12/31/2024,5707713.0,171615.0,33.26,73495.0,1128.0,65.16,0.92
050058,812219,12/31/2024,106878364.0,1758705.0,60.77,8610389.0,75596.0,113.9,0.92
050758,812376,12/31/2024,24287386.0,571819.0,42.47,1633830.0,19040.0,85.81,0.92
300011,810996,12/31/2024,115686183.0,2352603.48,49.17,4786940.0,52808.04,90.65,0.92
050760,812377,12/31/2024,150240955.0,1753742.76,86.46,74209716.0,672578.0,110.34,0.92
050761,812378,12/31/2024,156274383.0,2509193.0,62.66,3654804.0,56474.0,64.72,0.92
050063,812222,12/31/2024,148115958.0,2588624.82,57.22,24306703.0,242415.09,100.27,0.92
310092,813666,12/31/2024,221165580.0,4429538.0,49.95,13439174.0,143230.0,93.83,0.92
310006,812927,12/31/2024,65371274.0,1683550.0,38.83,2696796.0,32731.0,82.39,0.92
310008,811726,12/31/2024,192810163.0,4341775.0,44.41,8773616.0,89529.0,98.0,0.92
310025,811731,12/31/2024,56913462.0,1372160.0,41.48,690606.0,7017.0,98.42,0.92
310024,810253,12/31/2024,54810928.0,1172807.83,44.23,5878352.0,49701.0,118.27,0.92
310022,810252,12/31/2024,332030115.0,7897948.0,42.71,14204503.0,133552.0,106.36,0.92
050744,812363,12/31/2024,42815610.0,905013.87,47.31,1075305.0,11085.62,97.0,0.92
050070,812225,12/31/2024,98237833.0,1131593.87,81.55,58281516.0,544767.0,106.98,0.92
310019,813664,12/31/2024,492233121.0,9712392.0,50.68,13068759.0,120654.0,108.32,0.92
310017,812931,12/31/2024,128377159.0,2545661.0,50.5,4438097.0,46533.0,95.38,0.92
390307,811930,12/31/2024,3135185.0,79363.0,39.5,187533.0,1471.0,127.49,0.92
310016,812930,12/31/2024,58037076.0,1383538.0,41.95,416060.0,3903.0,106.6,0.92
310014,825412,12/31/2024,569054774.0,11611255.0,62.66,71371016.0,692039.0,103.13,0.92
050745,812365,12/31/2024,21781185.0,449020.44,48.51,184990.0,1907.12,97.0,0.92
310012,811727,12/31/2024,367746901.0,7669478.0,47.95,13059692.0,142236.0,91.82,0.92
310011,813663,12/31/2024,61494849.0,1465753.0,41.95,3945368.0,40128.0,98.32,0.92
050746,812366,12/31/2024,103846860.0,1945977.0,53.36,3932577.0,40542.03,97.0,0.92
390304,813699,12/31/2024,34164571.0,860464.0,39.7,1495870.0,18680.0,80.08,0.92
310009,810999,12/31/2024,138640651.0,2950048.03,46.12,19778395.0,175569.0,112.65,0.92
310015,812929,12/31/2024,716735535.0,14035228.0,51.28,27004982.0,263358.0,102.54,0.92
310096,812951,12/31/2024,68176376.0,1738331.0,39.22,4359423.0,53119.0,82.07,0.92
310108,826668,12/31/2024,377541317.0,7846220.0,48.08,21479373.0,218496.0,98.31,0.92
330013,811021,12/31/2024,410589354.0,10706025.0,38.52,95328269.0,920897.0,103.52,0.92
330009,812974,12/31/2024,523022824.0,8721770.0,59.97,55258732.0,480166.46,115.08,0.92
330005,824337,12/31/2024,724266436.0,15503302.0,46.72,71800007.0,1181336.0,60.78,0.92
323027,828663,12/31/2024,15203692.0,379559.31,40.06,337687.0,6014.72,56.14,0.92
320091,811019,12/31/2024,33472994.0,732154.47,45.72,532204.0,8198.57,64.91,0.92
320090,811745,12/31/2024,42636812.0,823938.78,51.75,1624427.0,16143.0,100.63,0.92
050121,812241,12/31/2024,134888147.0,2571844.0,53.25,3915483.0,39204.0,99.87,0.92
390041,813222,12/31/2024,59755478.0,1840088.39,32.47,5993262.0,66219.0,90.51,0.92
320086,812965,12/31/2024,12741735.0,298604.43,42.67,1356582.0,20147.0,67.33,0.92
050641,813991,12/31/2024,32223255.0,759329.83,42.44,2093938.0,23018.84,90.97,0.92
050116,812240,12/31/2024,209282390.0,3595419.0,58.21,13907830.0,112209.0,123.95,0.92
050663,812341,12/31/2024,71880962.0,1260036.23,57.05,12352427.0,100993.65,122.31,0.92
050126,812243,12/31/2024,150880055.0,2546092.49,61.23,21172364.0,196252.17,107.88,0.92
330014,811749,12/31/2024,412175156.0,7397426.0,55.72,33308652.0,254483.0,130.89,0.92
330019,818447,12/31/2024,77715384.0,1324484.0,58.68,818085.0,7626.0,107.28,0.92
050127,812244,12/31/2024,77014248.0,1184200.0,65.03,3904251.0,34966.0,111.66,0.92
380082,813211,12/31/2024,56972306.0,1110932.0,51.28,1527883.0,29183.0,52.36,0.92
330055,812980,12/31/2024,410883141.0,7353475.0,54.3,9477448.0,87052.0,108.87,0.92
330046,814673,12/31/2024,740546650.0,13045011.0,56.77,22384696.0,214300.0,104.45,0.92
380091,811077,12/31/2024,231693787.0,3814408.39,62.48,181753488.0,2652718.0,68.52,0.92
330045,814672,12/31/2024,370891204.0,5624255.0,65.94,50872.0,802.0,63.43,0.92
330044,812978,12/31/2024,294392199.0,6494341.0,45.33,37469576.0,370548.0,101.12,0.92
330043,820649,12/31/2024,608540934.0,8226314.0,73.97,1728071.0,12894.0,134.02,0.92
050674,812342,12/31/2024,289188458.0,3152910.89,87.73,174756398.0,1537831.0,113.64,0.92
380103,811079,12/31/2024,99875788.0,1715158.55,60.34,71921441.0,1157326.0,62.14,0.92
330033,811756,12/31/2024,26982038.0,663659.0,40.66,3149962.0,36880.0,85.41,0.92
330030,811755,12/31/2024,59961185.0,1429804.0,41.62,14320524.0,145275.0,98.58,0.92
330028,829476,12/31/2024,278832684.0,4872861.0,57.22,5110817.0,115033.0,44.43,0.92
050608,810683,12/31/2024,39305666.0,803346.5,48.94,1174073.0,10898.41,107.73,0.92
330027,812976,12/31/2024,299548378.0,6344962.0,47.21,16935095.0,160866.0,105.27,0.92
330024,814669,12/31/2024,1620542706.0,22808915.0,71.05,33249752.0,410263.0,81.04,0.92
050609,812339,12/31/2024,324529105.0,4711790.16,70.79,149660248.0,1479683.0,101.14,0.92
050604,812338,12/31/2024,206574090.0,2272898.28,85.11,99291289.0,952602.0,104.23,0.92
320033,812962,12/31/2024,19796068.0,387462.0,51.09,2475834.0,29512.0,83.89,0.92
050677,810685,12/31/2024,140764914.0,2151309.13,64.2,68846892.0,692204.0,99.46,0.92
320022,812961,12/31/2024,41638048.0,928109.01,44.86,1589970.0,15528.85,102.39,0.92
050701,810687,12/31/2024,158617989.0,3187861.0,53.61,14622857.0,122560.0,119.31,0.92
313032,811740,12/31/2024,19409602.0,444241.0,43.69,35133.0,452.14,77.7,0.92
313029,810268,12/31/2024,23362224.0,520835.81,44.86,251821.0,2947.07,85.45,0.92
050704,812348,12/31/2024,67605305.0,1609004.0,42.02,5244184.0,51441.0,101.95,0.92
313025,828043,12/31/2024,102979307.0,2385029.0,43.18,595247.0,8784.13,67.76,0.92
050099,812233,12/31/2024,200916365.0,3937165.46,51.17,12490853.0,130679.75,95.58,0.92
050708,811349,12/31/2024,25442329.0,668711.57,39.6,1298311.0,11804.97,109.98,0.92
050697,812347,12/31/2024,4737486.0,114220.0,41.48,34701.0,408.0,85.05,0.92
310118,812954,12/31/2024,49463677.0,1200441.0,41.2,2652874.0,33477.0,79.24,0.92
050709,812352,12/31/2024,78738134.0,1931610.0,40.76,2022936.0,24192.0,83.62,0.92
310113,828042,12/31/2024,88527095.0,1886805.0,46.92,3914667.0,39081.0,100.17,0.92
050091,812231,12/31/2024,29112859.0,691745.62,42.09,3212139.0,31761.79,101.13,0.92
310112,827259,12/31/2024,83113672.0,1886886.0,44.05,2644003.0,26225.0,100.82,0.92
050710,813998,12/31/2024,147542857.0,1816334.51,80.69,61581184.0,596600.0,103.22,0.92
310111,811736,12/31/2024,154564290.0,3467081.31,44.82,20881937.0,223020.55,93.63,0.92
310110,810264,12/31/2024,77661354.0,1733165.39,44.06,3871660.0,32693.0,118.42,0.92
310115,812953,12/31/2024,62269215.0,1296088.0,48.04,244005.0,2757.0,88.5,0.92
390070,813227,12/31/2024,32340178.0,917277.0,35.26,533397.0,6799.0,78.45,0.92
320021,813667,12/31/2024,735801910.0,13387129.03,54.96,24547809.0,249896.76,98.23,0.92
320011,811744,12/31/2024,41209350.0,711535.0,57.92,2782105.0,29565.0,94.1,0.92
050684,812344,12/31/2024,26374336.0,572453.0,46.07,114019.0,1175.45,97.0,0.92
050686,812345,12/31/2024,193262376.0,2927983.87,63.49,69931665.0,741827.0,94.27,0.92
050104,812238,12/31/2024,143890004.0,3082844.0,46.67,10246604.0,115531.0,88.69,0.92
050690,812346,12/31/2024,169264764.0,2001238.31,84.49,77702782.0,753545.0,103.12,0.92
050103,812236,12/31/2024,233984317.0,3985780.02,58.02,8643750.0,83462.66,103.56,0.92
314018,811017,12/31/2024,38621644.0,1263855.0,30.56,45422.0,727.0,62.48,0.92
390116,813696,12/31/2024,18633166.0,516111.0,36.1,1089994.0,15082.0,72.27,0.92
314023,811018,12/31/2024,11271041.0,365737.0,30.82,31403.0,574.0,54.71,0.92
330056,812981,12/31/2024,239285933.0,4830690.0,49.53,2869525.0,17236.0,166.48,0.92
390430,817246,12/31/2024,1.0,1.0,1.0,13004766.0,263911.0,49.28,0.92
053031,828528,12/31/2024,26094299.0,510517.56,51.11,2427036.0,24214.32,100.23,0.92
260180,827617,12/31/2024,125936226.0,3148100.45,40.08,28465987.0,301389.19,94.45,0.92
053034,828802,12/31/2024,23848716.0,475568.82,50.15,1868288.0,19238.79,97.11,0.92
050013,810651,12/31/2024,89015328.0,1448646.88,61.45,2847220.0,28702.9,99.2,0.92
053039,831382,12/31/2024,67615293.0,1171943.0,57.7,808379.0,12069.64,66.98,0.92
260163,810962,12/31/2024,56234136.0,1310412.89,42.72,1193522.0,13489.97,88.47,0.92
260162,810961,12/31/2024,69112748.0,2075380.12,32.99,12721546.0,134218.79,94.78,0.92
260160,812855,12/31/2024,19659216.0,483655.46,40.65,14710.0,200.65,73.31,0.92
400132,810390,12/31/2024,9814665.0,761941.28,12.88,2244964.0,88138.87,25.47,0.92
260191,810964,12/31/2024,62313057.0,1393755.65,44.77,2729454.0,32719.5,83.42,0.92
400120,811941,12/31/2024,28157421.0,1477743.0,19.05,415873.0,15076.77,27.58,0.92
260193,812856,12/31/2024,26664280.0,707993.0,37.66,856711.0,11195.0,76.53,0.92
400118,810389,12/31/2024,28736940.0,2325184.81,12.36,3934644.0,138948.95,28.32,0.92
263032,812867,12/31/2024,10158712.0,69674.0,145.8,459995.0,13425.0,34.26,0.92
050024,812214,12/31/2024,66162616.0,1548120.0,42.74,1984590.0,25155.0,78.89,0.92
263029,812866,12/31/2024,17110818.0,84453.0,202.61,1210740.0,21683.0,55.84,0.92
400114,813275,12/31/2024,45553089.0,2603599.3,17.5,519217.0,12999.0,39.94,0.92
260219,810966,12/31/2024,44391025.0,942048.89,47.16,1378282.0,22977.15,59.98,0.92
400115,817788,12/31/2024,12704231.0,769470.68,16.51,1218463.0,32432.19,37.57,0.92
260216,811701,12/31/2024,106388816.0,2633815.0,40.39,4642731.0,52100.0,89.11,0.92
400117,811940,12/31/2024,13981054.0,830151.0,16.84,1567977.0,30532.94,51.35,0.92
260214,819450,12/31/2024,23806679.0,600744.0,39.6,19707.0,242.0,81.43,0.92
260200,810965,12/31/2024,93598131.0,1807365.35,51.79,2257609.0,89685.25,25.17,0.92
260138,827615,12/31/2024,281111911.0,7189550.0,38.99,28965588.0,438656.0,66.03,0.92
260119,830431,12/31/2024,66692096.0,1739326.0,38.34,2070054.0,27705.0,74.72,0.92
260068,812846,12/31/2024,150254130.0,3557176.58,42.28,13918796.0,115573.18,120.43,0.92
060004,827355,12/31/2024,58144883.0,1177577.77,49.81,1439638.0,14230.04,101.17,0.92
260062,812845,12/31/2024,68314227.0,1643520.0,41.57,4758369.0,65665.0,72.46,0.92
060006,812423,12/31/2024,69499966.0,1395263.0,49.81,6201374.0,65856.0,94.17,0.92
420011,813288,12/31/2024,11632235.0,330158.0,35.23,210818.0,5478.0,38.48,0.92
260034,811686,12/31/2024,18679551.0,544033.0,34.34,1285726.0,17153.32,74.95,0.92
060009,827897,12/31/2024,145046408.0,2804658.61,51.79,1685423.0,16538.52,101.91,0.92
260027,831082,12/31/2024,139957828.0,3424693.0,41.38,576665.0,10751.0,53.64,0.92
260024,812840,12/31/2024,23092290.0,685894.8,33.63,25841.0,861.5,30.0,0.92
060011,812424,12/31/2024,745922990.0,14866321.0,49.13,34156802.0,528431.0,64.64,0.92
420027,811945,12/31/2024,286674901.0,6242677.89,45.92,9355234.0,173677.0,53.87,0.92
420030,811946,12/31/2024,25545073.0,671538.0,38.04,238391.0,5086.0,46.87,0.92
260017,812837,12/31/2024,83386603.0,2356102.0,35.46,14403063.0,188679.0,76.34,0.92
260032,827614,12/31/2024,832488191.0,19841280.34,42.05,154664397.0,1892744.86,81.71,0.92
413025,813287,12/31/2024,4813150.0,92423.0,52.08,371918.0,4269.0,87.12,0.92
060003,811364,12/31/2024,43506591.0,679661.0,64.01,4664664.0,72653.0,64.2,0.92
053043,812413,12/31/2024,14365189.0,284182.0,50.55,770791.0,18994.0,40.58,0.92
260110,812852,12/31/2024,151284686.0,3448371.02,43.87,1161011.0,15145.35,76.66,0.92
410004,813283,12/31/2024,78280987.0,1696139.58,46.15,2414491.0,24987.82,96.63,0.92
053046,812414,12/31/2024,14018136.0,98137.0,142.84,834145.0,7981.0,104.52,0.92
260108,810958,12/31/2024,222143638.0,4716996.0,47.16,14464084.0,162725.0,88.89,0.92
410005,813284,12/31/2024,66589632.0,1552057.1,42.9,2691675.0,27708.76,97.14,0.92
260105,811694,12/31/2024,175655144.0,3766929.75,46.63,65224637.0,1101276.51,59.23,0.92
043037,810650,12/31/2024,8972303.0,101976.0,87.98,48890.0,619.0,78.98,0.92
260104,810956,12/31/2024,208219853.0,3246523.57,64.14,11842586.0,220063.23,53.81,0.92
260091,812848,12/31/2024,289635569.0,5921704.49,48.91,3799077.0,48842.41,77.78,0.92
260085,811692,12/31/2024,46215663.0,1267635.0,36.46,3529677.0,47304.0,74.62,0.92
410011,813285,12/31/2024,50436105.0,1229675.0,41.02,4224320.0,47539.0,88.86,0.92
060001,810707,12/31/2024,91455715.0,2094514.0,43.66,7874942.0,82162.0,95.85,0.92
043038,812210,12/31/2024,4665870.0,40106.0,116.34,12778.0,150.0,85.19,0.92
260081,810954,12/31/2024,91350070.0,1769828.58,51.62,3896750.0,121848.72,31.98,0.92
260078,812847,12/31/2024,93717094.0,2528795.34,37.06,2781523.0,23617.0,117.78,0.92
260097,812849,12/31/2024,58710383.0,1261194.72,46.55,2520339.0,29385.78,85.77,0.92
050763,812379,12/31/2024,43376070.0,857325.0,50.59,1989163.0,21575.0,92.2,0.92
290019,811718,12/31/2024,115623060.0,2546070.0,45.41,842619.0,8259.71,102.02,0.92
290009,812908,12/31/2024,62671564.0,1505426.0,41.63,2121901.0,23036.0,92.11,0.92
393054,811932,12/31/2024,12357769.0,269418.0,45.87,1913017.0,26359.0,72.58,0.92
393055,813258,12/31/2024,12445329.0,285228.0,43.63,76364.0,1117.0,68.37,0.92
050771,812387,12/31/2024,26946387.0,570293.32,47.25,1920547.0,21567.8,89.05,0.92
290001,812902,12/31/2024,387007838.0,7870895.13,49.17,32371653.0,363169.75,89.14,0.92
050772,812388,12/31/2024,410708276.0,4360075.94,91.19,185658573.0,1540800.0,120.49,0.92
050775,812389,12/31/2024,106681593.0,2212697.0,50.48,3330349.0,25502.0,130.59,0.92
280139,812897,12/31/2024,27301254.0,607342.0,44.95,5114640.0,52651.0,97.14,0.92
280134,827910,12/31/2024,49761151.0,1559421.84,31.91,9448082.0,70761.72,133.52,0.92
280133,812895,12/31/2024,6867165.0,140901.57,48.74,1624311.0,26812.0,60.58,0.92
050776,812390,12/31/2024,73702695.0,1836275.64,40.14,3972423.0,58038.83,68.44,0.92
290021,812909,12/31/2024,120624442.0,2759929.01,47.08,724911.0,6370.31,113.8,0.92
290032,812910,12/31/2024,74609936.0,1688838.28,45.37,2274416.0,48097.37,47.29,0.92
290039,812912,12/31/2024,210421008.0,4413357.0,47.79,1296554.0,17068.0,75.96,0.92
293026,828839,12/31/2024,15685067.0,359262.08,43.66,35189.0,442.39,79.54,0.92
050764,812384,12/31/2024,65747252.0,1385687.0,47.45,6676879.0,69637.0,95.88,0.92
290058,811721,12/31/2024,15524135.0,348516.0,44.54,251122.0,2329.0,107.82,0.92
290057,812919,12/31/2024,114212298.0,2826116.81,44.15,3634283.0,27395.69,132.66,0.92
050765,812385,12/31/2024,76650404.0,1169279.0,70.74,51567185.0,535446.0,96.31,0.92
290049,812917,12/31/2024,59235183.0,1264529.38,46.84,2205331.0,26862.95,82.1,0.92
290046,812915,12/31/2024,144487139.0,3618454.78,44.02,801874.0,7177.61,111.72,0.92
050767,812386,12/31/2024,140787120.0,1659195.1,86.21,64608801.0,569972.0,113.35,0.92
290042,817754,12/31/2024,11657587.0,399415.0,28.83,1463822.0,23073.0,63.44,0.92
290041,811719,12/31/2024,140499211.0,3440787.89,44.42,1103825.0,9143.72,120.72,0.92
290054,812918,12/31/2024,113689597.0,2642201.81,46.44,1647696.0,13010.78,126.64,0.92
280131,808335,12/31/2024,10105384.0,222495.46,45.42,851231.0,11763.0,72.37,0.92
273025,814600,12/31/2024,6292406.0,147894.0,42.55,1037182.0,13239.0,78.34,0.92
400087,811093,12/31/2024,17723165.0,1208788.43,14.66,3099103.0,116407.2,26.62,0.92
050784,812394,12/31/2024,34021650.0,642735.0,51.06,618333.0,6112.0,101.17,0.92
270086,812876,12/31/2024,36938430.0,829372.0,44.54,4554138.0,51732.0,88.03,0.92
270057,811706,12/31/2024,185361897.0,3864192.24,56.53,5711827.0,61086.64,93.5,0.92
050785,810695,12/31/2024,1988846.0,42222.0,47.1,710853.0,7181.0,98.99,0.92
270051,812875,12/31/2024,263348638.0,4651367.94,56.62,10062868.0,96196.58,104.61,0.92
270049,827867,12/31/2024,126235626.0,2634984.43,47.91,9187392.0,120679.24,76.13,0.92
400103,813272,12/31/2024,29098054.0,1634445.75,17.8,32468.0,798.0,40.69,0.92
270023,813658,12/31/2024,68798020.0,1432424.0,48.03,3902011.0,43600.0,89.5,0.92
270017,827822,12/31/2024,36146547.0,728965.8,49.59,1163958.0,12700.6,91.65,0.92
050855,810697,12/31/2024,96687514.0,1684980.07,62.89,65208615.0,668416.0,97.56,0.92
270014,811705,12/31/2024,112539093.0,2693674.0,42.33,2061565.0,37547.0,54.91,0.92
270004,812872,12/31/2024,464658891.0,8500774.06,54.47,31790848.0,379857.82,83.69,0.92
400044,816204,12/31/2024,45406111.0,2430004.0,18.69,4884096.0,105469.0,46.31,0.92
280129,812894,12/31/2024,47018368.0,975478.4,48.2,780022.0,10608.78,73.53,0.92
050777,812391,12/31/2024,225045005.0,2355037.29,86.75,94419729.0,834563.0,113.14,0.92
280125,813662,12/31/2024,64433438.0,1733101.0,37.18,3849987.0,47455.75,81.13,0.92
280077,810982,12/31/2024,57798365.0,1301634.0,44.4,5249776.0,54661.72,96.04,0.92
280065,811713,12/31/2024,125367781.0,2170398.4,57.76,11343074.0,125206.06,90.6,0.92
050036,811296,12/31/2024,193925931.0,3536760.0,54.83,11084853.0,103296.0,107.31,0.92
400019,813701,12/31/2024,25103767.0,1368932.41,18.34,2907013.0,78848.61,36.87,0.92
050780,812392,12/31/2024,35899697.0,619849.59,57.92,8559282.0,84539.0,101.25,0.92
280040,813661,12/31/2024,276188042.0,6149286.8,44.91,12924666.0,121718.5,106.18,0.92
400022,813271,12/31/2024,24449827.0,1299274.07,18.82,126576.0,3111.0,40.69,0.92
400032,811935,12/31/2024,23581134.0,1359097.99,17.35,11962.0,294.0,40.69,0.92
280061,812892,12/31/2024,53334642.0,1539241.6,34.65,6900495.0,74818.0,92.23,0.92
380075,813209,12/31/2024,92159255.0,1916616.0,48.09,4970614.0,73036.0,68.06,0.92
380071,813208,12/31/2024,47874543.0,844979.0,56.66,3189868.0,36799.0,86.68,0.92
050367,812299,12/31/2024,261374519.0,3736617.51,69.95,1880260.0,26060.92,72.15,0.92
360276,811887,12/31/2024,74625674.0,1963123.2,38.01,869713.0,10142.95,85.75,0.92
340141,813074,12/31/2024,521589443.0,12796946.67,40.65,35221326.0,612952.93,57.46,0.92
360351,811060,12/31/2024,62335554.0,1741386.93,35.8,1554786.0,22339.8,69.6,0.92
340130,811859,12/31/2024,138767225.0,2921455.22,47.61,9758778.0,110225.63,88.53,0.92
360355,813148,12/31/2024,17153515.0,472182.0,36.33,537671.0,6185.0,86.93,0.92
340123,811858,12/31/2024,50286537.0,1759969.75,28.57,23850.0,119.25,200.0,0.92
360359,813149,12/31/2024,90934180.0,2337285.34,38.91,12369196.0,194663.36,63.54,0.92
360360,816123,12/31/2024,88176737.0,2110121.07,41.79,7045097.0,63325.79,111.25,0.92
340119,811857,12/31/2024,50689455.0,1142871.76,44.35,1745981.0,20703.21,84.33,0.92
050239,810659,12/31/2024,224933622.0,4278143.51,52.58,6995395.0,69213.33,101.07,0.92
050382,812302,12/31/2024,230348007.0,4653950.58,49.5,13379527.0,144446.58,92.63,0.92
360364,811061,12/31/2024,64273236.0,1567151.0,41.01,1711762.0,17368.97,98.55,0.92
360270,811886,12/31/2024,15959192.0,469149.02,34.02,629241.0,9214.3,68.29,0.92
340145,811860,12/31/2024,56172693.0,1270120.77,44.41,387198.0,4183.54,92.55,0.92
050360,811329,12/31/2024,249189147.0,3257108.0,76.51,8932495.0,116046.0,76.97,0.92
360263,808511,12/31/2024,13302072.0,403805.0,32.94,126563.0,4116.0,30.75,0.92
050257,809927,12/31/2024,19836989.0,642279.0,30.89,806985.0,8072.0,99.97,0.92
360230,809511,12/31/2024,211726336.0,5313120.0,39.85,15110501.0,172885.0,87.4,0.92
340183,813082,12/31/2024,76522474.0,1539268.33,49.07,2743393.0,53062.0,51.7,0.92
360234,811057,12/31/2024,88065148.0,2011363.23,43.78,4411962.0,51305.67,85.99,0.92
050352,812294,12/31/2024,80718330.0,1477788.72,54.62,2614388.0,25300.33,103.33,0.92
340171,813080,12/31/2024,78289805.0,1740842.0,45.03,2759935.0,54579.0,50.57,0.92
360236,811058,12/31/2024,51380814.0,1189716.56,43.19,568546.0,6160.84,92.28,0.92
340113,811856,12/31/2024,1685527849.0,28348033.37,52.25,35156779.0,403048.4,87.23,0.92
360239,816117,12/31/2024,64331446.0,1562610.29,41.17,2005111.0,16836.23,119.1,0.92
050353,812297,12/31/2024,200683368.0,3728214.0,54.01,4406453.0,71860.0,61.32,0.92
340158,825870,12/31/2024,45981389.0,1100854.0,41.75,909628.0,17949.0,50.68,0.92
360259,810318,12/31/2024,28671974.0,806671.0,35.54,1203782.0,13111.0,91.81,0.92
050357,812298,12/31/2024,36664488.0,664734.61,57.36,909400.0,8349.44,108.92,0.92
340148,813076,12/31/2024,22085373.0,442099.36,50.27,1650.0,35.0,47.14,0.92
340166,811862,12/31/2024,106561771.0,2305118.71,46.44,3822833.0,42582.58,89.77,0.92
050390,812303,12/31/2024,76521633.0,1646769.0,46.47,3193404.0,32921.69,97.0,0.92
340109,813073,12/31/2024,53966848.0,1297045.11,42.74,2325526.0,23314.74,99.74,0.92
360367,813150,12/31/2024,12084419.0,318164.18,37.98,393198.0,5757.8,68.29,0.92
363036,813165,12/31/2024,7377870.0,175650.0,42.0,1404880.0,17402.0,80.73,0.92
363039,813166,12/31/2024,6631771.0,167967.0,39.48,54923.0,1013.0,54.22,0.92
050425,812307,12/31/2024,248403421.0,3315977.76,82.99,143157228.0,1312758.0,109.05,0.92
050232,810658,12/31/2024,67638785.0,1107323.0,61.08,13160607.0,112429.0,117.06,0.92
050231,812273,12/31/2024,371142660.0,6583359.68,56.38,8054455.0,93336.23,86.3,0.92
050426,812309,12/31/2024,72020968.0,1555306.0,46.31,1564157.0,11971.0,130.66,0.92
340023,813054,12/31/2024,118495856.0,2569643.0,46.11,9542502.0,85695.0,111.35,0.92
340047,813061,12/31/2024,924611667.0,21297330.0,44.88,72897648.0,903693.0,80.67,0.92
340021,811844,12/31/2024,141943787.0,3227864.46,44.18,5228007.0,61825.42,84.56,0.92
050230,812272,12/31/2024,31301440.0,684085.0,45.76,700000.0,8425.0,83.09,0.92
340015,825864,12/31/2024,87539823.0,2108365.0,42.33,7546265.0,134004.0,56.31,0.92
340014,825863,12/31/2024,550282502.0,11204329.63,48.86,30837627.0,541753.28,56.92,0.92
340004,811843,12/31/2024,120767590.0,3207273.75,43.11,11345947.0,142216.46,79.78,0.92
340001,811841,12/31/2024,328679930.0,7182136.94,45.9,11667233.0,129387.09,90.17,0.92
340020,829675,12/31/2024,27536143.0,717680.0,38.37,13000160.0,394175.0,32.98,0.92
340049,813062,12/31/2024,16229486.0,421852.0,38.47,387572.0,4610.0,84.07,0.92
050235,812274,12/31/2024,204838721.0,3389088.0,60.85,5125714.0,77722.0,65.95,0.92
360368,816127,12/31/2024,19341559.0,444389.84,43.52,465429.0,4196.06,110.92,0.92
340098,811854,12/31/2024,206371309.0,4350854.63,47.52,7362413.0,166697.9,44.17,0.92
360374,811888,12/31/2024,15871527.0,314173.99,50.52,391.0,7.63,51.25,0.92
050394,811333,12/31/2024,245459336.0,4813116.0,51.0,3565871.0,25059.0,142.3,0.92
340096,811853,12/31/2024,44022958.0,1193017.73,41.75,1054373.0,14206.92,74.22,0.92
050396,821399,12/31/2024,348288660.0,5935373.91,57.94,12163037.0,116527.08,104.38,0.92
340085,813069,12/31/2024,76978273.0,1592695.0,51.49,2354117.0,41023.0,57.39,0.92
363033,829536,12/31/2024,16103438.0,365588.7,44.05,924526.0,11033.64,83.79,0.92
340084,811852,12/31/2024,12413889.0,272397.23,45.57,102739.0,1088.34,94.4,0.92
050411,811334,12/31/2024,169300318.0,2444451.61,65.25,91194954.0,896691.0,101.7,0.92
340064,811849,12/31/2024,42192891.0,1169644.51,40.12,710066.0,9575.74,74.15,0.92
050236,811320,12/31/2024,79500550.0,1493114.64,53.24,639094.0,6187.66,103.29,0.92
340053,825866,12/31/2024,458866724.0,9343116.0,49.04,14269703.0,285664.0,49.95,0.92
362036,828849,12/31/2024,14571616.0,347516.5,41.93,1326624.0,18955.53,69.99,0.92
050407,812305,12/31/2024,45388821.0,763933.39,59.41,3307643.0,25370.0,130.38,0.92
050224,810657,12/31/2024,662853385.0,11714807.0,56.58,3241220.0,20984.0,154.46,0.92
340190,813084,12/31/2024,32063762.0,674889.9,46.95,434098.0,9528.0,45.56,0.92
360197,810316,12/31/2024,57364006.0,1369954.85,41.87,5752258.0,61781.42,93.11,0.92
360096,813121,12/31/2024,27382752.0,937455.0,29.21,378939.0,6240.0,60.73,0.92
360064,813105,12/31/2024,143098860.0,4007396.17,35.71,8697765.0,102010.39,85.26,0.92
360059,829717,12/31/2024,872681083.0,17059395.0,51.16,12179238.0,329169.0,37.0,0.92
360098,813124,12/31/2024,134632945.0,3324570.61,40.48,10022872.0,134117.83,74.73,0.92
050290,812281,12/31/2024,168755763.0,2856418.0,59.48,7796220.0,126603.0,61.58,0.92
360056,811052,12/31/2024,81874384.0,1857200.7,44.08,3457230.0,38717.62,89.29,0.92
360107,811053,12/31/2024,20902851.0,602856.65,34.56,71951.0,955.27,75.32,0.92
360109,813125,12/31/2024,17551659.0,531589.0,33.02,186415.0,2947.0,63.26,0.92
360112,811882,12/31/2024,321947891.0,7719603.93,41.71,14179752.0,160301.33,88.46,0.92
360051,811874,12/31/2024,408530953.0,10457557.63,39.07,64418668.0,738736.87,87.2,0.92
360121,811054,12/31/2024,24321854.0,858435.0,35.53,28957.0,328.82,88.06,0.92
360123,813126,12/31/2024,67744099.0,1781412.53,38.03,1576164.0,26426.06,59.64,0.92
360041,813103,12/31/2024,80344153.0,2098560.97,38.18,4647507.0,74454.84,62.42,0.92
360065,814755,12/31/2024,64572274.0,1732922.0,37.26,929828.0,10305.0,90.23,0.92
360066,811876,12/31/2024,125699884.0,3239176.31,38.81,13963178.0,153576.0,90.92,0.92
360086,811879,12/31/2024,88316350.0,2181705.15,40.48,9043874.0,103253.2,87.59,0.92
360082,809498,12/31/2024,52928841.0,1285856.0,43.86,4712136.0,47913.0,98.35,0.92
360079,826691,12/31/2024,235646317.0,5470857.58,43.07,16902624.0,149683.14,112.92,0.92
360087,813119,12/31/2024,62536668.0,1610204.18,39.09,5057974.0,53543.75,94.46,0.92
360078,813113,12/31/2024,58919062.0,1612734.81,36.2,1982476.0,30109.14,65.84,0.92
360077,811878,12/31/2024,212055394.0,5182827.8,41.25,14155624.0,157329.02,89.97,0.92
360089,813120,12/31/2024,21392485.0,549544.87,38.93,1216716.0,21368.14,56.94,0.92
360040,811873,12/31/2024,103207544.0,2454122.81,42.16,4041012.0,41468.03,97.45,0.92
360076,811877,12/31/2024,82434659.0,2058569.39,40.04,10588214.0,123043.11,86.05,0.92
360072,813111,12/31/2024,107207562.0,2801487.0,38.27,3307076.0,33491.0,98.75,0.92
360070,813110,12/31/2024,160040924.0,4118670.71,38.86,13660098.0,149295.25,91.5,0.92
360092,809501,12/31/2024,64269444.0,1542440.0,41.67,1268391.0,14248.0,89.02,0.92
050301,812285,12/31/2024,73697864.0,1338478.72,55.14,3540712.0,36291.79,97.56,0.92
360095,811881,12/31/2024,95292106.0,2373035.92,40.42,3967823.0,51124.98,77.61,0.92
360075,813112,12/31/2024,62951856.0,1722913.87,36.4,2292621.0,48110.39,47.65,0.92
360125,813127,12/31/2024,68835776.0,1643872.0,41.87,2667946.0,25573.0,104.33,0.92
360036,813102,12/31/2024,63015917.0,1806069.34,34.84,318442.0,3573.07,89.12,0.92
050278,811323,12/31/2024,212311842.0,3771419.0,56.55,5357670.0,89369.0,59.95,0.92
360159,813139,12/31/2024,119090912.0,3280959.3,36.07,8129073.0,95700.87,84.94,0.92
360161,811883,12/31/2024,55763169.0,1517107.46,36.76,3493760.0,41308.11,84.58,0.92
360002,813096,12/31/2024,27235888.0,752082.2,35.73,156728.0,2420.0,64.76,0.92
050335,811328,12/31/2024,112357182.0,2244878.0,50.05,2848793.0,27635.28,103.09,0.92
360001,811868,12/31/2024,79843451.0,1787491.67,44.67,3505558.0,36795.42,95.27,0.92
360155,810313,12/31/2024,138840741.0,3593520.41,38.78,6195285.0,71393.51,86.78,0.92
360172,811884,12/31/2024,67058221.0,1755321.53,38.2,5119372.0,74768.0,68.47,0.92
050336,812293,12/31/2024,101718403.0,2052433.0,49.56,9620506.0,97095.41,99.08,0.92
350019,814741,12/31/2024,306152729.0,5571920.0,54.95,20430582.0,218473.0,93.52,0.92
350015,811866,12/31/2024,352336600.0,6227975.0,56.57,13263434.0,142135.0,93.32,0.92
360175,813142,12/31/2024,33046858.0,805085.0,41.05,162007.0,1089.0,148.77,0.92
350011,810302,12/31/2024,777117115.0,14242677.0,56.3,42823692.0,573425.0,74.68,0.92
360180,811056,12/31/2024,3623672200.0,58833273.0,62.01,98838850.0,1022097.0,96.7,0.92
360189,809509,12/31/2024,19199377.0,507251.75,37.85,1717531.0,25130.0,68.35,0.92
360174,813141,12/31/2024,53711486.0,1381036.17,38.88,1556484.0,23874.06,65.2,0.92
340195,813085,12/31/2024,26279501.0,529240.12,49.69,540867.0,11585.0,46.69,0.92
360009,811869,12/31/2024,92644219.0,2607360.0,35.55,6335782.0,69923.0,90.61,0.92
360150,813135,12/31/2024,49332062.0,1390325.0,35.48,166918.0,1989.25,83.91,0.92
360131,813128,12/31/2024,39794641.0,1169564.83,34.03,903621.0,9763.53,92.55,0.92
360132,816100,12/31/2024,63019777.0,1422976.12,44.29,1598148.0,15639.26,102.19,0.92
360032,813101,12/31/2024,25211651.0,767275.44,32.92,6182265.0,125093.38,49.42,0.92
360133,816102,12/31/2024,177556840.0,4208821.84,42.19,15967461.0,141560.63,112.8,0.92
360027,813100,12/31/2024,298800846.0,7661579.0,39.22,19936034.0,241394.0,82.59,0.92
360026,816055,12/31/2024,15520854.0,374297.15,41.47,592326.0,5353.18,110.65,0.92
360137,813131,12/31/2024,757937466.0,14938320.35,50.09,39483852.0,488477.0,80.83,0.92
360010,811870,12/31/2024,53889176.0,1399480.23,38.65,3411581.0,35105.75,97.18,0.92
360025,813099,12/31/2024,107657037.0,3036275.57,35.4,471035.0,4975.5,94.67,0.92
360020,811871,12/31/2024,343412149.0,8984792.39,38.22,25565869.0,310403.0,82.36,0.92
360144,813133,12/31/2024,62459826.0,1541182.0,41.8,12104286.0,127100.0,95.23,0.92
360016,811051,12/31/2024,94228959.0,2181065.87,43.2,5879344.0,63813.23,92.13,0.92
360145,813134,12/31/2024,74005906.0,2000973.63,36.98,1241787.0,19125.3,64.93,0.92
360013,813097,12/31/2024,33277122.0,882839.0,37.98,3341042.0,43094.0,77.53,0.92
360148,809505,12/31/2024,15026769.0,460220.94,32.65,35775.0,601.0,59.53,0.92
050329,811326,12/31/2024,101081456.0,2175580.0,49.05,12935605.0,140092.0,92.34,0.92
360143,811055,12/31/2024,75761493.0,1914413.0,39.57,9259522.0,95313.0,97.15,0.92
370026,810333,12/31/2024,34017747.0,926157.0,37.56,1715474.0,21231.0,80.8,0.92
050455,810674,12/31/2024,221144582.0,4118609.09,53.69,9526863.0,92982.18,102.46,0.92
370037,816148,12/31/2024,256571367.0,5534510.24,45.77,5445836.0,81200.82,67.07,0.92
330166,815945,12/31/2024,5084962.0,140111.0,36.29,506045.0,5271.0,96.01,0.92
380001,813196,12/31/2024,57861095.0,1177141.0,55.27,933375.0,8525.0,109.49,0.92
050561,813604,12/31/2024,136135811.0,2024458.19,61.02,78995008.0,790511.0,99.93,0.92
050140,812254,12/31/2024,437727604.0,6717012.59,66.52,206034394.0,2080451.0,99.03,0.92
330162,820597,12/31/2024,249254821.0,3615312.0,68.94,421144.0,3769.0,111.74,0.92
330160,818273,12/31/2024,879741826.0,14185716.0,62.02,5156176.0,47179.0,109.29,0.92
330158,813001,12/31/2024,155233788.0,3060571.63,50.72,994476.0,7691.22,129.3,0.92
330157,811788,12/31/2024,140902024.0,3338717.0,42.39,12937076.0,134538.0,96.16,0.92
380004,813197,12/31/2024,372759116.0,7048956.0,52.88,10445858.0,201257.0,51.9,0.92
050139,812253,12/31/2024,272292397.0,4260041.08,68.65,121271782.0,1179605.0,102.81,0.92
050138,812252,12/31/2024,355631477.0,5486833.25,66.92,180528794.0,1728395.0,104.45,0.92
380014,810353,12/31/2024,244778759.0,3872501.0,63.21,16347105.0,181658.0,89.99,0.92
330169,811792,12/31/2024,366034323.0,7765875.0,47.13,7768594.0,70353.0,110.42,0.92
373036,813194,12/31/2024,6343423.0,79518.0,79.77,346314.0,6445.0,53.73,0.92
050145,812255,12/31/2024,355376440.0,4882368.01,72.79,11801798.0,107484.57,109.8,0.92
330181,813675,12/31/2024,151901046.0,2593127.0,58.58,275872.0,2608.0,105.78,0.92
330198,813016,12/31/2024,387676256.0,6645961.11,58.33,891464.0,12086.54,73.76,0.92
050543,813970,12/31/2024,34146180.0,852876.58,40.04,92085.0,1109.54,82.99,0.92
330197,811801,12/31/2024,152485535.0,2760657.0,55.24,12108486.0,100966.0,119.93,0.92
050150,813897,12/31/2024,83098833.0,1283968.0,64.72,4630199.0,37420.0,123.74,0.92
330195,820599,12/31/2024,2160085251.0,32205341.0,67.07,1197724.0,11343.0,105.59,0.92
370240,814794,12/31/2024,10160007.0,284409.0,35.72,327144.0,3947.0,82.88,0.92
050149,813896,12/31/2024,203601853.0,3539083.0,57.53,18390820.0,150838.0,121.92,0.92
330194,813011,12/31/2024,872364214.0,13027953.0,66.96,13315094.0,125880.0,105.78,0.92
330191,811797,12/31/2024,199536687.0,4210885.89,44.44,12773513.0,140712.0,90.78,0.92
050549,811343,12/31/2024,192902106.0,2888070.0,67.22,253493.0,3031.0,83.63,0.92
330188,811031,12/31/2024,63608655.0,1359566.0,47.14,1975923.0,19108.0,103.41,0.92
330185,813009,12/31/2024,246987144.0,4175372.0,59.15,354071.0,3383.0,104.66,0.92
330184,813008,12/31/2024,119979977.0,1995095.0,55.03,9148153.0,92864.0,98.51,0.92
330182,813006,12/31/2024,374055835.0,5991635.0,62.43,719966.0,8276.0,86.99,0.92
373033,813192,12/31/2024,11851680.0,86587.0,136.88,311925.0,5824.0,53.56,0.92
330193,813010,12/31/2024,181349857.0,3647325.0,49.72,2006301.0,15240.0,131.65,0.92
380020,811071,12/31/2024,97876358.0,1698053.0,57.64,4596758.0,49276.0,93.29,0.92
330126,820514,12/31/2024,260204201.0,5329477.0,48.82,740131.0,7166.0,103.28,0.92
330125,811782,12/31/2024,621952245.0,12770429.0,48.33,114643172.0,1044790.0,109.73,0.92
330090,812984,12/31/2024,216597482.0,4974774.0,43.7,12968502.0,139488.0,92.97,0.92
050588,812334,12/31/2024,26999992.0,631441.0,42.76,3479002.0,37936.0,91.71,0.92
330086,813672,12/31/2024,53740500.0,841645.0,51.84,7079015.0,80261.0,88.2,0.92
330085,811771,12/31/2024,38141464.0,852738.13,44.73,6485232.0,62593.0,103.61,0.92
380056,813204,12/31/2024,54631399.0,1299512.0,42.04,281607.0,3171.0,88.81,0.92
050590,813983,12/31/2024,146435766.0,2348384.0,62.54,8492425.0,60958.0,139.32,0.92
380047,813203,12/31/2024,323730322.0,4936562.0,65.21,12683527.0,135452.0,93.64,0.92
380060,811922,12/31/2024,188586054.0,4245693.44,44.42,12306473.0,130820.23,94.07,0.92
330073,811766,12/31/2024,82267158.0,1771956.0,46.43,3412209.0,40602.0,84.04,0.92
380061,813207,12/31/2024,352919099.0,6443362.0,54.77,9067298.0,172630.0,52.52,0.92
050597,812336,12/31/2024,54405775.0,1099027.88,49.5,3845417.0,44634.44,86.15,0.92
330059,813671,12/31/2024,2964946275.0,37807509.0,67.58,24023658.0,236211.0,101.7,0.92
330078,811025,12/31/2024,186585700.0,4046974.0,46.27,6284698.0,137712.0,45.64,0.92
050133,811313,12/31/2024,180806810.0,2713789.03,66.61,1762569.0,17147.43,102.79,0.92
050586,812332,12/31/2024,35505151.0,890431.0,39.87,5000443.0,57643.0,86.75,0.92
050137,812251,12/31/2024,126766508.0,2418777.18,63.43,67113226.0,640861.0,104.72,0.92
380022,813200,12/31/2024,108626013.0,1920800.0,56.55,4817651.0,45401.58,106.11,0.92
330119,812995,12/31/2024,997649659.0,12663495.0,78.78,1282988.0,10664.0,120.31,0.92
330115,812994,12/31/2024,73890839.0,1826827.0,40.45,935824.0,8919.0,104.92,0.92
330111,812992,12/31/2024,18858786.0,529204.0,35.64,486703.0,10947.0,44.46,0.92
330107,818271,12/31/2024,220290994.0,3364731.0,65.47,1198527.0,14811.0,80.92,0.92
050580,812330,12/31/2024,27025867.0,654553.0,41.29,309687.0,3612.0,85.74,0.92
330094,812985,12/31/2024,91581422.0,1920658.0,43.26,5331719.0,57953.0,92.0,0.92
330106,820596,12/31/2024,1916980490.0,30180488.0,63.52,95027.0,857.0,110.88,0.92
330103,811776,12/31/2024,79135331.0,2664298.0,29.7,5384996.0,64005.0,84.13,0.92
050135,812249,12/31/2024,158371473.0,2614923.3,60.56,10678345.0,96253.0,110.94,0.92
330102,811026,12/31/2024,95594917.0,2199003.0,43.69,1040220.0,11092.0,93.78,0.92
380037,813201,12/31/2024,44844547.0,891226.0,50.32,2426809.0,41665.0,58.25,0.92
330101,831915,12/31/2024,4853790024.0,67493789.0,68.65,90190746.0,744570.0,121.13,0.92
380038,813202,12/31/2024,68822577.0,1294650.0,53.17,2412319.0,42831.0,56.32,0.92
330104,812989,12/31/2024,168622792.0,3062918.0,49.34,16607987.0,160195.0,103.67,0.92
050152,812258,12/31/2024,106370465.0,1337515.79,79.53,4999030.0,50912.98,98.19,0.92
330203,813017,12/31/2024,229775770.0,4792065.0,47.95,31091714.0,378298.0,82.19,0.92
050541,812324,12/31/2024,134442002.0,1519812.92,82.65,68941801.0,621207.0,110.98,0.92
330350,814705,12/31/2024,279577774.0,4762352.0,58.71,12186337.0,155688.0,78.27,0.92
330332,823100,12/31/2024,88849700.0,1671408.0,53.16,1085297.0,6797.0,159.67,0.92
050180,812265,12/31/2024,405242320.0,4702058.96,86.18,13644633.0,132596.4,102.9,0.92
330307,814704,12/31/2024,135743521.0,3205410.0,42.35,7371751.0,99359.0,74.19,0.92
330304,813681,12/31/2024,416215911.0,6346599.0,59.78,8886318.0,91545.0,97.07,0.92
050496,812313,12/31/2024,235021387.0,2923156.86,80.4,9484005.0,101591.85,93.35,0.92
330286,829121,12/31/2024,378434995.0,6611812.0,57.24,4512797.0,35962.0,125.49,0.92
050179,812264,12/31/2024,94092251.0,1714548.0,54.84,2435759.0,42031.0,57.95,0.92
330276,811820,12/31/2024,67817365.0,1578266.0,42.97,2246810.0,27425.0,81.93,0.92
050510,810677,12/31/2024,93638840.0,1157634.76,78.28,49198666.0,442573.0,111.17,0.92
330267,813679,12/31/2024,134702252.0,2230653.0,53.81,13569238.0,129862.0,104.49,0.92
330265,811816,12/31/2024,58943031.0,1386671.0,42.42,9425075.0,118543.0,79.51,0.92
050512,810678,12/31/2024,98337733.0,1458504.31,83.72,57169458.0,507977.0,112.54,0.92
330279,811034,12/31/2024,220448553.0,4696276.0,47.07,11221168.0,132435.0,84.73,0.92
330264,813031,12/31/2024,108694005.0,2170612.0,47.57,1525604.0,13584.0,112.31,0.92
330386,821172,12/31/2024,37459132.0,878086.0,42.66,1271801.0,14605.0,87.08,0.92
330393,813036,12/31/2024,941434836.0,18029994.0,52.21,11130342.0,101029.0,110.17,0.92
050204,811317,12/31/2024,96362827.0,2040450.0,49.66,8006587.0,52318.0,153.04,0.92
370049,813178,12/31/2024,127171400.0,2711753.2,46.9,5216969.0,58541.1,89.12,0.92
050468,813959,12/31/2024,57278759.0,1267052.59,45.21,9732076.0,110840.27,87.8,0.92
050197,810656,12/31/2024,113684545.0,1402650.0,81.05,1515310.0,14174.0,106.91,0.92
370054,811064,12/31/2024,26248391.0,718756.0,36.52,97847.0,1573.0,62.2,0.92
370094,810339,12/31/2024,56179733.0,1332710.32,42.15,3627312.0,52248.05,69.42,0.92
370149,810341,12/31/2024,61629830.0,1608734.63,38.31,566036.0,2797.13,202.36,0.92
050194,811316,12/31/2024,67264986.0,998518.67,67.36,4865884.0,38056.63,127.86,0.92
330410,811832,12/31/2024,44864815.0,1142274.0,39.28,4467721.0,100214.0,44.58,0.92
050192,812267,12/31/2024,75822560.0,1857555.0,40.4,173543.0,1748.0,99.28,0.92
330401,823101,12/31/2024,144215519.0,2759027.0,52.27,3146445.0,51221.0,61.43,0.92
330399,811830,12/31/2024,286004074.0,4758594.0,60.1,14577960.0,147228.0,99.02,0.92
330395,813037,12/31/2024,207318578.0,3664784.0,56.57,27714127.0,231815.0,119.55,0.92
330394,811828,12/31/2024,357428513.0,9086751.0,39.34,21809599.0,265681.0,82.09,0.92
260011,812836,12/31/2024,57853154.0,1283589.26,45.07,1791129.0,30190.51,59.33,0.92
330261,822215,12/31/2024,256273001.0,4258887.0,60.17,182699.0,1554.0,117.57,0.92
370192,816863,12/31/2024,2834016.0,74784.81,40.16,41124.0,618.0,66.54,0.92
370216,811068,12/31/2024,17404832.0,448636.23,38.79,46382.0,643.4,72.09,0.92
330221,814691,12/31/2024,193992822.0,3617760.0,53.62,13847279.0,103783.0,133.43,0.92
330219,828208,12/31/2024,360211331.0,7668859.25,46.89,15949108.0,433160.0,36.82,0.92
370220,811913,12/31/2024,5559871.0,162278.0,34.26,57592.0,1020.0,56.46,0.92
330218,813020,12/31/2024,85984662.0,1979842.0,43.43,3730201.0,53806.0,69.33,0.92
050526,812319,12/31/2024,31499945.0,736695.0,42.76,154885.0,1800.0,86.05,0.92
330215,813019,12/31/2024,58747294.0,1558872.0,37.69,4714666.0,43041.0,109.54,0.92
050158,812261,12/31/2024,26161316.0,608354.0,43.0,1452361.0,20024.0,72.53,0.92
370225,811914,12/31/2024,12219129.0,318738.0,38.34,58048.0,553.0,104.97,0.92
330208,811805,12/31/2024,183468014.0,3718806.0,49.38,4431476.0,34643.0,127.92,0.92
330205,813018,12/31/2024,21811547.0,529922.22,41.16,253553.0,2972.4,85.3,0.92
370222,810345,12/31/2024,61083970.0,1561676.77,39.11,709330.0,7835.64,90.53,0.92
330259,817395,12/31/2024,170731655.0,3079880.0,55.43,602790.0,6079.0,99.16,0.92
370215,813185,12/31/2024,191011892.0,3316189.0,57.6,720576.0,8489.0,84.88,0.92
330226,813026,12/31/2024,318748625.0,7438061.0,42.67,75359231.0,742507.0,101.49,0.92
050515,812315,12/31/2024,360497133.0,5291237.59,67.76,170218329.0,1712525.0,99.4,0.92
330246,813030,12/31/2024,125681951.0,2432161.0,51.68,357315.0,2049.0,174.39,0.92
330241,813677,12/31/2024,618148960.0,14314795.0,43.51,174312212.0,1404093.0,124.15,0.92
370201,814792,12/31/2024,5773238.0,150631.0,38.33,175888.0,2534.0,69.41,0.92
370202,810343,12/31/2024,74208159.0,1730714.97,42.88,3404316.0,24841.0,137.04,0.92
370203,810344,12/31/2024,31041110.0,919356.81,36.03,761499.0,13059.0,58.31,0.92
330224,819142,12/31/2024,79063053.0,1513572.0,52.24,5434205.0,72897.0,74.55,0.92
370206,813183,12/31/2024,18142821.0,405109.0,44.79,51263.0,684.0,74.95,0.92
330235,813676,12/31/2024,69394291.0,1707838.0,40.63,20819604.0,185761.99,112.08,0.92
370210,811067,12/31/2024,37878638.0,1005824.0,37.66,269721.0,3270.0,82.48,0.92
330234,813028,12/31/2024,663840590.0,9803676.0,67.71,,108105.0,105.11,0.92
330233,814695,12/31/2024,597836021.0,11130108.0,53.71,,448347.0,114.06,0.92
370212,813184,12/31/2024,12919012.0,389534.9,34.93,137224.0,1821.91,75.32,0.92
330229,811808,12/31/2024,21195089.0,560718.0,37.8,6347661.0,59053.0,107.49,0.92
050517,812316,12/31/2024,38976496.0,841146.46,46.34,1859672.0,19171.88,97.0,0.92
260005,819316,12/31/2024,144822081.0,2634827.15,54.96,4364794.0,89688.71,48.67,0.92
440081,800488,12/31/2024,39185763.0,975603.42,32.54,1568500.0,17628.95,88.97,0.92
240213,810929,12/31/2024,88229700.0,1671941.11,52.77,1925731.0,21144.0,91.08,0.92
060075,815369,12/31/2024,140580986.0,2763954.73,50.96,9917037.0,118917.45,83.39,0.92
450064,831614,12/31/2024,122134079.0,2690006.77,45.4,40797.0,379.0,107.64,0.92
240210,810928,12/31/2024,196025968.0,3538555.0,55.4,4150796.0,46465.0,89.33,0.92
230020,812768,12/31/2024,247567299.0,6603802.0,37.49,5499612.0,69617.63,79.0,0.92
240207,810927,12/31/2024,142125385.0,2710031.0,52.44,892995.0,10208.0,87.48,0.92
060076,818855,12/31/2024,19310989.0,413055.32,46.75,790393.0,7656.0,103.24,0.92
440218,811117,12/31/2024,10206264.0,240895.0,44.03,1660553.0,27032.0,61.43,0.92
240187,812807,12/31/2024,43694682.0,828869.44,52.72,732155.0,8647.73,84.66,0.92
240166,812806,12/31/2024,27929353.0,481529.37,57.51,304488.0,3926.2,77.55,0.92
230022,812770,12/31/2024,29439157.0,697984.0,42.18,3076101.0,36189.0,85.0,0.92
240141,810926,12/31/2024,35714049.0,640141.59,55.79,22458.0,260.0,86.38,0.92
230024,811629,12/31/2024,109572032.0,2585305.0,42.21,25773646.0,613476.0,42.01,0.92
430027,810409,12/31/2024,613130478.0,12055542.0,50.86,27447941.0,182986.0,150.0,0.92
240115,810925,12/31/2024,307591584.0,5225442.0,58.8,9992809.0,134794.0,74.13,0.92
240106,811660,12/31/2024,447505571.0,9503914.0,47.09,16160111.0,294286.0,54.91,0.92
240104,810922,12/31/2024,83440763.0,1474696.0,56.16,2980833.0,37120.0,80.3,0.92
230144,817533,12/31/2024,9068289.0,248643.0,36.47,1766789.0,38592.0,45.78,0.92
230146,810887,12/31/2024,149604241.0,3575643.2,41.84,3390079.0,37378.53,90.7,0.92
240080,811658,12/31/2024,715534698.0,14066070.07,50.87,45662759.0,956224.86,47.75,0.92
430090,808656,12/31/2024,32186491.0,744979.0,43.2,986325.0,13696.0,72.02,0.92
230035,810882,12/31/2024,48298294.0,1152436.84,41.91,1770197.0,25178.93,70.3,0.92
430008,813304,12/31/2024,26698165.0,660288.26,40.43,238969.0,3485.79,68.56,0.92
230151,814500,12/31/2024,143332649.0,3626166.0,39.53,2583275.0,27778.5,93.0,0.92
240093,810920,12/31/2024,245362937.0,3906207.79,62.75,2056390.0,19995.43,102.84,0.92
230031,811631,12/31/2024,28249164.0,806592.0,35.02,380043.0,4470.0,85.02,0.92
240100,811659,12/31/2024,179446951.0,3466860.68,51.76,6653142.0,70484.42,94.39,0.92
040114,811283,12/31/2024,202286561.0,4793342.52,42.21,14283793.0,272269.0,52.46,0.92
430089,813702,12/31/2024,14121744.0,414065.0,34.5,2853239.0,28127.0,101.44,0.92
430091,809619,12/31/2024,31940722.0,714171.45,45.29,220465.0,4005.38,55.04,0.92
240214,811661,12/31/2024,102893269.0,1848279.19,54.75,2148944.0,24466.38,87.83,0.92
060071,799329,12/31/2024,49642213.0,1095517.0,45.31,2344276.0,25289.0,92.7,0.92
040018,810642,12/31/2024,4280828.0,100580.0,42.56,32167.0,304.5,105.64,0.92
060028,827974,12/31/2024,191503722.0,3635044.33,51.78,3585806.0,33341.74,107.55,0.92
450090,830215,12/31/2024,22888709.0,582542.0,39.29,308153.0,3974.0,77.54,0.92
060030,818246,12/31/2024,32185989.0,717752.96,44.84,2616474.0,26048.0,100.45,0.92
250069,812818,12/31/2024,53446427.0,1657916.72,32.24,861951.0,30455.33,28.3,0.92
420104,816240,12/31/2024,27107633.0,647555.81,41.86,490413.0,6123.68,80.08,0.92
040154,811284,12/31/2024,28849867.0,755751.0,38.18,2075161.0,44054.28,47.1,0.92
060032,830535,12/31/2024,79372127.0,1761007.0,45.03,2017127.0,40278.0,50.08,0.92
250048,811673,12/31/2024,149393774.0,4078880.0,36.63,6980268.0,92655.0,75.34,0.92
040147,810645,12/31/2024,17988657.0,378916.87,47.47,237019.0,3524.0,67.26,0.92
420110,816245,12/31/2024,35750840.0,872723.96,40.96,170602.0,1924.87,88.63,0.92
224047,817008,12/31/2024,15893650.0,381412.0,41.67,3845428.0,40225.0,95.6,0.92
033038,812190,12/31/2024,16336616.0,348798.66,46.84,263200.0,3186.87,82.59,0.92
422007,813299,12/31/2024,9435300.0,229493.09,41.11,2114296.0,32219.95,65.62,0.92
250027,812815,12/31/2024,12093116.0,461924.12,26.2,1318078.0,29418.69,44.8,0.92
230017,811628,12/31/2024,446991345.0,8787146.24,50.87,9678181.0,180737.3,53.55,0.92
424015,831361,12/31/2024,4119440.0,195882.0,20.72,55293.0,906.0,61.03,0.92
060065,832008,12/31/2024,65993307.0,1407860.0,46.86,284835.0,4347.0,65.52,0.92
423029,810403,12/31/2024,11086272.0,304387.34,36.42,10725.0,199.77,53.69,0.92
060064,812429,12/31/2024,171133360.0,2803524.0,61.04,6477567.0,70662.0,91.67,0.92
230015,812765,12/31/2024,30515122.0,578568.6,52.74,421624.0,4469.85,94.33,0.92
060054,807825,12/31/2024,111455877.0,2238825.14,50.73,3543300.0,41242.93,85.91,0.92
423026,828718,12/31/2024,10742428.0,290532.39,36.97,813799.0,10511.78,77.42,0.92
033040,812191,12/31/2024,13141196.0,304433.0,43.17,779296.0,12727.0,61.23,0.92
423025,828717,12/31/2024,16113774.0,437402.94,36.84,85.0,0.85,100.0,0.92
423027,828719,12/31/2024,11151163.0,290495.84,38.39,328147.0,4833.82,67.89,0.92
070005,811381,12/31/2024,102332256.0,2198843.97,46.54,2776081.0,53898.78,51.51,0.92
033044,812193,12/31/2024,7695104.0,176475.0,43.6,674950.0,11119.0,60.7,0.92
230038,811632,12/31/2024,795619756.0,21257756.0,37.43,13880970.0,190601.13,72.83,0.92
443031,828730,12/31/2024,10472876.0,251980.43,41.56,276058.0,3813.74,72.39,0.92
240018,812799,12/31/2024,57662663.0,940021.83,60.85,1150041.0,9760.48,117.83,0.92
440015,808671,12/31/2024,495365518.0,10988981.21,44.99,22044175.0,524920.89,42.0,0.92
440058,813325,12/31/2024,53476866.0,1341138.0,39.87,637139.0,8098.0,78.68,0.92
240014,812798,12/31/2024,63149251.0,1244373.64,50.75,712908.0,3224.0,221.13,0.92
240010,811652,12/31/2024,823113742.0,20995232.0,44.36,22169394.0,212676.0,104.24,0.92
240006,810904,12/31/2024,141335509.0,2354334.0,60.03,1443474.0,20668.5,69.84,0.92
040072,811280,12/31/2024,10992256.0,272157.0,40.39,128205.0,1897.25,67.57,0.92
231338,810185,12/31/2024,37346498.0,895994.85,41.68,150848.0,1541.95,97.83,0.92
240004,813650,12/31/2024,745911874.0,12944096.2,57.63,20315646.0,325762.24,62.36,0.92
440020,813318,12/31/2024,16789709.0,445054.0,37.73,602957.0,7315.0,82.43,0.92
240001,811651,12/31/2024,310620454.0,6307847.74,50.46,14828902.0,151712.74,97.74,0.92
230092,810886,12/31/2024,312715003.0,6678043.89,46.83,8982277.0,108074.91,83.11,0.92
231339,810897,12/31/2024,36025922.0,822678.0,43.79,66477.0,650.0,102.27,0.92
440049,816269,12/31/2024,713515539.0,16577888.9,43.04,35424545.0,404273.18,87.63,0.92
060126,809965,12/31/2024,15435762.0,313840.0,49.18,638234.0,6256.0,102.02,0.92
232023,830763,12/31/2024,28208640.0,659843.93,42.75,482925.0,7701.29,62.71,0.92
040055,811279,12/31/2024,75477487.0,2081711.0,36.26,4865288.0,76697.39,63.43,0.92
440034,828871,12/31/2024,65392902.0,1658328.0,32.74,7752262.0,112611.0,68.84,0.92
443038,814951,12/31/2024,7551583.0,172339.0,43.82,364847.0,4607.0,79.19,0.92
070027,812445,12/31/2024,109451545.0,2525383.75,43.34,1952797.0,20594.73,94.82,0.92
060125,812433,12/31/2024,79926874.0,1593079.0,50.17,5414034.0,39967.0,135.46,0.92
233300,812796,12/31/2024,132180322.0,3300285.0,40.02,20005127.0,515983.0,38.77,0.92
230075,812774,12/31/2024,113200695.0,2551332.14,44.37,7705286.0,142302.24,54.15,0.92
230085,811637,12/31/2024,17544145.0,426753.81,41.11,166753.0,3074.19,54.24,0.92
443037,813339,12/31/2024,11191506.0,276955.0,40.41,1177.0,27.0,43.59,0.92
040069,810644,12/31/2024,11623738.0,406065.31,29.52,729087.0,7773.25,93.79,0.92
450010,813342,12/31/2024,165714808.0,3921424.39,41.46,5919718.0,63174.07,93.7,0.92
240078,810919,12/31/2024,252972230.0,4667128.36,54.2,3387865.0,38776.0,87.37,0.92
230104,811639,12/31/2024,123628425.0,2962377.0,41.56,25535146.0,648438.0,39.38,0.92
240020,810905,12/31/2024,32960143.0,560627.0,58.67,502388.0,6183.0,81.25,0.92
240076,810918,12/31/2024,33722476.0,571929.0,58.82,1769147.0,15808.0,111.91,0.92
430097,811954,12/31/2024,36144156.0,735497.0,49.14,2185774.0,21923.29,99.7,0.92
240071,810917,12/31/2024,20055636.0,355601.0,56.29,810316.0,8841.0,91.65,0.92
240069,810915,12/31/2024,19712520.0,365324.0,54.07,564749.0,6800.0,83.05,0.92
240066,810913,12/31/2024,76332285.0,1563968.0,48.81,585485.0,6558.0,89.28,0.92
442015,813337,12/31/2024,15165690.0,373465.85,40.61,905551.0,16518.45,54.82,0.92
230047,811634,12/31/2024,203362591.0,4831859.4,42.09,1607538.0,19151.55,83.94,0.92
230130,820490,12/31/2024,531112279.0,14257959.0,37.25,3172535.0,39255.63,80.82,0.92
230053,820643,12/31/2024,1446454261.0,25146508.79,57.52,12899199.0,141627.65,91.08,0.92
230121,812776,12/31/2024,122212143.0,2626543.89,46.53,1371823.0,17230.0,79.62,0.92
230055,812772,12/31/2024,49694549.0,1130966.0,43.94,133820.0,1388.0,96.41,0.92
240057,811656,12/31/2024,649086850.0,9813266.0,62.57,18066773.0,235329.0,76.77,0.92
060113,812431,12/31/2024,135247117.0,2525760.22,53.55,5429854.0,40320.61,134.67,0.92
440001,809626,12/31/2024,5290963.0,122143.86,37.02,352919.0,4457.03,79.18,0.92
240056,811655,12/31/2024,126934142.0,2690005.0,47.19,4063467.0,44287.85,91.75,0.92
240022,810906,12/31/2024,26927531.0,553535.0,48.65,2255927.0,15040.0,150.0,0.92
240030,812800,12/31/2024,58313437.0,1546062.37,37.72,1270069.0,12895.99,98.49,0.92
060117,812432,12/31/2024,12732300.0,283566.0,44.9,747068.0,7850.0,95.17,0.92
240038,810908,12/31/2024,348977352.0,5547661.0,62.82,17849624.0,226889.0,78.67,0.92
440007,813314,12/31/2024,16148236.0,506900.98,31.86,322275.0,4419.0,72.93,0.92
060116,827364,12/31/2024,102561329.0,1983680.47,51.81,3019367.0,29823.08,101.24,0.92
240043,810190,12/31/2024,157035148.0,2143085.19,60.65,478159.0,6032.63,79.26,0.92
240050,810910,12/31/2024,52512460.0,966774.11,54.32,54041.0,516.0,104.73,0.92
060114,813610,12/31/2024,141812224.0,2601768.0,54.51,6196380.0,45786.0,135.33,0.92
240053,811654,12/31/2024,307181592.0,6818033.51,46.28,10305020.0,147596.86,69.82,0.92
450092,809682,12/31/2024,25395225.0,710464.0,37.55,430227.0,4663.0,92.26,0.92
060103,811371,12/31/2024,82058490.0,1441471.0,56.93,1880712.0,14423.0,130.4,0.92
420089,813297,12/31/2024,40121633.0,726845.0,55.2,1394670.0,13610.0,102.47,0.92
420087,816233,12/31/2024,144962357.0,3548972.63,40.85,2388416.0,29751.18,80.28,0.92
250136,830428,12/31/2024,10558925.0,280783.0,37.61,11043.0,109.0,101.31,0.92
230273,811645,12/31/2024,89071410.0,2154882.0,41.09,16276337.0,423946.0,38.39,0.92
450097,830475,12/31/2024,94275999.0,2394004.0,39.57,634620.0,9681.0,65.55,0.92
063030,809970,12/31/2024,11832758.0,280476.19,42.19,2233676.0,29604.65,75.45,0.92
040029,812200,12/31/2024,126865170.0,3137549.88,40.43,7211853.0,85115.09,84.73,0.92
250167,814558,12/31/2024,44712704.0,970093.18,46.09,1341644.0,20815.0,64.46,0.92
420080,829208,12/31/2024,33292767.0,732430.0,45.46,3620968.0,35361.0,102.4,0.92
440125,800994,12/31/2024,128589465.0,3239036.0,33.43,13831468.0,163953.0,84.36,0.92
250096,830425,12/31/2024,11736499.0,309875.0,37.87,1006010.0,18964.0,53.05,0.92
450162,811982,12/31/2024,11840683.0,342383.73,34.58,190481.0,3873.74,49.17,0.92
230275,812791,12/31/2024,26179153.0,812869.0,32.21,664871.0,20328.88,32.71,0.92
440161,831995,12/31/2024,231673250.0,5735427.53,40.39,4162993.0,90235.0,46.14,0.92
040027,815257,12/31/2024,128484085.0,3419698.41,37.68,3926902.0,45774.09,85.79,0.92
250124,810207,12/31/2024,7718315.0,262259.81,29.43,728748.0,13403.2,54.37,0.92
420082,810398,12/31/2024,76014497.0,2031228.0,38.27,9813391.0,134241.0,73.1,0.92
450119,811980,12/31/2024,209229920.0,6338756.0,36.79,3989450.0,79303.0,50.31,0.92
230301,812792,12/31/2024,10689248.0,290114.0,36.84,268285.0,2815.0,95.31,0.92
060023,811367,12/31/2024,152256337.0,3238491.91,47.1,8768064.0,96310.55,91.04,0.92
230244,812789,12/31/2024,54443547.0,1713755.0,31.77,605419.0,8574.0,70.61,0.92
230302,810892,12/31/2024,217668563.0,3945510.0,55.17,2113485.0,25771.0,82.01,0.92
420065,816229,12/31/2024,91402449.0,2265694.71,40.34,785485.0,8590.57,91.44,0.92
040036,812201,12/31/2024,87681549.0,2363916.0,37.1,6924944.0,122805.5,56.39,0.92
060027,812426,12/31/2024,183503999.0,2989475.0,61.38,3559592.0,35028.0,101.62,0.92
223026,829097,12/31/2024,33724386.0,724163.38,46.57,628107.0,10006.34,62.77,0.92
252005,828195,12/31/2024,9714816.0,237575.35,40.89,463257.0,6573.33,70.48,0.92
230269,810891,12/31/2024,286918850.0,7731961.0,37.11,541860.0,8967.13,60.43,0.92
230264,812790,12/31/2024,8032253.0,261366.0,30.73,71044.0,2080.0,34.16,0.92
440110,829278,12/31/2024,18940307.0,490700.0,32.84,304670.0,5444.0,55.96,0.92
440150,831994,12/31/2024,73050478.0,1903133.0,38.38,1228751.0,18682.0,65.77,0.92
330144,813000,01/01/2025,12876521.0,395350.0,32.57,1576402.0,15257.0,103.32,0.92
050342,832076,01/20/2025,42489117.0,1064724.27,39.91,905229.0,7018.42,128.98,0.92
390211,822413,01/20/2025,15791690.0,759862.0,20.78,137115.0,1368.0,100.23,0.92
442018,814942,01/31/2025,6226342.0,135132.28,46.08,1795217.0,23444.73,76.57,0.92
372009,814801,01/31/2025,20568665.0,513603.68,40.05,607219.0,8070.71,75.24,0.92
162001,829377,01/31/2025,5797607.0,142288.4,40.75,1560857.0,19223.83,81.19,0.92
342018,808472,01/31/2025,8284651.0,189103.87,43.81,802327.0,10247.67,78.29,0.92
290003,814620,01/31/2025,358479422.0,6921629.0,51.82,4635322.0,85486.0,54.22,0.92
220175,814470,01/31/2025,85523719.0,1713452.0,49.87,2791974.0,43012.0,64.91,0.92
450672,830825,01/31/2025,94969056.0,2369948.0,40.62,3132224.0,26140.0,119.82,0.92
220176,814472,01/31/2025,130476002.0,2713814.0,47.95,3782325.0,58119.0,65.08,0.92
152024,831564,01/31/2025,12406456.0,293387.19,42.29,805140.0,11698.24,68.83,0.92
392039,810377,01/31/2025,22503743.0,507720.79,44.32,2548874.0,32830.24,77.64,0.92
460030,815085,01/31/2025,19207384.0,454465.0,42.26,384349.0,3742.0,102.71,0.92
262017,815873,01/31/2025,13240990.0,346901.33,38.17,1016088.0,13678.48,74.28,0.92
320074,814659,01/31/2025,21645174.0,476273.63,45.45,693374.0,8458.0,81.98,0.92
232012,814512,01/31/2025,7675781.0,171868.59,44.66,80505.0,982.55,81.93,0.92
050298,813922,01/31/2025,28038127.0,553528.0,50.65,715078.0,10040.0,71.22,0.92
450851,816576,01/31/2025,32810920.0,652396.64,50.09,962023.0,9793.01,98.24,0.92
670103,830506,01/31/2025,49728926.0,1095999.0,45.56,1931948.0,24528.19,78.76,0.92
290047,814628,01/31/2025,124318398.0,2514222.0,49.75,745975.0,5299.0,140.78,0.92
300014,815897,02/28/2025,24622891.0,541523.0,45.47,126681.0,1043.0,121.46,0.92
180101,815678,02/28/2025,47487963.0,1016388.0,46.72,630481.0,7995.0,78.86,0.92
320009,815914,02/28/2025,87108939.0,3899814.79,22.34,22298352.0,274771.0,81.15,0.92
232033,815821,02/28/2025,7636713.0,155546.97,49.1,65356.0,775.9,84.23,0.92
432002,816255,02/28/2025,5317887.0,114285.87,46.53,2128017.0,48459.52,43.91,0.92
670055,830676,02/28/2025,86848970.0,2432732.0,35.74,271333.0,3180.0,85.32,0.92
110128,814193,02/28/2025,30389124.0,860987.0,35.34,146597.0,1407.0,104.19,0.92
150133,815599,02/28/2025,27741445.0,700964.0,39.58,655336.0,9250.0,70.85,0.92
140174,815551,02/28/2025,34579751.0,768501.13,45.0,18586.0,250.0,74.34,0.92
140007,815534,02/28/2025,66668212.0,1385899.0,48.1,1554929.0,21045.95,73.88,0.92
180105,815681,02/28/2025,12255842.0,395436.0,30.99,99533.0,1534.74,64.85,0.92
140217,815559,02/28/2025,28972576.0,635471.83,45.59,571001.0,7259.16,78.66,0.92
100077,829916,02/28/2025,69999175.0,1844616.0,37.95,8744009.0,127787.0,68.43,0.92
140080,815541,02/28/2025,37382633.0,835603.91,44.74,11659.0,148.48,78.52,0.92
100264,830239,02/28/2025,97911806.0,2710423.0,36.13,837955.0,7442.58,112.59,0.92
102020,815478,02/28/2025,9683582.0,281184.12,34.44,81783.0,1259.31,64.94,0.92
140180,815552,02/28/2025,69140907.0,1566531.86,44.14,225029.0,3237.65,69.5,0.92
113035,815519,02/28/2025,12160221.0,295528.91,41.15,69265.0,887.69,78.03,0.92
440187,814932,02/28/2025,21777742.0,539077.0,40.4,528109.0,5883.0,89.77,0.92
140117,815546,02/28/2025,67505223.0,1450239.5,46.57,720378.0,10131.83,71.1,0.92
252007,815858,02/28/2025,15230338.0,414932.01,36.71,537052.0,16485.14,32.58,0.92
362016,816132,02/28/2025,5429462.0,131274.69,41.36,1045572.0,25300.14,41.33,0.92
340126,816000,02/28/2025,55470658.0,1352885.0,41.0,8526556.0,118148.0,72.17,0.92
100204,830161,02/28/2025,145981427.0,3868045.5,37.66,14361938.0,363992.0,39.46,0.92
140155,815549,02/28/2025,25155290.0,546476.18,46.03,44210.0,701.22,63.05,0.92
523033,816500,02/28/2025,12984251.0,283899.87,45.74,363325.0,4883.31,74.4,0.92
392036,821002,03/31/2025,5257696.0,131279.59,40.05,143701.0,1852.5,77.57,0.92
450400,817256,03/31/2025,9225211.0,235993.0,39.09,200583.0,3039.0,66.0,0.92
320085,831182,03/31/2025,65211110.0,1756524.0,37.13,3421490.0,42382.0,80.73,0.92
050589,818524,03/31/2025,37894709.0,981783.0,38.6,1830238.0,17627.0,103.83,0.92
380017,817243,03/31/2025,179614642.0,4260840.6,42.15,1480694.0,23907.8,61.93,0.92
140011,817371,03/31/2025,57099489.0,1505557.81,37.93,2826700.0,32261.68,87.62,0.92
500150,817070,03/31/2025,223894360.0,5122344.2,43.71,1404957.0,12250.0,114.69,0.92
180128,817210,03/31/2025,13730521.0,408867.0,33.58,984471.0,20078.0,49.03,0.92
050570,818780,03/31/2025,134934308.0,3495304.0,38.6,8213262.0,71159.0,115.42,0.92
260095,817951,03/31/2025,94029421.0,2356115.11,40.03,1625023.0,23646.0,68.72,0.92
113033,815518,03/31/2025,13104491.0,344480.59,38.04,152405.0,2331.49,65.37,0.92
040001,829642,03/31/2025,21647092.0,530988.0,40.77,634007.0,8590.0,73.81,0.92
380025,817244,03/31/2025,91173322.0,2369213.17,38.48,852718.0,8700.0,98.01,0.92
010157,817080,03/31/2025,17318965.0,506500.0,34.19,404861.0,10193.0,39.72,0.92
150150,817927,03/31/2025,50364062.0,1201478.0,41.92,704711.0,8012.0,87.96,0.92
030094,817798,03/31/2025,120796629.0,2870403.0,42.01,2770840.0,38194.0,72.55,0.92
370083,817416,03/31/2025,2873486.0,137111.0,20.96,123121.0,1286.26,95.72,0.92
492012,815116,03/31/2025,8219768.0,148639.5,55.3,1738771.0,24500.02,70.97,0.92
440156,828873,03/31/2025,120196913.0,3177896.0,37.82,42157.0,555.0,75.96,0.92
112013,816968,03/31/2025,16822743.0,431221.41,39.01,194496.0,3474.86,55.97,0.92
360058,817149,03/31/2025,26519252.0,924492.0,28.69,337348.0,3889.0,86.74,0.92
140068,817517,03/31/2025,30720026.0,824848.0,39.64,11086785.0,127176.0,87.18,0.92
363043,816139,03/31/2025,9028026.0,202324.01,44.62,9017.0,114.14,79.0,0.92
113030,815517,03/31/2025,15618852.0,421955.72,37.02,55831.0,812.46,68.72,0.92
380029,817053,03/31/2025,65160741.0,1452194.0,44.87,5586469.0,88382.0,63.21,0.92
450651,830487,03/31/2025,209761025.0,4962633.0,42.98,4497213.0,77865.0,57.76,0.92
140210,818085,03/31/2025,22699288.0,591755.8,38.36,376473.0,4262.49,88.32,0.92
490118,817172,03/31/2025,158678460.0,3848361.0,41.23,1568054.0,49446.0,31.71,0.92
190008,815698,03/31/2025,90801190.0,2645584.8,34.32,8333286.0,100529.02,82.89,0.92
370015,817415,03/31/2025,13310261.0,297939.15,44.67,2254581.0,17994.0,125.3,0.92
102024,827371,03/31/2025,19954238.0,525060.15,38.0,742862.0,11078.12,67.06,0.92
230072,817936,03/31/2025,151042614.0,3633108.39,41.57,821078.0,5714.58,143.68,0.92
443035,816288,03/31/2025,9050005.0,226565.15,39.94,1158147.0,16163.4,71.65,0.92
362031,817699,03/31/2025,7812974.0,156342.13,49.97,778657.0,11198.87,69.53,0.92
170142,817820,03/31/2025,35181714.0,776321.9,45.32,1139813.0,16183.0,70.43,0.92
440176,817060,03/31/2025,34176356.0,734464.75,36.89,458261.0,5630.2,81.39,0.92
010036,817075,03/31/2025,21219852.0,571877.0,37.11,203194.0,3469.0,58.57,0.92
280132,817223,03/31/2025,37961629.0,1000919.0,37.93,5265004.0,58450.0,90.08,0.92
450662,830488,03/31/2025,53694413.0,1740978.45,31.13,393354.0,1553.0,253.29,0.92
260175,818014,03/31/2025,74066182.0,1799582.65,42.02,2772186.0,27941.0,99.22,0.92
010126,817797,03/31/2025,20996157.0,546887.0,38.39,131155.0,1773.0,73.97,0.92
400011,816868,03/31/2025,13155494.0,671830.0,19.58,148564.0,2688.0,55.27,0.92
230217,817308,03/31/2025,85625425.0,1891340.38,45.27,3170612.0,38482.59,82.39,0.92
250094,817310,03/31/2025,49003620.0,1375197.0,35.63,2954083.0,45913.0,64.34,0.92
052044,814023,03/31/2025,33324711.0,654642.18,50.91,4209439.0,52369.39,80.38,0.92
440184,829282,03/31/2025,39047827.0,828379.04,39.68,1304720.0,15717.4,83.01,0.92
140177,817444,03/31/2025,36085498.0,1108767.0,32.55,7426928.0,117494.0,63.21,0.92
420079,830365,03/31/2025,167203645.0,4247517.0,39.37,590868.0,8320.0,71.02,0.92
053042,815350,03/31/2025,17023139.0,366874.16,46.4,23597.0,263.11,89.68,0.92
380007,827638,03/31/2025,625007382.0,12642820.38,49.44,6352162.0,83003.75,76.53,0.92
180013,830186,03/31/2025,146683681.0,4292762.1,34.17,6362628.0,145600.0,43.7,0.92
400104,817159,03/31/2025,37404279.0,1961180.0,19.07,1699492.0,66429.0,25.58,0.92
050782,817090,03/31/2025,52849240.0,1240510.0,42.6,113179.0,2686.0,42.14,0.92
040017,816771,03/31/2025,48578495.0,1312892.17,37.0,3484937.0,49298.0,70.69,0.92
260137,817312,03/31/2025,299892319.0,6427813.0,46.64,2151037.0,23443.0,91.76,0.92
450885,817425,03/31/2025,47480648.0,911820.79,52.21,1312987.0,18605.0,70.57,0.92
380089,817056,03/31/2025,111718824.0,2726224.94,40.98,1022628.0,12500.0,81.81,0.92
100122,829917,03/31/2025,39800159.0,1098841.0,36.22,276050.0,6754.0,40.87,0.92
440227,829135,03/31/2025,42778563.0,1076672.0,39.73,271133.0,4108.9,65.99,0.92
010113,817356,03/31/2025,177707341.0,4851582.0,36.63,1254495.0,10704.0,117.2,0.92
140164,817373,03/31/2025,84553272.0,2222654.39,38.04,11146103.0,112976.08,98.66,0.92
232024,819114,04/30/2025,10132408.0,223641.08,45.31,83529.0,1256.26,66.49,0.92
450370,819055,04/30/2025,12973353.0,342118.0,37.92,1801040.0,22930.0,78.55,0.92
030043,819078,04/30/2025,52369526.0,1133332.0,46.21,16087958.0,185901.0,86.54,0.92
392031,818938,04/30/2025,7109656.0,179666.47,39.57,396933.0,5289.01,75.05,0.92
100254,829706,04/30/2025,74484471.0,1924466.0,38.69,2673239.0,67941.0,39.35,0.92
370112,828691,04/30/2025,11105017.0,343444.64,32.33,51363.0,1097.0,46.82,0.92
280111,819222,04/30/2025,71225027.0,1540083.34,47.01,5313393.0,48569.0,109.4,0.92
670080,831114,04/30/2025,42547773.0,847021.67,50.23,457732.0,3554.0,128.79,0.92
673058,818953,04/30/2025,28928538.0,174786.75,165.51,250700.0,4310.84,58.16,0.92
260142,819220,04/30/2025,29471405.0,701453.0,42.02,984130.0,10671.0,92.22,0.92
450743,830288,04/30/2025,99872722.0,2013031.48,49.61,282523.0,3644.0,77.53,0.92
190274,819301,04/30/2025,68578637.0,1967051.83,39.2,5479252.0,107373.0,51.03,0.92
100213,829648,04/30/2025,75155042.0,1966202.0,38.25,425093.0,2347.0,181.12,0.92
232031,818905,04/30/2025,17511212.0,381751.51,45.87,411007.0,6533.44,62.91,0.92
180092,818994,04/30/2025,53395592.0,1155222.0,46.22,451614.0,5310.0,85.05,0.92
030110,819081,04/30/2025,94062428.0,2276646.0,41.25,3253293.0,47908.0,67.91,0.92
450389,819163,04/30/2025,33307560.0,831685.47,40.05,2534984.0,56990.0,44.48,0.92
440003,819044,04/30/2025,72678466.0,1672461.0,43.46,2866428.0,35972.0,79.68,0.92
100281,820945,04/30/2025,318160625.0,6207239.19,51.71,5563516.0,109940.79,50.6,0.92
100038,822054,04/30/2025,1670827844.0,30690158.71,54.62,7764249.0,122607.81,63.33,0.92
342020,818819,04/30/2025,9643449.0,202473.93,47.63,38704.0,726.53,53.27,0.92
320017,819137,04/30/2025,51106796.0,2370896.59,21.56,3737896.0,46506.0,80.37,0.92
112011,820842,04/30/2025,8964188.0,201381.98,44.51,938702.0,12226.1,76.78,0.92
450833,819058,04/30/2025,8418818.0,205311.0,41.01,455632.0,4749.0,95.94,0.92
260186,829468,04/30/2025,101163610.0,2565108.85,39.45,6243995.0,101856.38,61.3,0.92
450028,819162,04/30/2025,66244301.0,1659497.0,39.92,37915.0,757.0,50.09,0.92
100230,819102,04/30/2025,93406575.0,1910022.44,49.86,1325780.0,37568.59,35.29,0.92
110051,818989,04/30/2025,54823012.0,1459376.0,37.57,2634255.0,52157.0,50.51,0.92
110146,818865,04/30/2025,21991608.0,565482.44,38.89,662331.0,13392.05,49.46,0.92
100285,819283,04/30/2025,111665306.0,2280985.78,49.16,1155977.0,32225.52,35.87,0.92
110125,819194,04/30/2025,44379485.0,1198663.0,37.02,280680.0,2327.0,120.62,0.92
442011,819161,04/30/2025,28364478.0,632110.63,44.87,2548018.0,36283.72,70.22,0.92
110025,828276,04/30/2025,112262457.0,2729239.19,41.13,7904109.0,131574.18,60.07,0.92
160089,818250,04/30/2025,23486497.0,605715.0,38.78,8004513.0,90381.0,88.56,0.92
140043,818342,04/30/2025,131567017.0,2690927.01,48.89,4821844.0,52645.45,91.59,0.92
050689,821493,05/31/2025,71724194.0,927330.0,77.34,1206611.0,16243.0,74.28,0.92
443032,819048,05/31/2025,12756146.0,321393.9,39.69,513907.0,8192.39,62.73,0.92
340013,824625,05/31/2025,37202335.0,43.16,861963.28,1760981.0,22597.0,77.93,0.92
453031,819063,05/31/2025,14708500.0,365317.11,40.26,76522.0,1738.2,44.02,0.92
150047,829654,05/31/2025,20196773.0,483363.0,41.78,303028.0,3876.0,78.18,0.92
182003,827386,05/31/2025,6851228.0,159210.05,43.03,634538.0,8241.19,77.0,0.92
522008,821379,05/31/2025,13144433.0,525060.15,25.03,1038098.0,14375.03,72.22,0.92
443030,821365,05/31/2025,6722617.0,189236.52,35.52,551204.0,7136.03,77.24,0.92
443028,819047,05/31/2025,12814342.0,319661.17,40.09,1775036.0,37735.7,47.04,0.92
320006,831181,05/31/2025,28027612.0,678736.0,41.29,9031997.0,129174.0,69.92,0.92
100054,821120,05/31/2025,15963319.0,393838.0,40.46,1144309.0,11033.0,103.72,0.92
670034,821206,05/31/2025,289610631.0,4401939.67,65.86,1563447.0,14537.0,107.55,0.92
063034,818985,05/31/2025,13066418.0,285809.3,45.72,1650608.0,20045.57,82.34,0.92
050279,821699,05/31/2025,30715193.0,651554.0,47.12,2138022.0,28279.0,75.6,0.92
493032,819069,05/31/2025,15034110.0,358484.35,41.94,796510.0,12491.03,63.77,0.92
180038,828231,05/31/2025,174472204.0,4430848.39,39.32,2937591.0,34338.75,85.55,0.92
510070,821376,05/31/2025,73758997.0,1872491.0,39.39,5174344.0,63137.0,81.95,0.92
033037,818961,05/31/2025,15545233.0,395134.65,39.34,308766.0,4398.84,70.19,0.92
260195,820499,05/31/2025,124506019.0,2791223.0,44.61,3689316.0,43301.5,85.2,0.92
180046,821961,05/31/2025,16107270.0,385387.0,41.8,48423.0,887.0,54.59,0.92
180070,821963,05/31/2025,19035018.0,538344.24,35.36,1758868.0,20358.0,86.4,0.92
260009,822283,05/31/2025,74069737.0,1652056.0,44.83,5395877.0,60515.0,89.17,0.92
100124,829918,05/31/2025,30517554.0,813291.0,37.52,510250.0,6219.0,82.05,0.92
440183,822103,05/31/2025,96269989.0,2214612.0,43.34,1757440.0,29421.0,59.73,0.92
232035,821322,05/31/2025,5876340.0,132227.79,44.44,819485.0,10824.86,75.7,0.92
100223,830713,05/31/2025,70480109.0,1791484.0,39.31,7676532.0,103476.0,74.19,0.92
042009,821218,05/31/2025,5849710.0,137081.27,42.67,209004.0,3223.87,64.83,0.92
493031,819068,05/31/2025,11585090.0,283614.28,40.85,854441.0,11354.14,75.25,0.92
450668,822238,05/31/2025,60584546.0,1652347.0,36.64,142021.0,2156.0,65.87,0.92
450669,830217,05/31/2025,58704670.0,1366782.0,42.98,1160551.0,35350.03,32.83,0.92
050506,819095,05/31/2025,70937286.0,1103852.71,64.47,6669138.0,67056.9,99.45,0.92
450647,830376,05/31/2025,266220608.0,6043551.0,44.19,4858537.0,72386.0,67.12,0.92
100288,821952,05/31/2025,134561289.0,3113548.0,43.2,86144.0,1787.0,48.21,0.92
100231,830324,05/31/2025,94273677.0,2426121.0,38.81,3763525.0,92040.0,40.89,0.92
450002,822107,05/31/2025,76181945.0,2067273.0,36.83,179277.0,2899.0,61.84,0.92
263028,819019,05/31/2025,38730954.0,858631.26,45.11,3308910.0,36696.0,90.17,0.92
032005,821213,05/31/2025,8906042.0,187368.05,47.53,462413.0,6215.3,74.4,0.92
450742,820534,05/31/2025,88509224.0,1776636.15,49.85,1373781.0,12841.0,106.98,0.92
260022,821759,05/31/2025,18986265.0,532701.0,35.64,1672041.0,25869.0,64.63,0.92
050464,821701,05/31/2025,265289398.0,4170921.0,63.6,2952617.0,44922.0,65.73,0.92
180004,822364,05/31/2025,26622171.0,799230.76,33.31,30800.0,127.7,241.19,0.92
423028,819043,05/31/2025,11908785.0,298600.07,39.88,44095.0,669.38,65.87,0.92
033032,818960,05/31/2025,13060318.0,313546.83,41.65,275301.0,3665.71,75.1,0.92
450241,821568,05/31/2025,16539294.0,392506.46,42.14,902111.0,17520.0,51.49,0.92
013033,818958,05/31/2025,12681361.0,346188.17,36.63,26793.0,334.91,80.0,0.92
170176,829447,05/31/2025,98638528.0,2389808.0,41.27,510413.0,7758.0,65.79,0.92
670108,821207,05/31/2025,76498677.0,1217932.7,65.3,1163363.0,17283.0,67.31,0.92
670088,820697,05/31/2025,196000011.0,3130909.92,62.67,647277.0,4855.0,133.32,0.92
393053,821552,05/31/2025,19215895.0,481853.0,39.88,3561623.0,49330.0,72.2,0.92
440197,829029,05/31/2025,38989019.0,998319.0,39.05,9964.0,86.0,115.86,0.92
143030,819424,05/31/2025,11469874.0,256612.17,44.7,295748.0,3597.69,82.2,0.92
170182,829525,05/31/2025,65877629.0,1620510.0,40.53,794325.0,10511.0,75.57,0.92
100161,829799,05/31/2025,59681818.0,1388157.0,43.08,1998.0,22.0,90.82,0.92
050243,821935,05/31/2025,232026221.0,3974229.0,58.38,5186100.0,53219.0,97.45,0.92
440228,821558,05/31/2025,46099164.0,1071591.0,42.96,27048.0,280.0,96.6,0.92
430005,821660,05/31/2025,70590729.0,1312970.56,53.76,848326.0,10964.57,77.37,0.92
460005,822995,05/31/2025,63441528.0,1578919.0,40.09,290031.0,5798.0,50.02,0.92
050534,821489,05/31/2025,57100908.0,995097.0,57.36,2289622.0,33000.0,69.38,0.92
050118,821597,05/31/2025,42730830.0,774019.0,55.2,533764.0,8346.0,63.95,0.92
050633,819181,05/31/2025,50885531.0,866453.35,58.73,4006241.0,36667.8,109.26,0.92
190208,821535,05/31/2025,7698299.0,201144.34,38.27,86014.0,1676.24,51.31,0.92
392037,817551,05/31/2025,7643607.0,209058.73,36.56,836958.0,12224.05,68.47,0.92
100287,821509,05/31/2025,76236512.0,1790464.0,42.57,112906.0,3481.0,32.43,0.92
292003,822075,05/31/2025,19503625.0,578040.0,33.34,1966619.0,31466.0,62.5,0.92
420002,821659,05/31/2025,116386161.0,2928568.0,39.74,5587020.0,91320.0,61.18,0.92
390326,825445,06/27/2025,159822427.0,3747624.38,42.65,101758.0,978.0,104.05,0.92
370235,825648,06/30/2025,23550957.0,590489.54,39.88,91969.0,1325.58,69.38,0.92
370218,820999,06/30/2025,56077136.0,1392586.0,40.27,547391.0,5053.0,108.33,0.92
230174,825208,06/30/2025,20208673.0,600849.38,33.63,1042905.0,12777.15,81.62,0.92
520091,825943,06/30/2025,14784330.0,340061.19,43.48,238594.0,2567.75,92.92,0.92
140029,826307,06/30/2025,169515137.0,3751071.39,45.19,1752962.0,23690.41,73.99,0.92
100321,826159,06/30/2025,48091673.0,1139280.0,42.25,234098.0,3226.0,72.57,0.92
140095,824944,06/30/2025,79987617.0,1780261.0,45.38,2075815.0,27424.0,75.69,0.92
200024,826463,06/30/2025,209014783.0,4144983.65,50.41,27606657.0,288761.77,95.6,0.92
230176,823884,06/30/2025,76084942.0,1875850.0,40.56,329641.0,4394.78,75.01,0.92
210018,825793,06/30/2025,81740672.0,1774420.0,46.07,3262509.0,35368.0,92.24,0.92
230208,825211,06/30/2025,23361813.0,521912.32,44.76,724095.0,7647.58,94.68,0.92
370236,823630,06/30/2025,40557894.0,966203.35,41.4,2819728.0,38763.06,72.74,0.92
050567,824463,06/30/2025,263884827.0,4556337.0,57.92,6576651.0,103053.0,63.82,0.92
140032,824257,06/30/2025,46169700.0,1079056.71,42.79,661189.0,9619.63,68.73,0.92
230132,824981,06/30/2025,195013944.0,4915978.41,39.67,18203365.0,251060.31,72.51,0.92
230089,823879,06/30/2025,95678381.0,2399048.0,39.88,426947.0,5007.6,85.26,0.92
210019,827696,06/30/2025,209176670.0,4749783.04,44.04,5338337.0,55030.75,97.01,0.92
210004,824300,06/30/2025,231619713.0,4931360.0,46.97,2446015.0,57366.0,42.64,0.92
520107,822322,06/30/2025,30745124.0,772613.46,39.79,2715420.0,28848.83,94.13,0.92
140187,824744,06/30/2025,80855101.0,1937616.81,41.73,8222772.0,131982.99,62.3,0.92
140119,827593,06/30/2025,878370567.0,16609845.96,47.56,20023132.0,168868.71,118.57,0.92
450610,824198,06/30/2025,203457125.0,4339779.03,46.92,2403206.0,20341.37,118.14,0.92
050159,825091,06/30/2025,255077763.0,4771129.0,53.46,26535768.0,332476.0,79.81,0.92
520030,827660,06/30/2025,188982372.0,4208672.05,44.9,43408729.0,464847.16,93.38,0.92
230236,824306,06/30/2025,274777848.0,5598580.0,49.02,4662299.0,63586.0,73.32,0.92
520213,822323,06/30/2025,10107037.0,203340.38,49.71,2241778.0,22191.14,101.02,0.92
520103,822321,06/30/2025,84961426.0,1928569.44,44.05,11841574.0,154436.57,76.68,0.92
230222,824583,06/30/2025,286805694.0,7000877.0,41.01,5807115.0,76694.0,75.72,0.92
140018,825514,06/30/2025,176429616.0,2709861.0,43.59,6734229.0,61220.0,110.0,0.92
100363,823829,06/30/2025,46920933.0,1387603.88,36.35,925113.0,11140.86,83.04,0.92
330204,825607,06/30/2025,644056735.0,12837692.0,50.17,65639981.0,664249.0,98.82,0.92
100025,826291,06/30/2025,379880530.0,7782269.0,49.16,5874629.0,139650.0,42.07,0.92
520051,827740,06/30/2025,151040421.0,3354074.0,45.07,13916988.0,215425.0,64.6,0.92
330396,825610,06/30/2025,244477136.0,4696602.0,52.05,8315639.0,81857.0,101.59,0.92
050191,824449,06/30/2025,154046794.0,2711192.0,56.82,13007074.0,119266.0,109.06,0.92
230165,827545,06/30/2025,343715412.0,6681753.45,51.44,6418575.0,61439.85,104.47,0.92
520097,824412,06/30/2025,31900076.0,801418.83,39.76,1878273.0,20737.99,90.57,0.92
230230,824794,06/30/2025,546436089.0,10612644.35,51.49,18455321.0,207643.04,88.88,0.92
520098,824884,06/30/2025,973112573.0,24451963.96,39.61,60791592.0,643938.0,94.41,0.92
370114,824350,06/30/2025,174369531.0,4121435.71,42.35,12103439.0,177565.86,68.16,0.92
140115,826311,06/30/2025,29248826.0,606137.84,48.25,1937022.0,31232.52,62.02,0.92
210003,824299,06/30/2025,161319623.0,3535842.26,46.36,11455490.0,117235.28,97.71,0.92
230142,823882,06/30/2025,82360957.0,1855946.0,44.38,652958.0,9006.46,72.5,0.92
380009,825032,06/30/2025,1202697807.0,21136817.63,56.9,38536692.0,420128.25,91.73,0.92
210022,826001,06/30/2025,156614110.0,3314580.41,47.25,2711362.0,30394.47,89.21,0.92
330164,825012,06/30/2025,270264253.0,5570589.0,48.52,27072380.0,281348.0,96.22,0.92
450573,829834,06/30/2025,9944584.0,267914.94,37.12,840.0,28.0,30.0,0.92
520063,822438,06/30/2025,49182383.0,1053650.15,46.68,2336274.0,27940.89,83.61,0.92
330199,826038,06/30/2025,225978783.0,4630616.0,48.8,14877983.0,204263.0,72.84,0.92
210002,825193,06/30/2025,658147361.0,14004428.17,45.37,18089219.0,219765.54,82.31,0.92
330202,825606,06/30/2025,601997215.0,11482567.0,52.43,30648387.0,354971.0,86.34,0.92
230239,819217,06/30/2025,53994063.0,1323558.91,40.79,3678392.0,44871.32,81.98,0.92
210001,824298,06/30/2025,195693489.0,4436680.0,42.1,20216870.0,233725.0,86.5,0.92
443039,821366,06/30/2025,16389139.0,397771.69,41.2,1416479.0,18763.59,75.49,0.92
370227,824141,06/30/2025,14647179.0,326688.77,44.84,288783.0,4759.76,60.67,0.92
330140,826506,06/30/2025,258782431.0,5617602.0,44.3,4020231.0,49439.0,81.32,0.92
370158,828113,06/30/2025,4289219.0,138935.49,30.87,142302.0,2474.38,57.51,0.92
140166,826312,06/30/2025,26207645.0,630501.42,41.57,3245404.0,37738.0,86.0,0.92
520075,819506,06/30/2025,98936243.0,2351345.46,42.08,6792910.0,83704.06,81.15,0.92
380021,824829,06/30/2025,124759971.0,2209975.22,56.45,12604034.0,180526.6,69.82,0.92
140063,826309,06/30/2025,76472352.0,1653194.0,46.26,4925389.0,46555.0,105.8,0.92
210011,824566,06/30/2025,252550382.0,4628237.27,54.57,5261708.0,75718.78,69.49,0.92
330127,825416,06/30/2025,549069377.0,10601920.0,51.79,28941067.0,299861.0,96.51,0.92
370199,821074,06/30/2025,10361282.0,244105.05,42.45,61006.0,773.17,78.9,0.92
140137,824259,06/30/2025,5247579.0,131271.01,39.98,1809790.0,25813.74,70.11,0.92
010079,824220,06/30/2025,47102693.0,1291279.3,36.48,84100.0,1286.0,65.4,0.92
450508,824682,06/30/2025,26105326.0,899374.0,29.03,310983.0,4848.0,64.15,0.92
040011,822336,06/30/2025,11728087.0,396013.0,29.62,1530758.0,18440.0,83.01,0.92
140145,825760,06/30/2025,14730693.0,361698.38,40.73,6270.0,136.77,45.84,0.92
050167,825717,06/30/2025,236011007.0,3977389.74,59.34,11992343.0,126056.52,95.13,0.92
520045,823980,06/30/2025,74278721.0,1725526.28,43.05,2703885.0,28958.25,93.37,0.92
370211,823769,06/30/2025,27802228.0,670746.01,40.71,35406.0,395.72,89.47,0.92
140083,826310,06/30/2025,33637831.0,868686.5,38.72,2924927.0,28034.67,104.33,0.92
230100,823880,06/30/2025,20923250.0,489771.7,42.72,177682.0,2002.5,88.73,0.92
210008,824301,06/30/2025,247991028.0,6316551.0,39.26,1377877.0,108300.0,51.01,0.92
330240,825264,06/30/2025,249396573.0,4996776.0,49.91,29795105.0,323541.0,92.09,0.92
520096,825694,06/30/2025,83529583.0,2379895.23,35.17,5134892.0,84385.0,60.85,0.92
330238,825609,06/30/2025,35404951.0,896607.0,39.49,3618895.0,45105.0,80.23,0.92
230180,823885,06/30/2025,35747863.0,991318.0,36.47,507544.0,5981.0,84.86,0.92
520177,822439,06/30/2025,557877386.0,13276368.22,42.02,68523421.0,1258226.35,54.46,0.92
050516,825720,06/30/2025,319372345.0,4432621.0,72.03,8143996.0,71842.0,113.36,0.92
100292,824731,06/30/2025,46776129.0,1065232.0,44.15,472034.0,12032.0,39.23,0.92
520160,823129,06/30/2025,86833698.0,2013037.37,43.14,8316179.0,100121.1,83.06,0.92
100307,826157,06/30/2025,119483658.0,2437006.0,49.03,71126.0,908.0,78.33,0.92
230110,826338,06/30/2025,41384904.0,953288.65,43.41,323073.0,4028.12,80.2,0.92
230254,825213,06/30/2025,106275380.0,2067464.55,51.17,11898021.0,225525.0,52.76,0.92
520078,825317,06/30/2025,29137722.0,904430.0,32.23,4988079.0,54259.0,91.93,0.92
440193,824859,06/30/2025,76868531.0,1594020.09,48.22,544195.0,7572.75,71.86,0.92
230117,825206,06/30/2025,128178780.0,3497104.0,36.79,16286398.0,313161.35,52.01,0.92
450537,824195,06/30/2025,153076167.0,3351527.73,45.67,2847070.0,34759.0,81.91,0.92
140133,825148,06/30/2025,56238829.0,1040033.0,41.0,1269894.0,11218.0,113.2,0.92
100026,826151,06/30/2025,66409817.0,1598290.0,42.89,15187.0,335.0,45.33,0.92
100290,823559,06/30/2025,94497554.0,2272415.29,41.58,2569547.0,24930.25,103.07,0.92
210009,824785,06/30/2025,890314423.0,20672836.0,43.27,158156847.0,2850888.0,55.48,0.92
050168,823413,06/30/2025,272256676.0,4751194.0,57.3,4055016.0,52778.0,76.83,0.92
140059,825756,06/30/2025,26000402.0,732146.2,35.51,1787083.0,16479.8,108.44,0.92
230241,825212,06/30/2025,10985754.0,224791.55,48.82,155636.0,1595.67,97.54,0.92
200039,824297,06/30/2025,312901806.0,6939978.0,45.08,1171557.0,10406.34,112.58,0.92
040016,825960,06/30/2025,337082513.0,9213507.0,37.15,31830755.0,825574.75,38.56,0.92
370214,828156,06/30/2025,10367789.0,272706.0,38.02,666542.0,8286.0,80.44,0.92
040007,827180,06/30/2025,177561756.0,3567623.85,48.8,2216942.0,38796.12,57.14,0.92
330285,831282,06/30/2025,1270964601.0,27218983.0,46.69,80564162.0,811806.0,99.24,0.92
370237,821000,06/30/2025,12768838.0,316365.0,40.36,140921.0,1232.0,114.38,0.92
230095,819214,06/30/2025,29057188.0,853461.0,34.16,455304.0,5607.0,81.2,0.92
140089,825372,06/30/2025,40429252.0,922117.23,43.84,4052154.0,43629.0,92.88,0.92
140088,824741,06/30/2025,1045133232.0,20914492.95,55.25,11003071.0,128370.85,85.71,0.92
520041,827661,06/30/2025,28815437.0,600065.0,48.02,6243998.0,86827.26,71.91,0.92
520066,825075,06/30/2025,356135889.0,6370028.38,54.14,5122511.0,53360.58,96.0,0.92
330196,825850,06/30/2025,282421579.0,5568789.0,50.72,7642879.0,98969.0,77.22,0.92
140150,824743,06/30/2025,569318863.0,10048638.73,57.33,38790757.0,356018.12,108.96,0.92
450563,823784,06/30/2025,111816705.0,2354701.92,47.51,4460392.0,69874.0,63.83,0.92
100313,824480,06/30/2025,9950624.0,224139.0,45.71,64185.0,938.0,68.43,0.92
030119,824895,06/30/2025,147663439.0,2771442.0,53.28,4174370.0,60006.0,69.57,0.92
330180,827489,06/30/2025,181813572.0,3798511.0,47.16,935845.0,11719.0,79.86,0.92
050174,824230,06/30/2025,238198184.0,3068648.0,77.44,3384998.0,52229.0,64.81,0.92
210015,825390,06/30/2025,213876820.0,5116111.0,41.8,11246680.0,138013.0,81.49,0.92
230197,825210,06/30/2025,163983239.0,3648509.41,44.95,12649066.0,141152.03,89.61,0.92
330151,825604,06/30/2025,20732103.0,536394.9,38.65,641538.0,11691.0,54.87,0.92
450539,823512,06/30/2025,22767929.0,715392.0,32.26,1134110.0,12429.0,91.25,0.92
230195,825397,06/30/2025,188966136.0,4235975.2,44.61,4953370.0,62993.72,78.63,0.92
450641,826243,06/30/2025,5978651.0,225936.44,26.46,414741.0,4566.6,90.82,0.92
520033,825940,06/30/2025,51816687.0,1054597.0,49.13,4063128.0,60800.97,66.83,0.92
210012,824078,06/30/2025,374071035.0,8384409.0,44.62,17155372.0,207361.0,82.73,0.92
140054,825371,06/30/2025,123976768.0,2893476.79,42.85,1164161.0,7648.0,152.22,0.92
520136,825472,06/30/2025,115778764.0,3075558.0,37.72,5325981.0,84289.0,63.19,0.92
140053,826308,06/30/2025,163156821.0,3902294.94,41.49,19018919.0,205628.37,92.49,0.92
330231,825608,06/30/2025,257682115.0,5070535.0,50.82,19847222.0,270854.0,73.28,0.92
050551,824462,06/30/2025,117078181.0,3043048.0,38.47,6702559.0,72323.0,92.68,0.92
050573,824013,06/30/2025,423259812.0,8748377.0,48.38,44847566.0,466859.0,96.06,0.92
330128,825417,06/30/2025,418742084.0,8102979.0,51.68,36558382.0,641353.0,57.0,0.92
210005,824974,06/30/2025,185058652.0,4606160.0,40.24,13265364.0,174027.04,76.23,0.92
440152,829280,06/30/2025,223957192.0,6352204.37,35.26,19986668.0,501287.82,39.87,0.92
520044,824411,06/30/2025,17187126.0,383193.73,44.85,1244716.0,11021.57,112.93,0.92
230259,825811,06/30/2025,79091629.0,1838271.0,42.14,429130.0,7750.0,55.37,0.92
230156,824982,06/30/2025,403234959.0,8562012.0,45.77,9153333.0,117659.0,77.8,0.92
450021,824386,06/30/2025,440426656.0,9834940.3,45.87,11600836.0,207912.0,55.8,0.92
370106,823629,06/30/2025,95668590.0,2458462.78,38.73,2532564.0,29825.04,84.91,0.92
090011,824027,06/30/2025,562510024.0,11835057.74,47.6,17667395.0,209786.0,84.22,0.92
670300,824888,06/30/2025,34303226.0,746063.64,45.98,62937.0,849.0,74.13,0.92
230003,825200,06/30/2025,25441589.0,645151.37,39.44,61073.0,794.25,76.89,0.92
210064,828034,06/30/2025,37706378.0,1058665.0,35.62,6101274.0,116910.0,52.19,0.92
450079,823510,06/30/2025,100659119.0,2097008.42,48.06,7062728.0,116365.0,60.69,0.92
360179,826531,06/30/2025,253124326.0,7070256.0,43.82,5972819.0,60908.0,98.06,0.92
110083,823564,06/30/2025,362321290.0,7780683.18,45.84,20113483.0,354116.06,56.8,0.92
350006,826361,06/30/2025,229742093.0,3996477.39,57.49,14678766.0,159270.77,92.16,0.92
050262,824453,06/30/2025,1211384599.0,18363799.04,65.97,19638853.0,233264.0,84.19,0.92
350002,825872,06/30/2025,115989100.0,1966804.85,58.97,13700993.0,178958.14,76.56,0.92
360185,824652,06/30/2025,47842636.0,1179204.0,40.57,2908868.0,31310.15,92.9,0.92
050261,825094,06/30/2025,76137455.0,1777720.0,42.83,3900400.0,32711.0,119.24,0.92
230002,824790,06/30/2025,168122780.0,3937463.88,41.89,933911.0,15252.0,61.23,0.92
110091,823431,06/30/2025,85557614.0,1994650.05,42.69,5981097.0,81266.75,73.6,0.92
350070,824642,06/30/2025,271914047.0,3961337.32,68.64,2216592.0,22638.17,97.91,0.92
450082,830474,06/30/2025,11877165.0,305523.01,38.87,22007.0,276.0,79.74,0.92
360011,824647,06/30/2025,97264971.0,2237404.15,42.78,1897487.0,21953.0,86.43,0.92
360152,826529,06/30/2025,121720526.0,2539709.02,47.09,3266212.0,50505.0,64.67,0.92
450272,831812,06/30/2025,42318971.0,1051644.59,40.24,3185507.0,37406.0,85.16,0.92
360008,825618,06/30/2025,181071320.0,5480881.44,33.04,5605009.0,111558.23,50.24,0.92
110064,823562,06/30/2025,175231309.0,4041043.0,43.21,3654115.0,70041.0,52.17,0.92
360006,825617,06/30/2025,575054786.0,14470975.29,39.71,38520659.0,471500.46,81.7,0.92
670333,823794,06/30/2025,25408778.0,677086.0,37.52,194025.0,2851.0,68.06,0.92
050334,824457,06/30/2025,254616053.0,3715169.16,68.53,13906584.0,175677.95,79.16,0.92
360003,825616,06/30/2025,448737973.0,11453531.0,39.18,56119084.0,666972.0,84.14,0.92
050276,824704,06/30/2025,405909865.0,5765732.04,70.4,9061166.0,93537.77,96.87,0.92
360163,825625,06/30/2025,336458466.0,8397777.3,40.55,17340853.0,237968.62,72.87,0.92
110074,823563,06/30/2025,236621793.0,5525025.0,42.68,5625973.0,105706.0,53.22,0.92
360170,826530,06/30/2025,40674766.0,912758.69,44.07,256925.0,5710.0,45.0,0.92
210063,824976,06/30/2025,141433586.0,3112906.27,45.59,2504751.0,32543.98,76.97,0.92
050348,825490,06/30/2025,936947354.0,16864746.0,57.82,19709022.0,203270.0,96.96,0.92
340155,824129,06/30/2025,206458292.0,4354718.51,47.41,5734048.0,64894.76,88.36,0.92
010023,823218,06/30/2025,169769080.0,4455398.3,38.09,51770479.0,659734.09,78.47,0.92
050248,824902,06/30/2025,199727280.0,2896649.0,68.95,6478745.0,52120.38,124.3,0.92
450056,824190,06/30/2025,191536245.0,4175582.43,45.86,15320639.0,297792.55,51.45,0.92
210051,826002,06/30/2025,102447441.0,2310595.0,44.34,12784276.0,146396.0,87.33,0.92
050245,824451,06/30/2025,365998857.0,7811736.86,46.85,45183746.0,525467.48,85.99,0.92
340147,823476,06/30/2025,146635603.0,5861751.0,23.54,7161433.0,82600.0,86.7,0.92
360266,825627,06/30/2025,16806800.0,439471.66,38.24,1483185.0,28795.0,51.51,0.92
230029,828398,06/30/2025,201671661.0,691407.79,284.81,2562548.0,53142.0,48.22,0.92
230030,825202,06/30/2025,50314424.0,1320837.6,38.77,13871608.0,132944.47,104.34,0.92
210049,824081,06/30/2025,152837825.0,3521012.8,43.82,7426266.0,78709.47,94.35,0.92
340143,824128,06/30/2025,145856605.0,3404337.89,42.84,3021188.0,54951.25,54.98,0.92
450051,824189,06/30/2025,205053570.0,4321614.26,47.45,6724720.0,79703.0,84.37,0.92
110143,823840,06/30/2025,268091428.0,5960661.0,44.98,15557140.0,202145.0,76.96,0.92
210056,827393,06/30/2025,123321721.0,2891180.0,42.65,4983190.0,57279.0,87.0,0.92
360203,826532,06/30/2025,34071487.0,1430108.0,23.82,1057235.0,12243.0,86.35,0.92
210058,825392,06/30/2025,57141008.0,1265512.11,45.19,2532297.0,37659.86,67.24,0.92
230021,824088,06/30/2025,187655937.0,4371611.96,42.93,217895.0,2553.93,85.32,0.92
360210,826533,06/30/2025,46270876.0,931893.02,49.17,1086582.0,13246.0,82.03,0.92
360211,826534,06/30/2025,122751081.0,2958059.05,41.5,4948556.0,89151.21,55.51,0.92
450072,825662,06/30/2025,32686871.0,764409.72,42.76,628948.0,8225.38,76.46,0.92
110104,823839,06/30/2025,53702920.0,1388480.58,39.46,1712863.0,37484.63,45.7,0.92
210062,825794,06/30/2025,108975870.0,2432713.0,44.8,16181197.0,185649.0,87.16,0.92
450347,829544,06/30/2025,39839179.0,1101363.0,36.17,3184131.0,48628.0,65.48,0.92
070036,824471,06/30/2025,295034051.0,5333708.0,55.31,12359970.0,139909.0,88.34,0.92
050351,824458,06/30/2025,408632033.0,7446304.72,54.88,10985752.0,108724.86,101.04,0.92
450068,824387,06/30/2025,822656526.0,16763543.14,49.12,58259030.0,1451407.6,40.14,0.92
110111,823433,06/30/2025,9390931.0,230370.99,40.55,113014.0,1842.46,61.34,0.92
230019,824978,06/30/2025,334174507.0,6902736.47,48.41,14470219.0,135128.01,107.09,0.92
450058,825052,06/30/2025,444639443.0,11194756.0,39.72,3358950.0,57180.0,58.74,0.92
340159,824130,06/30/2025,14229976.0,374008.0,38.05,2210675.0,29351.0,75.32,0.92
050373,825491,06/30/2025,897799981.0,15757363.0,56.93,78292430.0,924687.0,84.67,0.92
360012,826518,06/30/2025,125457603.0,3176670.91,39.49,2976028.0,59424.0,50.08,0.92
080004,826596,06/30/2025,241157261.0,3915800.0,46.66,23509122.0,188797.0,124.52,0.92
090003,824026,06/30/2025,130592580.0,3327871.61,39.69,5755066.0,70185.75,82.0,0.92
110016,823834,06/30/2025,102886766.0,2664742.0,38.61,1779969.0,17817.0,99.9,0.92
080001,823688,06/30/2025,1371020663.0,24752139.43,55.39,27897394.0,265975.25,104.89,0.92
110018,823429,06/30/2025,58761154.0,1394449.13,41.95,3508090.0,49257.0,71.22,0.92
110024,824734,06/30/2025,172130079.0,3388730.06,39.77,6769010.0,109307.0,61.93,0.92
050308,823249,06/30/2025,628271569.0,7138073.43,88.02,14882168.0,123527.6,120.48,0.92
360054,826522,06/30/2025,65783289.0,2395891.43,27.46,3630580.0,52293.23,69.43,0.92
050289,825487,06/30/2025,100998310.0,1417087.0,71.27,27480.0,309.0,88.93,0.92
450124,825054,06/30/2025,127417863.0,2840622.03,44.83,7278824.0,181695.0,40.06,0.92
450154,826714,06/30/2025,37129393.0,1576658.87,24.3,1856181.0,15149.11,122.53,0.92
673078,821386,06/30/2025,9821196.0,239549.35,41.0,342540.0,3526.31,97.14,0.92
360085,826524,06/30/2025,1038018266.0,22102086.0,46.96,132199702.0,2047196.0,64.58,0.92
220066,825393,06/30/2025,86642574.0,1982661.22,43.61,3048429.0,52868.0,57.66,0.92
450193,825456,06/30/2025,374085711.0,7411386.62,50.47,41907338.0,849677.05,49.32,0.92
050295,825488,06/30/2025,139202475.0,2559135.0,54.27,20455413.0,200893.0,101.82,0.92
080009,826597,06/30/2025,114101744.0,1923442.0,46.24,3028916.0,28931.0,104.69,0.92
110006,823831,06/30/2025,94616580.0,2451111.23,38.6,5838067.0,83980.0,69.52,0.92
450184,825056,06/30/2025,744988892.0,15651713.42,48.02,9608955.0,135677.0,70.82,0.92
450211,826717,06/30/2025,59351779.0,1416989.26,41.89,7896996.0,98436.99,80.22,0.92
450163,831616,06/30/2025,13675183.0,357045.49,38.3,212783.0,2837.1,75.0,0.92
050300,824011,06/30/2025,162829318.0,2819069.0,57.76,9084490.0,139911.0,64.93,0.92
360071,825622,06/30/2025,16532892.0,455119.66,36.33,563491.0,7424.09,75.9,0.92
110011,823832,06/30/2025,216781424.0,4708316.0,46.33,6137817.0,62942.0,97.52,0.92
080006,824726,06/30/2025,69037003.0,1573032.03,43.89,4172878.0,45420.0,91.87,0.92
110046,824485,06/30/2025,40419005.0,916260.0,43.94,430032.0,6287.0,68.4,0.92
110028,823430,06/30/2025,157606545.0,3815270.17,41.14,18334788.0,331422.0,55.32,0.92
360048,826521,06/30/2025,155055818.0,4249419.0,38.75,2727574.0,29674.0,91.92,0.92
050320,824455,06/30/2025,627138685.0,7532483.76,83.26,18267177.0,165871.42,110.13,0.92
450102,825665,06/30/2025,282737520.0,7878348.09,35.89,4250595.0,56674.61,75.0,0.92
360134,826527,06/30/2025,243262544.0,7137160.0,42.63,5780585.0,61659.0,93.75,0.92
223027,821627,06/30/2025,31451171.0,720798.77,43.63,2110072.0,27807.76,75.88,0.92
090005,823810,06/30/2025,196357481.0,4069478.0,48.56,4800130.0,61738.0,77.75,0.92
110042,823837,06/30/2025,112220762.0,2591747.0,43.3,2908407.0,39748.0,73.17,0.92
050280,825095,06/30/2025,213007786.0,3310621.0,64.34,14095422.0,129422.0,108.91,0.92
360017,821337,06/30/2025,420018705.0,9178029.0,44.29,19921379.0,266235.0,74.83,0.92
110043,823838,06/30/2025,130218663.0,2690819.54,39.14,6443469.0,115592.15,55.74,0.92
220011,824568,06/30/2025,531103363.0,8545503.05,62.15,30494258.0,300346.38,101.53,0.92
360014,824648,06/30/2025,43758255.0,1018602.8,42.25,334559.0,4026.0,83.1,0.92
050327,824456,06/30/2025,639634948.0,11972432.0,53.43,8781300.0,106753.0,82.26,0.92
360029,825620,06/30/2025,40158224.0,1153967.24,34.8,192139.0,3302.47,58.18,0.92
360118,826526,06/30/2025,139006539.0,3256215.31,41.68,2980160.0,36687.0,81.23,0.92
360046,826520,06/30/2025,21462427.0,513923.0,41.76,287947.0,2403.0,119.83,0.92
450235,825299,06/30/2025,16746545.0,448795.0,37.31,599412.0,11100.0,54.0,0.92
110030,824484,06/30/2025,71244209.0,1550552.61,45.61,4852722.0,96766.21,50.15,0.92
090004,824472,06/30/2025,388064141.0,8106906.55,48.6,26486486.0,306373.22,86.45,0.92
110031,825978,06/30/2025,74227616.0,1658836.0,44.75,1750931.0,24431.0,71.67,0.92
050315,824903,06/30/2025,271253690.0,4737755.82,57.25,21441777.0,184032.38,116.51,0.92
360035,826519,06/30/2025,273894451.0,6807438.24,40.23,15241775.0,159600.0,95.5,0.92
110034,830860,06/30/2025,312424980.0,8601605.0,36.32,16297008.0,193569.0,84.19,0.92
450237,832231,06/30/2025,160778093.0,3790084.12,42.42,6056099.0,98203.68,61.67,0.92
050281,825346,06/30/2025,53545876.0,1126712.0,47.52,5302948.0,74890.1,70.81,0.92
110035,823836,06/30/2025,496912622.0,11107492.0,44.74,24259228.0,317665.0,76.37,0.92
360348,824653,06/30/2025,95062537.0,1974277.15,47.82,3293977.0,38577.0,85.39,0.92
340131,823342,06/30/2025,245010391.0,5421018.56,45.2,690956.0,7138.0,96.8,0.92
670023,825078,06/30/2025,123063135.0,2835006.21,43.41,799135.0,11318.0,70.61,0.92
370018,824348,06/30/2025,35487572.0,822725.55,43.13,550245.0,8107.64,67.87,0.92
050444,824710,06/30/2025,141074512.0,2470468.0,57.1,12442385.0,122143.0,101.87,0.92
120014,825365,06/30/2025,44402172.0,910623.49,48.54,4492173.0,43673.25,102.86,0.92
210030,824975,06/30/2025,13029191.0,300802.47,43.31,330057.0,7462.78,44.23,0.92
120019,826160,06/30/2025,51275275.0,1068519.0,53.84,16016644.0,168540.0,95.03,0.92
370019,825427,06/30/2025,22747869.0,695793.8,32.69,1700488.0,33589.82,50.63,0.92
370020,823628,06/30/2025,53472671.0,1087711.08,49.16,1869897.0,52790.22,35.42,0.92
450011,825905,06/30/2025,144482391.0,3690336.0,39.15,12163444.0,164072.0,74.13,0.92
120022,825366,06/30/2025,156274403.0,3311549.19,47.02,7670537.0,93554.07,81.99,0.92
120026,825367,06/30/2025,103753301.0,2054563.55,50.33,2488601.0,51743.31,48.1,0.92
370022,821441,06/30/2025,45652491.0,1292602.0,35.32,2279020.0,24156.0,94.35,0.92
050454,824711,06/30/2025,2396997825.0,29424703.0,81.46,62524595.0,596081.0,104.89,0.92
370023,823346,06/30/2025,58761909.0,1510075.0,39.22,5928381.0,71831.0,82.53,0.92
120028,825752,06/30/2025,39356023.0,657216.0,59.88,3354076.0,28974.08,115.76,0.92
370016,823719,06/30/2025,36275188.0,872029.0,40.23,394900.0,5325.73,74.15,0.92
370025,820996,06/30/2025,70256881.0,1752006.0,40.1,1107417.0,11806.0,93.8,0.92
230070,826185,06/30/2025,384998273.0,7701517.0,49.99,24867556.0,327975.0,75.82,0.92
120007,824493,06/30/2025,68601537.0,1621520.0,42.31,6116532.0,79938.29,76.52,0.92
210032,823448,06/30/2025,105100179.0,1906004.2,55.14,1346137.0,22519.74,59.78,0.92
370001,823917,06/30/2025,181226821.0,4338105.45,41.78,16234330.0,192623.0,84.28,0.92
340017,819029,06/30/2025,156868009.0,3246255.0,48.06,16386561.0,197040.0,83.16,0.92
370002,824346,06/30/2025,12969727.0,319333.15,39.4,1252680.0,23734.94,52.78,0.92
120001,825982,06/30/2025,592116790.0,10324223.33,57.35,7411318.0,74937.32,98.9,0.92
230069,824980,06/30/2025,64892734.0,1433093.6,44.27,527158.0,5519.1,95.52,0.92
370004,822080,06/30/2025,19746366.0,519266.01,36.95,292949.0,7066.43,41.46,0.92
050228,825968,06/30/2025,563348427.0,6660334.29,84.48,43293625.0,782365.8,55.34,0.92
670041,823985,06/30/2025,80461286.0,1669286.4,48.2,759128.0,13366.34,56.79,0.92
370006,823918,06/30/2025,18094237.0,455993.99,38.59,703765.0,9704.18,72.52,0.92
120005,825508,06/30/2025,124344429.0,2863060.0,43.43,18938375.0,259158.0,73.08,0.92
370008,824347,06/30/2025,325524190.0,6452742.13,50.45,2681377.0,29349.73,91.36,0.92
370013,823919,06/30/2025,247084846.0,5628819.03,43.9,3988126.0,72534.0,54.98,0.92
340010,823622,06/30/2025,115071230.0,2743410.0,41.94,9543216.0,85223.0,111.98,0.92
050226,828799,06/30/2025,66437242.0,1962980.0,33.85,529946.0,9245.0,57.32,0.92
530034,823983,06/30/2025,5862178.0,133339.0,43.96,190120.0,4114.0,46.21,0.92
370028,823768,06/30/2025,334230758.0,7472006.78,44.32,12212732.0,142328.3,85.81,0.92
370091,830052,06/30/2025,633447411.0,14489781.0,43.72,15729237.0,264729.0,59.42,0.92
050481,824460,06/30/2025,112628726.0,1686062.27,66.8,14874088.0,48833.0,304.59,0.92
370093,819146,06/30/2025,550865326.0,12476766.05,44.15,126879766.0,2000472.74,63.42,0.92
210027,826334,06/30/2025,153828871.0,4147042.0,37.09,912875.0,9614.0,94.95,0.92
140001,825512,06/30/2025,61389987.0,1501593.6,40.88,1590735.0,17624.29,90.26,0.92
230077,829661,06/30/2025,113646029.0,2328202.19,48.81,4052359.0,54411.82,74.48,0.92
450460,823954,06/30/2025,6426902.0,208005.72,29.31,448009.0,4177.21,107.25,0.92
050485,825102,06/30/2025,292820424.0,5085476.93,57.58,12355209.0,182126.55,67.84,0.92
140008,826306,06/30/2025,58066059.0,1521019.94,38.18,927666.0,17052.0,54.4,0.92
210024,826643,06/30/2025,149969358.0,3545028.0,42.3,10036810.0,109972.0,91.27,0.92
370100,823482,06/30/2025,4872917.0,188697.92,25.82,149130.0,2696.75,55.3,0.92
230078,825204,06/30/2025,24209168.0,527065.85,45.93,25200.0,168.0,150.0,0.92
210023,826333,06/30/2025,227204891.0,5257578.13,44.09,19016137.0,214293.1,88.74,0.92
370089,825428,06/30/2025,65107258.0,1770560.0,36.77,1475523.0,18581.0,79.41,0.92
130003,825510,06/30/2025,54177765.0,1096400.0,49.41,2263239.0,29777.0,76.01,0.92
370078,826542,06/30/2025,84213694.0,2295021.0,36.69,17297061.0,232864.0,74.28,0.92
370056,825877,06/30/2025,141886039.0,3162341.0,44.87,8247453.0,110536.0,74.61,0.92
050211,824231,06/30/2025,80845070.0,1254504.77,64.44,2807692.0,26548.47,105.76,0.92
210029,825194,06/30/2025,257288594.0,6036446.0,42.83,31576474.0,671096.0,47.05,0.92
530025,826106,06/30/2025,50253849.0,1095978.97,45.85,1849562.0,17130.84,107.97,0.92
530015,826420,06/30/2025,84728584.0,1639999.83,51.66,6737052.0,92621.05,72.74,0.92
370034,825028,06/30/2025,44095835.0,1255886.73,35.11,4644280.0,61566.44,75.44,0.92
530014,824415,06/30/2025,161413021.0,3533282.0,46.07,4371569.0,46534.0,93.94,0.92
050457,827183,06/30/2025,123939101.0,1470432.83,84.29,7014747.0,67401.0,104.07,0.92
130007,824494,06/30/2025,399645144.0,7478250.4,53.44,4468572.0,64835.0,68.92,0.92
130013,824055,06/30/2025,99072463.0,2037711.93,48.62,735446.0,8721.0,84.33,0.92
370047,823920,06/30/2025,67893884.0,1505982.0,45.08,3763745.0,53337.29,70.56,0.92
450007,831934,06/30/2025,77742631.0,2027901.0,38.34,12615185.0,122517.0,102.97,0.92
210028,824786,06/30/2025,75280334.0,1862112.0,40.43,3073737.0,39014.0,78.79,0.92
530006,825077,06/30/2025,77966530.0,1453395.9,53.64,1236370.0,13240.25,93.38,0.92
530002,827662,06/30/2025,83887949.0,1775968.0,47.24,7146115.0,91786.0,77.86,0.92
050195,825967,06/30/2025,291076553.0,3449959.53,84.37,226250.0,1595.44,141.81,0.92
100001,827194,06/30/2025,395981427.0,10867500.0,36.44,5653924.0,56140.0,100.71,0.92
050438,824459,06/30/2025,368140590.0,6466591.61,57.23,18429810.0,189495.0,97.26,0.92
210033,823875,06/30/2025,101486367.0,2314335.0,41.07,906386.0,9387.0,96.56,0.92
050238,824450,06/30/2025,151235158.0,2658228.91,56.89,9387343.0,97456.0,96.32,0.92
110194,824048,06/30/2025,15329910.0,557348.0,27.51,206345.0,2357.0,87.55,0.92
360365,829535,06/30/2025,50457815.0,1018374.63,49.55,2892317.0,39874.85,72.53,0.92
450040,825453,06/30/2025,173681393.0,4442060.0,39.55,4659372.0,77907.0,59.81,0.92
230037,824574,06/30/2025,32648724.0,875761.63,37.28,5007826.0,64048.01,78.19,0.92
210040,823876,06/30/2025,110936447.0,2567362.0,43.21,4020205.0,45856.0,87.67,0.92
110198,825979,06/30/2025,113245660.0,2324873.0,48.71,10027444.0,131606.0,76.19,0.92
670085,826256,06/30/2025,63842566.0,1228129.44,51.98,63510.0,1007.5,63.04,0.92
450395,825913,06/30/2025,16179490.0,388067.67,41.69,360193.0,4574.95,78.73,0.92
670082,823529,06/30/2025,100864833.0,2012442.13,50.24,4472758.0,65957.0,67.81,0.92
110200,824251,06/30/2025,40699968.0,1025645.66,39.58,962779.0,15809.56,60.9,0.92
340090,823473,06/30/2025,126696846.0,2976717.0,42.56,1907117.0,39202.0,48.65,0.92
110201,824252,06/30/2025,17439973.0,430125.95,40.44,706330.0,13396.25,52.73,0.92
450034,825661,06/30/2025,133528055.0,3567191.46,37.43,2713710.0,98189.0,27.64,0.92
110192,824250,06/30/2025,110713348.0,2487483.0,44.34,5949062.0,99794.0,59.61,0.92
210039,821537,06/30/2025,70825277.0,1559886.0,39.27,1022070.0,11824.0,86.44,0.92
110191,823568,06/30/2025,160270324.0,3655559.0,43.65,15827857.0,227499.8,69.57,0.92
450042,825051,06/30/2025,94616644.0,2151607.24,43.85,9745028.0,229499.0,42.46,0.92
050242,825093,06/30/2025,199866365.0,2480776.0,80.57,7421532.0,66942.0,110.87,0.92
210048,823877,06/30/2025,136660112.0,3239697.27,42.18,4651564.0,55177.77,84.3,0.92
360354,824654,06/30/2025,98038197.0,2378302.0,41.22,6890503.0,84181.0,81.85,0.92
110164,824488,06/30/2025,79127634.0,1984052.36,39.72,3976034.0,63411.0,62.7,0.92
050376,825492,06/30/2025,585894821.0,9569465.0,61.17,78495414.0,797624.0,98.41,0.92
450046,825907,06/30/2025,169590980.0,4575626.17,37.06,16180013.0,281451.0,57.49,0.92
360358,825628,06/30/2025,7138623.0,185277.57,38.53,210135.0,2796.0,75.16,0.92
110168,824489,06/30/2025,149495444.0,3444145.0,43.41,425576.0,4745.0,89.69,0.92
450372,823651,06/30/2025,80062272.0,1727596.87,46.4,2743965.0,40249.0,68.17,0.92
210044,824080,06/30/2025,332742911.0,5636606.0,52.88,12329863.0,137033.43,89.98,0.92
230036,824302,06/30/2025,74298332.0,1677796.93,44.28,2977904.0,35719.57,83.37,0.92
110184,823841,06/30/2025,95164969.0,2119957.0,44.89,2534724.0,32297.0,78.48,0.92
210043,824079,06/30/2025,178448243.0,4482207.71,39.86,1561554.0,17969.41,86.9,0.92
340114,823624,06/30/2025,612101038.0,11592958.0,52.85,424389.0,2878.0,147.46,0.92
450388,830483,06/30/2025,604242918.0,16557693.0,36.72,1325194.0,14027.0,94.47,0.92
034033,827769,06/30/2025,9725521.0,265736.0,36.6,2158578.0,26237.0,82.27,0.92
110215,823569,06/30/2025,171460840.0,3990142.0,42.73,5314725.0,86468.0,61.46,0.92
110225,823570,06/30/2025,45825588.0,1050609.0,43.47,1686767.0,32819.0,51.4,0.92
340041,823472,06/30/2025,63604730.0,1643195.0,38.71,1295334.0,16868.0,76.79,0.92
363037,825634,06/30/2025,29509932.0,715308.59,41.25,116735.0,1245.0,93.76,0.92
340032,819592,06/30/2025,280588866.0,6891172.85,40.72,16421653.0,240706.0,68.22,0.92
450411,830484,06/30/2025,9803866.0,315529.12,31.07,302908.0,4445.39,68.14,0.92
670056,823793,06/30/2025,82097988.0,1775789.41,46.05,426046.0,6333.07,67.27,0.92
340030,818930,06/30/2025,1186942469.0,25768440.32,46.06,21386003.0,243039.0,87.99,0.92
210034,825391,06/30/2025,88131989.0,2105134.0,41.87,3257333.0,39257.0,82.97,0.92
340027,823471,06/30/2025,67412434.0,1687436.03,39.95,5593270.0,51972.05,107.62,0.92
230059,825203,06/30/2025,343606812.0,7334034.63,46.85,9082779.0,95688.0,94.92,0.92
450023,829214,06/30/2025,97381835.0,2348980.0,41.46,2106676.0,20725.0,101.65,0.92
670053,824216,06/30/2025,40672942.0,766181.44,53.09,469495.0,5700.41,82.36,0.92
230066,824979,06/30/2025,319591518.0,6305198.11,50.69,25276033.0,239357.0,105.6,0.92
340042,823908,06/30/2025,78600771.0,1952812.0,40.25,7302218.0,72487.0,100.74,0.92
230046,824576,06/30/2025,1893396370.0,44436028.0,44.72,8855296.0,120227.0,73.65,0.92
210035,824567,06/30/2025,55849527.0,1317635.44,42.39,9109699.0,106219.77,85.76,0.92
340075,824127,06/30/2025,121266051.0,2996879.2,39.94,3092119.0,37853.66,81.69,0.92
210038,825195,06/30/2025,91194062.0,2200645.07,41.59,3499897.0,78880.82,44.37,0.92
670075,825475,06/30/2025,41844246.0,800307.22,52.29,955402.0,11080.29,86.23,0.92
110229,823571,06/30/2025,102375610.0,2418982.0,42.16,2841392.0,49071.62,57.9,0.92
340061,824126,06/30/2025,757771957.0,18082195.0,41.88,40944460.0,474893.0,86.22,0.92
010039,824219,06/30/2025,689576137.0,15290827.0,45.1,5045241.0,132259.51,38.15,0.92
050414,825101,06/30/2025,102284768.0,1455075.0,70.3,3716448.0,29966.0,124.02,0.92
340060,823623,06/30/2025,25545455.0,633359.59,40.33,35880.0,276.0,130.0,0.92
110236,823842,06/30/2025,9673015.0,232735.0,41.56,5111.0,82.0,62.33,0.92
230054,826184,06/30/2025,121691154.0,2820428.0,43.14,8614321.0,96282.0,89.47,0.92
450032,825906,06/30/2025,166786748.0,4446146.83,37.51,4966255.0,100498.47,49.42,0.92
210037,824787,06/30/2025,99089913.0,2018424.41,44.29,11273564.0,133119.92,84.69,0.92
362037,825633,06/30/2025,7933965.0,182909.9,43.38,918205.0,13123.0,69.97,0.92
340051,824124,06/30/2025,67320650.0,1352245.0,43.06,7467544.0,81180.0,91.99,0.92
340050,824340,06/30/2025,112070205.0,3119400.0,35.93,6513762.0,66215.0,98.37,0.92
380027,826059,06/30/2025,95910459.0,1878547.0,52.33,7103780.0,78451.53,90.55,0.92
260001,824592,06/30/2025,88589813.0,2589738.14,34.7,8105920.0,94866.68,85.45,0.92
520021,824882,06/30/2025,184495336.0,3581407.78,51.51,13015158.0,143441.03,90.74,0.92
390336,823931,06/30/2025,49654317.0,996945.0,49.85,3473832.0,37983.0,91.46,0.92
390338,824846,06/30/2025,25697918.0,610800.0,42.07,633942.0,6507.0,97.42,0.92
190201,825791,06/30/2025,24949216.0,545878.29,45.7,9297.0,178.22,52.17,0.92
390339,824847,06/30/2025,59197585.0,1285616.84,46.05,7318420.0,80976.66,90.38,0.92
170006,826627,06/30/2025,27576625.0,586275.53,47.26,486944.0,2077.22,234.42,0.92
390335,824845,06/30/2025,37814020.0,802300.0,47.13,3812.0,11.0,346.55,0.92
240075,824310,06/30/2025,131217890.0,2037835.56,64.55,3525566.0,26548.3,132.8,0.92
050054,824700,06/30/2025,49101123.0,1005340.0,48.84,2847553.0,31945.0,89.14,0.92
170016,825187,06/30/2025,88404157.0,2201867.51,40.15,9177491.0,123424.0,74.36,0.92
490053,823518,06/30/2025,53492437.0,1172033.02,38.38,5300894.0,72438.67,73.18,0.92
190183,823703,06/30/2025,13520407.0,992313.0,34.89,2111807.0,57867.0,36.49,0.92
170013,825379,06/30/2025,100505873.0,2131474.0,47.15,7309326.0,84522.3,86.48,0.92
390334,824362,06/30/2025,55564127.0,1432079.0,38.98,1236668.0,17265.0,71.63,0.92
050056,828607,06/30/2025,233651958.0,4978816.0,46.93,27036760.0,214218.0,126.21,0.92
390333,824666,06/30/2025,14083257.0,397662.0,35.42,901471.0,10091.0,89.33,0.92
390327,823930,06/30/2025,29182413.0,669912.0,43.56,9515.0,211.25,45.04,0.92
390328,827429,06/30/2025,67106245.0,1862536.68,36.03,573912.0,6456.24,88.89,0.92
160124,824951,06/30/2025,19292162.0,507104.0,38.04,3802881.0,85528.0,44.46,0.92
060112,830087,06/30/2025,112949652.0,2477425.0,45.61,1033922.0,10315.0,100.23,0.92
390329,826554,06/30/2025,119308821.0,2659963.0,44.85,735699.0,6749.0,109.01,0.92
490084,823382,06/30/2025,18480636.0,435599.28,42.43,721778.0,9513.5,75.87,0.92
390330,825043,06/30/2025,86843917.0,2082480.03,41.7,78244.0,1115.0,70.17,0.92
300012,827947,06/30/2025,234398720.0,4925232.0,47.59,7755387.0,136204.0,56.94,0.92
160153,824278,06/30/2025,62926564.0,1740118.0,38.48,8872820.0,123175.0,72.03,0.92
050057,824900,06/30/2025,385895625.0,8776729.0,43.97,21624411.0,190197.1,113.69,0.92
390332,825446,06/30/2025,31013526.0,743236.24,41.73,1252.0,5.0,250.4,0.92
040084,825333,06/30/2025,45428144.0,1072952.0,42.34,2484592.0,33304.0,74.6,0.92
300003,826662,06/30/2025,512711908.0,9963656.0,51.4,95240986.0,946968.0,100.57,0.92
450828,830494,06/30/2025,15585943.0,393563.0,39.6,248084.0,3308.0,75.0,0.92
170023,824539,06/30/2025,40234295.0,806710.02,49.87,3825881.0,44459.33,86.05,0.92
170105,823869,06/30/2025,24735938.0,642274.0,35.97,2292256.0,35465.0,64.63,0.92
170109,825778,06/30/2025,13214219.0,288964.48,45.73,65130.0,543.31,119.88,0.92
490038,823517,06/30/2025,17992071.0,418924.83,37.62,386687.0,4760.24,81.23,0.92
393046,821355,06/30/2025,11405647.0,294394.51,38.74,573859.0,7527.9,76.23,0.92
393047,821356,06/30/2025,12592501.0,326699.2,38.54,1355374.0,16834.82,80.51,0.92
050042,825087,06/30/2025,57433577.0,951669.0,60.35,1838123.0,15974.0,115.07,0.92
290008,824615,06/30/2025,22021599.0,444852.0,49.5,3570946.0,39585.0,90.21,0.92
050770,824715,06/30/2025,125596921.0,2412829.34,52.05,5298219.0,52294.63,101.31,0.92
290007,825253,06/30/2025,462930925.0,8117159.0,57.03,34251991.0,480406.0,71.3,0.92
490032,823965,06/30/2025,689205520.0,16278258.97,42.34,23877046.0,392345.6,60.86,0.92
240101,824586,06/30/2025,75637149.0,1361425.31,55.56,953720.0,5261.0,181.28,0.92
430077,825451,06/30/2025,342048483.0,6240043.0,54.16,38747430.0,668123.3,57.99,0.92
393056,825655,06/30/2025,12464000.0,291091.19,42.82,2028119.0,27489.0,73.78,0.92
300019,825595,06/30/2025,67136197.0,1644561.0,40.82,11819827.0,141075.0,83.78,0.92
240088,824311,06/30/2025,55865812.0,1331291.01,41.73,1919935.0,25350.81,75.73,0.92
393039,821190,06/30/2025,12453154.0,301548.37,41.3,226634.0,3185.62,71.14,0.92
290053,825255,06/30/2025,74245509.0,1311329.0,56.62,1012841.0,6813.0,148.66,0.92
392044,825448,06/30/2025,13945238.0,322877.4,43.19,1704654.0,22534.0,75.65,0.92
060104,825975,06/30/2025,130088752.0,2317827.0,56.13,4184167.0,50228.24,83.3,0.92
020008,823995,06/30/2025,64964710.0,1266949.0,51.28,7021422.0,71700.0,97.93,0.92
170040,819986,06/30/2025,1166686589.0,27445591.9,42.51,13735568.0,132036.0,104.03,0.92
290045,824819,06/30/2025,249157291.0,4220353.0,59.04,3112701.0,21123.0,147.36,0.92
490045,823967,06/30/2025,98432596.0,2383823.09,41.29,6901236.0,87788.76,78.61,0.92
170049,824292,06/30/2025,144402751.0,3354722.28,43.04,13292082.0,141922.0,93.66,0.92
393026,821186,06/30/2025,12178286.0,280187.97,43.46,458443.0,6196.17,73.99,0.92
393027,821187,06/30/2025,9499424.0,236379.03,40.19,408622.0,5282.4,77.36,0.92
050045,825335,06/30/2025,62573008.0,1787347.37,35.01,415187.0,10153.0,40.89,0.92
393031,821188,06/30/2025,15366584.0,367861.97,41.77,739560.0,9717.1,76.11,0.92
040088,826263,06/30/2025,24311609.0,683506.78,35.57,756941.0,11406.0,66.36,0.92
170103,825380,06/30/2025,50654463.0,1323656.08,38.27,698145.0,4928.73,141.65,0.92
240084,825399,06/30/2025,61487266.0,1010741.3,60.97,973431.0,8942.25,108.86,0.92
160112,824277,06/30/2025,34744169.0,879842.56,39.49,8121808.0,182405.58,44.53,0.92
390325,823929,06/30/2025,67582850.0,1459403.0,46.31,5927161.0,161111.25,36.79,0.92
300020,825007,06/30/2025,113597548.0,2352198.0,48.29,4613212.0,74519.0,61.91,0.92
390226,826232,06/30/2025,301165986.0,6508083.0,46.28,6665619.0,82641.0,80.66,0.92
190298,825792,06/30/2025,15454074.0,612839.75,25.22,12000.0,141.18,85.0,0.92
390228,824158,06/30/2025,112094560.0,3008581.11,37.26,5687478.0,68841.0,82.62,0.92
490127,824205,06/30/2025,11796695.0,403946.23,28.95,1380.0,46.0,30.0,0.92
390231,827297,06/30/2025,370598730.0,6820561.0,50.82,3294559.0,21838.0,150.86,0.92
060118,823747,06/30/2025,42294619.0,632570.51,66.86,1115277.0,12479.01,89.37,0.92
160028,824529,06/30/2025,44353899.0,933640.85,47.51,2780134.0,31417.84,88.49,0.92
390233,831857,06/30/2025,64149861.0,1605341.87,39.96,1233224.0,11137.09,110.73,0.92
440012,829023,06/30/2025,101891642.0,2268488.12,37.39,12935162.0,251717.08,51.39,0.92
160029,818877,06/30/2025,42544465.0,1113147.39,38.4,13688259.0,140828.67,97.2,0.92
050740,823420,06/30/2025,86349912.0,1627895.73,53.04,1491501.0,21723.0,68.66,0.92
490120,823971,06/30/2025,144670328.0,3617716.08,39.99,16953652.0,196629.45,86.22,0.92
390237,826553,06/30/2025,68952677.0,1836787.0,37.54,3365943.0,66029.0,50.98,0.92
240019,824309,06/30/2025,263680755.0,3331847.63,79.14,198745.0,1003.75,198.0,0.92
390256,823352,06/30/2025,614440353.0,14454049.63,42.53,14415820.0,148964.0,96.77,0.92
050738,828135,06/30/2025,29616275.0,548653.0,53.98,1852646.0,28749.0,64.44,0.92
160030,824755,06/30/2025,95623304.0,2530176.0,37.79,7005229.0,83404.0,83.99,0.92
390225,824157,06/30/2025,65266831.0,1511828.0,43.17,1924264.0,22927.25,83.93,0.92
450755,824391,06/30/2025,11593188.0,349078.0,33.45,90419.0,393.0,230.07,0.92
440029,820783,06/30/2025,146810251.0,3339404.0,43.96,4256266.0,61149.25,69.6,0.92
390203,827498,06/30/2025,162963073.0,3655824.82,44.58,1163252.0,14004.0,83.07,0.92
050736,829791,06/30/2025,33078929.0,626952.0,52.76,84073.0,1501.0,56.01,0.92
240002,824308,06/30/2025,209402103.0,4188805.67,49.99,8005144.0,79240.86,101.02,0.92
390204,825894,06/30/2025,68929114.0,1623785.47,42.43,33841.0,178.5,189.59,0.92
440018,829274,06/30/2025,23048504.0,511172.95,38.49,894448.0,13605.5,65.74,0.92
390217,823927,06/30/2025,18976096.0,529303.0,35.85,983497.0,10632.0,92.5,0.92
490144,823791,06/30/2025,31050999.0,736484.0,42.16,633358.0,8132.08,77.88,0.92
050737,825497,06/30/2025,97916031.0,1839345.0,53.23,2470656.0,50444.48,48.98,0.92
390219,824843,06/30/2025,50253436.0,1514640.0,33.18,3197554.0,38061.0,84.01,0.92
040071,824897,06/30/2025,104178359.0,2592458.85,40.19,2984738.0,83096.0,35.92,0.92
440017,829025,06/30/2025,111339245.0,2431033.47,37.59,8303996.0,109897.31,75.56,0.92
390222,823351,06/30/2025,114279066.0,2454387.0,46.43,557470.0,7129.0,78.2,0.92
060119,824023,06/30/2025,140915923.0,3036631.38,46.34,2305204.0,24788.96,92.99,0.92
390223,824156,06/30/2025,419652101.0,8242677.0,49.36,10265914.0,198086.0,51.83,0.92
440011,823360,06/30/2025,187185723.0,4388095.38,42.66,4064582.0,63676.0,63.83,0.92
160032,826163,06/30/2025,11662601.0,315128.24,37.01,2357370.0,20754.04,113.59,0.92
160069,824274,06/30/2025,68594703.0,1981636.12,34.53,1537098.0,18818.58,81.68,0.92
100191,829647,06/30/2025,88208455.0,2308024.0,38.28,423998.0,8464.0,50.09,0.92
160079,824275,06/30/2025,210727374.0,4397057.0,48.36,5136178.0,86550.0,59.34,0.92
450801,825674,06/30/2025,162343417.0,4219743.6,38.47,5000775.0,75269.0,66.44,0.92
050067,824701,06/30/2025,33772617.0,812053.0,41.59,2421041.0,21942.0,110.34,0.92
160080,824276,06/30/2025,46988624.0,1300340.0,36.06,298696.0,2879.0,103.75,0.92
013031,821106,06/30/2025,8875498.0,222579.1,39.88,24994.0,366.09,68.27,0.92
490098,823383,06/30/2025,48755423.0,1237198.18,39.41,2004977.0,26002.75,77.11,0.92
240047,827703,06/30/2025,269641790.0,4472331.62,60.29,2672344.0,36768.43,72.68,0.92
440002,827306,06/30/2025,271355430.0,7738105.64,35.07,14612521.0,245026.07,59.64,0.92
160083,828388,06/30/2025,457938295.0,9609937.79,47.65,15164303.0,161795.0,93.73,0.92
160101,827533,06/30/2025,134754649.0,3054762.0,44.11,1889464.0,23076.0,81.88,0.92
450809,829631,06/30/2025,162064949.0,3842595.0,42.36,1045321.0,22729.0,45.99,0.92
390324,823928,06/30/2025,9277970.0,196080.77,47.32,654989.0,7160.56,91.47,0.92
310010,825008,06/30/2025,219863568.0,5056701.0,43.48,11378861.0,147702.0,77.04,0.92
390258,824159,06/30/2025,139135358.0,3224125.25,43.15,103098.0,1150.15,89.64,0.92
390278,826234,06/30/2025,18580092.0,514206.0,36.13,2417061.0,40700.0,59.39,0.92
390265,825281,06/30/2025,99998126.0,3116500.0,32.09,1789187.0,20104.0,89.0,0.92
160033,825377,06/30/2025,123598180.0,2956786.08,41.8,4338805.0,66291.77,65.45,0.92
160040,824950,06/30/2025,10607378.0,284028.19,37.35,447270.0,5358.0,83.48,0.92
390266,825653,06/30/2025,15958396.0,507780.0,31.43,352669.0,4178.0,84.41,0.92
050136,823802,06/30/2025,35565729.0,471302.0,74.85,1047746.0,17933.0,58.43,0.92
100200,823824,06/30/2025,57454859.0,1510250.7,38.04,2389005.0,29517.0,80.94,0.92
390267,824361,06/30/2025,109677354.0,2912013.0,37.92,4297861.0,54726.0,78.53,0.92
490114,823126,06/30/2025,44041031.0,979272.25,37.06,2244904.0,30603.51,73.35,0.92
240036,824985,06/30/2025,446545613.0,9862819.16,45.27,3591434.0,97640.0,36.78,0.92
390268,824844,06/30/2025,159914562.0,3790797.92,42.18,11681940.0,150987.91,77.37,0.92
160057,824065,06/30/2025,167957984.0,3431002.14,48.95,14764466.0,159429.35,92.61,0.92
050069,824005,06/30/2025,277790272.0,4891363.0,56.79,6007230.0,98787.0,60.81,0.92
390270,819153,06/30/2025,235795881.0,6054514.77,39.02,2199362.0,19677.21,111.77,0.92
160058,828186,06/30/2025,778566986.0,22089802.78,37.4,67630839.0,694136.94,97.43,0.92
160064,824273,06/30/2025,168522847.0,3771559.54,44.61,9718626.0,113756.24,85.43,0.92
160067,827904,06/30/2025,166297341.0,3475223.54,47.85,6547016.0,73244.0,89.39,0.92
050040,825714,06/30/2025,369338372.0,5957627.0,61.91,61799873.0,1163352.0,53.12,0.92
020024,827520,06/30/2025,128645071.0,2123451.0,60.58,9928376.0,97072.0,102.28,0.92
282001,827415,06/30/2025,8622725.0,201126.04,42.87,2300593.0,33425.0,68.83,0.92
260141,825585,06/30/2025,535462734.0,14734833.19,36.9,74697917.0,858657.35,86.99,0.92
400135,830799,06/30/2025,15795093.0,742695.8,21.27,703095.0,16290.28,43.16,0.92
180087,825547,06/30/2025,54234097.0,1382671.5,39.22,1346175.0,18320.5,73.48,0.92
030024,825957,06/30/2025,552935071.0,10192519.0,54.25,18265628.0,203343.0,89.83,0.92
100113,819275,06/30/2025,701064392.0,18256404.12,38.27,75617297.0,1804494.45,41.9,0.92
100086,823821,06/30/2025,125151326.0,3223710.79,38.82,8534141.0,92184.0,92.58,0.92
460003,825061,06/30/2025,25448950.0,509532.41,49.95,1077610.0,16639.05,64.76,0.92
060022,824721,06/30/2025,341196367.0,7358692.49,46.29,9986231.0,175629.21,56.86,0.92
050006,823405,06/30/2025,140533103.0,2110566.0,62.4,6431552.0,92892.0,69.24,0.92
060020,823746,06/30/2025,212733022.0,4340240.93,48.95,12599333.0,136802.98,92.1,0.92
260102,825828,06/30/2025,93434330.0,2385877.61,39.16,4338300.0,134666.45,32.22,0.92
454128,828876,06/30/2025,6245832.0,187597.0,33.29,116174.0,1812.0,64.11,0.92
460009,824866,06/30/2025,1124538190.0,27863620.0,40.92,7107538.0,121293.25,58.6,0.92
260096,825584,06/30/2025,247630253.0,6250176.0,39.86,17667580.0,217037.0,81.4,0.92
030023,826259,06/30/2025,153129876.0,3600210.45,42.53,26140875.0,347861.26,75.15,0.92
060024,823550,06/30/2025,668264630.0,14972900.0,44.59,79226778.0,1261704.0,62.79,0.92
100080,830398,06/30/2025,189397307.0,4880592.0,38.81,2274671.0,61674.0,36.88,0.92
260183,824600,06/30/2025,67500.0,7131610.19,37.11,10662765.0,124594.1,85.58,0.92
400124,830797,06/30/2025,24652546.0,1030778.5,23.92,2423830.0,88423.85,27.41,0.92
260179,821760,06/30/2025,244808158.0,5434105.0,45.05,2657650.0,29396.0,90.41,0.92
460019,826094,06/30/2025,49178651.0,1440173.0,34.15,1451592.0,21398.0,67.84,0.92
100084,823556,06/30/2025,103291994.0,2603400.46,39.68,2832618.0,25921.0,109.28,0.92
030022,825956,06/30/2025,379480559.0,8554417.72,44.36,52888199.0,745509.0,70.94,0.92
260177,824322,06/30/2025,186715932.0,3471047.32,53.79,5430549.0,57466.0,94.5,0.92
180064,826451,06/30/2025,21699515.0,525756.0,41.27,72071.0,847.0,85.09,0.92
190041,829749,06/30/2025,87577513.0,2127646.25,41.16,967928.0,12972.13,74.62,0.92
180067,824554,06/30/2025,879670064.0,22494876.0,39.42,157927084.0,1739797.0,90.77,0.92
050009,823406,06/30/2025,122378957.0,1676086.0,72.78,1284573.0,21967.0,58.48,0.92
180069,825546,06/30/2025,23573180.0,648193.0,36.52,143358.0,2069.0,69.29,0.92
420091,823941,06/30/2025,92673716.0,2262816.0,37.44,6252211.0,102187.0,61.18,0.92
180078,824779,06/30/2025,16980469.0,411725.28,41.24,1166866.0,16539.45,70.55,0.92
180050,825545,06/30/2025,31786344.0,821072.0,38.81,821396.0,22024.0,37.3,0.92
060010,824021,06/30/2025,218733962.0,4790139.16,45.6,1938611.0,25899.18,74.85,0.92
420048,823939,06/30/2025,31502210.0,777872.0,37.59,543761.0,10050.0,54.11,0.92
420026,823938,06/30/2025,99882032.0,2380460.0,38.44,3757609.0,67857.0,55.38,0.92
260023,824596,06/30/2025,114128860.0,2413825.0,47.91,2871876.0,39296.0,73.08,0.92
190007,826170,06/30/2025,41241126.0,1165720.0,35.6,1613892.0,15551.0,103.78,0.92
060013,824720,06/30/2025,107228097.0,1853117.0,57.86,1567542.0,17531.71,89.41,0.92
260020,824319,06/30/2025,494871097.0,10867738.0,46.07,18253273.0,323815.0,56.37,0.92
190006,824780,06/30/2025,54332137.0,1671011.62,33.96,5208510.0,122809.25,42.41,0.92
030055,824893,06/30/2025,145058771.0,3278837.88,44.24,11186257.0,124338.44,89.97,0.92
420036,825288,06/30/2025,49964102.0,1195373.0,38.53,2839917.0,57120.0,49.72,0.92
060012,827525,06/30/2025,58660992.0,1101833.0,53.24,1288925.0,8469.12,152.19,0.92
260006,824810,06/30/2025,313389500.0,5688055.0,54.26,12552577.0,158463.0,79.21,0.92
420019,824851,06/30/2025,34773795.0,696609.0,47.35,659203.0,9402.0,70.11,0.92
060015,826283,06/30/2025,189160076.0,3289296.16,57.51,11350461.0,124823.21,90.93,0.92
190011,825190,06/30/2025,54597170.0,1561681.41,34.96,3093885.0,61721.5,50.13,0.92
060008,826140,06/30/2025,52246469.0,1184999.16,44.09,1904049.0,28851.1,66.0,0.92
190019,824070,06/30/2025,105419653.0,2955038.95,35.67,7980768.0,129131.0,61.8,0.92
260077,824811,06/30/2025,254610210.0,5528719.0,46.98,36905479.0,439735.0,83.93,0.92
190017,824069,06/30/2025,69773320.0,1859860.74,37.52,5674152.0,67946.0,83.51,0.92
250168,824988,06/30/2025,22191810.0,499231.19,44.45,10204591.0,227697.31,44.82,0.92
190015,825382,06/30/2025,153692475.0,3820168.73,41.85,9581371.0,112880.06,84.88,0.92
260065,819681,06/30/2025,474765818.0,10447939.05,45.9,17009350.0,213591.0,79.64,0.92
420004,823937,06/30/2025,821477728.0,17123941.35,44.27,39295399.0,746646.0,52.63,0.92
180141,824555,06/30/2025,234010333.0,5681423.27,41.19,40765082.0,869481.32,46.88,0.92
420055,823940,06/30/2025,13072284.0,344503.0,35.43,99628.0,908.0,109.72,0.92
420053,823357,06/30/2025,25909222.0,709017.87,36.54,425822.0,5398.0,78.89,0.92
180143,826452,06/30/2025,46855676.0,1039246.7,45.09,1296456.0,14229.36,91.11,0.92
260061,827548,06/30/2025,29993243.0,671830.0,44.64,1295001.0,15225.0,85.06,0.92
260059,823889,06/30/2025,32536547.0,713883.75,46.03,819715.0,10083.25,81.29,0.92
260052,824320,06/30/2025,83384410.0,1786833.0,47.11,4993557.0,65904.0,75.77,0.92
453036,824865,06/30/2025,70432198.0,654877.0,107.55,161094.0,2580.0,62.44,0.92
260048,825583,06/30/2025,234580225.0,5597722.91,41.91,23310604.0,497716.6,46.84,0.92
390201,824665,06/30/2025,89056858.0,2272813.0,39.31,3944583.0,35942.0,109.75,0.92
280105,827409,06/30/2025,16527261.0,352106.0,46.94,539497.0,6645.0,81.19,0.92
280081,827712,06/30/2025,81023045.0,1752476.63,46.23,6227877.0,88103.0,70.69,0.92
430014,824171,06/30/2025,92393030.0,1721156.59,53.68,3711404.0,43795.0,84.74,0.92
050779,824718,06/30/2025,146838362.0,2698514.88,54.41,20996191.0,229673.8,91.42,0.92
280060,825589,06/30/2025,165327350.0,3653293.0,45.26,44664817.0,586386.0,76.17,0.92
170203,824543,06/30/2025,9123106.0,263111.91,34.68,113400.0,567.0,200.0,0.92
430012,825045,06/30/2025,58969252.0,1340166.06,44.0,405699.0,4118.77,98.5,0.92
100137,824242,06/30/2025,101494662.0,2154754.0,47.1,644368.0,10227.0,63.01,0.92
280023,825588,06/30/2025,42243965.0,1012366.49,41.73,3806007.0,43344.34,87.81,0.92
050028,825711,06/30/2025,23858234.0,755515.45,31.58,2852665.0,27718.62,102.92,0.92
280020,826483,06/30/2025,58376201.0,1333766.29,43.77,4308081.0,37205.27,115.79,0.92
280013,825249,06/30/2025,1042818406.0,15946664.0,65.39,80399276.0,1155586.0,69.57,0.92
280009,825832,06/30/2025,56248830.0,1302525.3,43.18,7087539.0,65180.77,108.74,0.92
030007,826258,06/30/2025,57727272.0,1326199.54,43.53,12699805.0,161731.75,78.52,0.92
430015,826708,06/30/2025,53594531.0,1028947.64,52.09,4499628.0,52550.0,85.63,0.92
050778,824716,06/30/2025,212978268.0,4138324.81,51.46,4016342.0,45238.0,88.78,0.92
170175,824541,06/30/2025,16123884.0,301811.41,53.42,2613028.0,31948.96,81.79,0.92
430048,824172,06/30/2025,56157194.0,955526.33,58.77,1882647.0,22716.8,82.87,0.92
170183,821959,06/30/2025,15487024.0,434964.0,35.61,82870.0,1092.05,75.88,0.92
490019,829983,06/30/2025,61105055.0,1522880.48,40.12,6511395.0,69410.17,93.81,0.92
190133,826327,06/30/2025,10612400.0,294441.0,36.04,779451.0,9649.0,80.78,0.92
430016,829832,06/30/2025,630122006.0,11634391.44,54.28,25095346.0,320394.73,78.33,0.92
280130,827713,06/30/2025,58346774.0,1108470.56,52.64,6672294.0,72270.4,92.32,0.92
050039,823677,06/30/2025,370243091.0,6929407.77,53.46,1926098.0,11959.9,161.05,0.92
190125,826459,06/30/2025,121846676.0,3123015.0,39.02,3225086.0,68696.0,46.95,0.92
280128,827410,06/30/2025,19528057.0,418683.44,46.64,92016.0,506.0,181.85,0.92
050038,825712,06/30/2025,1671887859.0,19682618.0,85.0,11465317.0,99637.0,115.07,0.92
170191,824542,06/30/2025,26566005.0,768565.79,34.57,3035654.0,32267.41,94.08,0.92
490009,823962,06/30/2025,932806704.0,21388415.0,43.61,89824047.0,1280382.0,70.15,0.92
060031,824914,06/30/2025,277091967.0,5193936.16,53.35,9797487.0,118101.63,82.96,0.92
180002,825539,06/30/2025,22480726.0,560337.79,40.12,119600.0,1834.18,65.21,0.92
190102,824782,06/30/2025,152570227.0,3944726.0,38.68,2077849.0,28911.0,71.87,0.92
180018,827935,06/30/2025,133117876.0,2827499.0,47.08,9217397.0,62241.0,148.09,0.92
263031,824814,06/30/2025,36797302.0,876143.37,42.0,1352734.0,16506.0,81.95,0.92
460051,825682,06/30/2025,118901215.0,2326001.0,51.12,6534254.0,75973.89,86.01,0.92
250031,831716,06/30/2025,32151538.0,849752.0,37.84,3033332.0,49653.0,61.09,0.92
180020,825543,06/30/2025,18194528.0,500767.0,36.41,83262.0,1320.0,63.08,0.92
180025,826168,06/30/2025,25787692.0,570324.81,45.22,185798.0,2006.43,92.6,0.92
400112,823111,06/30/2025,22895819.0,1265332.47,18.09,3078274.0,86551.77,35.57,0.92
460047,824202,06/30/2025,106822512.0,2525748.25,42.33,1334999.0,27120.83,49.22,0.92
180029,825544,06/30/2025,87508328.0,2152019.0,41.03,8095818.0,123609.0,65.5,0.92
190064,827482,06/30/2025,375189011.0,10548981.0,35.57,19518825.0,376232.0,51.88,0.92
420117,823942,06/30/2025,12053078.0,324608.0,34.63,136167.0,2364.0,57.6,0.92
060044,824915,06/30/2025,17777364.0,307504.53,57.81,1369790.0,9361.11,146.33,0.92
050017,829419,06/30/2025,250994770.0,3561332.0,70.33,9978006.0,87134.0,114.51,0.92
180040,824552,06/30/2025,351083010.0,8663576.42,40.52,66970013.0,941289.72,71.15,0.92
460041,825064,06/30/2025,54583984.0,1244690.1,43.85,1290790.0,15315.47,84.28,0.92
060049,824723,06/30/2025,45587343.0,878080.68,51.86,2371471.0,25675.49,92.36,0.92
450862,825460,06/30/2025,107023018.0,2236812.56,47.85,1647496.0,21816.81,75.51,0.92
040137,824433,06/30/2025,31266340.0,647086.0,48.32,546057.0,5565.0,98.12,0.92
250001,825234,06/30/2025,348322887.0,9886099.35,38.07,111779211.0,2295520.49,48.69,0.92
180005,825540,06/30/2025,45436408.0,1108675.0,41.16,4610930.0,71739.0,64.27,0.92
030010,823996,06/30/2025,69394784.0,1668349.0,41.57,1102645.0,15112.0,72.96,0.92
180009,830344,06/30/2025,315736338.0,9056540.0,34.86,15625956.0,168008.0,93.01,0.92
450865,823657,06/30/2025,9047555.0,185141.78,48.97,11045.0,181.65,60.8,0.92
180010,826450,06/30/2025,128168067.0,2822449.0,45.41,12618948.0,143057.88,88.21,0.92
190098,826324,06/30/2025,169931071.0,4433440.38,38.33,30089963.0,660813.15,45.53,0.92
180011,826165,06/30/2025,61185979.0,1479833.0,41.35,550030.0,5566.0,98.82,0.92
450867,824684,06/30/2025,37459873.0,753616.26,49.8,113746.0,1714.64,66.34,0.92
100073,826153,06/30/2025,302366847.0,5935003.37,50.95,8760385.0,213211.62,41.09,0.92
050025,825334,06/30/2025,1391224705.0,23334597.35,59.62,55448782.0,773802.0,71.66,0.92
030011,824892,06/30/2025,81721171.0,1946881.0,41.96,1978970.0,27376.0,72.29,0.92
180016,824550,06/30/2025,16325593.0,352390.69,46.33,235297.0,3040.0,77.4,0.92
390199,826074,06/30/2025,29875743.0,714456.82,41.82,568356.0,12904.0,44.04,0.92
440009,819159,06/30/2025,40406225.0,1095911.0,30.72,2236313.0,26170.0,85.45,0.92
150181,823858,06/30/2025,16804739.0,337655.38,50.04,393334.0,6407.47,61.39,0.92
231326,824800,06/30/2025,24363383.0,522895.4,46.59,1176360.0,12061.5,97.53,0.92
390042,826068,06/30/2025,103591585.0,2819769.0,37.67,785937.0,6753.0,116.38,0.92
320084,826357,06/30/2025,20479749.0,497546.87,40.91,1286730.0,14057.45,91.53,0.92
390044,827726,06/30/2025,393825712.0,9195937.36,43.29,14154464.0,188159.82,75.23,0.92
050636,825721,06/30/2025,77887365.0,1409086.3,55.28,1483541.0,16736.5,88.64,0.92
390045,831803,06/30/2025,149261568.0,4197177.0,35.29,2517938.0,56401.0,44.64,0.92
390046,825275,06/30/2025,334886296.0,7880153.0,42.5,18716286.0,200974.59,93.13,0.92
150008,824503,06/30/2025,66377412.0,1823781.63,36.4,3250622.0,33717.07,96.41,0.92
390048,825034,06/30/2025,70971601.0,1903007.95,37.3,2314266.0,25594.44,90.42,0.92
190312,825559,06/30/2025,34519052.0,800057.0,43.15,1810613.0,45758.0,39.57,0.92
320065,824335,06/30/2025,13552078.0,326236.0,41.61,1094069.0,15152.0,72.21,0.92
390049,826069,06/30/2025,496568762.0,11789380.46,42.12,958025.0,9921.0,96.57,0.92
231327,824801,06/30/2025,32230937.0,770260.93,41.84,2251768.0,24362.79,92.43,0.92
440063,829277,06/30/2025,207960829.0,4579281.41,37.06,23688407.0,290059.89,81.67,0.92
150010,824504,06/30/2025,39617921.0,911584.62,43.57,359103.0,5740.7,62.55,0.92
440072,827733,06/30/2025,25542574.0,725447.25,35.21,1359269.0,21880.55,62.12,0.92
390027,826376,06/30/2025,628575183.0,13848192.0,50.35,19082358.0,235399.0,81.06,0.92
143031,821615,06/30/2025,12222869.0,269196.43,45.41,21020.0,221.99,94.69,0.92
390028,831856,06/30/2025,162510043.0,4419071.43,36.32,19158824.0,401390.67,47.73,0.92
510023,823976,06/30/2025,69810833.0,2056046.25,33.95,10696078.0,125053.76,85.53,0.92
390030,820614,06/30/2025,60743959.0,1565504.0,38.8,540711.0,6553.0,82.51,0.92
050625,832007,06/30/2025,1949669514.0,30154153.0,69.88,26102133.0,274901.0,94.95,0.92
390032,825273,06/30/2025,42528043.0,1242521.0,34.57,1286667.0,14922.0,86.23,0.92
390035,819345,06/30/2025,68152951.0,1617945.0,42.12,240707.0,2221.0,108.38,0.92
390036,826378,06/30/2025,93938822.0,2185692.0,42.98,1523486.0,22562.0,67.52,0.92
390037,826227,06/30/2025,72494049.0,1766854.0,41.03,2059044.0,26866.0,76.64,0.92
390039,825884,06/30/2025,30539465.0,868995.0,35.1,255084.0,2793.0,91.33,0.92
050124,824446,06/30/2025,89354273.0,1583722.16,56.42,3402788.0,41381.0,82.23,0.92
150011,820435,06/30/2025,66444803.0,1916916.0,46.1,6700237.0,75266.0,89.02,0.92
390056,825276,06/30/2025,41753151.0,780117.28,35.48,2570296.0,29971.22,85.76,0.92
010131,823994,06/30/2025,72488900.0,2102655.0,34.47,2305589.0,34962.99,65.94,0.92
390068,831353,06/30/2025,37062381.0,889934.96,41.65,2119499.0,51542.97,41.12,0.92
050678,825104,06/30/2025,170200398.0,3033763.24,56.1,6511783.0,79026.55,82.4,0.92
150034,824510,06/30/2025,101183453.0,2651457.0,38.16,7578134.0,122458.89,61.88,0.92
500108,825684,06/30/2025,297571273.0,5206376.0,60.06,30242680.0,371400.0,81.43,0.92
390073,832216,06/30/2025,146269280.0,3429910.0,41.22,13397517.0,190308.0,70.4,0.92
050110,824901,06/30/2025,62377036.0,1773412.0,35.17,8396119.0,87137.0,96.36,0.92
231331,824803,06/30/2025,24793024.0,551052.19,44.99,877424.0,8377.59,104.73,0.92
500088,820922,06/30/2025,521938564.0,7763931.44,67.23,18893990.0,204345.17,92.46,0.92
390086,825440,06/30/2025,194683639.0,3993377.29,48.75,16129014.0,173756.03,92.83,0.92
390090,827294,06/30/2025,137790374.0,4279167.0,32.62,9924473.0,114317.0,86.82,0.92
050112,824443,06/30/2025,309548427.0,4989327.35,62.04,5660626.0,69637.0,81.29,0.92
390050,825437,06/30/2025,246604196.0,7001707.0,35.89,28096380.0,329490.0,85.27,0.92
390067,831186,06/30/2025,385351465.0,9242363.25,41.69,25168575.0,515505.05,48.82,0.92
440061,827732,06/30/2025,14804723.0,374080.26,39.58,406072.0,7990.9,50.82,0.92
050115,825716,06/30/2025,233927679.0,3976668.0,58.85,10583452.0,108168.75,97.84,0.92
500151,825685,06/30/2025,85568322.0,1491103.0,59.75,3823776.0,52379.0,73.0,0.92
150012,824506,06/30/2025,117391088.0,2882344.0,40.73,1423997.0,17243.0,82.58,0.92
390057,824833,06/30/2025,156488190.0,3231190.0,48.43,4381462.0,45547.68,96.2,0.92
390058,831352,06/30/2025,49794809.0,1273739.15,39.09,573132.0,7785.35,73.62,0.92
010130,823222,06/30/2025,13475113.0,347809.05,38.74,207913.0,2896.13,71.79,0.92
390062,825886,06/30/2025,15214399.0,444054.0,34.26,265469.0,2614.0,101.56,0.92
050668,825722,06/30/2025,186105955.0,2966834.4,62.22,1079628.0,12934.62,83.47,0.92
050113,824444,06/30/2025,167532658.0,2364812.6,70.84,9128157.0,101857.33,94.67,0.92
500141,825470,06/30/2025,111586830.0,1892138.0,61.24,3397590.0,41329.0,82.21,0.92
390063,831986,06/30/2025,169604182.0,4665729.0,35.88,8599431.0,141587.0,60.74,0.92
150017,824509,06/30/2025,139862584.0,3315082.0,42.19,12177097.0,150703.0,80.8,0.92
390065,824834,06/30/2025,57611218.0,1350354.0,42.66,1407337.0,14836.47,94.86,0.92
060130,823748,06/30/2025,11516910.0,229523.0,50.15,2091.0,14.0,149.36,0.92
390066,832042,06/30/2025,71250579.0,1671535.0,42.63,5039659.0,57626.19,87.45,0.92
320030,825010,06/30/2025,36146388.0,802749.0,45.03,1697877.0,23020.0,73.76,0.92
390026,825033,06/30/2025,56525159.0,1222941.0,46.22,7498839.0,84396.0,88.85,0.92
231320,825218,06/30/2025,19253739.0,417450.0,46.12,96676.0,760.0,127.21,0.92
140224,824499,06/30/2025,66279397.0,1509037.29,43.92,6621895.0,56480.67,117.24,0.92
330080,825415,06/30/2025,363276852.0,7413654.0,49.0,31105904.0,314811.0,98.81,0.92
140228,824260,06/30/2025,353382027.0,7291924.43,48.59,13940409.0,150956.75,92.35,0.92
440111,825048,06/30/2025,68184768.0,1574084.38,43.32,9489053.0,119259.0,79.57,0.92
140239,825165,06/30/2025,97505680.0,2358614.58,41.34,6354904.0,62152.79,102.25,0.92
060133,826146,06/30/2025,20781393.0,346007.93,60.06,252235.0,2840.96,88.79,0.92
330057,826499,06/30/2025,289133510.0,6186606.0,45.29,5300045.0,76482.0,69.3,0.92
440109,823949,06/30/2025,24232273.0,697328.38,34.75,807401.0,4136.5,195.19,0.92
100039,825117,06/30/2025,246848483.0,6350141.65,38.87,30078781.0,356598.0,84.35,0.92
050599,824713,06/30/2025,1656886604.0,25543101.31,64.81,6862369.0,55266.1,124.17,0.92
050129,824447,06/30/2025,183216249.0,3060091.0,59.87,13520174.0,110796.0,122.03,0.92
140258,824261,06/30/2025,131995869.0,2938079.66,44.93,463923.0,6526.59,71.08,0.92
380052,824353,06/30/2025,29709621.0,651097.9,45.63,142023.0,2059.0,68.98,0.92
140275,825373,06/30/2025,27743156.0,672738.26,41.24,1058952.0,12614.54,83.95,0.92
050132,825090,06/30/2025,69793887.0,1318069.0,52.95,971368.0,24065.0,40.36,0.92
520002,827659,06/30/2025,49336701.0,1585329.38,31.12,3543616.0,54013.67,65.61,0.92
140191,826616,06/30/2025,126316310.0,3015755.16,41.89,11740248.0,187252.25,62.7,0.92
140197,826617,06/30/2025,8318366.0,229643.74,36.22,154561.0,1594.0,96.96,0.92
050581,826275,06/30/2025,116721414.0,2996712.0,38.95,7660154.0,67369.0,113.7,0.92
230270,825214,06/30/2025,74918731.0,1894090.0,39.55,111977.0,1490.4,75.13,0.92
440144,824858,06/30/2025,45689847.0,1042117.15,43.84,929986.0,11079.37,83.94,0.92
010104,823993,06/30/2025,163864837.0,4619276.0,35.47,1790524.0,26472.0,67.64,0.92
040026,827774,06/30/2025,97532460.0,2241593.13,43.07,1692209.0,5673.77,298.25,0.92
330096,825846,06/30/2025,33646033.0,857530.41,39.24,3120251.0,30741.0,101.5,0.92
520009,826574,06/30/2025,99240644.0,2255797.48,44.05,2139285.0,25809.0,82.89,0.92
230279,828490,06/30/2025,7680016.0,212172.38,36.12,12121.0,158.0,76.72,0.92
010108,823220,06/30/2025,28048477.0,734875.91,38.14,46646.0,1452.09,32.12,0.92
380051,825432,06/30/2025,607090565.0,10333732.0,58.75,31116306.0,478033.87,65.09,0.92
380090,823924,06/30/2025,97031438.0,1852039.98,52.39,9117442.0,93795.58,97.21,0.92
440104,823948,06/30/2025,500375803.0,9849450.0,50.8,28302644.0,575483.82,49.18,0.92
390004,825272,06/30/2025,115226718.0,2706992.0,42.57,12186053.0,141104.6,86.36,0.92
440082,824180,06/30/2025,316417406.0,7316666.0,43.35,26843014.0,475675.27,56.43,0.92
040039,825705,06/30/2025,36085315.0,1079848.91,33.42,988139.0,16219.6,60.92,0.92
390006,820613,06/30/2025,477006978.0,12708709.44,37.57,12206154.0,176556.84,69.13,0.92
450670,830378,06/30/2025,62439534.0,1543447.0,40.42,571419.0,15922.0,35.89,0.92
510046,823524,06/30/2025,96009342.0,2756583.2,34.83,5719481.0,63120.24,90.61,0.92
390009,824356,06/30/2025,125661982.0,3431412.0,36.35,9924473.0,26270.0,377.79,0.92
060131,826144,06/30/2025,67285922.0,1495987.31,44.92,662210.0,8368.45,79.13,0.92
140308,825374,06/30/2025,12888403.0,308528.45,41.77,167481.0,1991.25,84.11,0.92
390012,824357,06/30/2025,38984695.0,851300.0,45.19,95578.0,962.0,99.35,0.92
390013,823771,06/30/2025,82832769.0,2382777.93,34.76,5310349.0,61493.56,86.36,0.92
390016,825436,06/30/2025,58062390.0,1711116.0,33.74,1345424.0,22632.0,59.45,0.92
010118,823796,06/30/2025,29189839.0,759574.0,38.43,2164777.0,24574.0,88.09,0.92
440084,823946,06/30/2025,25068235.0,910240.21,27.54,2915625.0,34696.66,84.03,0.92
390003,824147,06/30/2025,26578333.0,685648.24,38.77,595823.0,7692.83,77.45,0.92
100276,825126,06/30/2025,94150234.0,2367998.0,39.76,3178637.0,36818.0,86.33,0.92
510086,823978,06/30/2025,10441561.0,332578.52,31.4,2078021.0,28010.0,74.19,0.92
440102,824379,06/30/2025,21611988.0,629470.4,34.33,547318.0,14086.82,38.85,0.92
140276,826313,06/30/2025,651727530.0,10864477.47,59.99,6254295.0,66429.05,94.15,0.92
050603,825103,06/30/2025,157831385.0,2891523.59,54.58,5927880.0,68378.61,86.69,0.92
380102,826060,06/30/2025,350402828.0,5515748.0,62.8,5288797.0,52332.0,101.06,0.92
060132,823686,06/30/2025,82832973.0,1645394.93,50.26,2057078.0,23282.7,88.35,0.92
320005,825841,06/30/2025,180419858.0,3681347.59,49.0,15659745.0,201029.0,77.9,0.92
440091,823947,06/30/2025,193666443.0,4884039.0,39.64,2209501.0,21846.0,101.14,0.92
050128,822338,06/30/2025,127035790.0,2748940.94,46.21,4182598.0,38949.5,107.39,0.92
390001,824146,06/30/2025,152686458.0,3639698.62,41.97,1597744.0,20641.84,77.4,0.92
100040,825118,06/30/2025,118263026.0,2952409.0,40.08,525158.0,7389.0,71.07,0.92
140290,824262,06/30/2025,114195062.0,2544573.86,44.88,926125.0,13616.7,68.01,0.92
390002,832040,06/30/2025,42149417.0,1247437.0,32.74,5480292.0,109786.0,49.92,0.92
510062,825686,06/30/2025,44852643.0,1153810.0,39.04,3972971.0,58212.0,68.25,0.92
440059,823945,06/30/2025,138748164.0,4105766.1,33.78,6357238.0,70806.62,89.78,0.92
450196,826395,06/30/2025,44689363.0,1183098.0,37.84,1397470.0,20541.0,68.03,0.92
390091,831735,06/30/2025,45538333.0,1373390.0,33.16,275209.0,4270.0,64.45,0.92
390147,825889,06/30/2025,51320294.0,1255239.0,38.21,938312.0,10392.75,90.29,0.92
450723,825305,06/30/2025,140263870.0,3118193.22,44.98,7231532.0,88276.0,81.92,0.92
390146,831354,06/30/2025,38998762.0,903776.64,43.15,2031309.0,26828.35,75.72,0.92
310119,827418,06/30/2025,368897928.0,7806760.0,47.25,20414939.0,175414.39,116.38,0.92
390145,823774,06/30/2025,95158448.0,2808299.0,33.88,6558325.0,78481.0,83.57,0.92
390142,826551,06/30/2025,390092485.0,8992834.0,43.38,11676608.0,131918.0,88.51,0.92
050093,824226,06/30/2025,284289758.0,5836297.06,48.71,2000111.0,20195.0,99.04,0.92
310130,823901,06/30/2025,44037348.0,882857.03,49.88,2561755.0,37266.0,68.74,0.92
050082,824006,06/30/2025,227821736.0,3726804.0,61.13,16478221.0,149396.0,110.3,0.92
390139,826550,06/30/2025,147407222.0,3221962.0,45.63,511136.0,5934.0,86.14,0.92
060124,824238,06/30/2025,20674931.0,343142.21,60.25,804920.0,7849.98,102.54,0.92
390179,824840,06/30/2025,192020736.0,4323589.0,44.41,1661753.0,17468.0,95.13,0.92
150100,824518,06/30/2025,131824779.0,3155604.0,40.31,6485757.0,102255.0,63.43,0.92
390138,824836,06/30/2025,23162070.0,523671.0,44.23,485635.0,5283.75,91.91,0.92
390137,825041,06/30/2025,66052467.0,1805453.0,36.58,5933041.0,70246.0,84.46,0.92
390183,826073,06/30/2025,45079064.0,1105052.0,40.79,116280.0,1569.0,74.11,0.92
390133,824150,06/30/2025,1002300043.0,20416486.0,45.0,20048889.0,222077.0,90.28,0.92
390127,825442,06/30/2025,70448542.0,1491555.72,47.24,1698731.0,19484.49,87.18,0.92
440050,829622,06/30/2025,51379685.0,1141850.3,39.8,3421129.0,45399.54,75.36,0.92
150088,824269,06/30/2025,51937366.0,1192991.61,43.63,800998.0,13465.82,59.48,0.92
390125,826549,06/30/2025,61145452.0,1378395.0,44.36,9676919.0,104069.0,92.99,0.92
440031,828958,06/30/2025,19718240.0,511329.0,32.48,1043518.0,22809.0,45.75,0.92
390123,825441,06/30/2025,57495715.0,1268804.57,44.43,3815945.0,37012.31,103.1,0.92
150084,830407,06/30/2025,461809752.0,8875225.0,52.26,17394389.0,246080.0,70.69,0.92
190317,819537,06/30/2025,50179666.0,1371944.0,36.43,4183981.0,89838.0,46.57,0.92
060128,824024,06/30/2025,64838180.0,1307892.0,49.53,1389359.0,14486.0,95.91,0.92
232029,826012,06/30/2025,10079857.0,228594.96,44.09,216410.0,3076.0,70.35,0.92
390178,825892,06/30/2025,51684188.0,1506341.0,33.98,1709304.0,32580.0,52.46,0.92
050084,825088,06/30/2025,320442667.0,5091797.0,62.93,10940141.0,98849.0,110.68,0.92
500005,829691,06/30/2025,651781500.0,8937305.87,72.93,12062098.0,147157.71,81.97,0.92
050717,825724,06/30/2025,163206273.0,3007496.0,54.18,11214548.0,181118.0,61.92,0.92
390168,824664,06/30/2025,109011129.0,2985043.9,36.37,4143192.0,54859.57,75.52,0.92
150157,823855,06/30/2025,47892502.0,1047504.69,45.89,397266.0,6581.0,60.37,0.92
150153,823854,06/30/2025,35340933.0,724815.78,48.97,1010693.0,13457.77,75.1,0.92
390164,832044,06/30/2025,698517297.0,19367156.0,35.54,92277708.0,1752527.0,52.65,0.92
500008,825067,06/30/2025,901582233.0,14750369.0,61.12,101443452.0,1498777.0,67.68,0.92
310086,826490,06/30/2025,279207804.0,6650353.0,41.29,5445801.0,58353.0,93.33,0.92
390163,824154,06/30/2025,53919805.0,1496288.99,36.04,2434433.0,24450.04,99.57,0.92
390150,824151,06/30/2025,9686571.0,238342.64,33.08,968256.0,9431.06,102.67,0.92
500011,825466,06/30/2025,80266748.0,1425647.0,58.34,11931397.0,120371.0,99.12,0.92
440039,823643,06/30/2025,2898415570.0,51418615.0,56.37,22265179.0,277952.0,80.1,0.92
390160,824837,06/30/2025,22758228.0,674451.0,34.03,321417.0,3204.0,100.32,0.92
040062,825963,06/30/2025,154559223.0,3744787.95,41.27,340116.0,1943.52,175.0,0.92
390173,825891,06/30/2025,72655082.0,1967747.0,36.24,4391911.0,38325.0,114.6,0.92
390156,824153,06/30/2025,78556467.0,1751654.17,44.75,422730.0,9435.86,44.8,0.92
050090,825337,06/30/2025,27452613.0,501070.0,54.76,1115437.0,10815.0,103.14,0.92
390153,823720,06/30/2025,136403822.0,2866990.0,47.46,753560.0,9792.0,76.96,0.92
150125,824520,06/30/2025,205547757.0,5253936.68,39.12,10331782.0,108941.09,94.84,0.92
500021,825467,06/30/2025,70101568.0,1283496.0,57.26,2307048.0,32401.0,71.2,0.92
390151,824152,06/30/2025,136126025.0,3383965.0,40.23,5183929.0,60061.22,86.31,0.92
390174,826699,06/30/2025,671683063.0,13946708.0,47.81,8815445.0,83368.0,105.74,0.92
390162,827642,06/30/2025,27173847.0,652332.74,41.66,217497.0,2252.0,96.58,0.92
500039,825468,06/30/2025,207815781.0,3868885.0,56.21,24806843.0,255366.0,97.14,0.92
500030,826747,06/30/2025,316698175.0,4876855.0,64.1,1041013.0,11063.0,94.1,0.92
500050,826572,06/30/2025,388701195.0,6117529.0,62.25,1445065.0,14768.0,97.85,0.92
320002,824334,06/30/2025,244835848.0,4400799.0,55.63,14095927.0,174047.0,80.99,0.92
390107,825888,06/30/2025,139521939.0,3768150.0,36.67,3978172.0,69351.0,57.36,0.92
390114,826070,06/30/2025,220621347.0,5866403.0,37.57,13283880.0,281630.85,47.17,0.92
390093,827427,06/30/2025,17573846.0,496744.28,35.38,2803300.0,33601.09,83.43,0.92
500064,824207,06/30/2025,583362196.0,9940163.05,58.69,81789666.0,1251193.07,65.37,0.92
440057,829275,06/30/2025,18068697.0,604752.0,27.04,266430.0,4449.0,59.89,0.92
390198,826231,06/30/2025,31078397.0,1005086.0,30.92,2693789.0,33722.55,79.88,0.92
320004,827262,06/30/2025,69942116.0,1973382.16,35.44,7833910.0,101604.0,77.1,0.92
500051,826098,06/30/2025,417947722.0,6100072.82,68.52,14639013.0,153278.73,95.51,0.92
010149,823224,06/30/2025,81080690.0,2066256.22,39.22,5917660.0,146506.18,40.39,0.92
390195,827296,06/30/2025,216571160.0,4578320.0,47.22,1528240.0,16295.0,93.79,0.92
390096,825277,06/30/2025,101339879.0,2422053.0,41.87,5424407.0,61353.0,88.41,0.92
060129,823685,06/30/2025,21886595.0,429894.04,50.84,142612.0,2114.68,67.44,0.92
390110,826379,06/30/2025,197665220.0,4236232.0,46.66,2947702.0,28826.0,102.26,0.92
390112,826229,06/30/2025,30268744.0,797434.94,37.96,4084995.0,23432.53,174.33,0.92
440030,828356,06/30/2025,54080264.0,1456263.0,31.37,725885.0,11652.0,62.3,0.92
390097,825887,06/30/2025,109568289.0,2751943.0,39.82,1872759.0,24545.0,76.3,0.92
050102,825089,06/30/2025,61123965.0,1416887.0,43.14,1996768.0,25713.76,77.65,0.92
390115,826548,06/30/2025,227735556.0,5089173.0,44.34,2833192.0,28516.0,99.35,0.92
390111,824835,06/30/2025,1108961053.0,23400904.0,53.0,20387910.0,274022.0,74.4,0.92
390185,825042,06/30/2025,46542015.0,1208116.0,38.56,7005762.0,119794.0,58.48,0.92
500041,827340,06/30/2025,163988497.0,2595299.0,62.29,274090.0,2851.0,96.14,0.92
050107,824228,06/30/2025,242669285.0,4425449.0,54.83,14783861.0,127787.0,115.69,0.92
390102,825652,06/30/2025,82338696.0,2333162.26,35.09,6226826.0,138757.27,44.88,0.92
390101,832043,06/30/2025,63177807.0,1619058.48,39.02,801516.0,8430.3,95.08,0.92
050735,825495,06/30/2025,57136697.0,1164470.0,49.07,1479408.0,29254.0,50.57,0.92
390100,824149,06/30/2025,534383373.0,12124093.0,44.17,8093308.0,126677.0,63.89,0.92
320001,824333,06/30/2025,583466253.0,15067478.48,38.7,146299946.0,2385188.18,61.34,0.92
150076,824514,06/30/2025,17028992.0,472733.75,36.02,516094.0,5127.0,100.66,0.92
440053,824178,06/30/2025,145372140.0,3485548.0,41.75,11022719.0,196005.0,56.24,0.92
390117,825040,06/30/2025,14788127.0,439115.0,33.68,227350.0,3158.0,71.99,0.92
310060,824119,06/30/2025,66399454.0,1524297.0,43.56,750634.0,8661.0,86.67,0.92
670320,831758,07/26/2025,5476325.0,144616.08,37.87,60000.0,1296.0,46.3,0.92
260176,825829,07/30/2025,26366579.0,596850.0,44.18,297693.0,3608.0,82.51,0.92
673034,823670,07/31/2025,15049157.0,363750.37,41.37,8263.0,205.06,40.3,0.92
110073,827777,07/31/2025,14509392.0,496258.76,29.24,994130.0,15577.18,63.82,0.92
362019,827830,07/31/2025,15981255.0,342093.06,46.72,1126220.0,16439.0,68.51,0.92
340016,827785,07/31/2025,47280096.0,1122163.0,42.13,1383621.0,17531.0,78.92,0.92
512004,827739,07/31/2025,5294451.0,124747.19,42.44,2208901.0,26652.0,82.88,0.92
113037,823264,07/31/2025,11333615.0,265153.97,42.74,524522.0,9213.45,56.93,0.92
180127,827601,07/31/2025,34575504.0,880379.0,39.27,117617.0,1904.0,61.77,0.92
033034,823238,07/31/2025,14682399.0,351587.41,41.76,2152026.0,23656.89,90.97,0.92
010164,827665,07/31/2025,34764233.0,1001659.0,34.42,2662322.0,56079.0,47.47,0.92
453059,823378,07/31/2025,11317807.0,268889.21,42.09,17089.0,243.67,70.13,0.92
110044,827751,07/31/2025,32052564.0,900856.0,35.58,1331981.0,22567.0,59.02,0.92
102022,827679,07/31/2025,11505155.0,256139.21,44.92,972067.0,14569.0,66.72,0.92
150009,827687,07/31/2025,74194393.0,1795957.0,41.33,5675642.0,67235.0,84.41,0.92
340184,827786,07/31/2025,62857035.0,1510492.0,41.61,3966107.0,49223.0,80.57,0.92
082000,827676,07/31/2025,9662236.0,205014.92,47.13,1488847.0,18882.0,78.85,0.92
453029,823376,07/31/2025,12638166.0,315999.49,39.99,57042.0,1053.73,54.13,0.92
153025,823284,07/31/2025,17312423.0,502469.45,34.45,5262641.0,68822.09,76.47,0.92
033025,823235,07/31/2025,12516326.0,278835.83,44.89,1734486.0,23051.29,75.24,0.92
492009,827841,07/31/2025,12483458.0,284371.28,43.9,3600586.0,44624.0,80.69,0.92
033028,823236,07/31/2025,16183086.0,397476.17,40.71,1110222.0,13055.73,85.04,0.92
450210,827923,07/31/2025,7960797.0,215603.52,36.92,184899.0,2062.0,89.67,0.92
252006,827865,07/31/2025,5187074.0,124118.92,41.79,63624.0,885.0,71.89,0.92
324014,827829,07/31/2025,10487368.0,286279.0,35.35,752147.0,10979.0,68.51,0.92
110007,827750,07/31/2025,179989209.0,5024382.92,35.82,24567842.0,406885.31,60.38,0.92
170200,827905,07/31/2025,18770589.0,457463.4,41.03,213487.0,3298.17,64.73,0.92
183027,823296,07/31/2025,17213428.0,382881.26,44.96,790622.0,9500.95,83.22,0.92
033029,823237,07/31/2025,11420690.0,274790.56,41.56,53010.0,702.91,75.42,0.92
143028,823271,07/31/2025,16368943.0,375011.15,43.65,487164.0,5112.9,95.28,0.92
422009,827731,07/31/2025,6644591.0,148084.3,44.87,692229.0,10020.0,69.08,0.92
513027,823391,07/31/2025,11758595.0,298341.96,39.41,498031.0,6190.01,80.46,0.92
190079,827692,07/31/2025,13990941.0,866309.93,35.71,146346.0,3561.0,41.1,0.92
102017,827852,07/31/2025,7894064.0,188524.35,41.87,339289.0,5562.0,61.0,0.92
453057,827324,08/31/2025,22286647.0,507632.0,43.9,18313.0,201.59,90.84,0.92
054147,831645,08/31/2025,25395299.0,778552.0,32.62,712930.0,8683.96,82.1,0.92
512002,829043,08/31/2025,7205008.0,161085.45,44.73,1465674.0,20580.0,71.22,0.92
140242,829088,08/31/2025,327891786.0,7452153.26,43.88,7633237.0,74792.24,102.06,0.92
012008,828973,08/31/2025,7330575.0,170143.05,43.08,1111950.0,15481.0,71.83,0.92
050283,829061,08/31/2025,258421069.0,2872093.65,89.98,7720320.0,64701.03,119.32,0.92
110010,828909,08/31/2025,498447040.0,9827782.0,50.72,12699190.0,168641.0,75.3,0.92
140211,829087,08/31/2025,115888887.0,2451831.4,45.47,1191667.0,13337.0,89.35,0.92
183026,827936,08/31/2025,44019770.0,1108880.4,39.7,2088155.0,37108.05,56.27,0.92
182004,830248,08/31/2025,6098049.0,126096.41,48.36,644937.0,8938.0,72.16,0.92
043031,827522,08/31/2025,17594552.0,435726.34,40.38,66741.0,810.36,82.36,0.92
183033,827937,08/31/2025,12321505.0,270987.59,45.47,108311.0,1323.7,81.82,0.92
010055,829055,08/31/2025,64082102.0,2071013.0,30.94,4111378.0,63281.0,64.97,0.92
450229,828460,08/31/2025,319278637.0,10634985.17,30.02,8862989.0,96620.52,91.73,0.92
100212,829305,08/31/2025,159770956.0,4028800.0,39.67,18452503.0,439843.0,41.95,0.92
453053,827323,08/31/2025,10770119.0,272386.15,39.54,69194.0,1093.36,63.29,0.92
180138,829451,08/31/2025,40653326.0,946588.85,42.95,842632.0,13017.2,64.73,0.92
713025,828969,08/31/2025,8884209.0,175333.3,50.67,26312.0,364.0,72.29,0.92
032002,829056,08/31/2025,13978435.0,310486.67,45.02,1513454.0,20487.0,73.87,0.92
252003,829003,08/31/2025,8652220.0,205303.18,42.14,487399.0,6843.0,71.23,0.92
512005,829224,08/31/2025,12314323.0,295572.81,41.66,268950.0,3920.0,68.61,0.92
330141,829117,08/31/2025,167805905.0,3245870.0,51.7,16877312.0,156356.0,107.94,0.92
180130,829177,08/31/2025,246240772.0,5892040.44,41.79,19318715.0,214699.48,89.98,0.92
060014,829370,08/31/2025,122055224.0,2657583.0,45.9,1787431.0,43809.0,40.8,0.92
110071,828910,08/31/2025,15000266.0,542781.0,27.64,456056.0,11272.0,40.46,0.92
180104,829176,08/31/2025,99470768.0,2509966.16,39.63,9038753.0,101171.2,89.34,0.92
030101,830310,08/31/2025,33484242.0,833800.0,40.16,3484656.0,41524.0,83.92,0.92
330214,829119,08/31/2025,3148259344.0,48172464.0,65.35,1562974.0,17424.0,89.7,0.92
450403,829137,08/31/2025,93763403.0,2280499.0,41.72,1037191.0,28041.0,36.99,0.92
313035,827261,08/31/2025,15076902.0,325036.25,46.39,297808.0,4014.91,74.18,0.92
040041,830004,08/31/2025,51367914.0,1266600.0,40.56,1435471.0,17240.0,83.26,0.92
050492,828801,08/31/2025,252882656.0,5013012.0,50.45,6262476.0,55766.0,112.3,0.92
450033,829215,08/31/2025,127633550.0,3217056.0,39.67,557147.0,10200.0,54.62,0.92
050060,828608,08/31/2025,544147936.0,10273693.0,52.97,10523822.0,91612.0,114.87,0.92
112004,829081,08/31/2025,19593691.0,419620.17,46.69,2203967.0,35450.0,62.17,0.92
140116,829307,08/31/2025,221927968.0,4873933.59,45.43,10442095.0,110939.49,94.12,0.92
450346,829407,08/31/2025,134187828.0,3522237.0,38.18,11072971.0,157413.0,70.34,0.92
312023,828947,08/31/2025,8656236.0,171737.58,50.4,147987.0,1953.0,75.77,0.92
040078,829299,08/31/2025,52884460.0,1657075.0,31.91,535197.0,11982.0,44.67,0.92
363038,829203,08/31/2025,50290957.0,1335043.0,37.67,342231.0,6805.0,50.29,0.92
312022,829007,08/31/2025,12247958.0,249638.55,49.06,1010089.0,12223.0,82.64,0.92
110230,828915,08/31/2025,113520137.0,2254006.6,50.36,1537177.0,22206.98,69.22,0.92
362029,829014,08/31/2025,21983872.0,485306.61,45.3,2859976.0,40148.0,71.24,0.92
320063,829713,08/31/2025,21006752.0,497690.0,42.21,7736886.0,96862.0,79.88,0.92
450831,831936,08/31/2025,3146885.0,95466.52,31.93,148104.0,2811.0,52.69,0.92
150044,829309,08/31/2025,140029320.0,3274103.43,42.77,3640819.0,42494.85,85.68,0.92
140062,829083,08/31/2025,196727262.0,4269700.02,46.08,5026026.0,51004.31,98.54,0.92
450044,829624,08/31/2025,851652723.0,18865794.69,45.14,39194863.0,529265.88,74.06,0.92
100167,829247,08/31/2025,106906091.0,2592235.0,41.38,2983422.0,46815.0,63.73,0.92
192035,829452,08/31/2025,2457240.0,71516.0,34.36,148207.0,2457.0,60.32,0.92
450690,828961,08/31/2025,253192391.0,3375971.01,72.41,724731.0,11734.65,61.76,0.92
520116,829225,08/31/2025,42618053.0,1016543.0,41.92,585594.0,7282.0,80.42,0.92
362022,829123,08/31/2025,27441720.0,655138.3,41.89,1971570.0,26722.0,73.78,0.92
110226,828989,08/31/2025,60712660.0,1276069.5,47.72,1074678.0,15105.41,71.15,0.92
450054,829492,08/31/2025,958813776.0,13947601.58,68.96,2787380.0,28701.0,97.12,0.92
362026,829124,08/31/2025,17253671.0,415538.9,41.52,1323595.0,18410.0,71.9,0.92
670265,829356,08/31/2025,13620894.0,346383.0,39.32,553807.0,7996.0,69.26,0.92
143032,827216,08/31/2025,9024237.0,216554.65,41.67,86264.0,1001.55,86.13,0.92
102029,828985,08/31/2025,13157731.0,309971.04,42.45,22559.0,354.0,63.73,0.92
450018,829284,08/31/2025,1656944662.0,28831172.83,57.47,22674659.0,334804.81,67.73,0.92
140286,829089,08/31/2025,87200306.0,1930231.36,45.06,1702939.0,18962.25,89.81,0.92
440035,829134,08/31/2025,65530551.0,1745172.0,37.55,4158225.0,59341.0,70.07,0.92
460013,829354,08/31/2025,22362421.0,530502.0,42.08,1004999.0,8561.0,117.39,0.92
140281,820096,08/31/2025,679003515.0,14748658.0,46.94,86482809.0,1870120.0,46.24,0.92
180080,829450,08/31/2025,81068001.0,2221752.77,36.49,363658.0,3715.29,97.88,0.92
450101,829286,08/31/2025,224656652.0,4132301.92,54.39,452918.0,4880.0,92.81,0.92
180093,829174,08/31/2025,87853859.0,2241160.59,39.2,5558329.0,57399.17,96.84,0.92
050441,829564,08/31/2025,2697172370.0,32932315.59,81.9,70460271.0,662999.15,106.28,0.92
180103,829175,08/31/2025,203611932.0,5155931.93,39.49,26764986.0,275386.91,97.19,0.92
440173,828874,08/31/2025,144930335.0,3559764.0,32.36,22596145.0,253858.0,89.01,0.92
180049,829527,08/31/2025,43835008.0,1122183.74,39.06,4097164.0,42883.22,95.54,0.92
450587,828515,08/31/2025,48939708.0,1098639.34,44.55,5181717.0,56972.08,90.95,0.92
392045,829020,08/31/2025,6241678.0,130072.1,47.99,413838.0,5774.0,71.67,0.92
110086,829080,08/31/2025,14500504.0,523318.51,27.71,1857372.0,8826.11,210.44,0.92
180012,829173,08/31/2025,132021485.0,3436752.0,38.41,13530832.0,141351.09,95.72,0.92
110082,828913,08/31/2025,219283578.0,4252326.25,51.57,11194117.0,144208.86,77.62,0.92
440194,828513,08/31/2025,47358946.0,1201340.95,39.42,82048.0,2522.0,32.53,0.92
030069,829234,08/31/2025,62098520.0,1358766.0,45.7,12626769.0,141558.0,89.2,0.92
110078,828912,08/31/2025,505877701.0,9847844.29,51.37,14270299.0,186046.93,76.7,0.92
110076,828911,08/31/2025,219256277.0,4457570.35,49.02,6331874.0,81821.48,77.39,0.92
263027,827248,08/31/2025,13344561.0,300343.44,44.43,588886.0,11460.86,51.38,0.92
450788,829218,08/31/2025,122732644.0,3156667.0,39.01,21900.0,219.0,100.0,0.92
490112,828966,08/31/2025,216267003.0,5369214.0,40.28,77983.0,1266.0,61.6,0.92
372007,829128,08/31/2025,8694962.0,186128.34,46.71,453459.0,6828.0,66.41,0.92
670322,829148,08/31/2025,5299940.0,103238.0,51.34,409658.0,5764.0,71.07,0.92
