ccn,lat,lon,health_system,health_system_id,system_confidence
010001,31.140459,-85.409097,Independent / Unknown,independent,0.0
010005,34.196159,-86.196898,Independent / Unknown,independent,0.0
010006,34.825167,-87.659843,Independent / Unknown,independent,0.0
010007,31.277952,-86.255483,Independent / Unknown,independent,0.0
010011,33.615287,-86.645447,Independent / Unknown,independent,0.0
010012,34.476011,-85.790143,Independent / Unknown,independent,0.0
010016,33.221352,-86.787652,Independent / Unknown,independent,0.0
010018,33.509151,-86.801398,Independent / Unknown,independent,0.0
010019,34.758412,-87.696542,Independent / Unknown,independent,0.0
010021,31.467469,-85.61703,Independent / Unknown,independent,0.0
010022,34.128624,-85.566051,Independent / Unknown,independent,0.0
010023,32.271565,-86.21925,Independent / Unknown,independent,0.0
010024,32.353431,-86.256963,Independent / Unknown,independent,0.0
010029,32.702498,-85.385475,Independent / Unknown,independent,0.0
010033,33.509151,-86.801398,Independent / Unknown,independent,0.0
010034,32.546979,-85.942735,Independent / Unknown,independent,0.0
010035,34.236831,-86.730183,Independent / Unknown,independent,0.0
010036,31.177149,-86.551502,Independent / Unknown,independent,0.0
010039,34.724611,-86.565541,Independent / Unknown,independent,0.0
010040,34.025715,-85.845076,Independent / Unknown,independent,0.0
010044,34.163756,-87.993159,Independent / Unknown,independent,0.0
010045,33.670942,-87.822623,Independent / Unknown,independent,0.0
010046,34.047586,-85.933265,Independent / Unknown,independent,0.0
010049,31.307863,-85.858011,Independent / Unknown,independent,0.0
010051,32.931849,-87.938502,Independent / Unknown,independent,0.0
010052,32.804816,-85.768148,Independent / Unknown,independent,0.0
010055,31.29725479411765,-85.54023897058823,Independent / Unknown,independent,0.0
010056,33.495139,-86.808245,Independent / Unknown,independent,0.0
010058,32.930993,-87.127915,Independent / Unknown,independent,0.0
010061,34.78388,-86.102201,Independent / Unknown,independent,0.0
010062,31.056273,-85.894124,Independent / Unknown,independent,0.0
010065,32.916719,-85.940589,Independent / Unknown,independent,0.0
010073,33.226513,-85.856735,Independent / Unknown,independent,0.0
010078,33.684121,-85.705195,Independent / Unknown,independent,0.0
010079,34.773833,-87.084145,Independent / Unknown,independent,0.0
010083,30.381175,-87.72965,Independent / Unknown,independent,0.0
010085,34.605711,-87.008324,Independent / Unknown,independent,0.0
010086,33.920072,-87.77866,Independent / Unknown,independent,0.0
010087,30.715328,-88.094821,Independent / Unknown,independent,0.0
010089,33.97178092682927,-87.65961580487806,Independent / Unknown,independent,0.0
010090,30.681503,-88.300213,Providence,providence,0.85
010091,31.685521,-87.818624,Independent / Unknown,independent,0.0
010092,33.179127,-87.615273,Independent / Unknown,independent,0.0
010095,32.684719,-87.598773,Independent / Unknown,independent,0.0
010097,32.614454,-86.197243,Independent / Unknown,independent,0.0
010099,31.145173,-87.075489,Independent / Unknown,independent,0.0
010100,30.480713,-87.861307,Independent / Unknown,independent,0.0
010101,33.363351,-86.110732,Independent / Unknown,independent,0.0
010103,33.456481,-86.868488,Independent / Unknown,independent,0.0
010104,33.441015,-86.741519,Independent / Unknown,independent,0.0
010108,32.516518,-86.561483,Independent / Unknown,independent,0.0
010110,32.156702,-85.701532,Independent / Unknown,independent,0.0
010112,32.417456,-87.892213,Independent / Unknown,independent,0.0
010113,30.69907,-88.105512,Independent / Unknown,independent,0.0
010114,33.331782,-86.959067,Independent / Unknown,independent,0.0
010118,32.496332,-87.057391,Independent / Unknown,independent,0.0
010120,31.525162,-87.308122,Independent / Unknown,independent,0.0
010125,34.23696,-87.563402,Independent / Unknown,independent,0.0
010126,31.911215,-85.898114,Independent / Unknown,independent,0.0
010128,31.488511,-87.871704,Independent / Unknown,independent,0.0
010129,30.858609,-87.742025,Independent / Unknown,independent,0.0
010130,33.633384,-86.288692,Independent / Unknown,independent,0.0
010131,34.724611,-86.565541,Independent / Unknown,independent,0.0
010138,32.432254,-88.183591,Independent / Unknown,independent,0.0
010139,33.419246,-86.789433,Baptist Health,baptist_health,0.85
010144,30.681503,-88.300213,Independent / Unknown,independent,0.0
010148,31.46897,-86.950426,Independent / Unknown,independent,0.0
010149,32.377903,-86.148907,Independent / Unknown,independent,0.0
01014F,33.509151,-86.801398,VA,va,0.85
010150,31.76841,-86.617768,Independent / Unknown,independent,0.0
010157,34.768526,-87.562802,Independent / Unknown,independent,0.0
010158,34.533442,-87.863699,Independent / Unknown,independent,0.0
010164,33.190239,-86.244559,Independent / Unknown,independent,0.0
010168,32.498054,-85.02359,Independent / Unknown,independent,0.0
010169,31.147733,-87.494821,Independent / Unknown,independent,0.0
010173,32.811605,-86.673249,Independent / Unknown,independent,0.0
01019F,32.385846,-86.237918,Independent / Unknown,independent,0.0
01021F,33.215157,-87.483406,VA,va,0.85
010779,32.156702,-85.701532,Independent / Unknown,independent,0.0
010780,32.751613,-85.189484,Independent / Unknown,independent,0.0
010781,31.960453,-87.299484,Independent / Unknown,independent,0.0
011300,31.470773,-88.266741,Independent / Unknown,independent,0.0
011302,34.485744,-88.095035,Independent / Unknown,independent,0.0
011304,32.100714,-88.260849,Ochsner,ochsner,0.85
011305,33.941104,-86.45057,Independent / Unknown,independent,0.0
011306,33.311046,-85.52685,Independent / Unknown,independent,0.0
011307,31.977787,-85.183909,Independent / Unknown,independent,0.0
011308,31.768143,-86.277257,Independent / Unknown,independent,0.0
011309,31.056273,-85.894124,Independent / Unknown,independent,0.0
013300,33.509151,-86.801398,Independent / Unknown,independent,0.0
013301,30.682299,-88.068365,Independent / Unknown,independent,0.0
014000,33.54767,-86.75272,Independent / Unknown,independent,0.0
014006,34.291453128205134,-85.937378,Independent / Unknown,independent,0.0
014007,33.215157,-87.483406,Independent / Unknown,independent,0.0
014012,33.179127,-87.615273,Independent / Unknown,independent,0.0
014014,30.62577,-88.149686,Independent / Unknown,independent,0.0
014015,31.768143,-86.277257,Independent / Unknown,independent,0.0
014016,34.151162,-86.758748,Independent / Unknown,independent,0.0
014017,30.611145,-87.864746,Independent / Unknown,independent,0.0
014018,34.766424,-86.683594,Independent / Unknown,independent,0.0
020001,61.2014,-149.817502,Providence,providence,0.85
020006,61.62442,-148.982077,Independent / Unknown,independent,0.0
020008,58.37291,-134.178445,Independent / Unknown,independent,0.0
020012,67.375751,-149.728035,Independent / Unknown,independent,0.0
020017,61.2014,-149.817502,Independent / Unknown,independent,0.0
020018,60.776392,-161.883432,Independent / Unknown,independent,0.0
020024,60.360075,-151.017857,Independent / Unknown,independent,0.0
020026,61.2014,-149.817502,Independent / Unknown,independent,0.0
02013F,61.271958,-149.807145,Independent / Unknown,independent,0.0
02014F,64.834706,-147.622949,Independent / Unknown,independent,0.0
021301,61.04595,-146.183262,Providence,providence,0.85
021302,60.133829,-149.500604,Providence,providence,0.85
021304,56.84041,-133.187085,Independent / Unknown,independent,0.0
021305,56.221499,-131.923588,Independent / Unknown,independent,0.0
021306,57.682776,-153.37896,Providence,providence,0.85
021307,61.117385,-147.606969,Independent / Unknown,independent,0.0
021308,64.739808,-164.654295,Independent / Unknown,independent,0.0
021309,59.361044,-158.822923,Independent / Unknown,independent,0.0
021310,67.28686,-161.184862,Independent / Unknown,independent,0.0
021311,55.662896,-131.366292,Independent / Unknown,independent,0.0
021312,71.264377,-156.753678,Independent / Unknown,independent,0.0
021313,59.538519,-151.186927,Independent / Unknown,independent,0.0
021314,56.960283,-135.037328,Independent / Unknown,independent,0.0
024001,61.2014,-149.817502,Independent / Unknown,independent,0.0
024002,61.2014,-149.817502,Independent / Unknown,independent,0.0
030002,33.465234,-112.048771,Banner Health,banner_health,0.85
030006,32.252876,-110.886584,Independent / Unknown,independent,0.0
030007,34.698565,-112.013827,Independent / Unknown,independent,0.0
030010,32.248976,-111.061335,Independent / Unknown,independent,0.0
030011,32.215025,-110.883461,Independent / Unknown,independent,0.0
030012,34.598081,-112.420156,Independent / Unknown,independent,0.0
030013,32.704556,-114.656304,Independent / Unknown,independent,0.0
030014,33.566061,-112.055642,Independent / Unknown,independent,0.0
030016,32.916724,-111.747972,Banner Health,banner_health,0.85
030022,33.463884,-111.987763,Independent / Unknown,independent,0.0
030023,35.357736,-111.771155,Independent / Unknown,independent,0.0
030024,33.511112,-112.084731,Independent / Unknown,independent,0.0
030030,33.508637,-112.102056,Independent / Unknown,independent,0.0
030036,33.323511,-111.876159,Independent / Unknown,independent,0.0
030037,33.465234,-112.048771,Independent / Unknown,independent,0.0
030038,33.494489,-111.920714,Independent / Unknown,independent,0.0
030043,31.553108,-110.171088,Independent / Unknown,independent,0.0
030055,35.113668,-113.738093,Independent / Unknown,independent,0.0
030061,33.605791,-112.28406,Banner Health,banner_health,0.85
030062,34.314806,-110.024014,Independent / Unknown,independent,0.0
030064,32.246222,-110.948769,Banner Health,banner_health,0.85
030065,33.379757,-111.875018,Banner Health,banner_health,0.85
030069,34.476908,-114.344135,Independent / Unknown,independent,0.0
030071,35.860391,-109.139361,Independent / Unknown,independent,0.0
030073,36.141855,-111.123974,Independent / Unknown,independent,0.0
030074,32.01236,-112.021352,Independent / Unknown,independent,0.0
030078,33.510166,-112.031684,Independent / Unknown,independent,0.0
030083,33.62592,-112.002503,Independent / Unknown,independent,0.0
030084,36.216887,-109.682415,Independent / Unknown,independent,0.0
030085,32.335292,-111.041758,Independent / Unknown,independent,0.0
030087,33.608066,-111.889177,Independent / Unknown,independent,0.0
030088,33.397432,-111.7165,Banner Health,banner_health,0.85
030089,33.623562,-112.175283,Banner Health,banner_health,0.85
030092,33.677473,-112.10228,Independent / Unknown,independent,0.0
030093,33.671383,-112.357187,Banner Health,banner_health,0.85
030094,33.660382,-112.184964,Independent / Unknown,independent,0.0
030101,35.089613,-114.560868,Independent / Unknown,independent,0.0
030103,33.681025,-111.944882,Mayo Clinic,mayo_clinic,0.85
030105,33.397432,-111.7165,Banner Health,banner_health,0.85
030107,33.397432,-111.7165,Independent / Unknown,independent,0.0
030108,33.508637,-112.102056,Independent / Unknown,independent,0.0
030110,33.485001,-112.405856,Independent / Unknown,independent,0.0
030111,32.19457,-111.014995,Banner Health,banner_health,0.85
030112,33.463884,-111.987763,Independent / Unknown,independent,0.0
030113,33.891524,-110.063212,Independent / Unknown,independent,0.0
030114,32.468351,-110.981507,Independent / Unknown,independent,0.0
030115,33.486707,-112.268258,Banner Health,banner_health,0.85
030117,35.013382,-114.549707,Independent / Unknown,independent,0.0
030119,33.280561,-111.7333,Independent / Unknown,independent,0.0
030121,33.378291,-111.634444,Independent / Unknown,independent,0.0
030122,33.365502,-111.73966,Banner Health,banner_health,0.85
030123,33.668188,-111.822512,Independent / Unknown,independent,0.0
03012F,33.507577,-112.070981,VA,va,0.85
030130,33.248065,-111.489238,Banner Health,banner_health,0.85
030134,33.386881,-111.561667,Banner Health,banner_health,0.85
030136,33.240894,-112.142689,CommonSpirit,commonspirit,0.85
030138,33.372975,-112.410829,City of Hope,city_of_hope,0.85
030139,33.320607,-111.630757,CommonSpirit,commonspirit,0.85
03013F,32.181859,-110.96499,Independent / Unknown,independent,0.0
030146,33.752614,-112.090157,Independent / Unknown,independent,0.0
030147,33.272273,-111.833863,Banner Health,banner_health,0.85
030148,31.959623,-111.109271,Independent / Unknown,independent,0.0
030152,32.923874,-112.206708,Independent / Unknown,independent,0.0
030153,33.305282,-111.736462,Independent / Unknown,independent,0.0
030154,33.017596,-114.110521,Independent / Unknown,independent,0.0
030155,35.089613,-114.560868,Independent / Unknown,independent,0.0
030195,36.677302,-110.256301,Independent / Unknown,independent,0.0
03033F,34.554222,-112.452883,Independent / Unknown,independent,0.0
031300,33.903622,-112.875667,Independent / Unknown,independent,0.0
031301,32.167495,-110.411875,Independent / Unknown,independent,0.0
031302,32.460684,-110.000342,Independent / Unknown,independent,0.0
031304,36.659592,-111.385712,Independent / Unknown,independent,0.0
031305,35.861758,-110.384151,Independent / Unknown,independent,0.0
031307,33.911407,-114.257178,Independent / Unknown,independent,0.0
031308,33.097774,-111.724833,Independent / Unknown,independent,0.0
031309,35.623754,-109.706962,Independent / Unknown,independent,0.0
031311,35.180686,-110.620994,Independent / Unknown,independent,0.0
031312,31.432669,-109.919056,Independent / Unknown,independent,0.0
031313,31.387974,-110.899729,Independent / Unknown,independent,0.0
031314,33.559004,-110.769126,Independent / Unknown,independent,0.0
031315,34.163398,-109.414295,Independent / Unknown,independent,0.0
031317,33.911407,-114.257178,Independent / Unknown,independent,0.0
031318,34.223305,-111.347339,Banner Health,banner_health,0.85
031319,32.699939,-109.588569,Independent / Unknown,independent,0.0
031320,33.324677,-110.310846,Independent / Unknown,independent,0.0
033302,33.510166,-112.031684,Independent / Unknown,independent,0.0
034004,33.494489,-111.920714,Banner Health,banner_health,0.85
034013,33.465234,-112.048771,Independent / Unknown,independent,0.0
034020,33.446529,-112.090319,Independent / Unknown,independent,0.0
034021,33.463884,-111.987763,Independent / Unknown,independent,0.0
034022,32.33942,-110.984997,Independent / Unknown,independent,0.0
034023,35.380939,-111.373463,Independent / Unknown,independent,0.0
034024,33.56809,-112.178089,Independent / Unknown,independent,0.0
034025,34.598081,-112.420156,Independent / Unknown,independent,0.0
034026,33.519784,-111.993594,Independent / Unknown,independent,0.0
034027,34.171165,-109.965072,Independent / Unknown,independent,0.0
034028,33.364638,-111.931604,Independent / Unknown,independent,0.0
034029,33.317828,-111.830541,Independent / Unknown,independent,0.0
034030,32.252876,-110.886584,Independent / Unknown,independent,0.0
034031,33.677473,-112.10228,Independent / Unknown,independent,0.0
034032,33.47657,-112.309428,Independent / Unknown,independent,0.0
034033,32.252876,-110.886584,Independent / Unknown,independent,0.0
034034,33.644551,-112.319905,Independent / Unknown,independent,0.0
034035,33.644893,-112.395034,Independent / Unknown,independent,0.0
034038,33.465234,-112.048771,Independent / Unknown,independent,0.0
034040,33.557918,-111.892948,Independent / Unknown,independent,0.0
034041,33.320607,-111.630757,Independent / Unknown,independent,0.0
040001,36.165256,-94.456061,Independent / Unknown,independent,0.0
040002,35.517899,-93.510271,Independent / Unknown,independent,0.0
040004,36.118051,-94.043538,Independent / Unknown,independent,0.0
040007,34.749493,-92.35144,CommonSpirit,commonspirit,0.85
040010,36.299426,-94.140989,Independent / Unknown,independent,0.0
040011,35.01485,-93.50123,Independent / Unknown,independent,0.0
040014,35.226714,-91.736844,Independent / Unknown,independent,0.0
040016,34.749493,-92.35144,Independent / Unknown,independent,0.0
040017,36.238037,-93.085962,Independent / Unknown,independent,0.0
040018,35.468947,-94.348179,Baptist Health,baptist_health,0.85
040019,34.99439,-90.746054,Independent / Unknown,independent,0.0
040020,35.830646,-90.578121,Independent / Unknown,independent,0.0
040022,36.175681,-94.060222,Independent / Unknown,independent,0.0
040026,34.37061351351351,-93.55612554054055,CommonSpirit,commonspirit,0.85
040027,36.342381,-92.38543,Independent / Unknown,independent,0.0
040029,35.053787,-92.47871,Independent / Unknown,independent,0.0
040036,34.780634,-92.140428,Baptist Health,baptist_health,0.85
040039,36.079547,-90.51644,Independent / Unknown,independent,0.0
040041,35.28058,-93.141594,Independent / Unknown,independent,0.0
040050,33.579188,-92.817453,Independent / Unknown,independent,0.0
040051,33.628015,-91.73055,Baptist Health,baptist_health,0.85
040055,35.365188,-94.414866,Baptist Health,baptist_health,0.85
040062,35.354958,-94.360725,Independent / Unknown,independent,0.0
040067,33.225678,-93.184674,Independent / Unknown,independent,0.0
040069,35.899435,-89.899259,Independent / Unknown,independent,0.0
040071,34.121075,-92.088127,Independent / Unknown,independent,0.0
040072,34.442806,-91.529738,Baptist Health,baptist_health,0.85
040076,34.346385,-92.815479,Baptist Health,baptist_health,0.85
040078,34.52645,-92.97407,Independent / Unknown,independent,0.0
040084,34.485985,-92.585077,Independent / Unknown,independent,0.0
040088,33.201125,-92.633528,Independent / Unknown,independent,0.0
04009F,36.118051,-94.043538,VA,va,0.85
04010F,34.749493,-92.35144,Independent / Unknown,independent,0.0
040114,34.749493,-92.35144,Baptist Health,baptist_health,0.85
040118,35.90269,-90.650204,Independent / Unknown,independent,0.0
040119,36.01170496363636,-91.79647132727273,Independent / Unknown,independent,0.0
040132,34.52645,-92.97407,Independent / Unknown,independent,0.0
040134,34.746283,-92.417157,Independent / Unknown,independent,0.0
040137,34.902228,-92.240817,Independent / Unknown,independent,0.0
040147,34.840468,-92.326035,Independent / Unknown,independent,0.0
040153,33.623006,-93.611656,Independent / Unknown,independent,0.0
040154,35.065558,-92.362771,Baptist Health,baptist_health,0.85
040156,35.13432,-90.179292,Independent / Unknown,independent,0.0
040161,34.633802,-92.699001,Independent / Unknown,independent,0.0
040164,34.912086,-92.137672,Independent / Unknown,independent,0.0
040779,36.321334,-91.048884,Independent / Unknown,independent,0.0
040780,36.373296,-93.743854,Independent / Unknown,independent,0.0
040781,34.447871,-90.674778,Independent / Unknown,independent,0.0
040782,35.672875,-90.05801,Independent / Unknown,independent,0.0
040783,34.274591,-91.323299,Independent / Unknown,independent,0.0
041300,35.245001,-93.667573,Independent / Unknown,independent,0.0
041302,35.170653,-93.201502,Independent / Unknown,independent,0.0
041303,35.562791,-93.807178,Independent / Unknown,independent,0.0
041305,34.9057,-94.150994,Independent / Unknown,independent,0.0
041306,36.134099,-92.180331,Independent / Unknown,independent,0.0
041307,35.229655,-90.831944,Independent / Unknown,independent,0.0
041308,33.621105,-91.37108,Independent / Unknown,independent,0.0
041309,36.04611,-90.916792,Independent / Unknown,independent,0.0
041310,35.840811,-92.079416,Independent / Unknown,independent,0.0
041311,33.985571,-93.85297,Independent / Unknown,independent,0.0
041312,35.459891,-91.99849,Baptist Health,baptist_health,0.85
041313,35.603748,-92.520925,Independent / Unknown,independent,0.0
041317,33.827537,-92.45334,Independent / Unknown,independent,0.0
041318,35.080085,-93.939782,Independent / Unknown,independent,0.0
041320,33.670153,-94.147931,Independent / Unknown,independent,0.0
041321,34.088935,-93.055583,Baptist Health,baptist_health,0.85
041322,36.348507,-91.856063,Independent / Unknown,independent,0.0
041323,33.13246,-92.004317,Independent / Unknown,independent,0.0
041324,35.154561,-92.772448,CommonSpirit,commonspirit,0.85
041326,33.886641,-91.536646,Independent / Unknown,independent,0.0
041327,33.602006,-92.096018,Independent / Unknown,independent,0.0
041328,33.371542,-91.284111,Independent / Unknown,independent,0.0
041329,36.348327,-93.550846,Independent / Unknown,independent,0.0
041330,36.406778,-90.202659,Independent / Unknown,independent,0.0
041331,36.413792,-94.465005,Independent / Unknown,independent,0.0
041332,35.580917,-91.229715,Independent / Unknown,independent,0.0
041333,34.041462,-94.357126,Independent / Unknown,independent,0.0
041334,34.616046,-94.210584,Independent / Unknown,independent,0.0
041335,33.623006,-93.611656,Independent / Unknown,independent,0.0
043300,34.73813,-92.247251,Independent / Unknown,independent,0.0
043301,36.18126,-94.225296,Independent / Unknown,independent,0.0
044004,36.118051,-94.043538,Independent / Unknown,independent,0.0
044005,34.859573,-92.397599,Independent / Unknown,independent,0.0
044006,35.308712,-94.289369,Independent / Unknown,independent,0.0
044007,34.633802,-92.699001,Independent / Unknown,independent,0.0
044011,34.749493,-92.35144,Independent / Unknown,independent,0.0
044017,34.859573,-92.397599,Independent / Unknown,independent,0.0
044019,36.105647,-94.2965,Independent / Unknown,independent,0.0
044020,33.444906,-93.894766,Independent / Unknown,independent,0.0
044021,35.13432,-90.179292,Independent / Unknown,independent,0.0
044022,35.053787,-92.47871,Independent / Unknown,independent,0.0
050002,37.629761,-122.124238,Independent / Unknown,independent,0.0
050006,40.80201,-124.144824,Providence,providence,0.85
050007,37.571918,-122.375028,Independent / Unknown,independent,0.0
050008,37.770051,-122.44428,Independent / Unknown,independent,0.0
050009,38.389135,-122.188412,Providence,providence,0.85
050013,38.542448,-122.419923,Adventist Health,adventist_health,0.85
050014,38.343506,-120.763948,Sutter Health,sutter_health,0.85
050017,38.566862,-121.437563,Independent / Unknown,independent,0.0
050022,33.996523,-117.374179,Independent / Unknown,independent,0.0
050024,32.669067,-117.093487,Independent / Unknown,independent,0.0
050025,32.747816,-117.167332,Independent / Unknown,independent,0.0
050026,32.777267,-117.021344,Independent / Unknown,independent,0.0
050028,40.843356,-124.045334,Independent / Unknown,independent,0.0
050030,39.475369,-121.414133,Independent / Unknown,independent,0.0
050036,35.384336,-119.020562,Independent / Unknown,independent,0.0
050038,37.315884,-121.936431,Independent / Unknown,independent,0.0
050039,39.74577,-121.843938,Independent / Unknown,independent,0.0
050040,34.326584,-118.382261,UCLA Health,ucla_health,0.85
050042,40.16538,-122.441718,Independent / Unknown,independent,0.0
050043,37.834816,-122.264195,Independent / Unknown,independent,0.0
050045,32.770197,-115.59859,Independent / Unknown,independent,0.0
050047,37.794485,-122.42227,Independent / Unknown,independent,0.0
050054,33.939919,-116.839331,Independent / Unknown,independent,0.0
050055,37.750021,-122.415201,Independent / Unknown,independent,0.0
050056,34.71766,-118.15232,Independent / Unknown,independent,0.0
050057,36.391777,-119.372842,Independent / Unknown,independent,0.0
050058,34.135557,-118.26094,Independent / Unknown,independent,0.0
050060,36.732808,-119.783829,Independent / Unknown,independent,0.0
050063,34.127603,-118.296381,Independent / Unknown,independent,0.0
050067,37.79219,-120.785662,Independent / Unknown,independent,0.0
050069,33.787967,-117.876343,Providence,providence,0.85
050070,37.655175,-122.418384,Kaiser Permanente,kaiser_permanente,0.85
050071,37.348311,-121.984435,Kaiser Permanente,kaiser_permanente,0.85
050072,37.889009,-122.036778,Kaiser Permanente,kaiser_permanente,0.85
050073,38.141467,-122.24687,Kaiser Permanente,kaiser_permanente,0.85
050075,37.831917,-122.215793,Kaiser Permanente,kaiser_permanente,0.85
050076,37.786029,-122.437366,Kaiser Permanente,kaiser_permanente,0.85
050077,32.747816,-117.167332,Independent / Unknown,independent,0.0
050078,33.737321,-118.313433,Providence,providence,0.85
050082,34.205097,-119.17532,Independent / Unknown,independent,0.0
050084,37.973736,-121.319246,Independent / Unknown,independent,0.0
050089,34.122809,-117.325808,Independent / Unknown,independent,0.0
050090,38.255842,-122.460908,Independent / Unknown,independent,0.0
050091,33.979248,-118.217438,Independent / Unknown,independent,0.0
050093,36.862209,-119.760793,Independent / Unknown,independent,0.0
050099,34.10525,-117.66207,Independent / Unknown,independent,0.0
050100,32.809615,-117.134201,Independent / Unknown,independent,0.0
050101,38.141467,-122.24687,Sutter Health,sutter_health,0.85
050102,33.882884,-117.451725,Independent / Unknown,independent,0.0
050103,34.05038,-118.211991,Adventist Health,adventist_health,0.85
050104,33.923831,-118.201352,Independent / Unknown,independent,0.0
050107,34.923013,-120.259463,Independent / Unknown,independent,0.0
050108,38.575407,-121.464803,Sutter Health,sutter_health,0.85
050110,34.599926,-120.376532,Independent / Unknown,independent,0.0
050112,34.026649,-118.473835,UCLA Health,ucla_health,0.85
050113,37.538449,-122.305447,Independent / Unknown,independent,0.0
050115,33.077814,-117.033131,Independent / Unknown,independent,0.0
050116,34.237519,-118.517712,Independent / Unknown,independent,0.0
050118,37.830267,-121.20102,Independent / Unknown,independent,0.0
050121,36.29223,-119.622676,Adventist Health,adventist_health,0.85
050122,37.954302,-121.32932,Independent / Unknown,independent,0.0
050124,34.185665,-118.239497,Independent / Unknown,independent,0.0
050125,37.350471,-121.852554,Independent / Unknown,independent,0.0
050126,34.202494,-118.448048,Independent / Unknown,independent,0.0
050127,38.694038,-121.852932,Independent / Unknown,independent,0.0
050128,33.199582,-117.298764,Independent / Unknown,independent,0.0
050129,34.178633,-117.238926,Independent / Unknown,independent,0.0
050131,38.122687,-122.553142,Independent / Unknown,independent,0.0
050132,34.088952,-118.094468,Independent / Unknown,independent,0.0
050133,39.223939,-121.49405,Adventist Health,adventist_health,0.85
050135,34.099811,-118.326837,Independent / Unknown,independent,0.0
050136,38.23501,-122.557369,Independent / Unknown,independent,0.0
050137,34.222506,-118.444689,Kaiser Permanente,kaiser_permanente,0.85
050138,34.127603,-118.296381,Kaiser Permanente,kaiser_permanente,0.85
050139,33.921793,-118.140588,Kaiser Permanente,kaiser_permanente,0.85
050140,34.087333,-117.465158,Kaiser Permanente,kaiser_permanente,0.85
050145,36.562305,-121.805507,Independent / Unknown,independent,0.0
050149,34.039309,-118.266255,Independent / Unknown,independent,0.0
050150,39.193267,-120.980122,Independent / Unknown,independent,0.0
050152,37.794485,-122.42227,UCSF Health,ucsf_health,0.85
050158,34.149588,-118.489708,Independent / Unknown,independent,0.0
050159,34.283668,-119.223196,Independent / Unknown,independent,0.0
05015F,38.270937,-121.937017,Independent / Unknown,independent,0.0
050167,37.873793,-121.290146,Independent / Unknown,independent,0.0
050168,33.900573,-117.914667,Providence,providence,0.85
050169,33.974242,-118.02233,Independent / Unknown,independent,0.0
050174,38.438136,-122.669057,Providence,providence,0.85
050179,37.527558,-120.851106,Independent / Unknown,independent,0.0
050180,37.916916,-122.014917,Independent / Unknown,independent,0.0
050191,33.782259,-118.196793,Independent / Unknown,independent,0.0
050192,36.658709,-119.401274,Adventist Health,adventist_health,0.85
050194,36.945781,-121.756058,Independent / Unknown,independent,0.0
050195,37.501368,-121.956753,Independent / Unknown,independent,0.0
050197,37.422531,-122.28582,Independent / Unknown,independent,0.0
050204,34.583523,-118.027343,Independent / Unknown,independent,0.0
05020F,33.411196,-117.433259,Independent / Unknown,independent,0.0
050211,37.774712,-122.278097,Independent / Unknown,independent,0.0
050222,32.607352,-117.05036,Independent / Unknown,independent,0.0
050224,33.625204,-117.928767,Independent / Unknown,independent,0.0
050226,33.844983,-117.952151,Independent / Unknown,independent,0.0
050228,37.750021,-122.415201,San Francisco DPH,san_francisco_dph,0.85
05022F,32.725055,-117.145415,Independent / Unknown,independent,0.0
050230,33.763963,-117.931538,Independent / Unknown,independent,0.0
050231,34.083086,-117.737997,Independent / Unknown,independent,0.0
050232,35.235871,-120.615914,Independent / Unknown,independent,0.0
050234,32.698795,-117.20911,Independent / Unknown,independent,0.0
050235,34.175833,-118.347536,Providence,providence,0.85
050236,34.262388,-118.772219,Adventist Health,adventist_health,0.85
050238,34.128284,-118.047732,Independent / Unknown,independent,0.0
050239,34.160359,-118.213769,Independent / Unknown,independent,0.0
050242,37.032242,-121.984402,Independent / Unknown,independent,0.0
050243,33.862959,-116.556682,Independent / Unknown,independent,0.0
050245,34.025186,-117.288849,Independent / Unknown,independent,0.0
050248,36.722676,-121.633667,Independent / Unknown,independent,0.0
050254,38.733395,-120.791347,Independent / Unknown,independent,0.0
050257,35.547493,-118.946868,Independent / Unknown,independent,0.0
05025F,36.768856,-119.762411,VA,va,0.85
050261,35.980858,-118.889315,Independent / Unknown,independent,0.0
050262,34.071183,-118.443404,UCLA Health,ucla_health,0.85
050272,34.011947,-117.159702,Independent / Unknown,independent,0.0
050276,37.978299,-122.157109,Independent / Unknown,independent,0.0
050278,34.26743797368422,-118.58166184210526,Providence,providence,0.85
050279,34.147976,-116.284218,Independent / Unknown,independent,0.0
05027F,33.778436,-118.118648,Independent / Unknown,independent,0.0
050280,40.577176,-122.454715,Independent / Unknown,independent,0.0
050281,34.090924,-118.127761,Independent / Unknown,independent,0.0
050283,37.792648,-121.862807,Stanford Health,stanford_health,0.85
050289,37.681316,-122.480855,Independent / Unknown,independent,0.0
050290,34.026649,-118.473835,Independent / Unknown,independent,0.0
050291,38.503685,-122.754057,Sutter Health,sutter_health,0.85
050292,33.910996,-117.113765,Independent / Unknown,independent,0.0
050295,35.384336,-119.020562,Independent / Unknown,independent,0.0
050298,34.965648,-117.001509,Independent / Unknown,independent,0.0
050300,34.571231,-117.133092,Providence,providence,0.85
050301,39.136804,-123.261089,Adventist Health,adventist_health,0.85
050305,37.865205,-122.238384,Independent / Unknown,independent,0.0
050308,37.380272,-122.085221,Independent / Unknown,independent,0.0
050309,38.741274,-121.249266,Sutter Health,sutter_health,0.85
05030F,38.549228,-121.278598,Independent / Unknown,independent,0.0
050313,37.736819,-121.433998,Sutter Health,sutter_health,0.85
050315,35.468193,-118.779751,Independent / Unknown,independent,0.0
05031F,37.397253,-122.166979,VA,va,0.85
050320,37.805235,-122.204229,Independent / Unknown,independent,0.0
050324,32.854642,-117.251772,Independent / Unknown,independent,0.0
050327,34.050788,-117.250153,Independent / Unknown,independent,0.0
050329,33.862874,-117.600092,Independent / Unknown,independent,0.0
050334,36.647856,-121.630305,Independent / Unknown,independent,0.0
050335,37.984401,-120.348066,Adventist Health,adventist_health,0.85
050336,38.123544,-121.159078,Adventist Health,adventist_health,0.85
050342,32.99005,-115.336852,Independent / Unknown,independent,0.0
050348,33.787967,-117.876343,Independent / Unknown,independent,0.0
050350,34.015444,-118.111012,Adventist Health,adventist_health,0.85
050351,33.844374333333334,-118.32823,Independent / Unknown,independent,0.0
050352,38.87332,-120.068481,Independent / Unknown,independent,0.0
050353,33.839463,-118.353699,Providence,providence,0.85
050357,34.449185,-119.804782,Independent / Unknown,independent,0.0
050360,37.947225,-122.551775,Independent / Unknown,independent,0.0
050367,38.280745,-122.00638,Independent / Unknown,independent,0.0
050373,34.05038,-118.211991,Independent / Unknown,independent,0.0
050376,33.844374333333334,-118.32823,UCLA Health,ucla_health,0.85
050378,34.230854,-118.365856,Independent / Unknown,independent,0.0
050380,37.256831,-121.922815,Independent / Unknown,independent,0.0
050382,34.084747,-117.886844,Independent / Unknown,independent,0.0
050390,33.698645,-116.979161,Independent / Unknown,independent,0.0
050393,33.940582,-118.129472,Independent / Unknown,independent,0.0
050394,34.283668,-119.223196,Independent / Unknown,independent,0.0
050396,34.52904,-119.767895,Independent / Unknown,independent,0.0
05039F,34.235057,-116.058265,Independent / Unknown,independent,0.0
050407,37.801962,-122.411,Independent / Unknown,independent,0.0
050411,33.798905,-118.300239,Kaiser Permanente,kaiser_permanente,0.85
050414,38.662781,-121.140107,Independent / Unknown,independent,0.0
050417,41.862668,-124.130542,Sutter Health,sutter_health,0.85
05041F,35.334411,-116.763014,Independent / Unknown,independent,0.0
050424,32.854642,-117.251772,Independent / Unknown,independent,0.0
050425,38.591897,-121.408467,Kaiser Permanente,kaiser_permanente,0.85
050426,33.81801,-117.975193,Independent / Unknown,independent,0.0
050438,34.147171625,-118.131082875,Independent / Unknown,independent,0.0
050441,37.418256,-122.170871,Stanford Health,stanford_health,0.85
050444,37.340087,-120.406406,Independent / Unknown,independent,0.0
050454,37.76332606896552,-122.42639903448277,UCSF Health,ucsf_health,0.85
050455,35.384336,-119.020562,Adventist Health,adventist_health,0.85
050457,37.770051,-122.44428,UCSF Health,ucsf_health,0.85
050464,37.67173,-121.007285,Independent / Unknown,independent,0.0
050468,33.891769,-118.297006,Independent / Unknown,independent,0.0
050471,34.053098,-118.264505,Independent / Unknown,independent,0.0
050481,34.200485,-118.664852,UCLA Health,ucla_health,0.85
050485,33.80887,-118.178486,Independent / Unknown,independent,0.0
050488,37.745399,-122.103127,Independent / Unknown,independent,0.0
050492,36.826668,-119.680572,Independent / Unknown,independent,0.0
050496,37.993028,-122.035251,Independent / Unknown,independent,0.0
050498,38.911346,-121.08576,Sutter Health,sutter_health,0.85
050503,33.056868,-117.257577,Independent / Unknown,independent,0.0
050506,35.300465,-120.734843,Adventist Health,adventist_health,0.85
050510,38.02213,-122.55881,Kaiser Permanente,kaiser_permanente,0.85
050512,37.501368,-121.956753,Kaiser Permanente,kaiser_permanente,0.85
050515,32.793994,-117.073796,Kaiser Permanente,kaiser_permanente,0.85
050516,38.626935,-121.331191,Independent / Unknown,independent,0.0
050517,34.504828,-117.298985,Independent / Unknown,independent,0.0
050523,37.992003,-121.812566,Sutter Health,sutter_health,0.85
050526,33.723228,-118.008692,Independent / Unknown,independent,0.0
050528,37.020187,-120.8817,Independent / Unknown,independent,0.0
050534,33.709453,-116.236967,Independent / Unknown,independent,0.0
050537,38.554147,-121.798514,Sutter Health,sutter_health,0.85
050541,37.493306,-122.195606,Kaiser Permanente,kaiser_permanente,0.85
050543,33.648112,-117.921203,Independent / Unknown,independent,0.0
050546,36.058332,-119.152094,Independent / Unknown,independent,0.0
050549,34.213305,-118.874135,Independent / Unknown,independent,0.0
050551,33.795012,-118.062692,Independent / Unknown,independent,0.0
050557,37.672906,-120.946594,Independent / Unknown,independent,0.0
050561,34.030578,-118.399613,Kaiser Permanente,kaiser_permanente,0.85
050567,33.611945,-117.665867,Providence,providence,0.85
050570,33.710582,-117.951129,Independent / Unknown,independent,0.0
050573,33.763838,-116.430388,Independent / Unknown,independent,0.0
050580,33.850616,-118.039565,Independent / Unknown,independent,0.0
050581,33.849034,-118.147902,Independent / Unknown,independent,0.0
050586,34.005097,-117.682525,Independent / Unknown,independent,0.0
050588,34.107485,-117.808752,Independent / Unknown,independent,0.0
050590,38.474726,-121.442636,Independent / Unknown,independent,0.0
050597,34.119367,-117.855054,Independent / Unknown,independent,0.0
050599,38.550605,-121.457026,Independent / Unknown,independent,0.0
050603,33.594012,-117.700734,Independent / Unknown,independent,0.0
050604,37.226971,-121.788682,Kaiser Permanente,kaiser_permanente,0.85
050608,35.779464,-119.191935,Adventist Health,adventist_health,0.85
050609,33.83796,-117.870494,Kaiser Permanente,kaiser_permanente,0.85
050624,34.40185,-118.570014,Independent / Unknown,independent,0.0
050625,34.072877,-118.372655,Cedars-Sinai,cedars_sinai,0.85
050633,35.542716,-120.733796,Adventist Health,adventist_health,0.85
050636,32.984352,-117.013537,Independent / Unknown,independent,0.0
050641,34.022502,-118.199613,Independent / Unknown,independent,0.0
050663,34.022502,-118.199613,Independent / Unknown,independent,0.0
050668,37.745399,-122.486065,Independent / Unknown,independent,0.0
050674,38.474726,-121.442636,Kaiser Permanente,kaiser_permanente,0.85
050677,34.177311,-118.615704,Kaiser Permanente,kaiser_permanente,0.85
050678,33.710582,-117.951129,Independent / Unknown,independent,0.0
050684,33.742167,-117.167238,Independent / Unknown,independent,0.0
050686,33.926666,-117.492804,Kaiser Permanente,kaiser_permanente,0.85
050689,37.771693,-121.989829,Independent / Unknown,independent,0.0
050690,38.503685,-122.754057,Kaiser Permanente,kaiser_permanente,0.85
050696,34.05038,-118.211991,Keck Medicine of USC,keck_medicine_of_usc,0.85
050697,40.577176,-122.454715,Independent / Unknown,independent,0.0
050701,33.53124,-117.343999,Independent / Unknown,independent,0.0
050704,34.222506,-118.444689,Independent / Unknown,independent,0.0
050708,36.824105,-119.76271,Independent / Unknown,independent,0.0
050709,34.504828,-117.298985,Independent / Unknown,independent,0.0
050710,36.862209,-119.760793,Kaiser Permanente,kaiser_permanente,0.85
050714,37.032242,-121.984402,Sutter Health,sutter_health,0.85
050717,33.921793,-118.140588,Independent / Unknown,independent,0.0
050723,34.09741,-117.968269,Kaiser Permanente,kaiser_permanente,0.85
050726,37.672906,-120.946594,Independent / Unknown,independent,0.0
050735,33.952444,-118.0214,Independent / Unknown,independent,0.0
050736,34.052922,-118.143465,Independent / Unknown,independent,0.0
050737,34.052922,-118.143465,Independent / Unknown,independent,0.0
050738,34.045809,-118.053756,Independent / Unknown,independent,0.0
050739,33.956464,-118.358681,Independent / Unknown,independent,0.0
050740,33.976078,-118.452066,Independent / Unknown,independent,0.0
050744,33.830053,-117.905683,Independent / Unknown,independent,0.0
050745,33.795479,-117.764943,Independent / Unknown,independent,0.0
050746,33.766007,-117.786763,Independent / Unknown,independent,0.0
050747,33.721131,-117.90511,Independent / Unknown,independent,0.0
050748,37.743039,-121.23838,Kaiser Permanente,kaiser_permanente,0.85
050755,34.147757,-118.464738,Independent / Unknown,independent,0.0
050758,34.07206,-117.698288,Independent / Unknown,independent,0.0
050760,37.956648,-121.77779,Kaiser Permanente,kaiser_permanente,0.85
050761,34.154999,-118.547559,Providence,providence,0.85
050763,34.078991,-118.263804,Independent / Unknown,independent,0.0
050764,40.577176,-122.454715,Independent / Unknown,independent,0.0
050765,33.910996,-117.113765,Kaiser Permanente,kaiser_permanente,0.85
050766,39.015503,-121.611202,Sutter Health,sutter_health,0.85
050767,38.421343,-122.030124,Kaiser Permanente,kaiser_permanente,0.85
050769,33.667307,-117.73358,Independent / Unknown,independent,0.0
050770,33.580016,-117.14736,Independent / Unknown,independent,0.0
050771,33.90779,-118.082487,Independent / Unknown,independent,0.0
050772,38.741274,-121.249266,Kaiser Permanente,kaiser_permanente,0.85
050775,33.510939,-117.021505,Independent / Unknown,independent,0.0
050776,33.80887,-118.178486,Independent / Unknown,independent,0.0
050777,37.716659,-122.169274,Kaiser Permanente,kaiser_permanente,0.85
050778,34.050788,-117.250153,Independent / Unknown,independent,0.0
050779,33.927469,-118.248796,Independent / Unknown,independent,0.0
050780,33.736808,-117.819678,Independent / Unknown,independent,0.0
050782,34.083086,-117.737997,Independent / Unknown,independent,0.0
050783,39.246934,-122.012177,Independent / Unknown,independent,0.0
050784,36.177934,-119.379975,Adventist Health,adventist_health,0.85
050785,34.070291,-118.349191,Independent / Unknown,independent,0.0
050854,33.81801,-117.975193,Independent / Unknown,independent,0.0
050855,33.117065,-117.180807,Kaiser Permanente,kaiser_permanente,0.85
050856,36.918079,-120.185933,Independent / Unknown,independent,0.0
05114F,32.874072,-117.231563,Independent / Unknown,independent,0.0
05127F,34.475292111111116,-117.00924352380952,VA,va,0.85
05128F,34.05733,-118.459534,Independent / Unknown,independent,0.0
051300,39.820738,-120.47627,Independent / Unknown,independent,0.0
051301,35.098666,-118.516706,Adventist Health,adventist_health,0.85
051302,36.610541,-118.026281,Independent / Unknown,independent,0.0
051303,37.549126,-118.839814,Independent / Unknown,independent,0.0
051304,37.507011,-119.983789,Independent / Unknown,independent,0.0
051305,41.007447,-121.457463,Independent / Unknown,independent,0.0
051306,39.497191,-122.287568,Independent / Unknown,independent,0.0
051307,33.399325,-118.435329,Independent / Unknown,independent,0.0
051308,41.460183,-120.129865,Independent / Unknown,independent,0.0
051309,40.093254,-123.759831,Independent / Unknown,independent,0.0
05130F,37.778591,-122.495912,VA,va,0.85
051310,39.47932,-123.34816,Adventist Health,adventist_health,0.85
051311,39.339264,-121.770785,Independent / Unknown,independent,0.0
051312,34.267686,-117.186721,Independent / Unknown,independent,0.0
051314,35.617547,-118.452285,Independent / Unknown,independent,0.0
051315,40.765478,-122.941428,Independent / Unknown,independent,0.0
051316,41.756147,-122.659466,Independent / Unknown,independent,0.0
051317,38.985515,-122.642535,Adventist Health,adventist_health,0.85
051318,40.566787,-124.125976,Providence,providence,0.85
051319,41.316888,-122.317447,Independent / Unknown,independent,0.0
051320,40.549051,-120.634032,Banner Health,banner_health,0.85
051321,38.622985,-122.889121,Independent / Unknown,independent,0.0
051323,34.711078,-114.581982,Independent / Unknown,independent,0.0
051324,37.492115,-118.390408,Independent / Unknown,independent,0.0
051325,39.443949,-123.68592,Adventist Health,adventist_health,0.85
051326,39.929228,-120.924431,Independent / Unknown,independent,0.0
051327,40.306787,-121.261874,Independent / Unknown,independent,0.0
051328,39.347714,-120.22471,Independent / Unknown,independent,0.0
051329,39.045931,-122.941077,Sutter Health,sutter_health,0.85
051330,41.456252,-120.511306,Independent / Unknown,independent,0.0
051331,34.606422,-120.135431,Independent / Unknown,independent,0.0
051332,38.18995,-120.619555,Independent / Unknown,independent,0.0
051333,35.582384,-117.683597,Independent / Unknown,independent,0.0
051334,34.509095,-119.25191,Independent / Unknown,independent,0.0
051335,34.21713,-116.941614,Independent / Unknown,independent,0.0
051336,36.199798,-121.082308,Independent / Unknown,independent,0.0
051337,37.18014,-121.901553,Independent / Unknown,independent,0.0
051338,36.167464,-120.438556,Independent / Unknown,independent,0.0
051339,33.717266,-114.660084,Independent / Unknown,independent,0.0
053300,36.984877,-119.877519,Independent / Unknown,independent,0.0
053301,37.834816,-122.264195,UCSF Health,ucsf_health,0.85
053302,34.127603,-118.296381,Independent / Unknown,independent,0.0
053303,32.809615,-117.134201,Independent / Unknown,independent,0.0
053304,33.787967,-117.876343,Independent / Unknown,independent,0.0
053305,37.397253,-122.166979,Stanford Health,stanford_health,0.85
053306,33.611945,-117.665867,Independent / Unknown,independent,0.0
053308,33.784537,-117.844791,Independent / Unknown,independent,0.0
053309,33.80887,-118.178486,Independent / Unknown,independent,0.0
053311,38.550605,-121.457026,Independent / Unknown,independent,0.0
054009,34.071183,-118.443404,UCLA Health,ucla_health,0.85
054028,34.078991,-118.263804,Independent / Unknown,independent,0.0
054032,34.065108,-118.082791,Independent / Unknown,independent,0.0
054053,33.807882,-118.347957,Independent / Unknown,independent,0.0
054055,33.867745,-118.069471,Independent / Unknown,independent,0.0
054069,34.078991,-117.854411,Independent / Unknown,independent,0.0
054074,38.095789,-122.249689,Adventist Health,adventist_health,0.85
054075,32.777267,-117.021344,Independent / Unknown,independent,0.0
054077,34.362376,-119.351268,Independent / Unknown,independent,0.0
054078,34.159007,-118.087353,Independent / Unknown,independent,0.0
054087,38.474726,-121.442636,Independent / Unknown,independent,0.0
054089,37.72054,-122.44317,Independent / Unknown,independent,0.0
054095,32.996967,-117.072979,Independent / Unknown,independent,0.0
054096,38.543848,-121.378284,Sutter Health,sutter_health,0.85
054104,38.660272,-121.348164,Independent / Unknown,independent,0.0
054110,37.501368,-121.956753,Independent / Unknown,independent,0.0
054111,34.005097,-117.682525,Independent / Unknown,independent,0.0
054122,38.389135,-122.188412,Independent / Unknown,independent,0.0
054123,37.973736,-121.319246,Independent / Unknown,independent,0.0
054124,40.80201,-124.144824,Independent / Unknown,independent,0.0
054125,34.4395,-119.767827,Independent / Unknown,independent,0.0
054130,33.934761,-117.366882,Independent / Unknown,independent,0.0
054131,37.993028,-122.035251,Independent / Unknown,independent,0.0
054133,33.90779,-118.082487,Independent / Unknown,independent,0.0
054144,37.76332606896552,-122.42639903448277,UCSF Health,ucsf_health,0.85
054145,32.809615,-117.134201,Independent / Unknown,independent,0.0
054146,37.77576,-122.218572,Independent / Unknown,independent,0.0
054147,34.200175,-118.540958,Independent / Unknown,independent,0.0
054148,34.154999,-118.547559,Independent / Unknown,independent,0.0
054149,37.706765,-122.125565,Independent / Unknown,independent,0.0
054150,37.348311,-121.984435,Kaiser Permanente,kaiser_permanente,0.85
054151,38.449137,-122.793752,Independent / Unknown,independent,0.0
054152,36.973969,-121.989846,Independent / Unknown,independent,0.0
054153,33.80887,-118.178486,Independent / Unknown,independent,0.0
054154,37.245612,-121.748865,Independent / Unknown,independent,0.0
054155,35.343046,-119.06504,Independent / Unknown,independent,0.0
054157,34.119367,-117.855054,Independent / Unknown,independent,0.0
054158,33.575201,-117.730352,Independent / Unknown,independent,0.0
054159,38.605628,-121.445453,Independent / Unknown,independent,0.0
054160,36.984877,-119.877519,Independent / Unknown,independent,0.0
060001,40.4447,-104.679378,Banner Health,banner_health,0.85
060003,40.164832,-105.101852,Independent / Unknown,independent,0.0
060004,39.962169,-104.807922,Intermountain Health,intermountain_health,0.85
060006,38.514973,-107.766148,Independent / Unknown,independent,0.0
060008,37.469311,-105.85273,Independent / Unknown,independent,0.0
060009,39.772675,-105.104801,Independent / Unknown,independent,0.0
060010,40.646854,-105.029519,Independent / Unknown,independent,0.0
060011,39.734757,-105.020678,Independent / Unknown,independent,0.0
060012,38.044054,-104.71441,Independent / Unknown,independent,0.0
060013,37.529427,-107.821502,Independent / Unknown,independent,0.0
060014,39.731168,-104.970715,HCA,hca,0.85
060015,39.694935,-105.173187,Independent / Unknown,independent,0.0
060020,38.277652,-104.656426,Independent / Unknown,independent,0.0
060022,38.852566,-104.774326,Independent / Unknown,independent,0.0
060023,39.071844,-108.546,Intermountain Health,intermountain_health,0.85
060024,39.746661,-104.837224,Independent / Unknown,independent,0.0
060027,40.044727,-105.288351,Independent / Unknown,independent,0.0
060028,39.731168,-104.970715,Independent / Unknown,independent,0.0
060030,40.544612,-105.245108,Banner Health,banner_health,0.85
060031,38.878994,-104.821148,Independent / Unknown,independent,0.0
060032,39.733782,-104.916465,HCA,hca,0.85
060034,39.644445,-104.965111,Independent / Unknown,independent,0.0
06003F,38.687426,-104.748914,Independent / Unknown,independent,0.0
060044,40.125042,-103.817561,Independent / Unknown,independent,0.0
060049,40.581425,-106.885954,Independent / Unknown,independent,0.0
060054,39.214122,-108.588404,Independent / Unknown,independent,0.0
06005F,39.746661,-104.837224,Independent / Unknown,independent,0.0
060064,39.676626,-104.962315,AdventHealth,adventhealth,0.85
060065,39.85425,-104.957598,HCA,hca,0.85
060071,38.640468,-108.254583,Independent / Unknown,independent,0.0
060075,39.587562,-107.338712,Independent / Unknown,independent,0.0
060076,40.651901,-103.241063,Independent / Unknown,independent,0.0
06007F,39.071844,-108.546,VA,va,0.85
060096,39.649325,-106.325837,Independent / Unknown,independent,0.0
060100,39.699766,-104.837834,Independent / Unknown,independent,0.0
060103,39.951506,-105.15813,AdventHealth,adventhealth,0.85
060104,39.975844,-105.009381,Independent / Unknown,independent,0.0
060107,39.730369,-104.952511,Independent / Unknown,independent,0.0
060112,39.532798,-104.891219,Independent / Unknown,independent,0.0
060113,39.580309,-104.954917,AdventHealth,adventhealth,0.85
060114,39.517532,-104.670911,AdventHealth,adventhealth,0.85
060116,40.012151,-105.09991,Independent / Unknown,independent,0.0
060117,37.529427,-107.821502,Independent / Unknown,independent,0.0
060118,39.503377,-106.174069,Independent / Unknown,independent,0.0
060119,40.544612,-105.245108,Independent / Unknown,independent,0.0
060124,39.694935,-105.173187,Independent / Unknown,independent,0.0
060125,39.372344,-104.912085,AdventHealth,adventhealth,0.85
060126,40.499003,-105.005051,Banner Health,banner_health,0.85
060128,40.16564,-105.029231,Independent / Unknown,independent,0.0
060129,39.890663,-105.113724,Independent / Unknown,independent,0.0
060130,38.910393,-104.780362,Independent / Unknown,independent,0.0
060131,40.40141,-104.792395,Independent / Unknown,independent,0.0
060132,39.546879,-105.011599,Independent / Unknown,independent,0.0
060133,39.060887,-104.819136,Independent / Unknown,independent,0.0
061300,38.415124,-102.792829,Independent / Unknown,independent,0.0
061301,37.714226,-106.416175,Independent / Unknown,independent,0.0
061302,39.156637,-108.878833,Independent / Unknown,independent,0.0
061303,40.193681,-103.543329,Independent / Unknown,independent,0.0
061304,40.587662,-102.59793,Independent / Unknown,independent,0.0
061305,40.519891,-102.291952,Independent / Unknown,independent,0.0
061306,39.00028,-103.447221,Independent / Unknown,independent,0.0
061307,39.904489,-108.791994,Independent / Unknown,independent,0.0
061308,37.299115,-106.161365,Independent / Unknown,independent,0.0
061309,40.138836,-102.193094,Independent / Unknown,independent,0.0
061310,40.895118,-102.198592,Independent / Unknown,independent,0.0
061311,37.425411,-102.705136,Independent / Unknown,independent,0.0
061312,40.397935,-105.614927,Independent / Unknown,independent,0.0
061313,39.321398,-102.223225,Independent / Unknown,independent,0.0
061314,40.704673,-107.736157,Independent / Unknown,independent,0.0
061315,40.111353,-102.690716,Independent / Unknown,independent,0.0
061316,37.630413,-104.674625,Independent / Unknown,independent,0.0
061317,39.751037,-108.113722,Independent / Unknown,independent,0.0
061318,40.1547,-106.414187,Independent / Unknown,independent,0.0
061319,39.242242,-106.287866,Independent / Unknown,independent,0.0
061320,38.395065,-106.953683,Independent / Unknown,independent,0.0
061321,37.185365,-104.413603,Independent / Unknown,independent,0.0
061322,38.555478,-106.107468,Independent / Unknown,independent,0.0
061323,37.974424,-102.638977,Independent / Unknown,independent,0.0
061324,39.158173,-106.668632,Independent / Unknown,independent,0.0
061325,40.109264,-107.818214,Independent / Unknown,independent,0.0
061326,39.032718,-105.054396,Independent / Unknown,independent,0.0
061327,37.31297,-108.734537,Independent / Unknown,independent,0.0
061328,37.286627,-107.085416,Independent / Unknown,independent,0.0
061336,37.855707,-103.471739,Independent / Unknown,independent,0.0
061343,38.822287,-102.428708,Independent / Unknown,independent,0.0
061344,38.542383,-105.423488,Independent / Unknown,independent,0.0
063301,39.746661,-104.837224,Independent / Unknown,independent,0.0
063303,38.955706,-104.772275,Independent / Unknown,independent,0.0
064001,38.277652,-104.656426,Independent / Unknown,independent,0.0
064003,39.651633,-105.039699,Independent / Unknown,independent,0.0
064007,39.951506,-105.15813,Independent / Unknown,independent,0.0
064009,38.752594,-104.878211,Independent / Unknown,independent,0.0
064024,39.528342,-104.923869,Independent / Unknown,independent,0.0
064026,38.926735,-104.714341,Independent / Unknown,independent,0.0
064028,39.573236,-104.86489,Independent / Unknown,independent,0.0
064029,40.331863,-104.937467,Independent / Unknown,independent,0.0
064030,39.909992,-105.002643,Independent / Unknown,independent,0.0
070002,41.773262,-72.704433,Independent / Unknown,independent,0.0
070003,41.908027,-71.870452,Independent / Unknown,independent,0.0
070004,41.860763,-73.449215,Independent / Unknown,independent,0.0
070005,41.648870263157896,-73.19811650000001,Independent / Unknown,independent,0.0
070006,41.085092333333336,-73.53988466666667,Independent / Unknown,independent,0.0
070007,41.348837,-72.102029,Independent / Unknown,independent,0.0
070008,41.984442,-72.263453,Independent / Unknown,independent,0.0
070010,41.209221,-73.164656,Independent / Unknown,independent,0.0
070011,41.834072,-73.131409,Independent / Unknown,independent,0.0
070016,41.532209,-73.025052,Independent / Unknown,independent,0.0
070017,41.535812,-72.775686,Independent / Unknown,independent,0.0
070018,41.037603,-73.624339,Independent / Unknown,independent,0.0
070020,41.544209,-72.657501,Independent / Unknown,independent,0.0
070021,41.708239,-72.208548,Independent / Unknown,independent,0.0
070022,41.3381335,-72.93550391666666,Independent / Unknown,independent,0.0
070024,41.548006,-72.089454,Independent / Unknown,independent,0.0
070025,41.75455507142857,-72.69423300000001,Independent / Unknown,independent,0.0
070027,41.761415,-72.525608,Independent / Unknown,independent,0.0
070028,41.21211,-73.206673,Independent / Unknown,independent,0.0
070029,41.681578,-72.940749,Independent / Unknown,independent,0.0
070031,41.326124,-73.082574,Independent / Unknown,independent,0.0
070033,41.377849,-73.457463,Independent / Unknown,independent,0.0
070034,41.19220272,-73.44701188,Independent / Unknown,independent,0.0
070035,41.869754786885245,-72.82388060655738,Independent / Unknown,independent,0.0
070036,41.731051,-72.857096,Independent / Unknown,independent,0.0
070038,41.279949,-72.78595,Independent / Unknown,independent,0.0
07003F,41.272573,-72.964967,VA,va,0.85
073300,41.748587,-72.696006,Independent / Unknown,independent,0.0
074003,41.544209,-72.657501,Independent / Unknown,independent,0.0
074008,41.772955,-72.198446,Independent / Unknown,independent,0.0
074011,41.3381335,-72.93550391666666,Independent / Unknown,independent,0.0
074012,41.209221,-73.164656,Independent / Unknown,independent,0.0
074014,41.160393,-73.500124,Independent / Unknown,independent,0.0
074015,41.544209,-72.657501,Independent / Unknown,independent,0.0
074016,41.462725,-72.805069,Independent / Unknown,independent,0.0
074017,41.789101,-72.763127,Independent / Unknown,independent,0.0
080001,39.648270157894736,-75.65002889473685,Independent / Unknown,independent,0.0
080003,39.74521,-75.593712,Independent / Unknown,independent,0.0
080004,39.181542,-75.47352,Bayhealth,bayhealth,0.85
080006,38.634462,-75.623572,Independent / Unknown,independent,0.0
080007,38.728714,-75.168507,Independent / Unknown,independent,0.0
080009,38.943253,-75.362567,Bayhealth,bayhealth,0.85
08002F,39.74521,-75.593712,VA,va,0.85
083300,39.7614486,-75.5675895,Independent / Unknown,independent,0.0
084001,39.645467,-75.604496,Independent / Unknown,independent,0.0
084002,39.670751,-75.710123,Independent / Unknown,independent,0.0
084003,39.645467,-75.604496,Independent / Unknown,independent,0.0
084004,39.181542,-75.47352,Independent / Unknown,independent,0.0
084005,38.670266,-75.404663,Independent / Unknown,independent,0.0
090001,38.892459,-77.053811,Independent / Unknown,independent,0.0
090003,38.911765333333335,-77.02639051851851,Independent / Unknown,independent,0.0
090004,38.917716,-77.090635,Independent / Unknown,independent,0.0
090005,38.936909,-77.090037,Independent / Unknown,independent,0.0
090008,38.831882,-77.016556,Independent / Unknown,independent,0.0
090011,38.932825,-77.031798,Independent / Unknown,independent,0.0
09002F,38.927128,-77.010316,VA,va,0.85
093300,38.932825,-77.031798,Independent / Unknown,independent,0.0
094001,38.831882,-77.016556,Independent / Unknown,independent,0.0
094004,38.936909,-77.090037,Independent / Unknown,independent,0.0
100001,30.361015,-81.696254,Independent / Unknown,independent,0.0
100002,26.525785,-80.061367,Independent / Unknown,independent,0.0
100006,28.512357,-81.360269,Orlando Health,orlando_health,0.85
100007,28.555617,-81.348447,AdventHealth,adventhealth,0.85
100008,25.658379,-80.360893,Independent / Unknown,independent,0.0
100012,26.623381,-81.883191,Independent / Unknown,independent,0.0
100014,29.29985806666667,-81.46783524444444,AdventHealth,adventhealth,0.85
100017,29.192391,-81.04676,Independent / Unknown,independent,0.0
100018,26.137498,-81.799105,Independent / Unknown,independent,0.0
100019,28.079378,-80.622302,Independent / Unknown,independent,0.0
100022,25.787247,-80.205296,Independent / Unknown,independent,0.0
100023,28.761187,-82.375709,HCA,hca,0.85
100025,30.473121,-87.186316,Independent / Unknown,independent,0.0
100026,30.158374,-85.637996,Ascension,ascension,0.85
100028,28.625289,-80.845855,Independent / Unknown,independent,0.0
100029,25.85219,-80.207174,Independent / Unknown,independent,0.0
100030,28.578577,-81.534116,Orlando Health,orlando_health,0.85
100032,27.770793,-82.632806,Orlando Health,orlando_health,0.85
100034,25.816916,-80.13566,Mount Sinai,mount_sinai,0.85
100035,27.487486,-82.515907,Independent / Unknown,independent,0.0
100038,26.02313,-80.186539,Independent / Unknown,independent,0.0
100039,26.101566,-80.120955,Independent / Unknown,independent,0.0
100040,30.317018,-81.680832,Ascension,ascension,0.85
100043,28.036272,-82.791427,Independent / Unknown,independent,0.0
100044,27.199535,-80.255952,Cleveland Clinic,cleveland_clinic,0.85
100045,29.033304,-81.374753,AdventHealth,adventhealth,0.85
100046,28.234002,-82.22136,AdventHealth,adventhealth,0.85
100049,27.503346,-81.367739,HCA,hca,0.85
100050,25.866106,-80.301115,Independent / Unknown,independent,0.0
100051,28.52078,-81.753851,Orlando Health,orlando_health,0.85
100052,28.050996,-81.702533,Independent / Unknown,independent,0.0
100053,25.86219,-80.269677,Independent / Unknown,independent,0.0
100054,30.50784,-86.448375,HCA,hca,0.85
100055,28.149526,-82.761831,AdventHealth,adventhealth,0.85
100057,28.773431,-81.73023,AdventHealth,adventhealth,0.85
100062,29.154472,-82.211485,AdventHealth,adventhealth,0.85
100063,28.240555,-82.744353,Independent / Unknown,independent,0.0
100067,27.73397,-82.640314,Independent / Unknown,independent,0.0
100068,29.232739,-81.068471,AdventHealth,adventhealth,0.85
100069,28.004691,-82.506135,AdventHealth,adventhealth,0.85
100071,28.58845,-82.371337,Independent / Unknown,independent,0.0
100072,28.942166,-81.306122,AdventHealth,adventhealth,0.85
100073,26.18851,-80.104988,Independent / Unknown,independent,0.0
100075,27.965234,-82.519051,Independent / Unknown,independent,0.0
100077,26.986134,-82.097042,AdventHealth,adventhealth,0.85
100080,26.576183,-80.072313,HCA,hca,0.85
100084,28.773001,-81.882622,Independent / Unknown,independent,0.0
100086,26.277754,-80.115325,Independent / Unknown,independent,0.0
100087,27.310893,-82.521168,Independent / Unknown,independent,0.0
100088,30.289637,-81.640966,Baptist Health,baptist_health,0.85
100090,29.740948,-81.30016,Independent / Unknown,independent,0.0
100093,30.459667,-87.213643,Independent / Unknown,independent,0.0
100099,27.900772,-81.58567,AdventHealth,adventhealth,0.85
10009F,27.807285,-82.773051,VA,va,0.85
100105,27.640722,-80.403592,Cleveland Clinic,cleveland_clinic,0.85
100107,26.618028,-81.559247,HCA,hca,0.85
100109,27.505242,-81.546028,AdventHealth,adventhealth,0.85
100110,28.306299,-81.426933,HCA,hca,0.85
100113,29.64076,-82.343353,Independent / Unknown,independent,0.0
100117,30.280494,-81.412041,Independent / Unknown,independent,0.0
100118,29.480607,-81.217791,AdventHealth,adventhealth,0.85
100121,27.883187,-81.810993,Independent / Unknown,independent,0.0
100122,30.778999,-86.477169,Independent / Unknown,independent,0.0
100124,30.791549,-86.982974,Independent / Unknown,independent,0.0
100125,25.4789,-80.409102,Independent / Unknown,independent,0.0
100126,27.743466,-82.724374,HCA,hca,0.85
100127,27.945591,-82.793988,Independent / Unknown,independent,0.0
100128,27.944035,-82.473954,Independent / Unknown,independent,0.0
100130,26.602653,-80.579271,Independent / Unknown,independent,0.0
100131,25.962149,-80.140904,HCA,hca,0.85
100132,28.017072,-82.125766,Independent / Unknown,independent,0.0
100134,30.270901,-82.120398,Independent / Unknown,independent,0.0
100135,30.480911,-84.219746,Independent / Unknown,independent,0.0
100137,28.194263,-81.587805,AdventHealth,adventhealth,0.85
10013F,30.207684,-81.683226,Independent / Unknown,independent,0.0
100140,30.601794,-81.481799,Independent / Unknown,independent,0.0
100142,30.84817,-85.231368,Independent / Unknown,independent,0.0
100150,24.54461,-81.921737,Independent / Unknown,independent,0.0
100151,30.269971,-81.460939,Mayo Clinic,mayo_clinic,0.85
100154,25.702492,-80.2986,Independent / Unknown,independent,0.0
100156,30.270103,-82.62413,HCA,hca,0.85
100157,28.095476,-81.917942,Independent / Unknown,independent,0.0
10015F,30.104026,-82.566168,Independent / Unknown,independent,0.0
100161,28.814656,-81.317583,Independent / Unknown,independent,0.0
100166,27.280018,-82.476632,HCA,hca,0.85
100167,26.1126,-80.227875,HCA,hca,0.85
100168,26.347543,-80.114805,Independent / Unknown,independent,0.0
100173,28.083694,-82.447872,AdventHealth,adventhealth,0.85
100175,27.202037,-81.802188,Independent / Unknown,independent,0.0
100176,26.845662,-80.08735,Independent / Unknown,independent,0.0
100177,28.320489,-80.625805,Independent / Unknown,independent,0.0
100179,30.281083,-81.581668,HCA,hca,0.85
100180,27.788642,-82.729628,HCA,hca,0.85
100181,25.702492,-80.2986,Independent / Unknown,independent,0.0
100183,25.753332,-80.270379,Independent / Unknown,independent,0.0
100187,25.893769,-80.330087,Independent / Unknown,independent,0.0
100189,26.251909,-80.208929,HCA,hca,0.85
100191,28.211353,-82.655286,HCA,hca,0.85
100200,26.18851,-80.104988,Independent / Unknown,independent,0.0
100204,29.67918,-82.372822,HCA,hca,0.85
100206,27.942562,-82.515044,HCA,hca,0.85
100209,25.736612,-80.40683,HCA,hca,0.85
100211,28.330809,-82.183329,AdventHealth,adventhealth,0.85
100212,29.161789,-82.126817,Independent / Unknown,independent,0.0
100213,27.50473,-82.654669,HCA,hca,0.85
100217,27.794384,-80.49146,Orlando Health,orlando_health,0.85
10021F,30.507738,-86.541443,Independent / Unknown,independent,0.0
100220,26.534987,-81.825763,Independent / Unknown,independent,0.0
100223,30.466178,-86.652985,HCA,hca,0.85
100224,26.212501,-80.270158,Independent / Unknown,independent,0.0
100226,30.167711,-81.739816,HCA,hca,0.85
100228,26.112485,-80.27494,Independent / Unknown,independent,0.0
100230,26.026358,-80.244633,Independent / Unknown,independent,0.0
100231,30.53218,-87.222539,HCA,hca,0.85
100232,29.697699,-81.703239,HCA,hca,0.85
100236,26.986134,-82.097042,HCA,hca,0.85
100238,27.816844,-82.731621,HCA,hca,0.85
100242,30.199378,-85.668605,HCA,hca,0.85
100243,27.909778,-82.295738,HCA,hca,0.85
100244,26.62855,-81.948755,Independent / Unknown,independent,0.0
100246,27.443788,-80.330974,HCA,hca,0.85
100248,27.915109,-82.804026,HCA,hca,0.85
100249,28.956702,-82.647585,Independent / Unknown,independent,0.0
100252,27.477985,-80.908736,HCA,hca,0.85
100253,26.935806,-80.128441,Independent / Unknown,independent,0.0
100254,30.480911,-84.219746,HCA,hca,0.85
100256,28.385867,-82.665627,HCA,hca,0.85
100258,26.454311,-80.134344,Independent / Unknown,independent,0.0
100259,27.720216,-82.361796,HCA,hca,0.85
100260,27.297204,-80.29801,Independent / Unknown,independent,0.0
100264,28.558922,-82.542335,HCA,hca,0.85
100265,28.008161,-82.688367,Independent / Unknown,independent,0.0
100266,30.340667,-87.116593,Independent / Unknown,independent,0.0
100267,26.983677,-82.337666,HCA,hca,0.85
100268,26.351283,-80.229122,Independent / Unknown,independent,0.0
100269,26.783861,-80.380968,HCA,hca,0.85
100275,26.646721,-80.250311,Independent / Unknown,independent,0.0
100276,26.274498,-80.2604,Independent / Unknown,independent,0.0
100277,25.8109,-80.166944,Independent / Unknown,independent,0.0
100281,26.014716,-80.340171,Independent / Unknown,independent,0.0
100284,25.737789,-80.311193,Independent / Unknown,independent,0.0
100285,25.992293,-80.394197,Independent / Unknown,independent,0.0
100286,26.263933,-81.717462,Independent / Unknown,independent,0.0
100287,26.715793,-80.066777,Independent / Unknown,independent,0.0
100288,26.757692,-80.091172,Independent / Unknown,independent,0.0
100289,26.060462,-80.369595,Cleveland Clinic,cleveland_clinic,0.85
100290,28.918072,-81.897655,Independent / Unknown,independent,0.0
100291,28.145532,-80.649962,Orlando Health,orlando_health,0.85
100292,30.381433,-86.345668,Independent / Unknown,independent,0.0
100296,25.72085,-80.272571,Independent / Unknown,independent,0.0
100298,30.654759,-84.783247,Independent / Unknown,independent,0.0
100299,27.402531,-82.394394,Independent / Unknown,independent,0.0
100302,28.243666,-81.294191,Orlando Health,orlando_health,0.85
100307,30.281083,-81.581668,Ascension,ascension,0.85
100313,29.814542,-85.306423,Ascension,ascension,0.85
100314,25.648447,-80.55467,Independent / Unknown,independent,0.0
100315,28.210691,-80.750596,Independent / Unknown,independent,0.0
100316,28.020947,-80.679785,Independent / Unknown,independent,0.0
100319,28.248334,-82.370909,AdventHealth,adventhealth,0.85
100320,28.192063,-81.48542,HCA,hca,0.85
100321,30.082951,-81.884022,Ascension,ascension,0.85
100329,28.665112,-81.19629,Independent / Unknown,independent,0.0
100330,28.886189,-81.251417,Independent / Unknown,independent,0.0
100350,28.431169,-81.323825,Independent / Unknown,independent,0.0
100359,27.151753,-82.422567,Independent / Unknown,independent,0.0
100360,26.070471,-80.272864,HCA,hca,0.85
100361,30.074317,-81.585207,Ascension,ascension,0.85
100362,28.248334,-82.370909,Independent / Unknown,independent,0.0
100363,29.575688,-81.223832,AdventHealth,adventhealth,0.85
100364,27.861107,-82.35506,AdventHealth,adventhealth,0.85
100365,30.648635,-86.130197,Independent / Unknown,independent,0.0
10057F,29.59023,-82.396199,Independent / Unknown,independent,0.0
10063F,28.050827,-82.449573,VA,va,0.85
10064F,25.783834,-80.236333,VA,va,0.85
10065F,26.845662,-80.08735,VA,va,0.85
10099F,28.431169,-81.323825,VA,va,0.85
101300,27.570917,-81.781173,AdventHealth,adventhealth,0.85
101303,30.033807,-82.394253,Independent / Unknown,independent,0.0
101304,30.390602,-85.081807,Independent / Unknown,independent,0.0
101305,29.731534,-85.054224,Independent / Unknown,independent,0.0
101307,30.853184,-85.720492,Independent / Unknown,independent,0.0
101308,30.61575,-85.572945,Independent / Unknown,independent,0.0
101309,26.537946,-81.044144,Independent / Unknown,independent,0.0
101311,30.448953,-83.434802,Independent / Unknown,independent,0.0
101312,24.749924,-80.986567,Independent / Unknown,independent,0.0
101313,25.01103,-80.529313,Independent / Unknown,independent,0.0
101314,30.150653,-83.640744,Independent / Unknown,independent,0.0
101315,30.89438,-87.145454,Independent / Unknown,independent,0.0
103300,27.770793,-82.632806,Johns Hopkins,johns_hopkins,0.85
103301,25.737789,-80.311193,Independent / Unknown,independent,0.0
103304,28.431169,-81.323825,Independent / Unknown,independent,0.0
104000,30.654759,-84.783247,Independent / Unknown,independent,0.0
104001,25.988183,-80.281394,Independent / Unknown,independent,0.0
104007,30.270901,-82.120398,Independent / Unknown,independent,0.0
104016,30.281083,-81.581668,Independent / Unknown,independent,0.0
104017,27.937207,-82.740585,Independent / Unknown,independent,0.0
104018,28.773001,-81.882622,Independent / Unknown,independent,0.0
104024,28.079378,-80.622302,Independent / Unknown,independent,0.0
104026,26.183753,-80.134055,Independent / Unknown,independent,0.0
104040,27.487486,-82.515907,Independent / Unknown,independent,0.0
104049,25.866106,-80.301115,Independent / Unknown,independent,0.0
104057,28.479476,-82.507906,Independent / Unknown,independent,0.0
104059,30.480911,-84.219746,Independent / Unknown,independent,0.0
104063,26.043649,-81.732424,Independent / Unknown,independent,0.0
104067,28.58011,-81.4443,Independent / Unknown,independent,0.0
104069,30.281083,-81.581668,Independent / Unknown,independent,0.0
104070,27.297204,-80.29801,Independent / Unknown,independent,0.0
104071,29.161789,-82.126817,Independent / Unknown,independent,0.0
104072,28.38133,-81.480129,Independent / Unknown,independent,0.0
104073,30.199378,-85.668605,Independent / Unknown,independent,0.0
104074,26.510332,-81.979563,Independent / Unknown,independent,0.0
104075,28.205247,-82.317108,Independent / Unknown,independent,0.0
104076,28.579663,-81.18864,Independent / Unknown,independent,0.0
104078,27.437548,-82.630178,Independent / Unknown,independent,0.0
104079,26.02313,-80.186539,Independent / Unknown,independent,0.0
104080,27.050481,-80.271203,Independent / Unknown,independent,0.0
104081,28.243666,-81.294191,Independent / Unknown,independent,0.0
104082,28.625289,-80.845855,Independent / Unknown,independent,0.0
104084,26.757692,-80.091172,Independent / Unknown,independent,0.0
104085,26.533736,-80.083152,Independent / Unknown,independent,0.0
104087,27.0536,-82.113335,Independent / Unknown,independent,0.0
110001,34.733645,-85.000824,Independent / Unknown,independent,0.0
110002,32.881118,-84.333168,Independent / Unknown,independent,0.0
110003,31.227596,-82.347944,Independent / Unknown,independent,0.0
110005,34.196222,-84.096676,Independent / Unknown,independent,0.0
110006,33.940299,-83.433583,Independent / Unknown,independent,0.0
110007,31.473304730769232,-83.84579325000001,Independent / Unknown,independent,0.0
110008,34.215519,-84.402426,Independent / Unknown,independent,0.0
110010,33.794605,-84.325247,Emory Healthcare,emory_healthcare,0.85
110011,33.581851,-85.132439,Independent / Unknown,independent,0.0
110015,33.718878,-84.918801,Independent / Unknown,independent,0.0
110016,33.036764,-85.120092,Wellstar,wellstar,0.85
110018,33.587193,-83.822173,Piedmont Healthcare,piedmont_healthcare,0.85
110023,34.494395,-84.954177,AdventHealth,adventhealth,0.85
110024,32.039385,-81.179169,Independent / Unknown,independent,0.0
110025,31.178078,-81.487563,Independent / Unknown,independent,0.0
110027,34.443759,-83.084067,Independent / Unknown,independent,0.0
110028,33.437213,-81.956156,Piedmont Healthcare,piedmont_healthcare,0.85
110029,34.319037,-83.814399,Independent / Unknown,independent,0.0
110030,34.175229,-84.860036,Piedmont Healthcare,piedmont_healthcare,0.85
110031,33.288794,-84.279919,Wellstar,wellstar,0.85
110032,34.556243,-83.328905,Independent / Unknown,independent,0.0
110034,33.4702,-81.987917,Wellstar,wellstar,0.85
110035,33.920062,-84.5431,Wellstar,wellstar,0.85
110036,32.05075,-81.052961,Independent / Unknown,independent,0.0
110038,30.765554,-84.043154,Independent / Unknown,independent,0.0
110041,34.573655,-83.574769,Independent / Unknown,independent,0.0
110042,33.860444,-84.769846,Wellstar,wellstar,0.85
110043,31.985421,-81.235656,Independent / Unknown,independent,0.0
110044,32.090308,-84.310747,Independent / Unknown,independent,0.0
110045,33.995173,-83.697488,Independent / Unknown,independent,0.0
110046,33.780196,-83.692512,Piedmont Healthcare,piedmont_healthcare,0.85
110050,34.747542,-84.748401,AdventHealth,adventhealth,0.85
110051,34.856753,-83.967998,Independent / Unknown,independent,0.0
110054,34.01509196491228,-84.85200350877193,Advocate Health,advocate_health,0.85
110064,32.46435,-84.980144,Piedmont Healthcare,piedmont_healthcare,0.85
110069,32.647873,-83.657206,Emory Healthcare,emory_healthcare,0.85
110071,31.777421,-82.346004,Independent / Unknown,independent,0.0
110073,31.736465,-83.215037,Independent / Unknown,independent,0.0
110074,33.940299,-83.433583,Piedmont Healthcare,piedmont_healthcare,0.85
110075,32.399447,-81.82894,Independent / Unknown,independent,0.0
110076,33.813689,-84.284377,Emory Healthcare,emory_healthcare,0.85
110078,33.770959,-84.377736,Emory Healthcare,emory_healthcare,0.85
110079,33.752845,-84.390226,Independent / Unknown,independent,0.0
110082,33.88435,-84.374964,Independent / Unknown,independent,0.0
110083,33.799851,-84.385837,Piedmont Healthcare,piedmont_healthcare,0.85
110086,32.996417,-82.903117,Independent / Unknown,independent,0.0
110087,33.936518,-83.927669,Independent / Unknown,independent,0.0
110089,31.262783,-82.883206,Independent / Unknown,independent,0.0
110091,33.717806,-84.002515,Piedmont Healthcare,piedmont_healthcare,0.85
110092,32.183174,-83.199476,Independent / Unknown,independent,0.0
110095,31.445872,-83.452667,Independent / Unknown,independent,0.0
110100,33.02457,-82.366309,Independent / Unknown,independent,0.0
110101,31.117296,-83.434236,Independent / Unknown,independent,0.0
110104,31.943011,-83.778608,Independent / Unknown,independent,0.0
110105,31.189103,-83.841107,Independent / Unknown,independent,0.0
110107,32.806321,-83.61786,Advocate Health,advocate_health,0.85
110109,32.60473,-82.347998,Independent / Unknown,independent,0.0
110111,33.512953,-82.514855,Independent / Unknown,independent,0.0
110113,33.085111,-81.978661,Independent / Unknown,independent,0.0
110121,30.79859,-84.226723,Independent / Unknown,independent,0.0
110122,30.86816,-83.34235,Independent / Unknown,independent,0.0
110124,31.57256,-81.990861,Independent / Unknown,independent,0.0
110125,32.489539,-82.934985,Independent / Unknown,independent,0.0
110128,32.223996,-82.413685,Independent / Unknown,independent,0.0
110129,32.472378285714285,-84.93734871428572,Emory Healthcare,emory_healthcare,0.85
110132,30.785401,-84.645153,Independent / Unknown,independent,0.0
110142,32.170468,-81.920992,Independent / Unknown,independent,0.0
110143,33.83288,-84.628055,Wellstar,wellstar,0.85
110146,30.802289,-81.507674,Independent / Unknown,independent,0.0
110150,33.059054,-83.226413,Independent / Unknown,independent,0.0
110161,33.88435,-84.374964,Independent / Unknown,independent,0.0
110164,32.844147,-83.500044,Independent / Unknown,independent,0.0
110165,33.557264,-84.400508,Independent / Unknown,independent,0.0
110168,34.315788,-85.295122,AdventHealth,adventhealth,0.85
110177,33.470481,-82.083045,Independent / Unknown,independent,0.0
110184,33.77752,-84.78139,Wellstar,wellstar,0.85
110190,32.288966,-83.96326,Independent / Unknown,independent,0.0
110191,33.556897,-84.195159,Piedmont Healthcare,piedmont_healthcare,0.85
110192,33.861019,-84.017993,Piedmont Healthcare,piedmont_healthcare,0.85
110194,30.95145,-84.892724,Independent / Unknown,independent,0.0
110198,34.028579,-84.31137,Wellstar,wellstar,0.85
110200,32.548807,-84.924106,Piedmont Healthcare,piedmont_healthcare,0.85
110201,32.907633,-83.735052,Piedmont Healthcare,piedmont_healthcare,0.85
110209,31.111533,-83.683892,Independent / Unknown,independent,0.0
110215,33.490464,-84.485997,Piedmont Healthcare,piedmont_healthcare,0.85
110225,34.462756,-84.425227,Piedmont Healthcare,piedmont_healthcare,0.85
110226,33.73835,-84.107376,Emory Healthcare,emory_healthcare,0.85
110229,33.418686,-84.713164,Piedmont Healthcare,piedmont_healthcare,0.85
110230,34.026335,-84.145677,Emory Healthcare,emory_healthcare,0.85
110233,33.418686,-84.713164,Independent / Unknown,independent,0.0
110234,31.213259,-83.190862,Independent / Unknown,independent,0.0
110236,34.902401,-85.134056,Independent / Unknown,independent,0.0
110237,34.570958,-84.013764,Independent / Unknown,independent,0.0
110252,33.974302,-84.145384,Independent / Unknown,independent,0.0
110253,31.573054,-84.154783,Independent / Unknown,independent,0.0
110256,32.270061,-83.492626,Independent / Unknown,independent,0.0
11029F,33.813689,-84.284377,VA,va,0.85
11030F,33.478289,-82.014102,VA,va,0.85
11031F,32.489539,-82.934985,VA,va,0.85
11032F,32.372789,-84.843361,Independent / Unknown,independent,0.0
11033F,33.411494,-82.149106,Independent / Unknown,independent,0.0
11035F,31.906922,-81.617511,Independent / Unknown,independent,0.0
110779,31.565466,-83.263747,Independent / Unknown,independent,0.0
111302,32.415886,-83.349077,Independent / Unknown,independent,0.0
111303,33.286454,-83.702299,Independent / Unknown,independent,0.0
111304,33.590645,-83.467554,Independent / Unknown,independent,0.0
111305,31.152104,-84.677706,Independent / Unknown,independent,0.0
111306,32.427261,-81.350003,Independent / Unknown,independent,0.0
111308,31.03051,-82.732846,Independent / Unknown,independent,0.0
111310,32.665355,-83.786087,Advocate Health,advocate_health,0.85
111311,32.816174,-81.969847,Independent / Unknown,independent,0.0
111312,32.753793,-81.603534,Independent / Unknown,independent,0.0
111313,33.322978,-83.370015,Independent / Unknown,independent,0.0
111314,31.333568,-84.947033,Independent / Unknown,independent,0.0
111316,32.900708,-84.729063,Independent / Unknown,independent,0.0
111318,33.043571,-83.93535,Independent / Unknown,independent,0.0
111319,33.294709,-83.975561,Wellstar,wellstar,0.85
111320,33.739243,-85.135434,Independent / Unknown,independent,0.0
111323,32.026236,-82.111225,Independent / Unknown,independent,0.0
111324,34.908448,-83.717767,Independent / Unknown,independent,0.0
111325,33.72809,-82.716244,Independent / Unknown,independent,0.0
111326,31.096894,-83.048473,Independent / Unknown,independent,0.0
111327,31.546546,-82.433529,Independent / Unknown,independent,0.0
111328,31.528949,-83.894253,Independent / Unknown,independent,0.0
111329,33.544289,-83.183971,Independent / Unknown,independent,0.0
111330,34.000642,-85.276805,Advocate Health,advocate_health,0.85
111331,31.210871,-84.280647,Independent / Unknown,independent,0.0
111332,30.773089,-83.556898,Independent / Unknown,independent,0.0
111333,31.813918,-82.602233,Independent / Unknown,independent,0.0
111334,32.416717,-82.070375,Independent / Unknown,independent,0.0
111335,31.836598,-81.616774,Independent / Unknown,independent,0.0
111336,34.907223,-83.369347,Independent / Unknown,independent,0.0
111337,34.105769,-82.793148,Independent / Unknown,independent,0.0
111338,34.821043,-84.322383,Independent / Unknown,independent,0.0
113300,33.827245,-84.322148,Independent / Unknown,independent,0.0
113301,33.88435,-84.374964,Independent / Unknown,independent,0.0
114004,33.949702,-83.993451,Independent / Unknown,independent,0.0
114008,31.980404,-81.085184,Independent / Unknown,independent,0.0
114010,33.946218,-84.318119,Independent / Unknown,independent,0.0
114012,33.877818,-84.501703,Independent / Unknown,independent,0.0
114013,32.472378285714285,-84.93734871428572,Independent / Unknown,independent,0.0
114016,31.257252,-81.342026,Independent / Unknown,independent,0.0
114019,33.690867,-84.248622,Independent / Unknown,independent,0.0
114028,32.04559975,-81.11645941666667,Independent / Unknown,independent,0.0
114029,33.346732,-81.967703,Independent / Unknown,independent,0.0
114032,33.622488,-84.523908,Independent / Unknown,independent,0.0
114035,33.557264,-84.400508,Independent / Unknown,independent,0.0
114036,30.86816,-83.34235,Independent / Unknown,independent,0.0
114037,33.780196,-83.692512,Independent / Unknown,independent,0.0
120001,21.316548,-157.845053,Independent / Unknown,independent,0.0
120002,20.89556,-156.529838,Independent / Unknown,independent,0.0
120005,19.65981,-155.232473,Independent / Unknown,independent,0.0
120006,21.395084,-157.758188,Adventist Health,adventist_health,0.85
120007,21.355506,-157.821647,Independent / Unknown,independent,0.0
120011,21.347097,-157.877337,Kaiser Permanente,kaiser_permanente,0.85
120014,22.011419,-159.405069,Independent / Unknown,independent,0.0
120019,19.534274,-155.892062,Independent / Unknown,independent,0.0
12001F,21.36005,-157.889776,Independent / Unknown,independent,0.0
120022,21.316548,-157.845053,Independent / Unknown,independent,0.0
120026,21.406053,-157.884952,Independent / Unknown,independent,0.0
120028,20.02661,-155.783672,Independent / Unknown,independent,0.0
121300,21.961892,-159.667851,Independent / Unknown,independent,0.0
121301,19.227605,-155.466558,Independent / Unknown,independent,0.0
121302,20.19059,-155.772657,Independent / Unknown,independent,0.0
121303,21.131173,-156.835237,Independent / Unknown,independent,0.0
121304,21.678079,-157.969207,Independent / Unknown,independent,0.0
121305,20.836482,-156.927377,Independent / Unknown,independent,0.0
121306,22.092807,-159.3525,Independent / Unknown,independent,0.0
121307,20.105628,-155.486032,Independent / Unknown,independent,0.0
121308,20.711696,-156.294358,Independent / Unknown,independent,0.0
123300,21.291518,-157.826869,Independent / Unknown,independent,0.0
123301,21.291518,-157.826869,Independent / Unknown,independent,0.0
124001,21.344782,-158.022298,Independent / Unknown,independent,0.0
130002,42.400555,-114.524876,Independent / Unknown,independent,0.0
130003,46.251696,-116.925017,Independent / Unknown,independent,0.0
130006,43.617164,-116.093176,Independent / Unknown,independent,0.0
130007,43.591442,-116.194224,Independent / Unknown,independent,0.0
130013,43.609972,-116.529149,Independent / Unknown,independent,0.0
130014,43.664057,-116.651729,Independent / Unknown,independent,0.0
130018,43.426779,-112.015502,Independent / Unknown,independent,0.0
130025,43.808572,-111.80862,Independent / Unknown,independent,0.0
130028,42.90602,-112.373628,Independent / Unknown,independent,0.0
13003F,43.665484,-116.14435,VA,va,0.85
130049,47.69066,-116.654917,Independent / Unknown,independent,0.0
130063,43.627161,-116.287653,Independent / Unknown,independent,0.0
130065,43.426779,-112.015502,Independent / Unknown,independent,0.0
130066,47.726351,-116.976065,Independent / Unknown,independent,0.0
130071,43.609972,-116.529149,Independent / Unknown,independent,0.0
130073,43.294732,-112.512503,Independent / Unknown,independent,0.0
130074,43.426779,-112.015502,Independent / Unknown,independent,0.0
130779,45.343874,-115.052335,Independent / Unknown,independent,0.0
131301,48.832637,-116.499445,Independent / Unknown,independent,0.0
131302,42.941821,-114.694121,Independent / Unknown,independent,0.0
131303,42.174414,-112.406564,Independent / Unknown,independent,0.0
131304,42.655458,-113.076465,Independent / Unknown,independent,0.0
131305,45.042699,-113.856993,Independent / Unknown,independent,0.0
131307,44.374148,-116.957099,Independent / Unknown,independent,0.0
131309,42.755078,-111.436316,Independent / Unknown,independent,0.0
131310,42.72853,-114.432126,Independent / Unknown,independent,0.0
131311,43.400748,-115.522903,Independent / Unknown,independent,0.0
131312,45.123654,-115.714849,Independent / Unknown,independent,0.0
131313,43.689055,-111.301074,Independent / Unknown,independent,0.0
131314,47.528666,-116.090583,Independent / Unknown,independent,0.0
131315,45.91803,-116.021573,Independent / Unknown,independent,0.0
131316,42.354653,-111.239581,Independent / Unknown,independent,0.0
131317,47.249038,-116.586899,Independent / Unknown,independent,0.0
131318,43.936819,-116.505193,Independent / Unknown,independent,0.0
131319,42.710955,-113.601781,Independent / Unknown,independent,0.0
131320,46.490702,-116.153159,Independent / Unknown,independent,0.0
131321,45.913366,-116.473604,Independent / Unknown,independent,0.0
131322,42.181249,-111.753213,Independent / Unknown,independent,0.0
131323,43.73613,-114.581947,Independent / Unknown,independent,0.0
131324,43.443926,-113.364262,Independent / Unknown,independent,0.0
131325,43.294732,-112.512503,Independent / Unknown,independent,0.0
131326,42.439238,-113.82098,Independent / Unknown,independent,0.0
131327,46.722245,-116.940158,Independent / Unknown,independent,0.0
131328,48.4349,-116.504282,Independent / Unknown,independent,0.0
134002,43.627161,-116.287653,Intermountain Health,intermountain_health,0.85
134009,43.627161,-116.287653,Independent / Unknown,independent,0.0
134010,43.294732,-112.512503,Independent / Unknown,independent,0.0
134017,43.573569,-116.400912,Independent / Unknown,independent,0.0
140001,40.543564,-90.024844,Independent / Unknown,independent,0.0
140002,38.939234,-90.134948,Independent / Unknown,independent,0.0
140007,41.548642,-88.128501,Independent / Unknown,independent,0.0
140008,41.903491,-87.86177,Independent / Unknown,independent,0.0
140010,42.054745,-87.692382,Independent / Unknown,independent,0.0
140011,37.819917,-89.02596,Independent / Unknown,independent,0.0
140012,41.82952,-89.477113,Independent / Unknown,independent,0.0
140013,41.334165,-89.142245,Independent / Unknown,independent,0.0
140015,39.931155,-91.388714,Independent / Unknown,independent,0.0
140018,41.84688,-87.670664,Independent / Unknown,independent,0.0
140029,41.745439,-88.241209,Independent / Unknown,independent,0.0
140030,42.040644,-88.311296,Advocate Health,advocate_health,0.85
140032,39.118715,-88.562384,Independent / Unknown,independent,0.0
140034,38.511028,-89.140496,SSM Health,ssm_health,0.85
14003F,41.880511,-87.687867,VA,va,0.85
140043,41.850006,-89.739377,Independent / Unknown,independent,0.0
140046,38.330513,-88.902367,Independent / Unknown,independent,0.0
140048,41.714417,-87.555761,Advocate Health,advocate_health,0.85
140049,41.894772,-87.789825,Independent / Unknown,independent,0.0
14004F,40.13236,-87.632069,Independent / Unknown,independent,0.0
140052,38.939234,-90.134948,Independent / Unknown,independent,0.0
140053,39.79111675,-89.653263875,Independent / Unknown,independent,0.0
140054,41.83288,-87.790063,Independent / Unknown,independent,0.0
140059,39.112832,-90.319526,Independent / Unknown,independent,0.0
140062,41.662446,-87.789969,Independent / Unknown,independent,0.0
140063,41.872468,-87.789331,Independent / Unknown,independent,0.0
140064,40.945179,-90.386567,Independent / Unknown,independent,0.0
140065,41.783546,-87.865993,AdventHealth,adventhealth,0.85
140067,40.700495833333335,-89.61350016666667,Independent / Unknown,independent,0.0
140068,41.691478,-87.618593,Independent / Unknown,independent,0.0
140077,38.582893,-90.125415,Independent / Unknown,independent,0.0
14007F,41.858344,-87.83791,VA,va,0.85
140080,42.02932,-87.68539,Independent / Unknown,independent,0.0
140082,41.972872,-87.662604,Independent / Unknown,independent,0.0
140083,41.880084,-87.756373,Independent / Unknown,independent,0.0
140084,42.354935,-87.860761,Independent / Unknown,independent,0.0
140088,41.782504,-87.602734,University of Chicago Medicine,university_of_chicago_medicine,0.85
140089,40.440435,-90.637925,Independent / Unknown,independent,0.0
14008F,37.711169,-88.914627,VA,va,0.85
140091,40.10952,-88.211031,Independent / Unknown,independent,0.0
140093,40.13236,-87.632069,Independent / Unknown,independent,0.0
140095,41.847101,-87.717611,Independent / Unknown,independent,0.0
140100,42.459988,-87.865021,Independent / Unknown,independent,0.0
140101,41.370016,-88.434265,Independent / Unknown,independent,0.0
140103,41.776232,-87.639527,Independent / Unknown,independent,0.0
140110,41.334165,-89.142245,Independent / Unknown,independent,0.0
140113,40.10952,-88.211031,Independent / Unknown,independent,0.0
140114,41.973081,-87.699751,Independent / Unknown,independent,0.0
140115,41.956153,-87.652994,Independent / Unknown,independent,0.0
140116,42.329613,-88.293245,Northwestern Medicine,northwestern_medicine,0.85
140117,41.994769,-87.813104,Independent / Unknown,independent,0.0
140119,41.880511,-87.687867,Rush,rush,0.85
140120,40.543623,-89.620621,Independent / Unknown,independent,0.0
140122,41.800683,-87.928172,AdventHealth,adventhealth,0.85
140124,41.880511,-87.687867,Independent / Unknown,independent,0.0
140125,38.714928,-90.09893,Independent / Unknown,independent,0.0
140127,40.528032,-88.947633,Independent / Unknown,independent,0.0
140130,42.235997,-87.864777,Independent / Unknown,independent,0.0
140133,41.775414,-87.711487,Independent / Unknown,independent,0.0
140135,39.901561,-88.989472,Independent / Unknown,independent,0.0
140137,38.890366,-89.427577,HSHS,hshs,0.85
140145,38.635005,-89.530995,Independent / Unknown,independent,0.0
140148,39.824222,-89.64273,Independent / Unknown,independent,0.0
140150,41.880511,-87.687867,Independent / Unknown,independent,0.0
140155,41.109438,-87.902817,Independent / Unknown,independent,0.0
140158,41.844883,-87.624032,Independent / Unknown,independent,0.0
140160,42.318865,-89.636977,Independent / Unknown,independent,0.0
140161,40.883301,-88.625907,Independent / Unknown,independent,0.0
140162,40.475855,-88.99267,Independent / Unknown,independent,0.0
140164,37.740824,-89.208976,Independent / Unknown,independent,0.0
140166,39.810171,-88.927784,Independent / Unknown,independent,0.0
140172,41.521399,-87.686878,Independent / Unknown,independent,0.0
140174,41.758878,-88.371865,Independent / Unknown,independent,0.0
140177,41.75934,-87.557025,Independent / Unknown,independent,0.0
140179,41.722001,-87.702446,Independent / Unknown,independent,0.0
140180,41.902172,-87.683337,Independent / Unknown,independent,0.0
140181,41.714417,-87.555761,Independent / Unknown,independent,0.0
140182,41.939411,-87.650704,Advocate Health,advocate_health,0.85
140184,37.711169,-88.914627,Independent / Unknown,independent,0.0
140185,38.536763,-90.000344,Independent / Unknown,independent,0.0
140186,41.109438,-87.902817,Independent / Unknown,independent,0.0
140187,38.600006,-89.915402,HSHS,hshs,0.85
140189,39.479932,-88.37585,Independent / Unknown,independent,0.0
140191,41.610251,-87.653038,Independent / Unknown,independent,0.0
140197,41.972872,-87.662604,Independent / Unknown,independent,0.0
140200,41.896843,-87.94124,Independent / Unknown,independent,0.0
140202,42.292606,-87.945317,Advocate Health,advocate_health,0.85
140206,41.902172,-87.683337,Independent / Unknown,independent,0.0
140208,41.714116,-87.752771,Advocate Health,advocate_health,0.85
140209,40.700495833333335,-89.61350016666667,Independent / Unknown,independent,0.0
140210,37.700824,-88.520323,Independent / Unknown,independent,0.0
140211,41.878343,-88.342072,Northwestern Medicine,northwestern_medicine,0.85
140213,41.508158,-87.960979,Independent / Unknown,independent,0.0
140217,42.040644,-88.311296,Independent / Unknown,independent,0.0
140223,42.013588,-87.844655,Advocate Health,advocate_health,0.85
140224,41.939411,-87.650704,Independent / Unknown,independent,0.0
140228,42.25172,-89.079945,Independent / Unknown,independent,0.0
140231,41.764585,-88.144165,Independent / Unknown,independent,0.0
140233,42.255157,-89.002313,Independent / Unknown,independent,0.0
140239,42.340866,-89.08745,Independent / Unknown,independent,0.0
140242,41.873621,-88.156243,Northwestern Medicine,northwestern_medicine,0.85
140251,41.946189,-87.806117,Independent / Unknown,independent,0.0
140252,42.064472,-87.98669,Independent / Unknown,independent,0.0
140258,42.023966,-87.999755,Independent / Unknown,independent,0.0
140275,41.496716,-90.411691,Independent / Unknown,independent,0.0
140276,41.879817,-87.84387,Independent / Unknown,independent,0.0
140280,41.477559,-90.575628,Independent / Unknown,independent,0.0
140281,41.894742,-87.615073,Northwestern Medicine,northwestern_medicine,0.85
140286,41.901263,-88.76155,Northwestern Medicine,northwestern_medicine,0.85
140288,41.81107,-88.024525,Advocate Health,advocate_health,0.85
140289,38.725658,-89.963126,Independent / Unknown,independent,0.0
140290,42.05087,-88.116615,Independent / Unknown,independent,0.0
140291,42.146498,-88.164654,Advocate Health,advocate_health,0.85
140292,41.918877,-88.078095,AdventHealth,adventhealth,0.85
140294,38.330513,-88.902367,Independent / Unknown,independent,0.0
140300,41.803261,-87.597934,Independent / Unknown,independent,0.0
140304,41.7006,-88.075006,AdventHealth,adventhealth,0.85
140308,42.230279,-88.329654,Independent / Unknown,independent,0.0
14034F,42.324058,-87.86157,VA,va,0.85
141300,39.29683,-90.415521,Independent / Unknown,independent,0.0
141301,40.029305,-88.583656,Independent / Unknown,independent,0.0
141302,42.413689,-90.375811,Independent / Unknown,independent,0.0
141303,40.146752,-88.953188,Independent / Unknown,independent,0.0
141304,41.210699,-90.717768,Independent / Unknown,independent,0.0
141305,40.409716,-91.095432,Independent / Unknown,independent,0.0
141306,39.014677,-89.798527,Independent / Unknown,independent,0.0
141307,38.091163,-89.40027,Independent / Unknown,independent,0.0
141308,38.318988,-89.401159,Independent / Unknown,independent,0.0
141309,40.708694,-89.264946,Independent / Unknown,independent,0.0
141310,41.543677,-89.084088,Independent / Unknown,independent,0.0
141311,38.36518,-88.357724,Independent / Unknown,independent,0.0
141312,41.950028,-89.06559,Independent / Unknown,independent,0.0
141313,40.285418,-90.061898,Independent / Unknown,independent,0.0
141315,39.590496,-90.769665,Independent / Unknown,independent,0.0
141316,40.466569,-87.661605,Independent / Unknown,independent,0.0
141317,40.46469,-88.36306,Independent / Unknown,independent,0.0
141318,40.909888,-90.651678,Independent / Unknown,independent,0.0
141319,41.467229,-90.149632,Independent / Unknown,independent,0.0
141320,39.599796,-87.702066,Independent / Unknown,independent,0.0
141321,38.006432,-88.92252,Independent / Unknown,independent,0.0
141322,40.139677,-89.366192,Independent / Unknown,independent,0.0
141323,37.233516,-88.724007,Independent / Unknown,independent,0.0
141324,37.847199,-88.441577,Independent / Unknown,independent,0.0
141325,41.26369,-89.944924,Independent / Unknown,independent,0.0
141326,38.066004,-88.539666,Independent / Unknown,independent,0.0
141327,38.415849,-87.85988,Independent / Unknown,independent,0.0
141328,37.424825,-88.365319,Independent / Unknown,independent,0.0
141329,41.826598,-89.963451,Independent / Unknown,independent,0.0
141330,40.416122,-89.435257,Independent / Unknown,independent,0.0
141331,38.00859,-89.252759,Independent / Unknown,independent,0.0
141332,39.141039,-89.47951,Independent / Unknown,independent,0.0
141333,40.136241,-90.542754,Independent / Unknown,independent,0.0
141334,37.771161,-89.353317,Independent / Unknown,independent,0.0
141335,42.423429,-88.610465,Independent / Unknown,independent,0.0
141336,38.755333,-89.667323,Independent / Unknown,independent,0.0
141337,41.389301,-89.439863,Independent / Unknown,independent,0.0
141338,37.942252,-89.788551,Independent / Unknown,independent,0.0
141339,39.559732,-89.287031,Independent / Unknown,independent,0.0
141340,41.648667,-88.634691,Independent / Unknown,independent,0.0
141341,39.401766,-89.105904,Independent / Unknown,independent,0.0
141342,37.462889,-89.177551,Independent / Unknown,independent,0.0
141343,38.992348,-87.764978,Independent / Unknown,independent,0.0
141344,38.744062,-87.639699,Independent / Unknown,independent,0.0
141345,38.638551,-88.927259,Independent / Unknown,independent,0.0
141346,38.958929,-89.130198,Independent / Unknown,independent,0.0
141347,39.28461,-89.883614,Independent / Unknown,independent,0.0
141348,38.20377,-89.991304,Independent / Unknown,independent,0.0
141349,38.116958,-89.717653,Independent / Unknown,independent,0.0
141350,39.175595,-89.674359,Independent / Unknown,independent,0.0
141351,38.660786,-88.49381,Independent / Unknown,independent,0.0
141352,39.738301,-90.220141,Independent / Unknown,independent,0.0
141353,40.793923,-87.741344,Independent / Unknown,independent,0.0
141354,39.416775,-88.803851,HSHS,hshs,0.85
141355,38.713171,-88.089293,Independent / Unknown,independent,0.0
143300,41.894742,-87.615073,Independent / Unknown,independent,0.0
143301,41.75934,-87.557025,Independent / Unknown,independent,0.0
143302,41.921752,-87.807437,Independent / Unknown,independent,0.0
144009,41.867031,-87.817934,Independent / Unknown,independent,0.0
144010,41.946189,-87.806117,Independent / Unknown,independent,0.0
144016,38.939234,-90.134948,Independent / Unknown,independent,0.0
144021,39.763035,-89.631099,Independent / Unknown,independent,0.0
144026,41.880084,-87.756373,Independent / Unknown,independent,0.0
144028,41.858344,-87.83791,Independent / Unknown,independent,0.0
144029,40.11212,-88.244315,Independent / Unknown,independent,0.0
144031,42.05087,-88.116615,Independent / Unknown,independent,0.0
144034,42.020586,-88.177771,Independent / Unknown,independent,0.0
144035,41.764585,-88.144165,Independent / Unknown,independent,0.0
144037,42.040644,-88.311296,Independent / Unknown,independent,0.0
144038,37.462889,-89.177551,Independent / Unknown,independent,0.0
144039,41.880504,-87.724444,Independent / Unknown,independent,0.0
144040,42.052719,-87.892061,Independent / Unknown,independent,0.0
144041,41.508158,-87.960979,Independent / Unknown,independent,0.0
144042,42.354935,-87.860761,Independent / Unknown,independent,0.0
144043,41.972872,-87.662604,Independent / Unknown,independent,0.0
150001,39.473489,-86.043592,Independent / Unknown,independent,0.0
150002,41.61783,-87.337827,Independent / Unknown,independent,0.0
150005,39.777144,-86.551807,Independent / Unknown,independent,0.0
150006,41.607057,-86.721724,Independent / Unknown,independent,0.0
150007,40.437275,-86.094553,Independent / Unknown,independent,0.0
150008,41.650459,-87.451123,Independent / Unknown,independent,0.0
150009,38.332415,-85.696087,Independent / Unknown,independent,0.0
150010,40.7265955,-86.07037132258064,Ascension,ascension,0.85
150011,40.599427,-85.629225,Independent / Unknown,independent,0.0
150012,41.693491,-86.146569,Independent / Unknown,independent,0.0
150015,41.689234,-86.86512,Independent / Unknown,independent,0.0
150017,41.054212,-85.239056,Independent / Unknown,independent,0.0
150018,41.722679,-85.974999,Independent / Unknown,independent,0.0
150021,41.212012,-85.108798,Independent / Unknown,independent,0.0
150022,40.037689,-86.902157,Independent / Unknown,independent,0.0
150023,39.497817,-87.390537,Independent / Unknown,independent,0.0
150024,39.7841,-86.161616,Independent / Unknown,independent,0.0
150026,41.558788,-85.87665,Independent / Unknown,independent,0.0
150030,39.932041,-85.369568,Independent / Unknown,independent,0.0
150034,41.518185,-87.244908,Independent / Unknown,independent,0.0
150035,41.457895,-87.002008,Independent / Unknown,independent,0.0
150037,39.801973,-85.772071,Independent / Unknown,independent,0.0
15003F,39.7841,-86.161616,VA,va,0.85
150042,38.628561,-87.501485,Independent / Unknown,independent,0.0
150044,38.283804,-85.847721,Baptist Health,baptist_health,0.85
150045,41.341594,-85.032655,Independent / Unknown,independent,0.0
150046,39.350856,-87.413513,Independent / Unknown,independent,0.0
150047,41.069304,-85.16516,Independent / Unknown,independent,0.0
150048,39.833762,-84.889666,Independent / Unknown,independent,0.0
15004F,40.519416,-85.645071,Independent / Unknown,independent,0.0
150051,39.085219,-86.61234,IU Health,iu_health,0.85
150056,39.7841,-86.161616,IU Health,iu_health,0.85
150057,39.579356,-86.373602,Independent / Unknown,independent,0.0
150058,41.670274,-86.252661,Independent / Unknown,independent,0.0
150059,40.062575,-85.933198,Independent / Unknown,independent,0.0
150061,38.66192,-87.174714,Independent / Unknown,independent,0.0
150065,38.966218,-85.925728,Independent / Unknown,independent,0.0
150069,38.811483,-85.362137,Independent / Unknown,independent,0.0
150072,40.760974,-86.373099,Independent / Unknown,independent,0.0
150074,39.78393,-86.044636,Independent / Unknown,independent,0.0
150075,40.722652,-85.176526,Independent / Unknown,independent,0.0
150076,41.355358,-86.325957,Independent / Unknown,independent,0.0
150082,37.99812711111111,-87.56245266666667,Independent / Unknown,independent,0.0
150084,39.896902,-86.178492,Ascension,ascension,0.85
150086,39.153346,-84.874001,Independent / Unknown,independent,0.0
150088,40.097821,-85.681485,Ascension,ascension,0.85
150089,40.271643,-85.377772,IU Health,iu_health,0.85
150090,41.468381,-87.509187,Independent / Unknown,independent,0.0
150091,40.876437,-85.497441,Independent / Unknown,independent,0.0
150097,39.526531,-85.773369,Independent / Unknown,independent,0.0
150100,37.99812711111111,-87.56245266666667,Ascension,ascension,0.85
150101,41.153386,-85.47415,Independent / Unknown,independent,0.0
150102,41.285345,-86.617818,Independent / Unknown,independent,0.0
150104,40.044295,-86.460975,Independent / Unknown,independent,0.0
150109,40.421886,-86.763599,Independent / Unknown,independent,0.0
150112,39.148221,-85.999407,Independent / Unknown,independent,0.0
150113,40.130099,-85.760763,Independent / Unknown,independent,0.0
150115,38.418741,-86.9326,Independent / Unknown,independent,0.0
150125,41.54751,-87.503268,Independent / Unknown,independent,0.0
150126,41.40206,-87.325371,Independent / Unknown,independent,0.0
150128,39.674763,-86.132676,Independent / Unknown,independent,0.0
150133,41.213832,-85.869547,Independent / Unknown,independent,0.0
150146,41.449152,-85.275111,Independent / Unknown,independent,0.0
150149,37.952897,-87.34647,Independent / Unknown,independent,0.0
150150,41.15698,-85.128322,Independent / Unknown,independent,0.0
150153,39.93453,-86.161858,Independent / Unknown,independent,0.0
150157,39.966569,-86.175131,Ascension,ascension,0.85
150158,39.764437,-86.403388,IU Health,iu_health,0.85
150160,39.892944,-86.298055,Independent / Unknown,independent,0.0
150161,39.966569,-86.175131,IU Health,iu_health,0.85
150162,39.67189,-86.074788,Independent / Unknown,independent,0.0
150165,41.54751,-87.503268,Independent / Unknown,independent,0.0
150166,41.40206,-87.325371,Independent / Unknown,independent,0.0
150167,41.212012,-85.108798,Independent / Unknown,independent,0.0
150168,41.054212,-85.239056,Independent / Unknown,independent,0.0
150169,39.908383,-86.013138,Independent / Unknown,independent,0.0
150172,38.283804,-85.847721,Independent / Unknown,independent,0.0
150173,40.421886,-86.763599,IU Health,iu_health,0.85
150177,41.693491,-86.146569,Independent / Unknown,independent,0.0
150179,39.908383,-86.013138,Independent / Unknown,independent,0.0
150181,39.962809,-85.943916,Ascension,ascension,0.85
150183,39.085219,-86.61234,Independent / Unknown,independent,0.0
150193,39.966569,-86.175131,Independent / Unknown,independent,0.0
150195,41.40206,-87.325371,Independent / Unknown,independent,0.0
151300,41.462622,-86.1724,Independent / Unknown,independent,0.0
151301,40.167974,-84.987308,Ascension,ascension,0.85
151303,39.008555,-85.627378,Ascension,ascension,0.85
151304,39.600822,-85.4309,Independent / Unknown,independent,0.0
151305,41.062011,-86.657974,Independent / Unknown,independent,0.0
151306,38.510025,-86.451821,IU Health,iu_health,0.85
151307,40.309014,-87.412707,Ascension,ascension,0.85
151308,40.296875,-85.832902,Ascension,ascension,0.85
151309,39.523629,-87.123313,Ascension,ascension,0.85
151310,40.784517,-85.830509,Independent / Unknown,independent,0.0
151311,40.28526,-86.068828,IU Health,iu_health,0.85
151312,40.788336,-86.751934,IU Health,iu_health,0.85
151313,41.075008,-86.251456,Independent / Unknown,independent,0.0
151314,38.60699,-86.093464,Ascension,ascension,0.85
151315,41.65494,-85.011464,Independent / Unknown,independent,0.0
151316,40.295035,-86.493864,IU Health,iu_health,0.85
151317,39.039441,-87.174106,Independent / Unknown,independent,0.0
151318,40.757804,-86.061165,Independent / Unknown,independent,0.0
151319,38.346347,-87.57818,Independent / Unknown,independent,0.0
151320,40.419044,-84.962812,IU Health,iu_health,0.85
151322,38.036352,-86.693738,Independent / Unknown,independent,0.0
151323,41.634364,-85.377512,Independent / Unknown,independent,0.0
151324,40.986173,-87.112979,Independent / Unknown,independent,0.0
151325,38.051443,-87.254533,Ascension,ascension,0.85
151326,39.678173,-87.453638,Independent / Unknown,independent,0.0
151327,39.089471,-87.411406,Independent / Unknown,independent,0.0
151328,38.863494,-86.45223,IU Health,iu_health,0.85
151329,39.285876,-85.212717,Independent / Unknown,independent,0.0
151330,40.83052,-84.939705,Independent / Unknown,independent,0.0
151331,38.186146,-86.145426,Independent / Unknown,independent,0.0
151332,39.306027,-85.478417,Independent / Unknown,independent,0.0
151333,39.654571,-86.893996,Independent / Unknown,independent,0.0
151334,38.685201,-85.844056,Independent / Unknown,independent,0.0
154005,40.479649,-86.989218,Independent / Unknown,independent,0.0
154008,39.80713,-86.099554,Independent / Unknown,independent,0.0
154009,39.497817,-87.390537,Independent / Unknown,independent,0.0
154011,39.153346,-84.874001,Independent / Unknown,independent,0.0
154014,41.208342,-85.684902,Independent / Unknown,independent,0.0
154018,39.833762,-84.889666,Independent / Unknown,independent,0.0
154019,38.811483,-85.362137,Independent / Unknown,independent,0.0
154020,41.482028,-87.334679,Independent / Unknown,independent,0.0
154021,40.599427,-85.629225,Independent / Unknown,independent,0.0
154024,39.595658,-86.113954,Independent / Unknown,independent,0.0
154031,41.447850375,-86.05991808333333,Independent / Unknown,independent,0.0
154035,40.760974,-86.373099,Independent / Unknown,independent,0.0
154041,39.219531,-86.591137,Independent / Unknown,independent,0.0
154047,41.355358,-86.325957,Independent / Unknown,independent,0.0
154050,41.341594,-85.032655,Independent / Unknown,independent,0.0
154051,38.332415,-85.696087,Independent / Unknown,independent,0.0
154052,41.457895,-87.002008,Independent / Unknown,independent,0.0
154054,39.350856,-87.413513,Independent / Unknown,independent,0.0
154055,37.952897,-87.34647,Independent / Unknown,independent,0.0
154056,37.956614,-87.521291,Independent / Unknown,independent,0.0
154057,39.839211,-86.048552,Independent / Unknown,independent,0.0
154058,41.462622,-86.1724,Independent / Unknown,independent,0.0
154059,40.421886,-86.763599,Independent / Unknown,independent,0.0
154060,41.10011,-85.117711,Independent / Unknown,independent,0.0
154061,41.693491,-86.146569,Independent / Unknown,independent,0.0
154063,39.848326,-86.269687,Independent / Unknown,independent,0.0
154064,39.792817,-86.291528,Independent / Unknown,independent,0.0
154065,41.40206,-87.325371,Independent / Unknown,independent,0.0
154066,38.31313,-85.7686,Independent / Unknown,independent,0.0
154067,39.68999,-86.392709,Independent / Unknown,independent,0.0
154068,39.595658,-86.113954,Independent / Unknown,independent,0.0
154070,41.142084,-85.25788,Independent / Unknown,independent,0.0
154071,39.848326,-86.269687,Independent / Unknown,independent,0.0
154072,38.299143,-86.966966,Independent / Unknown,independent,0.0
160001,42.049806,-92.900739,Independent / Unknown,independent,0.0
160013,41.439931,-91.064259,Independent / Unknown,independent,0.0
160016,42.49164,-94.187122,Independent / Unknown,independent,0.0
160028,41.22322,-95.784481,Independent / Unknown,independent,0.0
160029,41.672878,-91.512105,Independent / Unknown,independent,0.0
160030,42.030826,-93.5883,Independent / Unknown,independent,0.0
160032,41.710803,-93.039775,Independent / Unknown,independent,0.0
160033,41.538947,-90.555977,Independent / Unknown,independent,0.0
16003F,41.627582,-93.67266,Independent / Unknown,independent,0.0
160040,42.531411,-92.485861,Independent / Unknown,independent,0.0
160045,42.023172,-91.659613,Independent / Unknown,independent,0.0
160047,41.22322,-95.784481,Independent / Unknown,independent,0.0
16004F,41.648386,-91.596793,VA,va,0.85
160057,40.847264,-91.213914,Independent / Unknown,independent,0.0
160058,41.662939,-91.54355,Independent / Unknown,independent,0.0
160064,43.154082,-93.199836,Independent / Unknown,independent,0.0
160067,42.461502,-92.313745,Independent / Unknown,independent,0.0
160069,42.548323,-90.69367,Independent / Unknown,independent,0.0
160079,41.965959,-91.566054,Independent / Unknown,independent,0.0
160080,41.891044,-90.253005,Independent / Unknown,independent,0.0
160082,41.584192,-93.621998,Independent / Unknown,independent,0.0
160083,41.604964,-93.6312,Independent / Unknown,independent,0.0
160089,41.044369,-92.42906,Independent / Unknown,independent,0.0
160101,41.604964,-93.6312,Independent / Unknown,independent,0.0
160104,41.570155,-90.470122,Independent / Unknown,independent,0.0
160110,42.548059,-92.286431,Independent / Unknown,independent,0.0
160112,43.153092,-95.149793,Independent / Unknown,independent,0.0
160117,42.548323,-90.69367,Independent / Unknown,independent,0.0
160124,43.43372,-95.0859,Independent / Unknown,independent,0.0
160146,42.534533,-96.403167,Independent / Unknown,independent,0.0
160147,41.7334,-92.712678,Independent / Unknown,independent,0.0
160153,42.493688,-96.394184,Independent / Unknown,independent,0.0
161301,42.842924,-93.623061,Independent / Unknown,independent,0.0
161302,42.736483,-93.747336,Independent / Unknown,independent,0.0
161303,42.356537,-92.794961,Independent / Unknown,independent,0.0
161304,41.009059,-94.768784,Independent / Unknown,independent,0.0
161305,42.718938,-94.699661,Independent / Unknown,independent,0.0
161306,42.116219,-91.289568,Independent / Unknown,independent,0.0
161307,43.118278,-93.814497,Independent / Unknown,independent,0.0
161308,42.739747,-93.220628,Independent / Unknown,independent,0.0
161309,41.559503,-95.915257,Independent / Unknown,independent,0.0
161310,41.294526,-94.405017,Independent / Unknown,independent,0.0
161311,43.00674,-96.463475,Independent / Unknown,independent,0.0
161312,42.742443,-91.116701,Independent / Unknown,independent,0.0
161313,41.838299,-90.519654,Independent / Unknown,independent,0.0
161314,41.68324,-94.561556,Independent / Unknown,independent,0.0
161315,41.316623,-92.191359,Independent / Unknown,independent,0.0
161316,42.99367,-91.823872,Independent / Unknown,independent,0.0
161317,41.788512,-92.08237,Independent / Unknown,independent,0.0
161318,43.271159,-91.48377,Independent / Unknown,independent,0.0
161319,42.834004,-91.426289,Independent / Unknown,independent,0.0
161320,42.838035,-92.115326,Independent / Unknown,independent,0.0
161321,43.428834,-96.164704,Independent / Unknown,independent,0.0
161322,41.836423,-94.121285,Independent / Unknown,independent,0.0
161323,43.306168,-92.818741,Independent / Unknown,independent,0.0
161324,40.626185,-95.661417,Independent / Unknown,independent,0.0
161325,42.013286,-94.376733,Independent / Unknown,independent,0.0
161326,41.326464,-94.049041,Independent / Unknown,independent,0.0
161327,40.734974,-92.413637,Independent / Unknown,independent,0.0
161328,43.371394,-92.112398,Independent / Unknown,independent,0.0
161329,42.101196,-90.680278,Independent / Unknown,independent,0.0
161330,41.756245,-94.920368,Independent / Unknown,independent,0.0
161331,43.095838,-92.329051,Independent / Unknown,independent,0.0
161332,41.907807,-95.056903,Independent / Unknown,independent,0.0
161333,42.033498,-93.444377,Independent / Unknown,independent,0.0
161334,42.71368,-94.222776,Independent / Unknown,independent,0.0
161335,42.477522,-91.897752,Independent / Unknown,independent,0.0
161336,43.193752,-96.338127,Independent / Unknown,independent,0.0
161337,40.742078,-91.934499,Independent / Unknown,independent,0.0
161338,42.688662,-91.937486,Independent / Unknown,independent,0.0
161339,42.766686,-92.43976,Independent / Unknown,independent,0.0
161340,40.733083,-93.737338,Independent / Unknown,independent,0.0
161341,41.03445,-93.295463,Independent / Unknown,independent,0.0
161342,41.025726,-92.819758,Independent / Unknown,independent,0.0
161343,42.490877,-91.453192,Independent / Unknown,independent,0.0
161344,41.298834,-91.715643,Independent / Unknown,independent,0.0
161345,43.407372,-95.730959,Independent / Unknown,independent,0.0
161346,43.090933,-96.205811,Independent / Unknown,independent,0.0
161347,43.080502,-92.658778,Independent / Unknown,independent,0.0
161348,41.033119,-93.764729,Independent / Unknown,independent,0.0
161349,42.172181,-92.009259,Independent / Unknown,independent,0.0
161350,42.266,-94.734403,Independent / Unknown,independent,0.0
161351,43.403986,-94.803653,Independent / Unknown,independent,0.0
161352,40.745841,-95.04658,Independent / Unknown,independent,0.0
161353,43.07508,-94.219197,Independent / Unknown,independent,0.0
161354,42.328061,-95.467708,Independent / Unknown,independent,0.0
161355,41.302889,-93.107738,Independent / Unknown,independent,0.0
161356,40.98772,-91.590166,Independent / Unknown,independent,0.0
161357,43.117413,-94.695427,Independent / Unknown,independent,0.0
161358,40.755224,-93.319639,Independent / Unknown,independent,0.0
161359,42.03254,-96.068714,Independent / Unknown,independent,0.0
161360,43.024397,-96.077033,Independent / Unknown,independent,0.0
161361,42.461417,-93.822578,Independent / Unknown,independent,0.0
161362,42.745429,-95.560413,Independent / Unknown,independent,0.0
161363,41.015123,-95.229709,Independent / Unknown,independent,0.0
161364,41.024219,-91.927519,Independent / Unknown,independent,0.0
161365,41.078671,-94.401822,Independent / Unknown,independent,0.0
161366,40.735527,-95.346985,Independent / Unknown,independent,0.0
161367,41.420701,-92.896694,Independent / Unknown,independent,0.0
161368,42.80324,-96.186428,Independent / Unknown,independent,0.0
161369,42.031456,-95.356532,Independent / Unknown,independent,0.0
161370,42.432773,-94.985626,Independent / Unknown,independent,0.0
161371,43.366329,-91.772937,Independent / Unknown,independent,0.0
161372,42.085446,-93.849635,Independent / Unknown,independent,0.0
161373,40.679375,-94.21277,Independent / Unknown,independent,0.0
161374,41.650135,-95.297189,Independent / Unknown,independent,0.0
161375,42.654596,-95.161555,Independent / Unknown,independent,0.0
161376,41.416276,-95.006341,Independent / Unknown,independent,0.0
161377,40.706642,-92.912272,Independent / Unknown,independent,0.0
161378,42.503641,-91.14169,Independent / Unknown,independent,0.0
161379,41.273342,-92.662306,Independent / Unknown,independent,0.0
161380,42.510523,-93.255315,Independent / Unknown,independent,0.0
161381,43.182369,-95.865607,Independent / Unknown,independent,0.0
161382,42.06492,-94.870021,Independent / Unknown,independent,0.0
164002,42.745429,-95.560413,Independent / Unknown,independent,0.0
164003,42.477522,-91.897752,Independent / Unknown,independent,0.0
164006,41.570155,-90.470122,Independent / Unknown,independent,0.0
164007,41.613586,-93.799124,Independent / Unknown,independent,0.0
170006,37.393878,-94.710478,Independent / Unknown,independent,0.0
170009,39.272723,-94.980405,Independent / Unknown,independent,0.0
170012,38.831832,-97.65455,Independent / Unknown,independent,0.0
170013,38.873553,-99.34086,Independent / Unknown,independent,0.0
170014,38.619765,-95.284211,AdventHealth,adventhealth,0.85
170016,39.061436,-95.719951,Independent / Unknown,independent,0.0
170017,37.857264,-96.780718,Independent / Unknown,independent,0.0
170020,38.126714,-97.929805,Independent / Unknown,independent,0.0
170023,38.026003,-100.778949,Independent / Unknown,independent,0.0
170027,37.634439,-98.773642,Independent / Unknown,independent,0.0
17002F,39.09167,-96.790143,Independent / Unknown,independent,0.0
170040,39.055816,-94.610055,Independent / Unknown,independent,0.0
170049,38.893755,-94.879968,Independent / Unknown,independent,0.0
17005F,39.026315,-95.722224,Independent / Unknown,independent,0.0
170068,37.097866,-100.895222,Independent / Unknown,independent,0.0
170074,38.973521,-96.803091,Stormont Vail,stormont_vail,0.85
170086,39.039022,-95.726188,Stormont Vail,stormont_vail,0.85
17008F,37.668511,-97.280361,VA,va,0.85
170103,38.067626,-97.291649,Independent / Unknown,independent,0.0
170104,38.990381,-94.678214,AdventHealth,adventhealth,0.85
170105,38.382552,-97.699453,Independent / Unknown,independent,0.0
170109,38.574468,-94.8667,Independent / Unknown,independent,0.0
170120,37.338103,-95.253064,Independent / Unknown,independent,0.0
170122,37.707178,-97.31775,Ascension,ascension,0.85
170123,37.707178,-97.31775,Independent / Unknown,independent,0.0
170137,39.032931,-95.209092,Independent / Unknown,independent,0.0
170142,39.139945,-96.528718,Ascension,ascension,0.85
170146,39.114938,-94.770067,Providence,providence,0.85
170175,37.730131,-100.060083,Independent / Unknown,independent,0.0
170176,38.9558,-94.743054,Independent / Unknown,independent,0.0
170182,38.900851,-94.634114,Independent / Unknown,independent,0.0
170183,37.768695,-97.220336,Independent / Unknown,independent,0.0
170185,38.899195,-94.703706,Independent / Unknown,independent,0.0
170186,37.768695,-97.220336,Independent / Unknown,independent,0.0
170187,38.831832,-97.65455,Independent / Unknown,independent,0.0
170188,38.925119,-94.635626,Independent / Unknown,independent,0.0
170190,39.139945,-96.528718,Independent / Unknown,independent,0.0
170191,38.352915,-98.798117,Independent / Unknown,independent,0.0
170194,38.925119,-94.635626,Independent / Unknown,independent,0.0
170196,37.768695,-97.220336,Independent / Unknown,independent,0.0
170197,37.700824,-97.106918,Independent / Unknown,independent,0.0
170198,38.126714,-97.929805,Independent / Unknown,independent,0.0
170199,38.953198,-94.778381,Independent / Unknown,independent,0.0
170200,37.688993,-97.500046,Independent / Unknown,independent,0.0
170203,37.12578,-94.655261,Independent / Unknown,independent,0.0
170204,37.571832,-97.217235,Independent / Unknown,independent,0.0
170208,38.861597,-94.668768,AdventHealth,adventhealth,0.85
170779,37.068836,-96.995926,Independent / Unknown,independent,0.0
170780,38.200195,-97.542678,Independent / Unknown,independent,0.0
170781,38.591491,-99.333997,Independent / Unknown,independent,0.0
171300,38.689472,-99.917014,Independent / Unknown,independent,0.0
171301,38.297376,-98.544467,Independent / Unknown,independent,0.0
171303,38.470501,-100.441624,Independent / Unknown,independent,0.0
171304,37.185621,-99.79598,Independent / Unknown,independent,0.0
171306,38.473999,-101.390429,Independent / Unknown,independent,0.0
171307,39.808975,-101.111247,Independent / Unknown,independent,0.0
171308,37.156583,-94.895319,Independent / Unknown,independent,0.0
171309,39.796509,-98.215629,Independent / Unknown,independent,0.0
171310,39.797204,-101.836735,Independent / Unknown,independent,0.0
171311,39.212155,-99.334632,Independent / Unknown,independent,0.0
171312,37.171432,-99.279961,Independent / Unknown,independent,0.0
171313,38.022313,-101.299594,Independent / Unknown,independent,0.0
171314,39.328599,-95.246083,Independent / Unknown,independent,0.0
171315,39.850557,-96.044691,Independent / Unknown,independent,0.0
171316,38.277458,-95.276974,Independent / Unknown,independent,0.0
171317,37.938109,-99.472318,Independent / Unknown,independent,0.0
171318,37.137644,-96.217607,Independent / Unknown,independent,0.0
171319,39.468312,-95.70384,Independent / Unknown,independent,0.0
171321,37.176517,-100.31727,Independent / Unknown,independent,0.0
171322,38.0048,-101.810208,Independent / Unknown,independent,0.0
171323,37.969088,-98.586679,Independent / Unknown,independent,0.0
171324,37.529415,-101.021561,Independent / Unknown,independent,0.0
171325,39.370009,-99.830399,Independent / Unknown,independent,0.0
171326,39.070273,-100.859845,Independent / Unknown,independent,0.0
171327,38.759762,-98.221114,Independent / Unknown,independent,0.0
171328,39.142355,-97.69582,Independent / Unknown,independent,0.0
171329,37.076932,-97.626852,Independent / Unknown,independent,0.0
171330,38.371059,-98.184884,Independent / Unknown,independent,0.0
171331,37.072489,-98.553014,Independent / Unknown,independent,0.0
171332,37.57504,-99.316072,Independent / Unknown,independent,0.0
171333,38.569827,-98.750563,Independent / Unknown,independent,0.0
171334,37.265078,-98.664433,Independent / Unknown,independent,0.0
171335,37.161192,-101.328612,Independent / Unknown,independent,0.0
171336,38.399335,-99.939209,Independent / Unknown,independent,0.0
171337,39.231558,-96.295611,Independent / Unknown,independent,0.0
171338,39.876714,-95.836775,Independent / Unknown,independent,0.0
171339,37.854518,-96.322318,Independent / Unknown,independent,0.0
171341,39.86304,-95.554804,Independent / Unknown,independent,0.0
171343,37.540963,-101.698775,Independent / Unknown,independent,0.0
171344,37.414353,-95.698279,Independent / Unknown,independent,0.0
171345,38.179706,-99.126865,Independent / Unknown,independent,0.0
171346,37.104737,-98.05679,Independent / Unknown,independent,0.0
171347,39.356281,-100.364317,Independent / Unknown,independent,0.0
171348,39.835348,-99.954228,Independent / Unknown,independent,0.0
171349,39.560035,-97.63895,Independent / Unknown,independent,0.0
171350,38.849085,-98.88253,Independent / Unknown,independent,0.0
171351,39.835272,-97.063088,Independent / Unknown,independent,0.0
171352,39.834858,-100.562519,Independent / Unknown,independent,0.0
171353,39.820462,-99.33761,Independent / Unknown,independent,0.0
171354,39.470744,-96.229434,Independent / Unknown,independent,0.0
171355,38.993852,-99.905192,Independent / Unknown,independent,0.0
171356,38.364105,-97.006364,Independent / Unknown,independent,0.0
171357,38.340735,-97.233749,Independent / Unknown,independent,0.0
171358,38.59624,-97.680439,Independent / Unknown,independent,0.0
171359,38.470775,-101.794586,Independent / Unknown,independent,0.0
171360,39.028528,-98.162663,Independent / Unknown,independent,0.0
171361,39.826457,-97.635469,Independent / Unknown,independent,0.0
171362,39.394217,-101.050067,Independent / Unknown,independent,0.0
171363,39.858566,-96.644306,Independent / Unknown,independent,0.0
171364,39.378657,-98.740571,Independent / Unknown,independent,0.0
171365,39.88701,-96.878386,Independent / Unknown,independent,0.0
171367,38.99481,-100.232863,Independent / Unknown,independent,0.0
171368,37.435511,-99.96837,Independent / Unknown,independent,0.0
171369,38.100966,-100.001318,Independent / Unknown,independent,0.0
171370,39.346277,-101.773872,Independent / Unknown,independent,0.0
171371,39.330815,-97.181145,Independent / Unknown,independent,0.0
171372,38.492412,-100.916937,Independent / Unknown,independent,0.0
171373,37.933761,-95.415032,Independent / Unknown,independent,0.0
171374,37.551477,-95.861095,Independent / Unknown,independent,0.0
171375,39.400935,-98.085468,Independent / Unknown,independent,0.0
171376,37.508867,-94.879644,Independent / Unknown,independent,0.0
171377,39.819725,-98.794227,Independent / Unknown,independent,0.0
171378,37.621851,-98.119542,Independent / Unknown,independent,0.0
171379,38.64016,-96.473816,Independent / Unknown,independent,0.0
171380,37.648326,-95.457198,Independent / Unknown,independent,0.0
171381,38.956476,-97.21909,Independent / Unknown,independent,0.0
171382,39.55166,-95.140354,Independent / Unknown,independent,0.0
171383,37.248449,-96.963204,Independent / Unknown,independent,0.0
171384,38.411743,-96.223507,Independent / Unknown,independent,0.0
171385,38.217399,-95.748127,Independent / Unknown,independent,0.0
171386,37.062774,-101.867684,Independent / Unknown,independent,0.0
171388,37.598434,-101.322308,Independent / Unknown,independent,0.0
173300,38.925119,-94.635626,Independent / Unknown,independent,0.0
174006,38.179706,-99.126865,Independent / Unknown,independent,0.0
174020,38.838296,-94.784409,Independent / Unknown,independent,0.0
174022,38.480714,-94.988936,Independent / Unknown,independent,0.0
174026,37.749466,-97.423567,Independent / Unknown,independent,0.0
174027,37.768695,-97.220336,Independent / Unknown,independent,0.0
180001,39.082436,-84.457113,Independent / Unknown,independent,0.0
180002,37.136052,-82.854851,Independent / Unknown,independent,0.0
180004,37.144971,-87.199195,Independent / Unknown,independent,0.0
180005,37.657381,-82.758826,Independent / Unknown,independent,0.0
180009,38.47752,-82.650548,Independent / Unknown,independent,0.0
180010,38.042413,-84.544016,Independent / Unknown,independent,0.0
180011,37.133373,-84.119167,Independent / Unknown,independent,0.0
180012,37.703239,-85.839548,Baptist Health,baptist_health,0.85
180013,37.058097,-86.463061,Independent / Unknown,independent,0.0
180016,38.212858,-85.208553,Independent / Unknown,independent,0.0
180017,36.939496,-85.903352,Independent / Unknown,independent,0.0
180018,38.204266,-83.428079,Independent / Unknown,independent,0.0
180019,38.601939,-83.777402,Independent / Unknown,independent,0.0
180020,36.619993,-83.731847,Independent / Unknown,independent,0.0
180024,37.544245,-85.225566,Independent / Unknown,independent,0.0
180025,37.802403,-85.469858,Independent / Unknown,independent,0.0
180027,36.619748,-88.280465,Independent / Unknown,independent,0.0
180029,37.295501,-83.182614,Independent / Unknown,independent,0.0
180035,39.029195,-84.562134,Independent / Unknown,independent,0.0
180038,37.75704,-87.052531,Independent / Unknown,independent,0.0
18003F,36.639356,-87.473311,Independent / Unknown,independent,0.0
180040,38.252811,-85.751946,Independent / Unknown,independent,0.0
180043,37.164273,-83.715454,AdventHealth,adventhealth,0.85
180044,37.507592,-82.518773,Independent / Unknown,independent,0.0
180045,38.987219,-84.647016,Independent / Unknown,independent,0.0
180046,38.202562,-84.20986,Independent / Unknown,independent,0.0
180048,37.644519,-84.806497,Independent / Unknown,independent,0.0
180049,37.76237,-84.304577,Baptist Health,baptist_health,0.85
180050,36.760179,-83.328572,Independent / Unknown,independent,0.0
180051,36.93991883333333,-86.98972313333334,Independent / Unknown,independent,0.0
180056,37.799192,-87.516119,Independent / Unknown,independent,0.0
180064,38.065465,-83.948822,Independent / Unknown,independent,0.0
180066,36.859607,-86.881288,Independent / Unknown,independent,0.0
180067,38.029809,-84.507281,Independent / Unknown,independent,0.0
180069,37.66069,-82.284318,Independent / Unknown,independent,0.0
18006F,38.256501,-85.701621,VA,va,0.85
180070,37.478269,-86.314913,Independent / Unknown,independent,0.0
180078,37.82029,-82.783724,Independent / Unknown,independent,0.0
180079,38.413134,-84.297476,Independent / Unknown,independent,0.0
18007F,38.010953,-84.483191,VA,va,0.85
180080,36.913613,-84.168147,Baptist Health,baptist_health,0.85
180087,37.390302,-85.380067,Independent / Unknown,independent,0.0
180088,38.252811,-85.751946,Independent / Unknown,independent,0.0
180092,37.970314,-84.145115,Independent / Unknown,independent,0.0
180093,37.33757,-87.475195,Baptist Health,baptist_health,0.85
180101,38.245796,-84.550626,Independent / Unknown,independent,0.0
180102,37.004848,-88.577941,Bon Secours Mercy Health,bon_secours_mercy_health,0.85
180103,38.005828,-84.533469,Baptist Health,baptist_health,0.85
180104,37.004848,-88.577941,Baptist Health,baptist_health,0.85
180105,36.71845,-85.674728,Independent / Unknown,independent,0.0
180115,37.353471,-84.319508,Independent / Unknown,independent,0.0
180116,36.732532,-88.639882,Independent / Unknown,independent,0.0
180124,36.876864,-86.45119,Independent / Unknown,independent,0.0
180127,38.234919,-84.868786,Independent / Unknown,independent,0.0
180128,38.063274,-82.668441,Independent / Unknown,independent,0.0
180130,38.263466,-85.656647,Baptist Health,baptist_health,0.85
180132,37.158036,-84.519735,Independent / Unknown,independent,0.0
180138,38.429416,-85.400814,Baptist Health,baptist_health,0.85
180141,38.252811,-85.751946,Independent / Unknown,independent,0.0
180143,37.997347,-84.377477,Independent / Unknown,independent,0.0
180149,37.117031,-85.29007,Independent / Unknown,independent,0.0
180154,36.724042,-83.729182,Independent / Unknown,independent,0.0
180779,37.344976,-88.095296,Independent / Unknown,independent,0.0
180780,38.405046,-83.723117,Independent / Unknown,independent,0.0
181301,37.682978,-83.990952,Independent / Unknown,independent,0.0
181302,37.787723,-84.888056,Independent / Unknown,independent,0.0
181304,36.817748,-87.833699,Independent / Unknown,independent,0.0
181305,37.570994,-82.776686,Independent / Unknown,independent,0.0
181306,37.649263,-87.915228,Independent / Unknown,independent,0.0
181307,37.944009,-83.247331,Independent / Unknown,independent,0.0
181308,38.006622,-84.739332,Independent / Unknown,independent,0.0
181309,37.309082,-84.950978,Independent / Unknown,independent,0.0
181310,38.65112,-85.17622,Independent / Unknown,independent,0.0
181311,38.621179,-84.581444,Independent / Unknown,independent,0.0
181314,37.183834,-85.877046,Independent / Unknown,independent,0.0
181315,37.52058,-84.673931,Independent / Unknown,independent,0.0
181316,37.217226,-83.429208,Independent / Unknown,independent,0.0
181317,36.782372,-85.388484,Independent / Unknown,independent,0.0
181318,36.87545471428571,-86.0347339642857,Independent / Unknown,independent,0.0
181319,37.785077,-86.499925,Independent / Unknown,independent,0.0
181320,37.277501,-88.286608,Independent / Unknown,independent,0.0
181321,36.800772,-84.82659,Independent / Unknown,independent,0.0
181322,37.128177,-87.857943,Independent / Unknown,independent,0.0
181323,37.523846,-86.890108,Independent / Unknown,independent,0.0
181324,36.770089,-86.180721,Independent / Unknown,independent,0.0
181325,37.228307,-85.532268,Independent / Unknown,independent,0.0
181327,36.859674,-88.334676,Independent / Unknown,independent,0.0
181328,36.889185,-83.875636,Independent / Unknown,independent,0.0
181329,37.570691,-84.263754,Independent / Unknown,independent,0.0
181330,37.058681,-85.035151,Independent / Unknown,independent,0.0
181331,37.432215,-82.726384,Independent / Unknown,independent,0.0
181333,36.725958,-85.121538,Independent / Unknown,independent,0.0
181334,37.516193,-83.269114,Independent / Unknown,independent,0.0
184002,36.880212,-87.46306,Independent / Unknown,independent,0.0
184004,38.141016,-84.461618,Independent / Unknown,independent,0.0
184006,39.014901,-84.602186,Independent / Unknown,independent,0.0
184007,38.263466,-85.656647,Independent / Unknown,independent,0.0
184008,38.276223,-85.587103,Independent / Unknown,independent,0.0
184009,37.997347,-84.377477,Independent / Unknown,independent,0.0
184012,37.813011,-85.931679,Independent / Unknown,independent,0.0
184014,36.880212,-87.46306,Independent / Unknown,independent,0.0
184015,38.258467,-85.539772,Independent / Unknown,independent,0.0
184017,36.965139,-86.324599,Independent / Unknown,independent,0.0
190002,30.171005,-92.054782,Ochsner,ochsner,0.85
190004,29.808328,-90.750267,Independent / Unknown,independent,0.0
190005,29.95609,-90.07735,Independent / Unknown,independent,0.0
190006,30.195834,-92.080781,Ochsner,ochsner,0.85
190007,31.739201,-93.091426,Independent / Unknown,independent,0.0
190008,29.578671,-90.805402,Independent / Unknown,independent,0.0
190011,32.399906,-92.05655,Ochsner,ochsner,0.85
190013,30.278305,-93.40559,Independent / Unknown,independent,0.0
190014,29.752074,-91.103597,Ochsner,ochsner,0.85
190015,30.485555,-90.487688,Independent / Unknown,independent,0.0
190017,30.531941,-92.106967,Independent / Unknown,independent,0.0
190019,31.274156,-92.467107,CHRISTUS Health,christus_health,0.85
190020,30.649627,-91.157635,Independent / Unknown,independent,0.0
190025,30.629478,-92.490928,Independent / Unknown,independent,0.0
190026,31.274156,-92.467107,Independent / Unknown,independent,0.0
190027,30.226792,-93.215443,Ochsner,ochsner,0.85
190034,29.894612,-92.193173,Independent / Unknown,independent,0.0
190036,29.961736,-90.159183,Ochsner,ochsner,0.85
190039,29.809263,-90.138308,Independent / Unknown,independent,0.0
190040,30.262007,-89.794167,Independent / Unknown,independent,0.0
190041,32.455146,-93.709919,CHRISTUS Health,christus_health,0.85
190044,30.210529,-92.378876,Independent / Unknown,independent,0.0
190045,30.462717,-90.140504,Independent / Unknown,independent,0.0
190046,29.92393,-90.102484,Independent / Unknown,independent,0.0
190050,30.799649,-93.243292,Independent / Unknown,independent,0.0
190053,30.266368,-92.673552,Ochsner,ochsner,0.85
190054,29.937141,-91.864508,Independent / Unknown,independent,0.0
190060,30.226792,-93.215443,Independent / Unknown,independent,0.0
190064,30.404146,-91.139137,Independent / Unknown,independent,0.0
190065,30.394049,-91.07058,Independent / Unknown,independent,0.0
190079,29.829842,-90.310627,Independent / Unknown,independent,0.0
190086,32.489856,-92.643874,Independent / Unknown,independent,0.0
190088,32.991404,-93.479899,Independent / Unknown,independent,0.0
190090,31.892384,-92.657875,Independent / Unknown,independent,0.0
190098,32.45910226666667,-93.75687880000001,Ochsner,ochsner,0.85
190099,31.184246,-91.960829,Independent / Unknown,independent,0.0
190102,30.155238,-92.028225,Independent / Unknown,independent,0.0
190106,30.808963,-92.647273,Independent / Unknown,independent,0.0
190111,32.491546,-93.771694,Independent / Unknown,independent,0.0
190114,32.783708,-92.998142,Independent / Unknown,independent,0.0
190116,32.864539,-91.908541,Independent / Unknown,independent,0.0
190118,32.015449,-93.656448,Independent / Unknown,independent,0.0
190125,32.539557,-92.106941,Independent / Unknown,independent,0.0
190128,30.375109,-90.980419,Independent / Unknown,independent,0.0
190133,30.505073,-92.889361,Independent / Unknown,independent,0.0
190140,32.145309,-91.708966,Independent / Unknown,independent,0.0
190144,32.676883,-93.293312,Independent / Unknown,independent,0.0
190145,31.593716,-92.137601,Independent / Unknown,independent,0.0
190151,32.440635,-91.793784,Independent / Unknown,independent,0.0
190160,32.565188,-92.173211,Independent / Unknown,independent,0.0
190164,31.157403,-93.173885,Independent / Unknown,independent,0.0
190167,30.727263,-92.356045,Independent / Unknown,independent,0.0
190176,30.014032,-90.191345,Independent / Unknown,independent,0.0
190183,29.506722,-90.700777,Independent / Unknown,independent,0.0
190184,32.137308,-92.048469,Independent / Unknown,independent,0.0
190190,32.137308,-92.048469,Independent / Unknown,independent,0.0
190201,30.129276,-93.273527,Ochsner,ochsner,0.85
190202,30.426892,-91.027834,Ochsner,ochsner,0.85
190208,32.807682,-91.235149,Independent / Unknown,independent,0.0
190218,31.521833,-93.54044,Independent / Unknown,independent,0.0
190241,29.578671,-90.805402,Independent / Unknown,independent,0.0
190245,32.539557,-92.106941,Independent / Unknown,independent,0.0
190251,30.345423,-91.094293,Independent / Unknown,independent,0.0
190255,30.155238,-92.028225,Independent / Unknown,independent,0.0
190256,30.262007,-89.794167,Independent / Unknown,independent,0.0
190259,30.155238,-92.028225,Independent / Unknown,independent,0.0
190266,30.345423,-91.094293,Independent / Unknown,independent,0.0
190267,30.462717,-90.140504,Independent / Unknown,independent,0.0
190270,30.262007,-89.794167,Independent / Unknown,independent,0.0
190274,30.026672,-90.25345,Ochsner,ochsner,0.85
190278,32.505424,-93.748748,Independent / Unknown,independent,0.0
190298,31.274156,-92.467107,CHRISTUS Health,christus_health,0.85
190300,29.936406,-90.069932,Independent / Unknown,independent,0.0
190302,30.010189,-90.162617,Independent / Unknown,independent,0.0
190303,30.485555,-90.487688,Independent / Unknown,independent,0.0
190308,29.956176,-89.964417,Independent / Unknown,independent,0.0
190312,30.744198,-89.912079,Independent / Unknown,independent,0.0
190313,30.028404,-89.9742,Independent / Unknown,independent,0.0
190316,30.448797,-91.124704,Independent / Unknown,independent,0.0
190317,32.505424,-93.748748,Ochsner,ochsner,0.85
190318,30.471149,-92.419836,Independent / Unknown,independent,0.0
190319,31.281321,-92.547344,Independent / Unknown,independent,0.0
19043F,31.324271,-92.354146,VA,va,0.85
19047F,29.975752,-90.087845,Independent / Unknown,independent,0.0
19048F,32.505424,-93.748748,VA,va,0.85
19050F,31.077352,-93.22042,Independent / Unknown,independent,0.0
190779,29.890288,-91.03187,Independent / Unknown,independent,0.0
191300,30.859967,-90.749066,Independent / Unknown,independent,0.0
191301,32.779372,-92.352043,Independent / Unknown,independent,0.0
191302,30.290824,-91.786378,Ochsner,ochsner,0.85
191304,32.842181,-93.978352,Independent / Unknown,independent,0.0
191305,30.05192,-90.703341,Independent / Unknown,independent,0.0
191306,30.858253,-91.369,Independent / Unknown,independent,0.0
191307,30.426005,-93.39129,Independent / Unknown,independent,0.0
191308,30.10609,-91.017988,Independent / Unknown,independent,0.0
191309,30.735737,-90.491513,Independent / Unknown,independent,0.0
191310,29.80709,-91.487512,Independent / Unknown,independent,0.0
191311,30.871128,-92.175542,Independent / Unknown,independent,0.0
191312,32.038461,-93.306638,CHRISTUS Health,christus_health,0.85
191313,30.843721,-90.101029,Independent / Unknown,independent,0.0
191314,32.346878,-91.231932,Independent / Unknown,independent,0.0
191315,31.871987,-92.203887,Independent / Unknown,independent,0.0
191316,30.699747,-91.482689,Independent / Unknown,independent,0.0
191317,32.220631,-92.67689,Independent / Unknown,independent,0.0
191318,31.668507,-91.581596,Independent / Unknown,independent,0.0
191319,30.408131,-92.217328,Independent / Unknown,independent,0.0
191320,32.591884,-92.911426,Independent / Unknown,independent,0.0
191321,30.630554,-90.542882,Independent / Unknown,independent,0.0
191322,29.790545,-92.420528,Independent / Unknown,independent,0.0
191323,32.414389,-91.496652,Independent / Unknown,independent,0.0
191324,29.692681,-90.61612,Ochsner,ochsner,0.85
191325,29.501844,-90.23789,Independent / Unknown,independent,0.0
191326,32.82922,-92.660475,Independent / Unknown,independent,0.0
191327,32.871845,-91.425837,Independent / Unknown,independent,0.0
192008,30.433416,-90.90231,Independent / Unknown,independent,0.0
192010,32.505424,-93.748748,Independent / Unknown,independent,0.0
193300,29.944708,-90.125674,Independent / Unknown,independent,0.0
194007,30.578246564102564,-90.23924038461539,Independent / Unknown,independent,0.0
194008,30.815023,-91.206165,Independent / Unknown,independent,0.0
194020,32.384654,-93.736285,Independent / Unknown,independent,0.0
194022,31.281321,-92.547344,Independent / Unknown,independent,0.0
194025,31.324271,-92.354146,Independent / Unknown,independent,0.0
194031,29.949989,-90.205559,Independent / Unknown,independent,0.0
194044,30.278324,-92.028037,Independent / Unknown,independent,0.0
194056,29.92393,-90.102484,Independent / Unknown,independent,0.0
194069,30.462717,-90.140504,Independent / Unknown,independent,0.0
194073,30.134691,-91.927341,Independent / Unknown,independent,0.0
194074,32.489856,-92.643874,Independent / Unknown,independent,0.0
194079,32.574458,-93.696292,Independent / Unknown,independent,0.0
194080,30.371504,-89.892338,Independent / Unknown,independent,0.0
194081,30.799649,-93.243292,Independent / Unknown,independent,0.0
194082,30.266368,-92.673552,Independent / Unknown,independent,0.0
194083,32.864539,-91.908541,Independent / Unknown,independent,0.0
194084,30.044717,-89.951375,Independent / Unknown,independent,0.0
194085,30.155238,-92.028225,Independent / Unknown,independent,0.0
194086,30.455363,-91.066491,Independent / Unknown,independent,0.0
194087,32.581991,-92.018572,Independent / Unknown,independent,0.0
194088,30.226092,-90.92498,Independent / Unknown,independent,0.0
194089,30.290824,-91.786378,Independent / Unknown,independent,0.0
194090,30.129276,-93.273527,Independent / Unknown,independent,0.0
194091,30.897005,-90.489375,Independent / Unknown,independent,0.0
194094,32.491546,-93.771694,Independent / Unknown,independent,0.0
194095,30.531941,-92.106967,Independent / Unknown,independent,0.0
194096,31.281321,-92.547344,Independent / Unknown,independent,0.0
194098,30.026672,-90.25345,Independent / Unknown,independent,0.0
194102,30.05192,-90.703341,Independent / Unknown,independent,0.0
194103,30.448797,-91.124704,Independent / Unknown,independent,0.0
194105,30.394049,-91.07058,Independent / Unknown,independent,0.0
194106,31.274156,-92.467107,Independent / Unknown,independent,0.0
194107,30.448797,-91.124704,Independent / Unknown,independent,0.0
194109,29.635994,-90.679678,Independent / Unknown,independent,0.0
194112,30.871128,-92.175542,Independent / Unknown,independent,0.0
194113,30.026672,-90.25345,Independent / Unknown,independent,0.0
194114,30.156347,-90.436783,Independent / Unknown,independent,0.0
194115,30.448797,-91.124704,Independent / Unknown,independent,0.0
194116,32.384654,-93.736285,Independent / Unknown,independent,0.0
194117,30.485555,-90.487688,Independent / Unknown,independent,0.0
194118,31.118246,-92.374928,Independent / Unknown,independent,0.0
194119,31.668507,-91.581596,Independent / Unknown,independent,0.0
194120,30.226792,-93.215443,Independent / Unknown,independent,0.0
194121,31.157403,-93.173885,Independent / Unknown,independent,0.0
200001,44.848517,-68.850405,Independent / Unknown,independent,0.0
200008,43.662607,-70.257949,Independent / Unknown,independent,0.0
200009,43.654353,-70.297611,MaineHealth,mainehealth,0.85
200018,46.688378,-67.993326,Independent / Unknown,independent,0.0
200020,43.16646,-70.679004,Independent / Unknown,independent,0.0
200021,43.896431,-69.973487,Independent / Unknown,independent,0.0
200024,44.089513,-70.172095,MaineHealth,mainehealth,0.85
200031,46.911495,-68.029189,Independent / Unknown,independent,0.0
200033,44.848517,-68.850405,MaineHealth,mainehealth,0.85
200034,44.331585,-70.39927810416667,Independent / Unknown,independent,0.0
200039,44.35191,-69.747615,Independent / Unknown,independent,0.0
20003F,44.35191,-69.747615,VA,va,0.85
200050,44.685803,-68.394798,Independent / Unknown,independent,0.0
200063,44.180604,-69.122109,Independent / Unknown,independent,0.0
201300,44.400549,-68.520047,Independent / Unknown,independent,0.0
201301,45.687909,-69.308516,Independent / Unknown,independent,0.0
201302,44.022351,-69.490756,Independent / Unknown,independent,0.0
201303,45.445526,-68.534454,Independent / Unknown,independent,0.0
201304,44.39747,-68.263808,Independent / Unknown,independent,0.0
201305,45.142952,-67.217529,Independent / Unknown,independent,0.0
201306,44.55992,-70.625264,Independent / Unknown,independent,0.0
201307,45.995839,-68.928348,Independent / Unknown,independent,0.0
201308,46.191023,-67.860968,Independent / Unknown,independent,0.0
201309,45.186261,-69.145532,Independent / Unknown,independent,0.0
201310,44.047513,-70.743319,Independent / Unknown,independent,0.0
201311,44.689769,-67.500124,Independent / Unknown,independent,0.0
201312,44.463502,-69.037571,Independent / Unknown,independent,0.0
201313,44.769837,-69.433753,Independent / Unknown,independent,0.0
201314,44.789271,-69.667734,Independent / Unknown,independent,0.0
201315,44.225867,-70.610021,Independent / Unknown,independent,0.0
201316,44.661856,-70.103104,Independent / Unknown,independent,0.0
201317,47.160789,-68.731119,MaineHealth,mainehealth,0.85
204004,44.848517,-68.850405,Independent / Unknown,independent,0.0
204005,43.70792,-70.352602,Independent / Unknown,independent,0.0
204006,44.848517,-68.850405,Independent / Unknown,independent,0.0
204008,44.35191,-69.747615,Independent / Unknown,independent,0.0
210001,39.678219,-77.65272,Independent / Unknown,independent,0.0
210002,39.294961,-76.622341,Independent / Unknown,independent,0.0
210003,38.876255,-76.769603,Independent / Unknown,independent,0.0
210004,39.00286,-77.036646,Independent / Unknown,independent,0.0
210005,39.443584,-77.332891,Independent / Unknown,independent,0.0
210008,39.297425,-76.607722,Independent / Unknown,independent,0.0
210009,39.29916,-76.588327,Johns Hopkins,johns_hopkins,0.85
210011,39.284239,-76.691403,Independent / Unknown,independent,0.0
210012,39.345947,-76.682206,Independent / Unknown,independent,0.0
210015,39.341537,-76.49527,Independent / Unknown,independent,0.0
210016,39.070379,-76.977379,Adventist Health,adventist_health,0.85
210017,39.391733,-79.392385,Independent / Unknown,independent,0.0
210018,39.150349,-77.078251,Independent / Unknown,independent,0.0
210019,38.349417,-75.67847,Independent / Unknown,independent,0.0
210022,39.004839,-77.103004,Independent / Unknown,independent,0.0
210023,38.987941,-76.552716,Independent / Unknown,independent,0.0
210024,39.330107,-76.601451,Independent / Unknown,independent,0.0
210027,39.641477,-78.756088,Independent / Unknown,independent,0.0
210028,38.25993,-76.63242,Independent / Unknown,independent,0.0
210029,39.275909,-76.541928,Johns Hopkins,johns_hopkins,0.85
210030,39.207952,-76.082801,Independent / Unknown,independent,0.0
210032,39.627145,-75.859891,Independent / Unknown,independent,0.0
210033,39.548569,-76.983558,Independent / Unknown,independent,0.0
210034,39.226117,-76.615735,Independent / Unknown,independent,0.0
210035,38.520653,-76.999915,Independent / Unknown,independent,0.0
210037,38.792467,-76.087881,Independent / Unknown,independent,0.0
210038,39.294961,-76.622341,Independent / Unknown,independent,0.0
210039,38.525112,-76.5954,Independent / Unknown,independent,0.0
210040,39.378361,-76.811336,Independent / Unknown,independent,0.0
210043,39.160897,-76.632112,Independent / Unknown,independent,0.0
210044,39.406389,-76.626072,Independent / Unknown,independent,0.0
210048,39.205274,-76.878737,Johns Hopkins,johns_hopkins,0.85
210049,39.53584,-76.35161,Independent / Unknown,independent,0.0
210051,38.96588,-76.851092,Independent / Unknown,independent,0.0
210056,39.365159,-76.587101,Independent / Unknown,independent,0.0
210057,39.089231,-77.180445,Adventist Health,adventist_health,0.85
210058,39.324167,-76.719484,Independent / Unknown,independent,0.0
210060,38.745892,-76.983201,Adventist Health,adventist_health,0.85
210061,38.321068,-75.222208,Independent / Unknown,independent,0.0
210062,38.750917,-76.902669,Independent / Unknown,independent,0.0
210063,39.406389,-76.626072,Independent / Unknown,independent,0.0
210064,39.375252,-76.662617,Independent / Unknown,independent,0.0
210065,39.206734,-77.233675,Independent / Unknown,independent,0.0
21007F,39.004839,-77.103004,Independent / Unknown,independent,0.0
21010F,39.552352,-76.063758,Independent / Unknown,independent,0.0
21020F,39.294961,-76.622341,Independent / Unknown,independent,0.0
213300,39.375252,-76.662617,Independent / Unknown,independent,0.0
213301,39.30224,-76.564078,Independent / Unknown,independent,0.0
214000,39.406389,-76.626072,Independent / Unknown,independent,0.0
214002,38.502789,-76.078875,Independent / Unknown,independent,0.0
214003,39.678219,-77.65272,Independent / Unknown,independent,0.0
214004,39.401084,-76.973736,Independent / Unknown,independent,0.0
214012,39.641477,-78.756088,Independent / Unknown,independent,0.0
214018,39.272857,-76.747741,Independent / Unknown,independent,0.0
214020,38.987941,-76.552716,Independent / Unknown,independent,0.0
214022,39.504488,-76.201049,Independent / Unknown,independent,0.0
220001,42.519967,-71.763319,Independent / Unknown,independent,0.0
220002,42.379637,-71.135152,Independent / Unknown,independent,0.0
220008,41.931653,-71.294503,Independent / Unknown,independent,0.0
220010,42.715079,-71.1483,Independent / Unknown,independent,0.0
220011,42.362391,-71.102336,Independent / Unknown,independent,0.0
220012,41.661161,-70.293197,Independent / Unknown,independent,0.0
220015,42.26935420967742,-72.56784643548386,Independent / Unknown,independent,0.0
220016,42.626761,-72.60153,Independent / Unknown,independent,0.0
220017,42.285922,-71.075046,Independent / Unknown,independent,0.0
220019,42.059737,-72.033908,Independent / Unknown,independent,0.0
22001F,42.499332,-71.281901,VA,va,0.85
220020,41.674429,-71.148532,Independent / Unknown,independent,0.0
220024,42.211658,-72.642448,Independent / Unknown,independent,0.0
220029,42.812358,-70.891095,Independent / Unknown,independent,0.0
220030,42.188862,-72.30648,Independent / Unknown,independent,0.0
220031,42.33786,-71.069805,Independent / Unknown,independent,0.0
220033,42.570442,-70.867693,Independent / Unknown,independent,0.0
220035,42.529248,-70.868017,Independent / Unknown,independent,0.0
220036,42.349688,-71.153964,Independent / Unknown,independent,0.0
220046,42.454302,-73.282074,Independent / Unknown,independent,0.0
220049,42.349617,-71.547214,Independent / Unknown,independent,0.0
220052,42.088907,-70.998375,Independent / Unknown,independent,0.0
220060,41.882062,-70.631289,Beth Israel Lahey Health,beth_israel_lahey_health,0.85
220062,42.289683,-71.787793,Independent / Unknown,independent,0.0
220063,42.649481,-71.348229,Independent / Unknown,independent,0.0
220065,42.26935420967742,-72.56784643548386,Independent / Unknown,independent,0.0
220066,42.132772,-72.567411,Independent / Unknown,independent,0.0
220070,42.455723,-71.059019,Independent / Unknown,independent,0.0
220071,42.363651,-71.066888,Independent / Unknown,independent,0.0
220073,41.909112,-71.118346,Independent / Unknown,independent,0.0
220074,41.727137,-71.109858,Independent / Unknown,independent,0.0
220075,42.363651,-71.066888,Independent / Unknown,independent,0.0
220077,42.10662292307692,-72.54834815384615,Independent / Unknown,independent,0.0
220080,42.742641,-71.178651,Independent / Unknown,independent,0.0
220083,42.299563,-71.231215,Beth Israel Lahey Health,beth_israel_lahey_health,0.85
220084,42.462911,-71.364496,Independent / Unknown,independent,0.0
220086,42.347635,-71.103082,Beth Israel Lahey Health,beth_israel_lahey_health,0.85
220088,42.332134,-71.096606,Independent / Unknown,independent,0.0
220090,42.158692,-71.521419,Independent / Unknown,independent,0.0
220095,42.588337,-71.986069,Independent / Unknown,independent,0.0
220098,42.566588,-71.575126,Independent / Unknown,independent,0.0
22009F,42.356301,-72.713584,VA,va,0.85
220100,42.166731,-70.952363,Independent / Unknown,independent,0.0
220101,42.331675,-71.255947,Independent / Unknown,independent,0.0
220105,42.452752,-71.144319,Independent / Unknown,independent,0.0
220108,42.241559,-71.082437,Beth Israel Lahey Health,beth_israel_lahey_health,0.85
22010F,42.308175,-71.113471,Independent / Unknown,independent,0.0
220110,42.339422,-71.094531,Mass General Brigham,mass_general_brigham,0.85
220111,42.078371,-71.042304,Independent / Unknown,independent,0.0
220116,42.35068,-71.060527,Independent / Unknown,independent,0.0
220119,42.308175,-71.113471,Mass General Brigham,mass_general_brigham,0.85
220126,42.187389,-71.192477,Independent / Unknown,independent,0.0
220135,41.569466,-70.627202,Independent / Unknown,independent,0.0
220163,42.26618836363636,-71.82535527272726,Independent / Unknown,independent,0.0
220171,42.503227,-71.201713,Beth Israel Lahey Health,beth_israel_lahey_health,0.85
220175,42.319587,-71.4428,Independent / Unknown,independent,0.0
220176,42.26209,-71.801428,Independent / Unknown,independent,0.0
220177,41.290114,-70.096294,Independent / Unknown,independent,0.0
221300,41.446403,-70.561761,Independent / Unknown,independent,0.0
221302,42.173196,-73.32429,Independent / Unknown,independent,0.0
221303,42.570237,-72.182903,Independent / Unknown,independent,0.0
221304,42.695699,-73.093852,Independent / Unknown,independent,0.0
223300,42.349688,-71.153964,Independent / Unknown,independent,0.0
223302,42.339422,-71.094531,Independent / Unknown,independent,0.0
223304,42.363651,-71.066888,Independent / Unknown,independent,0.0
224001,41.909112,-71.118346,Independent / Unknown,independent,0.0
224007,42.395317,-71.180284,Independent / Unknown,independent,0.0
224013,42.308175,-71.113471,Independent / Unknown,independent,0.0
224018,42.343499,-71.122244,Independent / Unknown,independent,0.0
224021,41.931653,-71.294503,Independent / Unknown,independent,0.0
224022,42.314321,-71.152778,Independent / Unknown,independent,0.0
224023,42.219645,-71.216768,Independent / Unknown,independent,0.0
224028,41.727137,-71.109858,Independent / Unknown,independent,0.0
224031,41.690243,-70.616283,Independent / Unknown,independent,0.0
224032,42.253485,-71.767932,Independent / Unknown,independent,0.0
224038,42.246872,-71.179462,Independent / Unknown,independent,0.0
224039,42.796313,-71.053436,Independent / Unknown,independent,0.0
224040,42.33786,-71.069805,Independent / Unknown,independent,0.0
224041,41.658,-71.01346,Independent / Unknown,independent,0.0
224043,42.53206,-71.61374,Independent / Unknown,independent,0.0
224044,42.268426,-71.613309,Independent / Unknown,independent,0.0
224045,42.313887,-71.794185,Independent / Unknown,independent,0.0
224046,42.211658,-72.642448,Independent / Unknown,independent,0.0
224047,42.211658,-72.642448,Independent / Unknown,independent,0.0
230002,42.398181,-83.372359,Independent / Unknown,independent,0.0
230003,42.844796,-85.984799,Independent / Unknown,independent,0.0
230005,41.902354,-84.064698,Independent / Unknown,independent,0.0
230015,41.975687,-85.647019,Independent / Unknown,independent,0.0
230017,42.302591,-85.588193,Independent / Unknown,independent,0.0
230019,42.461778,-83.229942,Ascension,ascension,0.85
230020,42.298036,-83.24761,Independent / Unknown,independent,0.0
230021,42.054277,-86.4626,Independent / Unknown,independent,0.0
230022,41.90548,-85.031277,Independent / Unknown,independent,0.0
230024,42.427075,-83.19466,Independent / Unknown,independent,0.0
230029,42.626505,-83.291425,Trinity Health,trinity_health,0.85
230030,43.378415,-84.676007,Independent / Unknown,independent,0.0
230031,42.983609,-82.458315,Independent / Unknown,independent,0.0
230035,43.182841,-85.258386,Independent / Unknown,independent,0.0
230036,45.094306,-83.476214,Independent / Unknown,independent,0.0
230037,41.886298,-84.622698,Independent / Unknown,independent,0.0
230038,42.96212,-85.659394,Independent / Unknown,independent,0.0
230041,43.55706,-83.84968,Independent / Unknown,independent,0.0
230046,42.291245,-83.708195,Independent / Unknown,independent,0.0
230047,42.603611,-82.941283,Independent / Unknown,independent,0.0
230053,42.374597,-83.077652,Independent / Unknown,independent,0.0
230054,46.561069,-87.451418,Independent / Unknown,independent,0.0
230055,45.927171,-88.015827,Independent / Unknown,independent,0.0
230058,44.692289,-84.595113,Independent / Unknown,independent,0.0
230059,42.96212,-85.659394,Bon Secours Mercy Health,bon_secours_mercy_health,0.85
23005F,45.927171,-88.015827,VA,va,0.85
230066,43.179962,-86.286824,Trinity Health,trinity_health,0.85
230069,42.575579,-83.923381,Trinity Health,trinity_health,0.85
230070,43.420026,-83.974472,Independent / Unknown,independent,0.0
230071,42.459322,-83.293205,Independent / Unknown,independent,0.0
230072,42.739168,-86.084793,Independent / Unknown,independent,0.0
230075,42.391685,-85.201106,Independent / Unknown,independent,0.0
230077,43.394997,-83.88928,Independent / Unknown,independent,0.0
230078,42.163885,-86.239986,Independent / Unknown,independent,0.0
230080,43.616033,-84.795459,Independent / Unknown,independent,0.0
230081,44.242697,-85.539922,Independent / Unknown,independent,0.0
230085,42.407427,-86.214544,Independent / Unknown,independent,0.0
230089,42.382395,-82.921842,Independent / Unknown,independent,0.0
230092,42.311764,-84.456172,Independent / Unknown,independent,0.0
230093,43.697682,-85.482957,Independent / Unknown,independent,0.0
230095,44.318406,-84.236213,Independent / Unknown,independent,0.0
230097,44.762372,-85.685156,Independent / Unknown,independent,0.0
230099,41.960425,-83.429323,Independent / Unknown,independent,0.0
230100,43.94027946,-83.56675822,Independent / Unknown,independent,0.0
230104,42.34703,-83.060048,Independent / Unknown,independent,0.0
230105,45.331202,-84.897145,Independent / Unknown,independent,0.0
230108,47.202985,-88.576295,Independent / Unknown,independent,0.0
230110,43.964611,-86.409251,Independent / Unknown,independent,0.0
230117,42.274268,-85.493081,Independent / Unknown,independent,0.0
23011F,42.327634,-83.696444,Independent / Unknown,independent,0.0
230121,43.005586,-84.187626,Independent / Unknown,independent,0.0
23012F,42.334561,-85.249172,VA,va,0.85
230130,42.519181,-83.164361,Independent / Unknown,independent,0.0
230132,42.998726,-83.710153,Independent / Unknown,independent,0.0
230133,44.998087,-84.670164,Independent / Unknown,independent,0.0
230141,43.011068,-83.794875,Independent / Unknown,independent,0.0
230142,42.274474,-83.395633,Independent / Unknown,independent,0.0
230144,42.275075,-83.58634,Independent / Unknown,independent,0.0
230146,42.210674,-83.157208,Independent / Unknown,independent,0.0
230151,42.463342,-83.348054,Independent / Unknown,independent,0.0
230156,42.2142657,-83.5026122,Trinity Health,trinity_health,0.85
230165,42.422583,-82.89285,Independent / Unknown,independent,0.0
230167,42.697056,-84.52504,Independent / Unknown,independent,0.0
230174,43.009233,-86.152022,Trinity Health,trinity_health,0.85
230176,42.131459,-83.217792,Independent / Unknown,independent,0.0
230180,43.851308,-84.717297,Independent / Unknown,independent,0.0
230193,43.05374,-83.338704,Independent / Unknown,independent,0.0
230195,42.51589,-83.016483,Independent / Unknown,independent,0.0
230197,42.91714,-83.631336,Ascension,ascension,0.85
230207,42.64441,-83.274561,Independent / Unknown,independent,0.0
230208,43.183922,-84.855988,Independent / Unknown,independent,0.0
230216,42.68405811594203,-82.91138301449274,Independent / Unknown,independent,0.0
230217,42.275694,-84.940816,Independent / Unknown,independent,0.0
230222,43.86160237254902,-84.29923321568627,Independent / Unknown,independent,0.0
230227,42.598055,-82.881506,Independent / Unknown,independent,0.0
230230,42.738361,-84.524017,Independent / Unknown,independent,0.0
230236,42.895765,-85.71951,Independent / Unknown,independent,0.0
230239,46.416901,-84.289054,Independent / Unknown,independent,0.0
230241,42.770358,-82.528976,Ascension,ascension,0.85
230244,42.324383,-83.341192,Independent / Unknown,independent,0.0
230254,42.659316,-83.122679,Ascension,ascension,0.85
230259,42.312205,-84.0341,Independent / Unknown,independent,0.0
230264,42.46813,-83.058248,Independent / Unknown,independent,0.0
230269,42.604032,-83.122111,Independent / Unknown,independent,0.0
230270,42.225283,-83.267691,Independent / Unknown,independent,0.0
230273,42.34703,-83.060048,Independent / Unknown,independent,0.0
230275,43.458786,-84.029471,Independent / Unknown,independent,0.0
230277,42.582368,-83.51143,Independent / Unknown,independent,0.0
230279,42.505863,-83.781249,Independent / Unknown,independent,0.0
230297,42.34703,-83.060048,Independent / Unknown,independent,0.0
230301,42.461778,-83.229942,Independent / Unknown,independent,0.0
230302,42.537824,-83.384526,Independent / Unknown,independent,0.0
230303,44.233751,-86.210649,Independent / Unknown,independent,0.0
23037F,42.34703,-83.060048,VA,va,0.85
230779,41.828331,-85.447929,Independent / Unknown,independent,0.0
231300,44.625614,-86.193112,Independent / Unknown,independent,0.0
231301,44.719997,-85.036456,Independent / Unknown,independent,0.0
231303,46.076172,-86.345803,Independent / Unknown,independent,0.0
231304,46.510988,-85.517552,Independent / Unknown,independent,0.0
231305,43.975339,-83.936798,Independent / Unknown,independent,0.0
231306,45.948137,-84.765522,Independent / Unknown,independent,0.0
231307,46.727817,-88.332527,Independent / Unknown,independent,0.0
231308,46.398696,-86.727185,Independent / Unknown,independent,0.0
231310,43.791501,-83.24562,Independent / Unknown,independent,0.0
231311,43.535638,-82.725482,Independent / Unknown,independent,0.0
231312,43.209843,-85.049208,Independent / Unknown,independent,0.0
231313,43.797892,-82.70863,Independent / Unknown,independent,0.0
231314,43.41942,-82.852081,Independent / Unknown,independent,0.0
231315,42.004654,-86.120706,Ascension,ascension,0.85
231316,43.607392,-83.168024,Independent / Unknown,independent,0.0
231318,46.175587,-88.752156,Independent / Unknown,independent,0.0
231319,47.238859,-88.451579,Independent / Unknown,independent,0.0
231320,43.610287,-86.378251,Bon Secours Mercy Health,bon_secours_mercy_health,0.85
231321,46.42568,-87.771426,Independent / Unknown,independent,0.0
231322,45.280509,-85.245046,Independent / Unknown,independent,0.0
231323,43.896335,-85.53535,Independent / Unknown,independent,0.0
231324,42.508448,-84.661278,Independent / Unknown,independent,0.0
231325,44.061093,-84.45737,Independent / Unknown,independent,0.0
231326,43.006704,-84.579248,Independent / Unknown,independent,0.0
231327,42.573445,-84.845726,Independent / Unknown,independent,0.0
231328,42.532965,-85.871134,Ascension,ascension,0.85
231329,43.487517,-83.384739,Independent / Unknown,independent,0.0
231330,43.348144,-83.032572,Independent / Unknown,independent,0.0
231331,42.986125,-85.057887,Independent / Unknown,independent,0.0
231332,42.240155,-85.908075,Independent / Unknown,independent,0.0
231333,46.525851,-90.130358,Independent / Unknown,independent,0.0
231337,45.774101,-87.13629,Independent / Unknown,independent,0.0
231338,43.470153,-85.946264,Independent / Unknown,independent,0.0
231339,42.636422,-85.29969,Independent / Unknown,independent,0.0
231340,43.802747,-82.996755,Independent / Unknown,independent,0.0
233300,42.34703,-83.060048,Independent / Unknown,independent,0.0
234006,42.867826,-85.662972,Independent / Unknown,independent,0.0
234011,42.458051,-83.135196,Independent / Unknown,independent,0.0
234021,42.673906,-82.774086,Independent / Unknown,independent,0.0
234023,42.688246,-83.244075,Independent / Unknown,independent,0.0
234025,43.487517,-83.384739,Independent / Unknown,independent,0.0
234026,42.263643,-85.613247,Independent / Unknown,independent,0.0
234030,42.93291,-85.535868,Independent / Unknown,independent,0.0
234035,42.293764,-83.370739,Independent / Unknown,independent,0.0
234038,42.433186,-82.981311,Independent / Unknown,independent,0.0
234040,42.3979,-82.995397,Independent / Unknown,independent,0.0
234041,42.136836,-83.82925,Independent / Unknown,independent,0.0
234042,42.512535,-83.059507,Independent / Unknown,independent,0.0
234043,43.006704,-84.579248,Independent / Unknown,independent,0.0
234044,42.764057,-84.459921,Independent / Unknown,independent,0.0
234045,42.298036,-83.24761,Independent / Unknown,independent,0.0
234046,42.278204,-85.229231,Independent / Unknown,independent,0.0
234047,42.303617,-85.698025,Independent / Unknown,independent,0.0
240001,45.009275,-93.341105,Independent / Unknown,independent,0.0
240002,46.799685,-92.092366,Independent / Unknown,independent,0.0
240004,44.974644,-93.257815,Independent / Unknown,independent,0.0
240006,43.95331,-92.401387,Independent / Unknown,independent,0.0
240010,43.971301,-92.507871,Mayo Clinic,mayo_clinic,0.85
240014,44.472652,-93.179125,Independent / Unknown,independent,0.0
240018,44.511927,-92.539225,Mayo Clinic,mayo_clinic,0.85
240019,46.799685,-92.092366,Independent / Unknown,independent,0.0
240020,45.569488,-93.276632,Independent / Unknown,independent,0.0
240022,43.62287,-95.583243,Independent / Unknown,independent,0.0
24002F,45.574017,-94.215271,VA,va,0.85
240030,45.867614,-95.394257,Independent / Unknown,independent,0.0
240036,45.574017,-94.215271,Independent / Unknown,independent,0.0
240038,44.931901,-93.121291,Independent / Unknown,independent,0.0
24003F,44.906117,-93.235387,VA,va,0.85
240040,47.335183,-92.954287,Independent / Unknown,independent,0.0
240043,43.660887,-93.324563,Mayo Clinic,mayo_clinic,0.85
240044,43.994246,-91.625441,Independent / Unknown,independent,0.0
240047,46.799685,-92.092366,Independent / Unknown,independent,0.0
240050,45.334054,-93.099884,Independent / Unknown,independent,0.0
240052,46.276711,-96.091938,Independent / Unknown,independent,0.0
240053,44.956566,-93.381654,Independent / Unknown,independent,0.0
240056,44.861222,-93.784034,Independent / Unknown,independent,0.0
240057,44.935036,-93.253029,Independent / Unknown,independent,0.0
240064,47.233766,-93.5126,Independent / Unknown,independent,0.0
240066,45.07442,-92.841577,Independent / Unknown,independent,0.0
240069,44.059703,-93.227333,Independent / Unknown,independent,0.0
240071,44.297513,-93.273914,Independent / Unknown,independent,0.0
240075,46.322919,-94.12521,Independent / Unknown,independent,0.0
240076,45.17409,-93.848952,Independent / Unknown,independent,0.0
240078,44.873981,-93.335255,Independent / Unknown,independent,0.0
240080,44.973346,-93.243708,Independent / Unknown,independent,0.0
240084,47.597028,-92.479684,Independent / Unknown,independent,0.0
240088,45.102185,-95.041816,Independent / Unknown,independent,0.0
240093,43.996364323943666,-93.95956608450705,Mayo Clinic,mayo_clinic,0.85
240100,47.510829,-94.82092,Independent / Unknown,independent,0.0
240101,46.840111,-95.827361,Independent / Unknown,independent,0.0
240104,44.743442,-93.510032,Independent / Unknown,independent,0.0
240106,44.950764,-93.087571,Independent / Unknown,independent,0.0
240115,45.160411,-93.314839,Independent / Unknown,independent,0.0
240141,45.575584,-93.589164,Independent / Unknown,independent,0.0
240166,43.626846,-94.462324,Mayo Clinic,mayo_clinic,0.85
240187,44.897378,-94.392695,Independent / Unknown,independent,0.0
240206,47.943399,-95.338714,Independent / Unknown,independent,0.0
240207,44.778472,-93.272269,Independent / Unknown,independent,0.0
240210,45.016634,-93.026716,Independent / Unknown,independent,0.0
240213,44.918031,-92.938277,Independent / Unknown,independent,0.0
240214,45.127366,-93.4492,Independent / Unknown,independent,0.0
240779,47.303709,-95.835947,Independent / Unknown,independent,0.0
241301,48.596877,-94.600709,Independent / Unknown,independent,0.0
241302,44.029019,-95.431132,Independent / Unknown,independent,0.0
241303,44.260701,-95.638506,Independent / Unknown,independent,0.0
241304,45.82561,-96.477229,Independent / Unknown,independent,0.0
241305,46.49109,-93.635569,Independent / Unknown,independent,0.0
241306,44.767422,-94.993117,Independent / Unknown,independent,0.0
241308,47.251465,-91.69186,Independent / Unknown,independent,0.0
241309,46.142704,-92.584273,Independent / Unknown,independent,0.0
241311,44.599706,-94.111216,Independent / Unknown,independent,0.0
241312,47.840484,-92.857179,Independent / Unknown,independent,0.0
241313,47.35881,-96.524868,Independent / Unknown,independent,0.0
241314,44.92716,-96.03801,Independent / Unknown,independent,0.0
241315,43.627684,-95.002409,Independent / Unknown,independent,0.0
241316,47.702088,-93.533741,Independent / Unknown,independent,0.0
241317,47.979098,-90.599609,Independent / Unknown,independent,0.0
241318,47.996882,-91.753982,Independent / Unknown,independent,0.0
241319,44.014163,-95.775513,Independent / Unknown,independent,0.0
241320,47.743247,-96.555408,Independent / Unknown,independent,0.0
241321,45.56255,-96.483631,Independent / Unknown,independent,0.0
241322,48.533133,-93.163134,Independent / Unknown,independent,0.0
241323,44.048235,-94.413855,Independent / Unknown,independent,0.0
241325,44.999823,-95.706482,Independent / Unknown,independent,0.0
241326,45.970711,-94.860558,Independent / Unknown,independent,0.0
241327,44.291376,-94.733572,Independent / Unknown,independent,0.0
241328,47.397973,-95.414062,Independent / Unknown,independent,0.0
241329,46.434608,-94.794542,Independent / Unknown,independent,0.0
241330,45.6418,-94.806359,Independent / Unknown,independent,0.0
241332,43.879726,-95.133825,Independent / Unknown,independent,0.0
241333,43.992871,-94.634824,Mayo Clinic,mayo_clinic,0.85
241334,44.357287,-94.036965,Independent / Unknown,independent,0.0
241335,44.35761,-92.049231,Independent / Unknown,independent,0.0
241336,48.784278,-96.977461,Independent / Unknown,independent,0.0
241337,48.168764,-96.741471,Independent / Unknown,independent,0.0
241338,44.392813,-92.333885,Mayo Clinic,mayo_clinic,0.85
241339,44.495189,-96.414125,Independent / Unknown,independent,0.0
241340,47.47068,-92.267326,Independent / Unknown,independent,0.0
241341,45.246719,-96.00477,Independent / Unknown,independent,0.0
241342,45.348003,-96.379955,Independent / Unknown,independent,0.0
241343,44.797888,-95.572967,Independent / Unknown,independent,0.0
241344,48.811428,-95.757474,Independent / Unknown,independent,0.0
241345,44.062566,-93.519762,Mayo Clinic,mayo_clinic,0.85
241346,44.480564,-92.871085,Mayo Clinic,mayo_clinic,0.85
241347,44.726335,-96.291347,Independent / Unknown,independent,0.0
241348,44.285664,-96.128091,Independent / Unknown,independent,0.0
241349,45.402031,-94.712237,Independent / Unknown,independent,0.0
241350,46.448584,-92.773754,Independent / Unknown,independent,0.0
241351,44.528006,-95.138872,Independent / Unknown,independent,0.0
241353,46.577763,-93.98148,Independent / Unknown,independent,0.0
241354,46.464236,-95.147742,Independent / Unknown,independent,0.0
241355,44.765194,-94.190404,Independent / Unknown,independent,0.0
241356,46.099612,-93.66533,Independent / Unknown,independent,0.0
241357,47.568077,-95.727783,Independent / Unknown,independent,0.0
241358,47.318784,-94.50118,Independent / Unknown,independent,0.0
241359,44.436606,-95.746316,Independent / Unknown,independent,0.0
241360,47.39047,-93.84871,Independent / Unknown,independent,0.0
241361,44.534971,-93.579431,Mayo Clinic,mayo_clinic,0.85
241362,45.300334,-93.847481,Independent / Unknown,independent,0.0
241363,45.582463,-95.928793,Independent / Unknown,independent,0.0
241364,46.750977,-92.533373,Independent / Unknown,independent,0.0
241365,45.317715,-95.571953,Independent / Unknown,independent,0.0
241366,45.090934,-94.559835,Independent / Unknown,independent,0.0
241367,45.936644,-93.339442,Independent / Unknown,independent,0.0
241368,45.725034,-94.987283,Independent / Unknown,independent,0.0
241369,43.62019,-94.103794,Independent / Unknown,independent,0.0
241370,46.009991,-94.383794,Independent / Unknown,independent,0.0
241371,43.66151,-96.227229,Independent / Unknown,independent,0.0
241372,45.016942,-96.212703,Independent / Unknown,independent,0.0
241373,46.610235,-95.542244,Independent / Unknown,independent,0.0
241374,44.053834,-96.333008,Independent / Unknown,independent,0.0
241375,44.44185,-93.914029,Independent / Unknown,independent,0.0
241376,45.574381,-95.33678,Independent / Unknown,independent,0.0
241377,46.28975,-96.497076,Independent / Unknown,independent,0.0
241378,44.306837,-94.469485,Independent / Unknown,independent,0.0
241379,45.991594,-95.981567,Independent / Unknown,independent,0.0
241380,47.026894,-95.091886,Independent / Unknown,independent,0.0
241381,48.120464,-96.200014,Independent / Unknown,independent,0.0
243300,44.957236,-93.047129,Independent / Unknown,independent,0.0
243302,44.961913,-93.261349,Independent / Unknown,independent,0.0
244002,45.288412,-93.431529,Independent / Unknown,independent,0.0
244005,45.102185,-95.041816,Independent / Unknown,independent,0.0
244011,45.24572,-94.11727,Independent / Unknown,independent,0.0
244012,45.867614,-95.394257,Independent / Unknown,independent,0.0
244013,46.276711,-96.091938,Independent / Unknown,independent,0.0
244014,47.510829,-94.82092,Independent / Unknown,independent,0.0
244015,46.343935,-94.276015,Independent / Unknown,independent,0.0
244017,43.95331,-92.401387,Independent / Unknown,independent,0.0
244018,48.120464,-96.200014,Independent / Unknown,independent,0.0
250001,32.335241,-90.161417,Independent / Unknown,independent,0.0
250002,34.844249,-88.216912,Independent / Unknown,independent,0.0
250004,34.222629,-88.774588,Independent / Unknown,independent,0.0
250006,34.486088,-88.996739,Independent / Unknown,independent,0.0
250007,30.401521,-88.89171,Independent / Unknown,independent,0.0
250009,34.917816,-88.559666,Independent / Unknown,independent,0.0
250017,33.910353,-88.967727,Independent / Unknown,independent,0.0
250018,31.955709,-89.265911,Independent / Unknown,independent,0.0
250019,30.450876607142856,-89.01840503571428,Independent / Unknown,independent,0.0
250020,33.580161,-89.300323,Independent / Unknown,independent,0.0
250025,33.973786,-88.437683,Independent / Unknown,independent,0.0
250027,33.111225,-89.008793,Independent / Unknown,independent,0.0
250031,32.462618,-90.823208,Independent / Unknown,independent,0.0
250034,34.329772,-89.487118,Independent / Unknown,independent,0.0
250036,30.886863,-88.592987,Independent / Unknown,independent,0.0
250038,32.629563,-89.993488,Independent / Unknown,independent,0.0
250040,30.350539,-88.493571,Independent / Unknown,independent,0.0
250042,34.159567,-90.608353,Independent / Unknown,independent,0.0
250043,32.796469,-89.125241,Independent / Unknown,independent,0.0
250044,34.652493,-88.536769,Independent / Unknown,independent,0.0
250048,32.335241,-90.161417,Independent / Unknown,independent,0.0
250049,31.111061,-90.465322,Independent / Unknown,independent,0.0
250050,33.437951,-88.825183,Independent / Unknown,independent,0.0
250057,31.570297,-90.475516,Independent / Unknown,independent,0.0
250058,31.693183,-89.148281,Independent / Unknown,independent,0.0
250061,34.134989,-89.590925,Independent / Unknown,independent,0.0
250067,33.639913,-88.672716,Independent / Unknown,independent,0.0
250069,32.276115,-88.592851,Ochsner,ochsner,0.85
250072,32.283134,-90.236896,Independent / Unknown,independent,0.0
250077,31.684373,-88.668296,Independent / Unknown,independent,0.0
250078,31.234112,-89.265885,Independent / Unknown,independent,0.0
250081,32.276115,-88.592851,Independent / Unknown,independent,0.0
250082,33.302578,-91.028375,Independent / Unknown,independent,0.0
250084,31.508801,-91.357371,Independent / Unknown,independent,0.0
250085,31.241617,-89.779433,Independent / Unknown,independent,0.0
250093,33.758855,-90.725595,Independent / Unknown,independent,0.0
250094,31.333168,-89.414072,Independent / Unknown,independent,0.0
250095,33.453305,-90.674979,Independent / Unknown,independent,0.0
250096,32.197671,-89.894896,Independent / Unknown,independent,0.0
250097,31.344741423076925,-90.5617458076923,Independent / Unknown,independent,0.0
250099,33.527674,-90.138656,Independent / Unknown,independent,0.0
250100,33.587945,-88.441102,Independent / Unknown,independent,0.0
250102,32.311054,-90.16979,Independent / Unknown,independent,0.0
250104,32.276115,-88.592851,Independent / Unknown,independent,0.0
250117,30.53472,-89.617988,Independent / Unknown,independent,0.0
250123,30.472894,-89.143324,Independent / Unknown,independent,0.0
250124,31.896635,-89.718092,Independent / Unknown,independent,0.0
250127,32.796469,-89.125241,Independent / Unknown,independent,0.0
250134,32.243461,-90.069892,Independent / Unknown,independent,0.0
250136,32.336997,-90.085883,Independent / Unknown,independent,0.0
250138,32.336997,-90.085883,Independent / Unknown,independent,0.0
250141,34.96626,-89.998152,Independent / Unknown,independent,0.0
250151,32.276115,-88.592851,Independent / Unknown,independent,0.0
250152,32.335241,-90.161417,Independent / Unknown,independent,0.0
250162,30.268896,-89.480787,Ochsner,ochsner,0.85
250167,34.933929,-89.81628,Independent / Unknown,independent,0.0
250168,33.761689,-89.799115,Independent / Unknown,independent,0.0
250172,34.590668,-89.917818,Independent / Unknown,independent,0.0
250174,34.766919,-89.48633,Independent / Unknown,independent,0.0
25039F,30.408572,-88.921273,Independent / Unknown,independent,0.0
25042F,30.403994,-88.966133,Independent / Unknown,independent,0.0
25043F,32.335241,-90.161417,VA,va,0.85
250780,31.68616,-91.043249,Independent / Unknown,independent,0.0
250781,34.303285,-89.95225,Independent / Unknown,independent,0.0
250782,31.166512,-88.623419,Independent / Unknown,independent,0.0
250783,31.386969,-88.866929,Independent / Unknown,independent,0.0
250784,32.822724,-90.911519,Independent / Unknown,independent,0.0
250785,33.910353,-88.967727,Independent / Unknown,independent,0.0
250786,32.045133,-89.490046,Independent / Unknown,independent,0.0
251300,32.385998,-89.467337,Independent / Unknown,independent,0.0
251302,33.843635,-88.565615,Independent / Unknown,independent,0.0
251304,33.982149,-90.144184,Independent / Unknown,independent,0.0
251305,31.54103,-90.148993,Independent / Unknown,independent,0.0
251307,33.088581,-88.556133,Independent / Unknown,independent,0.0
251308,34.217021,-89.027469,Independent / Unknown,independent,0.0
251309,31.067208,-91.134006,Independent / Unknown,independent,0.0
251312,33.459525,-89.718167,Independent / Unknown,independent,0.0
251313,32.842991,-90.515099,Independent / Unknown,independent,0.0
251315,32.780342,-89.513458,Independent / Unknown,independent,0.0
251316,32.05882,-88.61903,Ochsner,ochsner,0.85
251317,31.951836,-89.824587,Independent / Unknown,independent,0.0
251318,33.739586,-90.523058,Independent / Unknown,independent,0.0
251319,33.13191,-90.117243,Independent / Unknown,independent,0.0
251320,31.987233,-90.985084,Independent / Unknown,independent,0.0
251322,32.608635,-89.120184,Ochsner,ochsner,0.85
251323,32.309634,-89.664992,Ochsner,ochsner,0.85
251324,31.124737,-90.126164,Independent / Unknown,independent,0.0
251325,31.651051,-89.572839,Independent / Unknown,independent,0.0
251326,31.621243,-89.854275,Independent / Unknown,independent,0.0
251327,31.835325,-90.467283,Independent / Unknown,independent,0.0
251330,31.46121,-90.872092,Independent / Unknown,independent,0.0
251331,33.829912,-89.351138,Independent / Unknown,independent,0.0
251333,30.822939,-89.568872,Independent / Unknown,independent,0.0
251334,33.344573,-89.186133,Independent / Unknown,independent,0.0
251335,32.743509,-88.698611,Ochsner,ochsner,0.85
251336,33.012936,-89.543606,Independent / Unknown,independent,0.0
251337,34.738986,-88.902732,Independent / Unknown,independent,0.0
251339,34.287169,-90.298573,Independent / Unknown,independent,0.0
252013,33.302578,-91.028375,Independent / Unknown,independent,0.0
254005,34.933929,-89.81628,Independent / Unknown,independent,0.0
254007,32.336997,-90.085883,Independent / Unknown,independent,0.0
254008,31.155087,-89.413507,Independent / Unknown,independent,0.0
254009,34.281378,-88.672873,Independent / Unknown,independent,0.0
254010,32.243461,-90.069892,Independent / Unknown,independent,0.0
254011,30.472894,-89.143324,Independent / Unknown,independent,0.0
254012,30.403994,-88.966133,Independent / Unknown,independent,0.0
254013,34.222629,-88.774588,Independent / Unknown,independent,0.0
254014,32.335241,-90.161417,Independent / Unknown,independent,0.0
260001,37.019944,-94.510905,Independent / Unknown,independent,0.0
260005,38.858035,-90.463316,Independent / Unknown,independent,0.0
260006,39.789915,-94.803312,Independent / Unknown,independent,0.0
260009,38.699117,-93.221345,Independent / Unknown,independent,0.0
260011,38.573482,-92.276821,SSM Health,ssm_health,0.85
260017,37.899248,-91.768537,Independent / Unknown,independent,0.0
260020,38.657953,-90.455394,Independent / Unknown,independent,0.0
260022,40.166289,-92.59121,Independent / Unknown,independent,0.0
260023,38.231258,-90.37501,Independent / Unknown,independent,0.0
260024,37.298969,-91.955093,Independent / Unknown,independent,0.0
260025,39.689893,-91.466267,Independent / Unknown,independent,0.0
260027,38.979726,-94.541547,Independent / Unknown,independent,0.0
26002F,37.709893,-92.147911,Independent / Unknown,independent,0.0
260032,38.625369,-90.266467,Independent / Unknown,independent,0.0
260034,38.255968,-94.283819,Independent / Unknown,independent,0.0
260040,37.167524,-93.324808,Independent / Unknown,independent,0.0
260048,39.084895,-94.58647,Independent / Unknown,independent,0.0
26004F,39.065482,-94.534791,VA,va,0.85
260052,38.535474,-91.048733,Independent / Unknown,independent,0.0
260057,39.736744,-94.225807,Independent / Unknown,independent,0.0
260059,37.691691,-92.647854,Independent / Unknown,independent,0.0
260061,37.825103,-94.333493,Independent / Unknown,independent,0.0
260062,39.281279,-94.626948,Independent / Unknown,independent,0.0
260065,37.148205,-93.252457,Independent / Unknown,independent,0.0
260068,38.900945,-92.238427,Independent / Unknown,independent,0.0
260070,36.259153,-89.717229,Independent / Unknown,independent,0.0
260074,39.413639,-92.39495,Independent / Unknown,independent,0.0
260077,38.491966,-90.386567,Independent / Unknown,independent,0.0
260078,36.701055,-91.856335,Independent / Unknown,independent,0.0
26007F,36.771222,-90.45156,VA,va,0.85
260081,38.50272,-90.458936,Independent / Unknown,independent,0.0
260085,38.957802,-94.598599,Independent / Unknown,independent,0.0
260091,38.630811,-90.330406,SSM Health,ssm_health,0.85
260094,37.049152528571426,-93.10789728571429,Independent / Unknown,independent,0.0
260095,39.071957,-94.319308,Independent / Unknown,independent,0.0
260096,39.148811,-94.575242,Independent / Unknown,independent,0.0
260097,38.792552,-93.730877,Independent / Unknown,independent,0.0
26009F,38.644424,-90.207972,VA,va,0.85
260102,38.967134,-94.40466,Independent / Unknown,independent,0.0
260104,38.772903,-90.429784,SSM Health,ssm_health,0.85
260105,38.611128,-90.214087,SSM Health,ssm_health,0.85
260108,38.616725,-90.439561,Independent / Unknown,independent,0.0
260110,37.331452,-89.584134,Independent / Unknown,independent,0.0
260113,36.904917,-89.618496,Independent / Unknown,independent,0.0
260119,36.771222,-90.45156,Independent / Unknown,independent,0.0
260137,37.019944,-94.510905,Independent / Unknown,independent,0.0
260138,39.05708,-94.593899,Independent / Unknown,independent,0.0
260141,39.214115282608695,-92.39349080434783,Independent / Unknown,independent,0.0
260142,39.088482,-93.175934,Independent / Unknown,independent,0.0
260160,36.771316,-89.984451,Independent / Unknown,independent,0.0
260162,38.657953,-90.455394,Independent / Unknown,independent,0.0
260163,37.755067,-90.369022,Parkland Health (Texas),parkland_health_texas,0.85
260175,38.372423,-93.727337,Independent / Unknown,independent,0.0
260176,38.579356,-90.420881,Independent / Unknown,independent,0.0
260177,39.258315,-94.389653,Independent / Unknown,independent,0.0
260179,38.656285,-90.541867,Independent / Unknown,independent,0.0
260180,38.744761,-90.259924,Independent / Unknown,independent,0.0
260183,37.274934,-89.540005,Independent / Unknown,independent,0.0
260186,38.132046,-92.669926,Independent / Unknown,independent,0.0
260190,38.912225,-94.353417,Independent / Unknown,independent,0.0
260191,38.800744,-90.61215,Independent / Unknown,independent,0.0
260193,39.00941,-94.256518,Independent / Unknown,independent,0.0
260195,37.640914,-93.387351,Independent / Unknown,independent,0.0
260200,38.774189,-90.795053,Independent / Unknown,independent,0.0
260214,38.788391,-94.551918,Independent / Unknown,independent,0.0
260216,38.899171,-94.272385,Independent / Unknown,independent,0.0
260219,38.751545,-90.728422,Independent / Unknown,independent,0.0
26023F,38.900945,-92.238427,VA,va,0.85
260779,37.93458,-90.534178,Parkland Health (Texas),parkland_health_texas,0.85
261301,38.15321,-94.006638,Independent / Unknown,independent,0.0
261302,37.543368,-90.325994,Independent / Unknown,independent,0.0
261303,40.323896,-95.399116,Independent / Unknown,independent,0.0
261305,40.48062,-92.947276,Independent / Unknown,independent,0.0
261306,40.176075,-93.11234,Independent / Unknown,independent,0.0
261307,39.793634,-93.047921,Independent / Unknown,independent,0.0
261308,37.917196,-90.9142,Independent / Unknown,independent,0.0
261309,40.073782,-93.603525,Independent / Unknown,independent,0.0
261310,40.486404,-92.193179,Independent / Unknown,independent,0.0
261311,37.711303,-89.877458,Independent / Unknown,independent,0.0
261312,40.264687,-94.032246,Independent / Unknown,independent,0.0
261313,39.753192,-92.450313,Independent / Unknown,independent,0.0
261314,38.63302,-91.489758,Independent / Unknown,independent,0.0
261316,36.989679,-93.73973,Independent / Unknown,independent,0.0
261317,36.674069,-93.816497,Independent / Unknown,independent,0.0
261318,37.59661,-91.503867,Independent / Unknown,independent,0.0
261319,39.001027,-90.995571,Independent / Unknown,independent,0.0
261320,39.154284,-93.836041,Independent / Unknown,independent,0.0
261321,39.805381,-93.579097,Independent / Unknown,independent,0.0
261322,39.327214,-94.227268,Independent / Unknown,independent,0.0
261323,37.848197,-93.978926,Independent / Unknown,independent,0.0
261324,38.624518,-94.329252,Independent / Unknown,independent,0.0
261325,37.521844,-94.267108,Independent / Unknown,independent,0.0
261327,39.343321,-93.955431,Independent / Unknown,independent,0.0
261328,40.251742,-94.323106,Independent / Unknown,independent,0.0
261329,36.910924,-93.908754,Independent / Unknown,independent,0.0
261330,37.904016,-90.164527,Independent / Unknown,independent,0.0
261331,36.861146,-94.401393,Independent / Unknown,independent,0.0
261332,39.359951,-93.48192,Independent / Unknown,independent,0.0
261333,39.454043,-91.113045,Independent / Unknown,independent,0.0
261335,37.005701,-91.712048,Independent / Unknown,independent,0.0
261336,37.625409,-90.647867,Independent / Unknown,independent,0.0
261337,38.214114,-91.078109,Independent / Unknown,independent,0.0
261338,37.189255,-94.279255,Independent / Unknown,independent,0.0
261340,40.342732,-94.881155,Independent / Unknown,independent,0.0
263301,38.625369,-90.266467,Independent / Unknown,independent,0.0
263302,39.084895,-94.58647,Independent / Unknown,independent,0.0
263303,38.729228,-90.45499,Independent / Unknown,independent,0.0
263304,38.625369,-90.266467,Independent / Unknown,independent,0.0
264004,38.850034,-91.978767,Independent / Unknown,independent,0.0
264005,37.755067,-90.369022,Independent / Unknown,independent,0.0
264007,39.763380833333336,-94.827275,Independent / Unknown,independent,0.0
264008,39.084895,-94.58647,Independent / Unknown,independent,0.0
264010,38.610351,-90.291845,Independent / Unknown,independent,0.0
264012,38.706113,-90.68602,Independent / Unknown,independent,0.0
264020,38.52016,-93.514635,Independent / Unknown,independent,0.0
264024,37.205661,-93.298579,Independent / Unknown,independent,0.0
264031,38.132046,-92.669926,Independent / Unknown,independent,0.0
264032,39.01716,-92.297814,Independent / Unknown,independent,0.0
264033,37.283159,-93.289905,Independent / Unknown,independent,0.0
264034,37.274934,-89.540005,Independent / Unknown,independent,0.0
264035,38.729228,-90.45499,Independent / Unknown,independent,0.0
270003,46.53069,-112.199398,Independent / Unknown,independent,0.0
270004,45.607108,-108.341517,Independent / Unknown,independent,0.0
270012,47.288991,-111.300456,Independent / Unknown,independent,0.0
270014,46.903959,-113.91929,Independent / Unknown,independent,0.0
270017,46.032709,-112.464159,Independent / Unknown,independent,0.0
270023,46.878743,-114.264888,Independent / Unknown,independent,0.0
27003F,46.61614,-112.114018,Independent / Unknown,independent,0.0
270049,45.772128,-108.5326285,Intermountain Health,intermountain_health,0.85
270051,48.230565,-114.403313,Independent / Unknown,independent,0.0
270057,45.693722,-110.906093,Independent / Unknown,independent,0.0
270074,48.552149,-113.001927,Independent / Unknown,independent,0.0
270086,47.288991,-111.300456,Independent / Unknown,independent,0.0
271300,48.236464,-105.158947,Independent / Unknown,independent,0.0
271301,46.257762,-104.225586,Independent / Unknown,independent,0.0
271302,45.768923,-104.56924,Independent / Unknown,independent,0.0
271303,46.285772,-113.467406,Independent / Unknown,independent,0.0
271304,47.928944,-110.651689,Independent / Unknown,independent,0.0
271305,47.516636,-105.769079,Independent / Unknown,independent,0.0
271306,46.687672,-111.054662,Independent / Unknown,independent,0.0
271307,47.834255,-112.488851,Independent / Unknown,independent,0.0
271308,48.075949,-104.491631,Independent / Unknown,independent,0.0
271309,46.812388,-105.503938,Independent / Unknown,independent,0.0
271310,47.40652,-106.816654,Independent / Unknown,independent,0.0
271311,48.038123,-109.931777,Independent / Unknown,independent,0.0
271312,48.026235,-107.840361,Independent / Unknown,independent,0.0
271313,45.924721,-109.948625,Independent / Unknown,independent,0.0
271314,46.352854,-112.752885,Independent / Unknown,independent,0.0
271315,48.452755,-108.701335,Independent / Unknown,independent,0.0
271316,48.131171,-106.798317,Independent / Unknown,independent,0.0
271317,45.577413,-110.55021,Independent / Unknown,independent,0.0
271318,45.073828,-112.834673,Independent / Unknown,independent,0.0
271319,45.454116,-112.072389,Independent / Unknown,independent,0.0
271320,48.270626,-115.313164,Independent / Unknown,independent,0.0
271321,46.459994,-109.88342,Independent / Unknown,independent,0.0
271322,48.751679,-104.640564,Independent / Unknown,independent,0.0
271323,47.519781,-114.795216,Independent / Unknown,independent,0.0
271324,48.187163,-111.898576,Independent / Unknown,independent,0.0
271325,47.531668,-114.119557,Independent / Unknown,independent,0.0
271326,45.087055,-109.558392,Independent / Unknown,independent,0.0
271327,46.236772,-106.682233,Independent / Unknown,independent,0.0
271328,48.529477,-111.690738,Independent / Unknown,independent,0.0
271329,45.324524,-111.651181,Independent / Unknown,independent,0.0
271330,45.628692,-109.240732,Independent / Unknown,independent,0.0
271331,47.104767,-114.908845,Independent / Unknown,independent,0.0
271332,47.12112,-104.763541,Independent / Unknown,independent,0.0
271333,46.416678,-111.442641,Independent / Unknown,independent,0.0
271334,48.556788,-110.976831,Independent / Unknown,independent,0.0
271335,46.094672,-113.141624,Independent / Unknown,independent,0.0
271336,48.436974,-114.499016,Independent / Unknown,independent,0.0
271337,48.740743,-112.666436,Independent / Unknown,independent,0.0
271338,45.700376,-107.783469,Independent / Unknown,independent,0.0
271339,45.570481,-107.261652,Independent / Unknown,independent,0.0
271340,46.166692,-114.105097,Independent / Unknown,independent,0.0
271341,48.141944,-105.626831,Independent / Unknown,independent,0.0
271342,48.791171,-105.514255,Independent / Unknown,independent,0.0
271343,47.715801,-114.18621,Providence,providence,0.85
271344,47.609447,-104.086114,Independent / Unknown,independent,0.0
271345,47.139731,-109.310887,Independent / Unknown,independent,0.0
271346,46.525989,-108.553737,Independent / Unknown,independent,0.0
271347,46.360165,-105.867454,Independent / Unknown,independent,0.0
271348,48.689867,-109.781085,Independent / Unknown,independent,0.0
271389,45.287116,-111.38874,Independent / Unknown,independent,0.0
274004,46.53069,-112.199398,Independent / Unknown,independent,0.0
280003,40.783832,-96.639581,Independent / Unknown,independent,0.0
280009,41.16159890625,-98.9275311875,Independent / Unknown,independent,0.0
280013,41.24411286842105,-96.03225781578948,Independent / Unknown,independent,0.0
280020,40.807097,-96.648326,Independent / Unknown,independent,0.0
280023,40.956158,-98.414569,Independent / Unknown,independent,0.0
280032,40.590946,-98.366104,Independent / Unknown,independent,0.0
280040,41.263139,-96.05204,Independent / Unknown,independent,0.0
280059,42.237863,-96.475436,Independent / Unknown,independent,0.0
280060,41.235443,-96.052175,Independent / Unknown,independent,0.0
280061,42.102096,-103.566082,Independent / Unknown,independent,0.0
280065,41.150189,-100.805308,Independent / Unknown,independent,0.0
28006F,41.240735,-95.964919,VA,va,0.85
280077,41.437899,-96.491294,Independent / Unknown,independent,0.0
280081,41.363392,-96.051876,Independent / Unknown,independent,0.0
280105,41.121818,-96.052772,Independent / Unknown,independent,0.0
280111,41.452353,-97.394665,Independent / Unknown,independent,0.0
280125,42.019825,-97.442556,Independent / Unknown,independent,0.0
280127,40.783832,-96.639581,Independent / Unknown,independent,0.0
280128,40.729979,-96.582051,Independent / Unknown,independent,0.0
280129,41.234983,-96.11845,Independent / Unknown,independent,0.0
280130,41.233443,-96.197982,Independent / Unknown,independent,0.0
280131,41.263139,-96.05204,Independent / Unknown,independent,0.0
280132,41.102245,-95.947634,Independent / Unknown,independent,0.0
280133,41.363392,-96.051876,Independent / Unknown,independent,0.0
280134,40.718088,-99.170857,Independent / Unknown,independent,0.0
280139,40.956158,-98.414569,Independent / Unknown,independent,0.0
280779,40.631292,-97.284829,Independent / Unknown,independent,0.0
281300,40.154543,-99.339914,Independent / Unknown,independent,0.0
281301,40.501353,-97.603498,Independent / Unknown,independent,0.0
281302,40.07901,-96.189143,Independent / Unknown,independent,0.0
281303,42.809636,-98.437442,Independent / Unknown,independent,0.0
281304,40.14428,-97.556231,Independent / Unknown,independent,0.0
281305,41.251548,-103.683487,Independent / Unknown,independent,0.0
281306,40.48554,-98.923098,Independent / Unknown,independent,0.0
281307,41.18462,-96.618861,Independent / Unknown,independent,0.0
281308,40.763634,-97.783303,Independent / Unknown,independent,0.0
281309,40.647219,-96.166654,Independent / Unknown,independent,0.0
281310,41.460919,-102.353212,Independent / Unknown,independent,0.0
281311,40.10974,-98.961742,Independent / Unknown,independent,0.0
281312,41.45877,-97.766341,Independent / Unknown,independent,0.0
281313,40.995816,-100.176551,Independent / Unknown,independent,0.0
281314,41.228224,-97.570129,Independent / Unknown,independent,0.0
281315,40.06666,-98.0975,Independent / Unknown,independent,0.0
281316,40.10798,-98.529779,Independent / Unknown,independent,0.0
281318,41.628549,-103.166962,Independent / Unknown,independent,0.0
281319,40.152084,-97.22602,Independent / Unknown,independent,0.0
281320,40.822012,-98.006221,Independent / Unknown,independent,0.0
281322,41.835483,-96.725504,Independent / Unknown,independent,0.0
281323,41.492505,-97.088623,Independent / Unknown,independent,0.0
281324,40.370253,-95.864948,Independent / Unknown,independent,0.0
281325,42.390453,-99.856953,Independent / Unknown,independent,0.0
281326,42.183568,-97.980286,Independent / Unknown,independent,0.0
281327,40.897081,-99.961723,Independent / Unknown,independent,0.0
281328,41.163588,-98.016399,Independent / Unknown,independent,0.0
281329,42.515901,-98.588982,Independent / Unknown,independent,0.0
281331,42.477415,-97.907316,Independent / Unknown,independent,0.0
281332,41.243134,-97.133874,Independent / Unknown,independent,0.0
281333,42.368746,-99.5033,Independent / Unknown,independent,0.0
281334,41.716659,-98.051161,Independent / Unknown,independent,0.0
281335,41.264062,-99.968062,Independent / Unknown,independent,0.0
281336,40.865457,-97.598134,Independent / Unknown,independent,0.0
281338,41.240069,-98.453879,Independent / Unknown,independent,0.0
281339,40.909555,-97.117067,Independent / Unknown,independent,0.0
281340,40.14161,-101.540343,Independent / Unknown,independent,0.0
281341,42.876447,-102.983,Independent / Unknown,independent,0.0
281342,40.635824,-95.883774,Independent / Unknown,independent,0.0
281343,42.540294,-98.973236,Independent / Unknown,independent,0.0
281344,42.692363,-100.614583,Independent / Unknown,independent,0.0
281345,42.213826,-97.030949,Providence,providence,0.85
281346,42.309481,-97.824652,Independent / Unknown,independent,0.0
281347,42.342343,-97.613725,Independent / Unknown,independent,0.0
281348,40.341844,-100.187143,Independent / Unknown,independent,0.0
281349,42.111184,-96.733037,Independent / Unknown,independent,0.0
281350,40.355234,-96.226201,Independent / Unknown,independent,0.0
281351,40.552146,-101.694374,Independent / Unknown,independent,0.0
281352,40.123524,-95.567952,Independent / Unknown,independent,0.0
281353,41.604066,-98.93836,Independent / Unknown,independent,0.0
281354,40.620687,-96.950188,Independent / Unknown,independent,0.0
281355,41.075658,-101.670275,Independent / Unknown,independent,0.0
281356,40.840284,-101.773149,Independent / Unknown,independent,0.0
281357,41.129189,-103.016494,Independent / Unknown,independent,0.0
281358,42.66553,-101.910895,Independent / Unknown,independent,0.0
281359,41.540632,-96.169877,Independent / Unknown,independent,0.0
281360,42.126924,-102.889507,Independent / Unknown,independent,0.0
281361,40.826405,-99.739779,Independent / Unknown,independent,0.0
281362,40.431229,-99.396889,Independent / Unknown,independent,0.0
281363,40.250669,-100.661196,Independent / Unknown,independent,0.0
281364,40.249821,-96.74949,Independent / Unknown,independent,0.0
281365,41.388425,-99.631316,Independent / Unknown,independent,0.0
283300,41.257079,-96.133337,Independent / Unknown,independent,0.0
283301,41.263139,-96.05204,Independent / Unknown,independent,0.0
284003,40.79128,-96.760091,Independent / Unknown,independent,0.0
284009,41.240735,-95.964919,Independent / Unknown,independent,0.0
290001,39.494062,-119.742329,Independent / Unknown,independent,0.0
290003,36.131622,-115.169932,Independent / Unknown,independent,0.0
290005,36.212305,-115.123134,Independent / Unknown,independent,0.0
290007,36.14534,-115.186607,Independent / Unknown,independent,0.0
290008,41.165012,-115.757235,Independent / Unknown,independent,0.0
290009,39.541037,-119.840128,Independent / Unknown,independent,0.0
290012,36.03889,-114.928316,Independent / Unknown,independent,0.0
290019,39.136939,-119.869938,Independent / Unknown,independent,0.0
29001F,36.247282,-115.004186,Independent / Unknown,independent,0.0
290021,36.182066,-115.162487,Independent / Unknown,independent,0.0
29002F,39.494062,-119.742329,Independent / Unknown,independent,0.0
290032,39.540617,-119.543993,Independent / Unknown,independent,0.0
290039,36.196784,-115.264406,Independent / Unknown,independent,0.0
290041,36.177489,-115.319431,Independent / Unknown,independent,0.0
290042,36.08452,-115.146071,Independent / Unknown,independent,0.0
290045,35.979874,-115.107944,Independent / Unknown,independent,0.0
290046,36.077788,-115.213011,Independent / Unknown,independent,0.0
290047,36.063355,-115.296763,Independent / Unknown,independent,0.0
290049,39.371633,-119.675912,Independent / Unknown,independent,0.0
29004F,36.2836,-115.109962,Independent / Unknown,independent,0.0
290053,36.060204,-115.262325,Independent / Unknown,independent,0.0
290054,36.270796,-115.294623,Independent / Unknown,independent,0.0
290057,36.084816,-114.96318,Independent / Unknown,independent,0.0
290058,36.258457,-115.170743,Independent / Unknown,independent,0.0
290062,35.979874,-115.107944,Independent / Unknown,independent,0.0
291300,38.517193,-118.788741,Independent / Unknown,independent,0.0
291301,39.269009,-119.945726,Independent / Unknown,independent,0.0
291302,39.531134,-114.767404,Independent / Unknown,independent,0.0
291303,40.428841,-116.961096,Independent / Unknown,independent,0.0
291304,40.342885,-118.287699,Independent / Unknown,independent,0.0
291306,38.783116,-119.55929,Independent / Unknown,independent,0.0
291307,36.814532,-114.093334,Independent / Unknown,independent,0.0
291308,41.121069,-118.008548,Independent / Unknown,independent,0.0
291309,35.999628,-114.85204,Independent / Unknown,independent,0.0
291311,36.163631,-115.98748,Independent / Unknown,independent,0.0
291312,37.286087,-114.513105,Independent / Unknown,independent,0.0
291313,39.358998,-117.946764,Banner Health,banner_health,0.85
291314,38.829718,-119.11477,Independent / Unknown,independent,0.0
294000,39.538324,-119.749794,Independent / Unknown,independent,0.0
294002,36.14325,-115.226789,Independent / Unknown,independent,0.0
294010,36.14325,-115.226789,Independent / Unknown,independent,0.0
294011,36.140961,-115.281091,Independent / Unknown,independent,0.0
294012,35.979874,-115.107944,Independent / Unknown,independent,0.0
294013,36.131622,-115.169932,Independent / Unknown,independent,0.0
294015,39.425376,-119.871891,Independent / Unknown,independent,0.0
294016,36.11236,-115.212148,Independent / Unknown,independent,0.0
300001,43.238596,-71.556261,Independent / Unknown,independent,0.0
300003,43.719795624999996,-72.1160905,Independent / Unknown,independent,0.0
300005,43.576535,-71.482263,Independent / Unknown,independent,0.0
300011,42.741087,-71.458266,Independent / Unknown,independent,0.0
300012,42.956116,-71.442385,Independent / Unknown,independent,0.0
300014,43.301679,-70.991769,Independent / Unknown,independent,0.0
300017,42.892761,-71.276763,Parkland Health (Texas),parkland_health_texas,0.85
300018,43.18636,-70.883623,Independent / Unknown,independent,0.0
300019,42.969069,-72.301965,Independent / Unknown,independent,0.0
300020,42.741087,-71.458266,Independent / Unknown,independent,0.0
300023,42.97878,-70.97968,Independent / Unknown,independent,0.0
300029,43.074812,-70.805443,Independent / Unknown,independent,0.0
300034,43.011907,-71.491063,Independent / Unknown,independent,0.0
301300,44.896332,-71.378109,Independent / Unknown,independent,0.0
301301,44.035925,-71.846557,Independent / Unknown,independent,0.0
301302,44.343351,-71.795118,Independent / Unknown,independent,0.0
301303,44.49028,-71.547516,Independent / Unknown,independent,0.0
301304,43.417721,-71.990609,Independent / Unknown,independent,0.0
301305,43.632568,-72.234816,Independent / Unknown,independent,0.0
301306,43.448973,-71.674166,Independent / Unknown,independent,0.0
301307,44.042077,-71.122992,Independent / Unknown,independent,0.0
301308,43.360727,-72.326929,Independent / Unknown,independent,0.0
301309,42.868369,-71.940102,Independent / Unknown,independent,0.0
301310,44.511429,-71.197801,Independent / Unknown,independent,0.0
301311,43.738775,-71.702625,Independent / Unknown,independent,0.0
301312,43.610385,-71.177826,Independent / Unknown,independent,0.0
304000,43.238596,-71.556261,Independent / Unknown,independent,0.0
304001,42.878739,-71.178272,Independent / Unknown,independent,0.0
310001,40.889398,-74.045698,Hackensack Meridian Health,hackensack_meridian_health,0.85
310002,40.711391,-74.211683,Independent / Unknown,independent,0.0
310003,40.793644,-74.025027,Independent / Unknown,independent,0.0
310005,40.521995,-74.866644,Independent / Unknown,independent,0.0
310006,40.857552,-74.129089,Independent / Unknown,independent,0.0
310008,40.890317,-74.011478,Independent / Unknown,independent,0.0
310009,40.793481,-74.161159,Independent / Unknown,independent,0.0
310010,40.333076,-74.586628,Independent / Unknown,independent,0.0
310011,39.119187,-74.823188,Independent / Unknown,independent,0.0
310012,40.947299,-74.070169,Independent / Unknown,independent,0.0
310014,39.935202,-75.112703,Independent / Unknown,independent,0.0
310015,40.740505862068964,-74.51552093103449,Independent / Unknown,independent,0.0
310016,40.736294,-74.071128,Independent / Unknown,independent,0.0
310017,40.967407,-74.306967,Independent / Unknown,independent,0.0
310019,40.897548,-74.154121,Independent / Unknown,independent,0.0
31001F,40.755733,-74.217917,Independent / Unknown,independent,0.0
310022,39.84857,-74.952843,Independent / Unknown,independent,0.0
310024,40.607152,-74.280531,RWJBarnabas Health,rwjbarnabas_health,0.85
310025,40.662495,-74.110201,Independent / Unknown,independent,0.0
310027,40.666020571428575,-74.22250385714287,Independent / Unknown,independent,0.0
310028,41.057287,-74.802737,Independent / Unknown,independent,0.0
310029,39.935202,-75.112703,Independent / Unknown,independent,0.0
310031,39.931536,-74.54372,Independent / Unknown,independent,0.0
310032,39.492354,-75.003447,Independent / Unknown,independent,0.0
310034,40.360509,-74.078952,Independent / Unknown,independent,0.0
310038,40.483638,-74.44246,RWJBarnabas Health,rwjbarnabas_health,0.85
310039,40.520494,-74.272943,Independent / Unknown,independent,0.0
310040,40.745251,-74.027926,Independent / Unknown,independent,0.0
310041,40.008534,-74.221768,Independent / Unknown,independent,0.0
310044,40.329422,-74.792789,Independent / Unknown,independent,0.0
310045,40.891197,-73.972515,Independent / Unknown,independent,0.0
310047,39.315511,-74.598278,Independent / Unknown,independent,0.0
310048,40.589554,-74.685411,RWJBarnabas Health,rwjbarnabas_health,0.85
310050,40.88646,-74.487584,Independent / Unknown,independent,0.0
310051,40.714923,-74.366372,Independent / Unknown,independent,0.0
310052,40.091032,-74.114395,Independent / Unknown,independent,0.0
310054,40.813487,-74.219011,Hackensack Meridian Health,hackensack_meridian_health,0.85
310057,40.010005,-74.792207,Independent / Unknown,independent,0.0
310058,40.947299,-74.070169,Independent / Unknown,independent,0.0
310060,40.708226,-75.147073,Independent / Unknown,independent,0.0
310061,40.02795,-74.886984,Independent / Unknown,independent,0.0
310064,39.377337,-74.45107,Independent / Unknown,independent,0.0
310069,39.557653,-75.177717,Independent / Unknown,independent,0.0
310070,40.483638,-74.44246,Independent / Unknown,independent,0.0
310073,40.31578831707317,-74.09875217073171,Independent / Unknown,independent,0.0
310074,40.718808,-74.044634,Independent / Unknown,independent,0.0
310075,40.295372,-73.989899,Independent / Unknown,independent,0.0
310076,40.785828,-74.3291,RWJBarnabas Health,rwjbarnabas_health,0.85
310083,40.755733,-74.217917,Independent / Unknown,independent,0.0
310084,40.077069,-74.19851,Independent / Unknown,independent,0.0
310086,39.82899,-75.015536,Independent / Unknown,independent,0.0
310092,40.254018,-74.763385,Independent / Unknown,independent,0.0
310096,40.735659,-74.173605,Independent / Unknown,independent,0.0
310108,40.539700592592595,-74.61861670370371,Independent / Unknown,independent,0.0
310110,40.225833,-74.660096,RWJBarnabas Health,rwjbarnabas_health,0.85
310111,40.225793,-74.285785,Independent / Unknown,independent,0.0
310112,40.374964,-74.173849,Independent / Unknown,independent,0.0
310113,39.712132,-74.231888,Independent / Unknown,independent,0.0
310115,40.860045,-74.831795,Independent / Unknown,independent,0.0
310118,40.781958,-74.067649,Independent / Unknown,independent,0.0
310119,40.738852,-74.195264,Independent / Unknown,independent,0.0
310130,41.003484,-74.001753,Hackensack Meridian Health,hackensack_meridian_health,0.85
312024,40.762918,-74.186559,Independent / Unknown,independent,0.0
313300,40.483638,-74.44246,Independent / Unknown,independent,0.0
313302,39.856677,-74.90081,Independent / Unknown,independent,0.0
314001,40.714923,-74.366372,Independent / Unknown,independent,0.0
314005,39.631681,-74.773893,Independent / Unknown,independent,0.0
314011,40.539658,-74.462791,Independent / Unknown,independent,0.0
314012,40.448217,-74.653244,Hackensack Meridian Health,hackensack_meridian_health,0.85
314013,40.19889933333333,-74.704316,Independent / Unknown,independent,0.0
314016,40.846026,-74.482314,Independent / Unknown,independent,0.0
314018,39.783815,-75.056068,Independent / Unknown,independent,0.0
314019,40.999093,-74.168849,Independent / Unknown,independent,0.0
314020,40.858017,-74.229784,Independent / Unknown,independent,0.0
314021,40.010005,-74.792207,Independent / Unknown,independent,0.0
314022,40.008534,-74.221768,RWJBarnabas Health,rwjbarnabas_health,0.85
314023,39.961394,-74.665922,Independent / Unknown,independent,0.0
314024,40.781958,-74.067649,Independent / Unknown,independent,0.0
314027,40.67659,-74.427022,Independent / Unknown,independent,0.0
320001,35.007139,-106.60982,Independent / Unknown,independent,0.0
320002,35.619797,-105.866983,CHRISTUS Health,christus_health,0.85
320004,32.735184,-106.040383,CHRISTUS Health,christus_health,0.85
320005,36.738158,-108.183294,Independent / Unknown,independent,0.0
320006,33.668801,-104.496734,Independent / Unknown,independent,0.0
320009,35.082357,-106.646768,Independent / Unknown,independent,0.0
320011,35.989751,-106.12563,Independent / Unknown,independent,0.0
320017,35.151667,-106.574947,Independent / Unknown,independent,0.0
320018,32.37716,-106.576316,Independent / Unknown,independent,0.0
320021,35.007139,-106.60982,Independent / Unknown,independent,0.0
320022,34.499488,-103.257721,Independent / Unknown,independent,0.0
320030,32.774587,-104.224156,Independent / Unknown,independent,0.0
320033,35.766966,-106.295094,Independent / Unknown,independent,0.0
320057,35.708182,-105.851021,Independent / Unknown,independent,0.0
320059,36.862541,-108.935813,Independent / Unknown,independent,0.0
32005F,35.072343,-106.578318,Independent / Unknown,independent,0.0
320060,35.071983,-108.788665,Independent / Unknown,independent,0.0
320061,35.522118,-108.763187,Independent / Unknown,independent,0.0
320062,35.798151,-108.221042,Independent / Unknown,independent,0.0
320063,32.314867,-104.420014,Independent / Unknown,independent,0.0
320065,32.674675,-103.446805,Independent / Unknown,independent,0.0
320074,35.197465,-106.681757,Independent / Unknown,independent,0.0
320084,34.131526,-103.326663,Independent / Unknown,independent,0.0
320085,32.37716,-106.576316,Independent / Unknown,independent,0.0
320086,33.668801,-104.496734,Independent / Unknown,independent,0.0
320090,35.621812,-106.108636,Independent / Unknown,independent,0.0
320091,32.290212,-106.753138,Independent / Unknown,independent,0.0
320779,34.885885,-104.824923,Independent / Unknown,independent,0.0
321300,33.160855,-107.016787,Independent / Unknown,independent,0.0
321301,33.932613,-107.073841,Independent / Unknown,independent,0.0
321302,35.074583,-103.780275,Independent / Unknown,independent,0.0
321304,36.362784,-103.343082,Independent / Unknown,independent,0.0
321305,32.993024,-103.382844,Independent / Unknown,independent,0.0
321306,33.352439,-105.671005,Independent / Unknown,independent,0.0
321307,36.767149,-104.363941,Independent / Unknown,independent,0.0
321308,35.014369,-107.925009,Independent / Unknown,independent,0.0
321309,32.408852499999995,-107.5951465,Independent / Unknown,independent,0.0
321310,36.351554,-105.436519,Independent / Unknown,independent,0.0
321311,32.628543,-108.406412,Independent / Unknown,independent,0.0
321312,35.542113,-104.933487,Independent / Unknown,independent,0.0
321313,35.522118,-108.763187,Independent / Unknown,independent,0.0
324010,32.588854,-106.771269,Independent / Unknown,independent,0.0
324012,31.818657,-106.757282,Independent / Unknown,independent,0.0
324013,35.072343,-106.578318,Independent / Unknown,independent,0.0
324014,35.082357,-106.646768,Independent / Unknown,independent,0.0
330005,42.862657,-78.828768,Independent / Unknown,independent,0.0
330006,40.946966,-73.88042,Independent / Unknown,independent,0.0
330009,40.830669,-73.908161,Independent / Unknown,independent,0.0
330011,42.170436,-75.943434,Independent / Unknown,independent,0.0
330013,42.653031,-73.809978,Independent / Unknown,independent,0.0
330014,40.700315,-73.836019,Independent / Unknown,independent,0.0
330019,40.601293,-73.944493,Independent / Unknown,independent,0.0
330023,41.707792,-73.910601,Independent / Unknown,independent,0.0
330024,40.792249,-73.947333,Mount Sinai,mount_sinai,0.85
330027,40.720115,-73.558861,Independent / Unknown,independent,0.0
330028,40.632612,-74.116148,Independent / Unknown,independent,0.0
330030,43.075907,-77.100601,Independent / Unknown,independent,0.0
330033,42.547416,-75.533555,Independent / Unknown,independent,0.0
330043,40.710632,-73.242913,Independent / Unknown,independent,0.0
330044,43.111273499999996,-75.19027,Independent / Unknown,independent,0.0
330045,40.883412,-73.423563,Independent / Unknown,independent,0.0
330046,40.765735,-73.985065,Mount Sinai,mount_sinai,0.85
330047,42.937632,-74.173325,Independent / Unknown,independent,0.0
330049,41.924885,-73.863664,Independent / Unknown,independent,0.0
330055,40.751435,-73.821227,Independent / Unknown,independent,0.0
330056,40.6937,-73.989859,Independent / Unknown,independent,0.0
330057,42.653031,-73.809978,Independent / Unknown,independent,0.0
330058,42.847695,-76.998972,Independent / Unknown,independent,0.0
330059,40.875262,-73.872027,Independent / Unknown,independent,0.0
330060,43.977357,-75.592254,Independent / Unknown,independent,0.0
330065,43.093896,-79.049193,Independent / Unknown,independent,0.0
330073,42.99619,-78.213412,Independent / Unknown,independent,0.0
330074,42.856357,-77.303497,Independent / Unknown,independent,0.0
330078,42.939793,-78.841077,Independent / Unknown,independent,0.0
330079,44.348425,-74.143066,Independent / Unknown,independent,0.0
330080,40.822168,-73.922616,Independent / Unknown,independent,0.0
330085,42.483412,-75.036892,Independent / Unknown,independent,0.0
330086,40.905448,-73.835253,Independent / Unknown,independent,0.0
330090,42.087725,-76.843282,Independent / Unknown,independent,0.0
330094,42.226412,-73.753552,Independent / Unknown,independent,0.0
330096,42.08144,-77.940922,Independent / Unknown,independent,0.0
33009F,42.653031,-73.809978,VA,va,0.85
330100,40.731865,-73.989124,Mount Sinai,mount_sinai,0.85
330101,40.764689,-73.963264,Independent / Unknown,independent,0.0
330102,42.971927,-78.876759,Independent / Unknown,independent,0.0
330103,42.073087,-78.417553,Independent / Unknown,independent,0.0
330104,41.088841,-73.926471,Independent / Unknown,independent,0.0
330106,40.793409,-73.688549,Independent / Unknown,independent,0.0
330107,40.928102,-72.648249,Independent / Unknown,independent,0.0
330111,42.524967,-78.712076,Independent / Unknown,independent,0.0
330115,43.061915,-75.660092,Independent / Unknown,independent,0.0
330119,40.773413,-73.956291,Independent / Unknown,independent,0.0
33011F,42.347484,-77.346851,VA,va,0.85
330125,43.189939,-77.603649,Independent / Unknown,independent,0.0
330126,41.446544,-74.478741,Independent / Unknown,independent,0.0
330127,40.846741,-73.840788,Independent / Unknown,independent,0.0
330128,40.738945,-73.878561,Independent / Unknown,independent,0.0
33012F,42.934545,-78.810223,Independent / Unknown,independent,0.0
330135,41.375285,-74.631515,Bon Secours Mercy Health,bon_secours_mercy_health,0.85
330136,42.722511,-74.895371,Independent / Unknown,independent,0.0
330140,43.060978,-76.134868,Independent / Unknown,independent,0.0
330141,40.76178,-72.987407,Independent / Unknown,independent,0.0
330151,42.334255,-77.635279,Independent / Unknown,independent,0.0
330153,42.82134,-73.92093,Independent / Unknown,independent,0.0
330157,43.969033,-75.910451,Independent / Unknown,independent,0.0
330158,41.155398,-74.129008,Independent / Unknown,independent,0.0
33015F,41.244987,-73.938738,Independent / Unknown,independent,0.0
330160,40.596549,-74.075779,Independent / Unknown,independent,0.0
330162,41.200584,-73.723498,Independent / Unknown,independent,0.0
330164,43.225816,-77.586572,Independent / Unknown,independent,0.0
330166,42.317521,-79.569503,Independent / Unknown,independent,0.0
330169,40.731865,-73.989124,Mount Sinai,mount_sinai,0.85
33016F,40.86894,-73.899995,VA,va,0.85
330175,42.584512,-76.190686,Independent / Unknown,independent,0.0
33017F,40.739045,-73.982616,Independent / Unknown,independent,0.0
330180,42.748588,-73.599536,Independent / Unknown,independent,0.0
330181,40.872605,-73.628622,Northwell Health,northwell_health,0.85
330182,40.796569,-73.646885,Independent / Unknown,independent,0.0
330184,40.91258275,-73.78411249999999,Independent / Unknown,independent,0.0
330185,40.956068,-73.066659,Independent / Unknown,independent,0.0
330188,43.173245,-78.993068,Independent / Unknown,independent,0.0
330191,43.31116,-73.645286,Independent / Unknown,independent,0.0
330193,40.751435,-73.821227,Independent / Unknown,independent,0.0
330194,40.63262,-73.99677,Independent / Unknown,independent,0.0
330195,40.745347,-73.680292,Independent / Unknown,independent,0.0
330196,40.58422,-73.943167,Independent / Unknown,independent,0.0
330197,44.655468,-74.910189,Independent / Unknown,independent,0.0
330198,40.631772,-73.636624,Mount Sinai,mount_sinai,0.85
330199,40.792249,-73.947333,NYC Health + Hospitals,nyc_health_hospitals,0.85
33019F,40.923631,-73.339309,VA,va,0.85
330202,40.649569,-73.934327,NYC Health + Hospitals,nyc_health_hospitals,0.85
330203,43.03142,-76.125816,Independent / Unknown,independent,0.0
330204,40.745182,-73.978053,NYC Health + Hospitals,nyc_health_hospitals,0.85
330205,41.267448,-74.364011,Independent / Unknown,independent,0.0
330208,40.946966,-73.88042,Independent / Unknown,independent,0.0
33020F,40.621803,-74.03015,Independent / Unknown,independent,0.0
330214,40.745182,-73.978053,NYU Langone,nyu_langone,0.85
330215,43.217939,-75.459191,Independent / Unknown,independent,0.0
330218,43.329276,-76.380655,Independent / Unknown,independent,0.0
330219,42.934545,-78.810223,Independent / Unknown,independent,0.0
330221,40.70416,-73.921139,Independent / Unknown,independent,0.0
330222,43.073715,-73.740236,Independent / Unknown,independent,0.0
330224,41.987541,-74.010273,Independent / Unknown,independent,0.0
330226,43.213733,-77.712294,Independent / Unknown,independent,0.0
330229,42.486763,-79.313622,Independent / Unknown,independent,0.0
330231,40.714934,-73.792955,Independent / Unknown,independent,0.0
330233,40.662905,-73.913071,Independent / Unknown,independent,0.0
330234,41.087378,-73.780369,Independent / Unknown,independent,0.0
330235,42.917704,-76.554611,Independent / Unknown,independent,0.0
330238,42.570141,-77.733764,Independent / Unknown,independent,0.0
330239,42.077769,-79.259072,UPMC,upmc,0.85
330240,40.813027,-73.937714,Independent / Unknown,independent,0.0
330241,43.03142,-76.125816,Independent / Unknown,independent,0.0
330246,40.956068,-73.066659,Independent / Unknown,independent,0.0
33024F,43.03142,-76.125816,VA,va,0.85
330250,44.709098,-73.473547,Independent / Unknown,independent,0.0
330259,40.707552975,-73.63619162500001,Independent / Unknown,independent,0.0
33025F,41.3937,-73.972175,Independent / Unknown,independent,0.0
330261,41.082659,-73.848578,Independent / Unknown,independent,0.0
330264,41.539574,-74.057223,Independent / Unknown,independent,0.0
330265,42.955669,-77.140753,Independent / Unknown,independent,0.0
330267,41.288405,-73.895008,Independent / Unknown,independent,0.0
330270,40.76964,-73.959018,Independent / Unknown,independent,0.0
330273,41.447747,-73.709884,Independent / Unknown,independent,0.0
330276,43.134351,-74.339632,Independent / Unknown,independent,0.0
330277,42.128266,-77.026279,Independent / Unknown,independent,0.0
330279,42.845738,-78.822076,Independent / Unknown,independent,0.0
330285,43.122834,-77.625114,Independent / Unknown,independent,0.0
330286,40.709005,-73.296337,Independent / Unknown,independent,0.0
330304,41.03289,-73.764783,Independent / Unknown,independent,0.0
330307,42.431831,-76.500228,Independent / Unknown,independent,0.0
330331,40.781771,-73.473118,Independent / Unknown,independent,0.0
330332,40.742649,-73.486164,Independent / Unknown,independent,0.0
330350,40.649569,-73.934327,Independent / Unknown,independent,0.0
330386,41.722976,-74.716303,Independent / Unknown,independent,0.0
330393,40.91919,-73.125015,Independent / Unknown,independent,0.0
330394,42.04187,-75.889077,Independent / Unknown,independent,0.0
330395,40.602096,-73.761794,Independent / Unknown,independent,0.0
330396,40.70187,-73.942552,Independent / Unknown,independent,0.0
330399,40.845707,-73.897923,RWJBarnabas Health,rwjbarnabas_health,0.85
330401,40.852924,-73.21126,Independent / Unknown,independent,0.0
330405,41.209904,-73.973872,Independent / Unknown,independent,0.0
330406,42.82134,-73.92093,Independent / Unknown,independent,0.0
330411,43.148316,-77.646987,Independent / Unknown,independent,0.0
330799,44.136508,-75.01441,Independent / Unknown,independent,0.0
330800,42.347484,-77.346851,Independent / Unknown,independent,0.0
331301,42.213577,-78.293095,Independent / Unknown,independent,0.0
331302,44.214405,-73.608948,Independent / Unknown,independent,0.0
331303,41.7531,-74.987694,Independent / Unknown,independent,0.0
331304,42.149301,-74.661616,Independent / Unknown,independent,0.0
331305,42.30696,-74.926915,Independent / Unknown,independent,0.0
331309,44.331832,-75.909506,Independent / Unknown,independent,0.0
331310,41.734369,-74.457205,Independent / Unknown,independent,0.0
331311,43.098217,-74.848379,Independent / Unknown,independent,0.0
331312,42.171041,-75.183316,Independent / Unknown,independent,0.0
331313,42.352721,-76.816924,Independent / Unknown,independent,0.0
331314,42.666152,-77.063252,Independent / Unknown,independent,0.0
331315,44.326672,-75.467588,Independent / Unknown,independent,0.0
331316,42.820785,-75.546393,Independent / Unknown,independent,0.0
331317,43.733064,-75.537,Independent / Unknown,independent,0.0
331318,43.977357,-75.592254,Independent / Unknown,independent,0.0
331319,43.211161,-78.37677,Independent / Unknown,independent,0.0
331320,42.69397,-74.530506,Independent / Unknown,independent,0.0
331321,44.745352,-74.260037,Independent / Unknown,independent,0.0
331322,44.937303,-74.894161,Independent / Unknown,independent,0.0
331323,42.750485,-78.169399,Independent / Unknown,independent,0.0
333301,41.087378,-73.780369,Independent / Unknown,independent,0.0
334001,43.03142,-76.125816,Independent / Unknown,independent,0.0
334002,41.269182,-73.688726,Independent / Unknown,independent,0.0
334003,44.659238,-75.491627,Independent / Unknown,independent,0.0
334004,40.730942,-73.745716,Independent / Unknown,independent,0.0
334009,40.839041,-73.942812,Independent / Unknown,independent,0.0
334012,42.183203,-75.876048,Independent / Unknown,independent,0.0
334013,40.784072,-73.252235,Independent / Unknown,independent,0.0
334015,41.049007,-73.962103,Independent / Unknown,independent,0.0
334020,43.128342,-77.604424,Independent / Unknown,independent,0.0
334021,43.141264,-75.154707,Independent / Unknown,independent,0.0
334022,42.91367,-78.866209,Independent / Unknown,independent,0.0
334026,40.682451,-73.414382,Independent / Unknown,independent,0.0
334027,40.682451,-73.414382,Independent / Unknown,independent,0.0
334043,40.596549,-74.075779,Independent / Unknown,independent,0.0
334045,42.073505,-76.73953,Independent / Unknown,independent,0.0
334046,42.653031,-73.809978,Independent / Unknown,independent,0.0
334048,40.76964,-73.959018,Independent / Unknown,independent,0.0
334049,43.073715,-73.740236,Independent / Unknown,independent,0.0
334052,42.917239,-78.891814,Independent / Unknown,independent,0.0
334053,40.846741,-73.840788,Independent / Unknown,independent,0.0
334054,40.795251,-73.930418,Independent / Unknown,independent,0.0
334060,40.795251,-73.930418,Independent / Unknown,independent,0.0
334061,41.379275,-74.423769,Independent / Unknown,independent,0.0
334063,40.649569,-73.934327,Independent / Unknown,independent,0.0
334064,40.814268,-73.362276,Independent / Unknown,independent,0.0
334065,42.837759,-78.747821,Independent / Unknown,independent,0.0
334066,41.049007,-73.962103,Independent / Unknown,independent,0.0
334067,40.736407,-73.722357,Independent / Unknown,independent,0.0
334068,44.659238,-75.491627,Independent / Unknown,independent,0.0
340001,35.382565,-80.523443,Independent / Unknown,independent,0.0
340002,35.594539,-82.557972,Independent / Unknown,independent,0.0
340003,36.489814,-80.629214,Independent / Unknown,independent,0.0
340004,35.87863518181818,-79.66720295454546,Independent / Unknown,independent,0.0
340008,34.768395,-79.453559,Independent / Unknown,independent,0.0
340010,35.369273,-77.886872,UNC Health,unc_health,0.85
340013,35.348363,-81.994737,Independent / Unknown,independent,0.0
340014,36.05823,-80.321496,Independent / Unknown,independent,0.0
340015,35.715746,-80.458946,Independent / Unknown,independent,0.0
340016,35.355752,-83.209682,Independent / Unknown,independent,0.0
340017,35.356985,-82.506995,Independent / Unknown,independent,0.0
340020,35.517067,-79.18321,Independent / Unknown,independent,0.0
340021,35.342703,-81.576248,Advocate Health,advocate_health,0.85
340023,35.394424,-82.368428,AdventHealth,adventhealth,0.85
340024,35.00513,-78.334419,Independent / Unknown,independent,0.0
340027,35.239084,-77.527194,Independent / Unknown,independent,0.0
340028,34.98188255844156,-78.97157774025973,Independent / Unknown,independent,0.0
340030,36.025112,-78.982067,Duke Health,duke_health,0.85
340032,35.227964,-81.231691,Independent / Unknown,independent,0.0
340039,35.738099,-80.926089,Independent / Unknown,independent,0.0
340040,35.65677,-77.379527,ECU Health,ecu_health,0.85
340041,35.97883,-81.547779,Independent / Unknown,independent,0.0
340042,34.827304,-77.391062,Independent / Unknown,independent,0.0
340047,36.09138222222222,-80.26294288888889,Independent / Unknown,independent,0.0
340049,36.042446,-78.828771,Independent / Unknown,independent,0.0
340050,34.58685,-79.054744,Independent / Unknown,independent,0.0
340051,36.214937,-81.64675,Independent / Unknown,independent,0.0
340053,35.20832948275862,-80.82657599999999,Independent / Unknown,independent,0.0
340060,36.497645,-79.750015,Independent / Unknown,independent,0.0
340061,35.966563,-79.052136,Independent / Unknown,independent,0.0
340064,36.215959,-81.148169,Independent / Unknown,independent,0.0
340068,34.29902,-78.691198,Independent / Unknown,independent,0.0
340069,35.7444,-78.546278,Independent / Unknown,independent,0.0
340070,35.87863518181818,-79.66720295454546,Independent / Unknown,independent,0.0
340071,35.272208,-78.568104,Independent / Unknown,independent,0.0
340075,35.763266,-81.749862,Independent / Unknown,independent,0.0
340084,34.998714,-80.098784,Advocate Health,advocate_health,0.85
340085,35.86058,-80.099288,Independent / Unknown,independent,0.0
340087,35.709599,-82.035573,Independent / Unknown,independent,0.0
340090,35.491935,-78.344614,Independent / Unknown,independent,0.0
340091,36.070822,-79.767692,Independent / Unknown,independent,0.0
340096,35.87863518181818,-79.66720295454546,Independent / Unknown,independent,0.0
340097,36.275593,-80.785654,Independent / Unknown,independent,0.0
340098,35.130509,-80.856685,Advocate Health,advocate_health,0.85
340099,36.281756,-76.993403,ECU Health,ecu_health,0.85
340107,35.904662,-77.511738,ECU Health,ecu_health,0.85
340109,36.288605,-76.268734,Sentara,sentara,0.85
340113,35.209006,-80.857571,Independent / Unknown,independent,0.0
340114,35.817784,-78.727509,Independent / Unknown,independent,0.0
340115,35.18928,-79.459071,Independent / Unknown,independent,0.0
340116,35.772393,-81.326659,Independent / Unknown,independent,0.0
340119,35.338552,-80.208179,Independent / Unknown,independent,0.0
34011F,34.631368,-77.32856,Independent / Unknown,independent,0.0
340120,34.981159,-77.927059,ECU Health,ecu_health,0.85
340123,35.728462,-79.78653,Independent / Unknown,independent,0.0
340126,35.693766,-77.904137,Independent / Unknown,independent,0.0
340127,36.361651,-78.648952,Independent / Unknown,independent,0.0
340129,35.574965,-80.894155,Independent / Unknown,independent,0.0
34012F,36.025112,-78.982067,VA,va,0.85
340130,34.889925,-80.549548,Advocate Health,advocate_health,0.85
340131,35.126695,-76.977628,Independent / Unknown,independent,0.0
340132,36.325908,-78.406772,Independent / Unknown,independent,0.0
34013F,35.0748,-78.884257,VA,va,0.85
340141,34.31559276363637,-78.23462427272727,Independent / Unknown,independent,0.0
340142,34.737849,-76.750308,Independent / Unknown,independent,0.0
340143,35.673522,-81.382627,Independent / Unknown,independent,0.0
340145,35.483239,-81.253054,Advocate Health,advocate_health,0.85
340147,35.989164,-77.842711,UNC Health,unc_health,0.85
340148,36.05823,-80.321496,Independent / Unknown,independent,0.0
34014F,35.124541,-79.04339,Independent / Unknown,independent,0.0
340151,36.425216,-77.695139,ECU Health,ecu_health,0.85
340155,36.042446,-78.828771,Independent / Unknown,independent,0.0
340156,35.510891,-83.520266,Independent / Unknown,independent,0.0
340158,33.999721,-78.311045,Independent / Unknown,independent,0.0
340159,36.399018,-78.975126,Independent / Unknown,independent,0.0
340166,35.322061,-80.739972,Advocate Health,advocate_health,0.85
340168,34.291985,-77.972365,Independent / Unknown,independent,0.0
340171,35.28717844186046,-80.75890918604651,Independent / Unknown,independent,0.0
340173,35.731139,-78.773206,Independent / Unknown,independent,0.0
34017F,35.715746,-80.458946,VA,va,0.85
340183,35.404779,-80.866541,Independent / Unknown,independent,0.0
340184,35.633768,-82.930786,Independent / Unknown,independent,0.0
340188,35.04681,-79.241396,Independent / Unknown,independent,0.0
340190,35.24557,-80.69893,Independent / Unknown,independent,0.0
340195,35.049856,-80.818019,Independent / Unknown,independent,0.0
34036F,35.613854,-82.479705,VA,va,0.85
341303,35.40575,-79.948344,Independent / Unknown,independent,0.0
341304,35.96203,-76.935766,ECU Health,ecu_health,0.85
341305,35.3657,-83.511664,Independent / Unknown,independent,0.0
341307,34.560672,-77.900427,Independent / Unknown,independent,0.0
341311,35.722316,-79.433692,Independent / Unknown,independent,0.0
341314,35.762002,-76.776452,Independent / Unknown,independent,0.0
341315,34.655856,-78.571951,Independent / Unknown,independent,0.0
341316,35.066425,-83.210613,Independent / Unknown,independent,0.0
341317,36.447462,-80.218816,Independent / Unknown,independent,0.0
341318,36.09419,-76.588045,ECU Health,ecu_health,0.85
341319,35.173309,-82.770828,Independent / Unknown,independent,0.0
341320,36.506342,-81.136105,Independent / Unknown,independent,0.0
341322,35.208479,-82.061,Independent / Unknown,independent,0.0
341323,36.073108,-81.846965,Independent / Unknown,independent,0.0
341324,35.891936,-75.603436,Independent / Unknown,independent,0.0
341325,36.404873,-81.399397,Independent / Unknown,independent,0.0
341326,35.179313,-83.436973,Independent / Unknown,independent,0.0
341327,33.966618,-78.057598,Independent / Unknown,independent,0.0
341328,35.087244,-84.136635,Independent / Unknown,independent,0.0
341329,35.907661,-82.065327,Independent / Unknown,independent,0.0
344004,36.131468,-78.773709,Independent / Unknown,independent,0.0
344007,36.090721,-80.331545,Independent / Unknown,independent,0.0
344014,35.7444,-78.546278,Independent / Unknown,independent,0.0
344016,34.744324,-77.499048,Independent / Unknown,independent,0.0
344023,35.600604,-82.269687,Independent / Unknown,independent,0.0
344025,35.763266,-81.749862,Independent / Unknown,independent,0.0
344026,35.382697,-78.061142,Independent / Unknown,independent,0.0
344029,35.31054,-78.732747,Independent / Unknown,independent,0.0
344030,34.236096,-78.119072,Independent / Unknown,independent,0.0
344032,35.908845,-78.772396,Independent / Unknown,independent,0.0
344033,35.65677,-77.379527,Independent / Unknown,independent,0.0
344034,36.073108,-81.846965,Independent / Unknown,independent,0.0
344035,35.638515,-78.580881,Independent / Unknown,independent,0.0
344036,35.738099,-80.926089,Independent / Unknown,independent,0.0
350002,46.814932,-100.698195,CommonSpirit,commonspirit,0.85
350006,48.144826,-101.326016,Independent / Unknown,independent,0.0
350011,46.868155,-96.824838,Independent / Unknown,independent,0.0
350015,46.78265491111111,-100.91650068888889,Independent / Unknown,independent,0.0
350019,47.866638,-97.141144,Independent / Unknown,independent,0.0
35002F,46.92721,-96.834819,VA,va,0.85
350063,48.844632,-99.80279,Independent / Unknown,independent,0.0
350070,46.793179,-96.838434,Independent / Unknown,independent,0.0
351300,48.381568,-102.931933,Independent / Unknown,independent,0.0
351301,48.359814,-102.423996,Independent / Unknown,independent,0.0
351302,47.828372,-103.153255,Independent / Unknown,independent,0.0
351303,47.621778,-101.726395,Independent / Unknown,independent,0.0
351304,47.551926,-100.89414,CommonSpirit,commonspirit,0.85
351305,48.713443,-102.094053,Independent / Unknown,independent,0.0
351306,47.453704,-98.118284,Independent / Unknown,independent,0.0
351307,48.858083,-100.39742,Independent / Unknown,independent,0.0
351308,47.774007,-98.15,Independent / Unknown,independent,0.0
351309,47.490249,-97.285041,Independent / Unknown,independent,0.0
351310,47.349585,-101.600309,Independent / Unknown,independent,0.0
351311,46.416881,-97.668722,Independent / Unknown,independent,0.0
351312,47.755019,-97.629119,Independent / Unknown,independent,0.0
351313,46.160795,-103.423595,Independent / Unknown,independent,0.0
351314,46.394577,-101.796661,Independent / Unknown,independent,0.0
351315,46.102707,-98.142267,Independent / Unknown,independent,0.0
351316,48.881881,-99.556133,Independent / Unknown,independent,0.0
351318,47.440419,-99.076593,Independent / Unknown,independent,0.0
351319,48.797612,-97.742027,Independent / Unknown,independent,0.0
351320,48.415203,-97.400931,Independent / Unknown,independent,0.0
351321,46.271778,-99.601054,Independent / Unknown,independent,0.0
351322,45.985451,-99.332346,Independent / Unknown,independent,0.0
351323,48.822796,-98.326795,Independent / Unknown,independent,0.0
351324,46.927034,-98.008336,Bon Secours Mercy Health,bon_secours_mercy_health,0.85
351325,48.860175,-103.308172,Independent / Unknown,independent,0.0
351326,48.394753,-97.791155,Independent / Unknown,independent,0.0
351327,47.767635,-99.876653,Independent / Unknown,independent,0.0
351328,46.244129,-100.287175,Independent / Unknown,independent,0.0
351329,47.388882,-97.016318,Independent / Unknown,independent,0.0
351330,46.066735,-102.650509,Independent / Unknown,independent,0.0
351331,48.479408,-99.220927,Independent / Unknown,independent,0.0
351332,48.239469,-100.031162,Independent / Unknown,independent,0.0
351333,48.141836,-98.893438,CommonSpirit,commonspirit,0.85
351334,48.238486,-103.769649,CommonSpirit,commonspirit,0.85
351335,46.884312,-98.766742,Independent / Unknown,independent,0.0
351336,46.908157,-102.826564,CommonSpirit,commonspirit,0.85
351364,46.081101,-100.659187,Independent / Unknown,independent,0.0
354003,46.884312,-98.766742,Independent / Unknown,independent,0.0
354004,46.856347,-96.82246,Independent / Unknown,independent,0.0
360001,39.059554,-84.328333,Bon Secours Mercy Health,bon_secours_mercy_health,0.85
360002,40.87322,-82.322775,Independent / Unknown,independent,0.0
360003,39.126624,-84.512017,Independent / Unknown,independent,0.0
360006,40.051734,-83.016269,Independent / Unknown,independent,0.0
360008,38.792267,-82.911915,Independent / Unknown,independent,0.0
360009,40.709623,-84.061153,Independent / Unknown,independent,0.0
360010,40.551338,-81.483514,Independent / Unknown,independent,0.0
360011,40.599237,-83.130298,Independent / Unknown,independent,0.0
360012,40.110443,-82.890646,Independent / Unknown,independent,0.0
360013,40.28258,-84.155811,Independent / Unknown,independent,0.0
360014,39.311687,-82.073928,Independent / Unknown,independent,0.0
360016,39.209678,-84.397222,Bon Secours Mercy Health,bon_secours_mercy_health,0.85
360017,39.966856,-83.01296,Independent / Unknown,independent,0.0
36001F,41.505341,-81.605432,VA,va,0.85
360020,41.074564055555555,-81.53424805555557,Independent / Unknown,independent,0.0
360025,41.41952,-82.713212,Independent / Unknown,independent,0.0
360026,39.669076,-83.913955,Independent / Unknown,independent,0.0
360027,41.069221,-81.546525,Independent / Unknown,independent,0.0
360029,41.4097,-83.653452,Independent / Unknown,independent,0.0
360032,40.569863,-84.390644,Independent / Unknown,independent,0.0
360035,39.971201,-82.863958,Independent / Unknown,independent,0.0
360036,40.806029,-81.977588,Independent / Unknown,independent,0.0
360039,39.963961,-81.995711,Independent / Unknown,independent,0.0
36003F,39.146693,-84.520265,VA,va,0.85
360040,40.373976,-82.492721,Independent / Unknown,independent,0.0
360041,41.390459,-81.7353,Independent / Unknown,independent,0.0
360046,39.487425,-84.737908,Independent / Unknown,independent,0.0
360048,41.60446,-83.627515,Independent / Unknown,independent,0.0
360051,39.721305,-84.18797,Independent / Unknown,independent,0.0
360054,38.821751,-82.264305,Independent / Unknown,independent,0.0
360055,41.09298013461539,-80.7523393846154,Independent / Unknown,independent,0.0
360056,39.325714,-84.55239,Bon Secours Mercy Health,bon_secours_mercy_health,0.85
360058,40.483642,-84.682889,Independent / Unknown,independent,0.0
360059,41.444141,-81.698357,Independent / Unknown,independent,0.0
360064,41.08731261538462,-80.66116523076923,Independent / Unknown,independent,0.0
360065,41.216499,-82.577642,Independent / Unknown,independent,0.0
360066,40.772863,-84.034098,Bon Secours Mercy Health,bon_secours_mercy_health,0.85
360068,41.673136,-83.611414,Independent / Unknown,independent,0.0
36006F,39.822834,-84.048504,Independent / Unknown,independent,0.0
360070,40.816563,-81.435458,Independent / Unknown,independent,0.0
360071,40.873982,-84.577107,Independent / Unknown,independent,0.0
360072,39.696463,-82.614717,Independent / Unknown,independent,0.0
360075,41.578209,-81.19126,Independent / Unknown,independent,0.0
360076,39.528928,-84.289524,Advocate Health,advocate_health,0.85
360077,41.457782,-81.789892,Independent / Unknown,independent,0.0
360078,41.16897,-81.196962,Independent / Unknown,independent,0.0
360079,39.683588,-84.162737,Independent / Unknown,independent,0.0
36007F,39.742142,-84.259544,VA,va,0.85
360080,40.120281,-80.739832,Independent / Unknown,independent,0.0
360082,41.588256,-81.548746,Independent / Unknown,independent,0.0
360084,40.789613,-81.426572,Independent / Unknown,independent,0.0
360085,40.006425,-83.02212,Independent / Unknown,independent,0.0
360086,39.94697,-83.864897,Independent / Unknown,independent,0.0
360087,41.483241,-81.697166,Independent / Unknown,independent,0.0
360089,41.124173,-83.173639,Bon Secours Mercy Health,bon_secours_mercy_health,0.85
36008F,39.31206,-82.957071,VA,va,0.85
360091,41.141354,-81.859522,Independent / Unknown,independent,0.0
360092,40.261305,-83.358138,Independent / Unknown,independent,0.0
360095,41.025894,-83.648894,Independent / Unknown,independent,0.0
360096,40.677227,-80.594299,Independent / Unknown,independent,0.0
360098,41.697563,-81.20974,Independent / Unknown,independent,0.0
360107,41.246317,-82.846599,NYC Health + Hospitals,nyc_health_hospitals,0.85
360109,40.263839,-81.880915,Independent / Unknown,independent,0.0
360112,41.679872,-83.528913,Independent / Unknown,independent,0.0
360118,40.776223,-82.526824,Independent / Unknown,independent,0.0
360121,41.466211,-84.557133,Independent / Unknown,independent,0.0
360123,41.449531,-81.930162,Independent / Unknown,independent,0.0
360125,41.855938,-80.790536,LA County DHS,la_county_dhs,0.85
360131,40.918593,-81.128745,Independent / Unknown,independent,0.0
360132,39.413632,-84.652679,Independent / Unknown,independent,0.0
360133,39.79216,-84.216028,Independent / Unknown,independent,0.0
360134,39.146693,-84.520265,Independent / Unknown,independent,0.0
360137,41.505341,-81.605432,Independent / Unknown,independent,0.0
360143,41.405777,-81.609715,Independent / Unknown,independent,0.0
360144,41.469472,-81.512415,Independent / Unknown,independent,0.0
360145,41.370046,-82.135976,Independent / Unknown,independent,0.0
360147,39.429838,-81.432131,Independent / Unknown,independent,0.0
360148,40.537937,-81.870867,Independent / Unknown,independent,0.0
360150,41.169665,-81.531057,Independent / Unknown,independent,0.0
360152,39.964019,-83.127747,Independent / Unknown,independent,0.0
360155,41.376642,-81.787317,Independent / Unknown,independent,0.0
360156,41.357927,-83.110237,Independent / Unknown,independent,0.0
360159,39.31206,-82.957071,Independent / Unknown,independent,0.0
360161,41.235541,-80.74975,Independent / Unknown,independent,0.0
360163,39.126624,-84.512017,Independent / Unknown,independent,0.0
360170,39.58659,-82.962245,Independent / Unknown,independent,0.0
360172,41.430125,-82.222205,Independent / Unknown,independent,0.0
360174,40.033003,-84.195649,Independent / Unknown,independent,0.0
360175,39.46069,-83.844305,Independent / Unknown,independent,0.0
360179,39.242803,-84.352996,Independent / Unknown,independent,0.0
360180,41.456577375,-81.66732366666666,Cleveland Clinic,cleveland_clinic,0.85
360185,40.902815,-80.868743,Independent / Unknown,independent,0.0
360189,39.880108,-83.428512,Independent / Unknown,independent,0.0
360197,40.36441,-83.758426,Independent / Unknown,independent,0.0
360203,40.039607,-81.601202,Independent / Unknown,independent,0.0
360210,40.297783,-83.060168,Independent / Unknown,independent,0.0
360211,40.409127,-80.665297,Independent / Unknown,independent,0.0
360218,40.110508,-82.378699,Independent / Unknown,independent,0.0
360230,41.49888,-81.470711,Independent / Unknown,independent,0.0
360234,39.158667,-84.599661,Bon Secours Mercy Health,bon_secours_mercy_health,0.85
360236,39.091617,-84.143715,Bon Secours Mercy Health,bon_secours_mercy_health,0.85
360239,39.629338,-84.275969,Independent / Unknown,independent,0.0
360245,41.671378,-80.899101,Independent / Unknown,independent,0.0
360259,41.658372,-83.408909,Independent / Unknown,independent,0.0
360263,40.709623,-84.061153,Independent / Unknown,independent,0.0
360266,40.070261,-82.802113,Independent / Unknown,independent,0.0
360270,41.303378,-84.358279,Bon Secours Mercy Health,bon_secours_mercy_health,0.85
360276,41.025937,-80.666955,Independent / Unknown,independent,0.0
360348,40.097462,-83.150204,Independent / Unknown,independent,0.0
360351,41.109156,-81.499983,Independent / Unknown,independent,0.0
360352,41.025937,-80.666955,Independent / Unknown,independent,0.0
360354,39.343522,-84.412333,Independent / Unknown,independent,0.0
360355,40.001239,-83.899983,Independent / Unknown,independent,0.0
360358,39.826682,-82.800074,Independent / Unknown,independent,0.0
360359,41.469472,-81.512415,Independent / Unknown,independent,0.0
360360,39.763835,-84.084204,Independent / Unknown,independent,0.0
360361,38.792267,-82.911915,Independent / Unknown,independent,0.0
360364,41.4451,-82.005109,Cleveland Clinic,cleveland_clinic,0.85
360365,40.764486,-82.574974,Independent / Unknown,independent,0.0
360367,41.469472,-81.512415,Independent / Unknown,independent,0.0
360368,40.033003,-84.195649,Independent / Unknown,independent,0.0
360374,39.350783,-84.313198,Bon Secours Mercy Health,bon_secours_mercy_health,0.85
360375,40.097462,-83.150204,Independent / Unknown,independent,0.0
361300,41.128322,-84.563105,Independent / Unknown,independent,0.0
361302,40.432127,-81.288171,Independent / Unknown,independent,0.0
361303,41.045359,-82.01245,Independent / Unknown,independent,0.0
361304,39.348842,-83.388803,Independent / Unknown,independent,0.0
361306,41.289038,-82.235963,Independent / Unknown,independent,0.0
361307,41.777028,-80.949955,Independent / Unknown,independent,0.0
361308,41.903318,-80.579879,Independent / Unknown,independent,0.0
361309,41.392249,-84.128288,Independent / Unknown,independent,0.0
361310,41.085172,-82.710562,Bon Secours Mercy Health,bon_secours_mercy_health,0.85
361311,40.248449,-81.019659,Independent / Unknown,independent,0.0
361312,40.117098,-83.78624,Bon Secours Mercy Health,bon_secours_mercy_health,0.85
361313,40.564167,-82.760333,Independent / Unknown,independent,0.0
361314,41.506464,-82.953329,Independent / Unknown,independent,0.0
361315,40.64144,-83.614776,Independent / Unknown,independent,0.0
361316,40.818352,-82.971722,Independent / Unknown,independent,0.0
361318,41.167936,-83.398998,Independent / Unknown,independent,0.0
361319,39.429838,-81.432131,Independent / Unknown,independent,0.0
361320,39.019728,-82.656314,Independent / Unknown,independent,0.0
361321,39.989862,-81.173715,Independent / Unknown,independent,0.0
361322,40.878759,-83.883975,Independent / Unknown,independent,0.0
361323,40.833793,-81.765184,Independent / Unknown,independent,0.0
361324,40.889956,-82.651706,Independent / Unknown,independent,0.0
361325,40.709559,-82.795815,Independent / Unknown,independent,0.0
361326,38.977837,-83.570978,Independent / Unknown,independent,0.0
361327,41.606489,-84.645346,Independent / Unknown,independent,0.0
361328,41.303378,-84.358279,Independent / Unknown,independent,0.0
361329,40.827604,-83.314046,Independent / Unknown,independent,0.0
361330,39.51834,-82.414097,Independent / Unknown,independent,0.0
361331,39.52874,-83.439186,Independent / Unknown,independent,0.0
361332,39.159797,-83.571065,Independent / Unknown,independent,0.0
361333,41.580345,-84.161065,Independent / Unknown,independent,0.0
361334,39.145655,-83.024997,Independent / Unknown,independent,0.0
361335,40.098606,-84.650546,Independent / Unknown,independent,0.0
363300,39.153472,-84.486186,Independent / Unknown,independent,0.0
363302,41.505341,-81.605432,Independent / Unknown,independent,0.0
363303,41.081805,-81.517451,Independent / Unknown,independent,0.0
363304,41.482409,-81.627043,Cleveland Clinic,cleveland_clinic,0.85
363305,39.957342,-82.962019,Independent / Unknown,independent,0.0
363306,39.788496,-84.152717,Independent / Unknown,independent,0.0
363308,39.788496,-84.152717,Independent / Unknown,independent,0.0
363309,41.679872,-83.528913,Independent / Unknown,independent,0.0
364007,39.926237,-83.03305,Independent / Unknown,independent,0.0
364011,41.313073,-81.543821,Independent / Unknown,independent,0.0
364014,41.60446,-83.627515,Independent / Unknown,independent,0.0
364015,39.311687,-82.073928,Independent / Unknown,independent,0.0
364029,41.610724,-81.379324,Independent / Unknown,independent,0.0
364031,40.669977875,-81.47116306944444,Independent / Unknown,independent,0.0
364035,39.19458,-84.451017,Independent / Unknown,independent,0.0
364036,41.574823,-83.686622,Independent / Unknown,independent,0.0
364038,41.12792,-80.617554,Independent / Unknown,independent,0.0
364040,39.94697,-83.864897,Independent / Unknown,independent,0.0
364041,39.926237,-83.03305,Independent / Unknown,independent,0.0
364044,39.350783,-84.313198,Independent / Unknown,independent,0.0
364047,40.910754,-84.452522,Independent / Unknown,independent,0.0
364048,39.733066,-84.283296,Independent / Unknown,independent,0.0
364049,40.097462,-83.150204,Independent / Unknown,independent,0.0
364050,39.718818,-84.129169,Independent / Unknown,independent,0.0
364051,39.343522,-84.412333,Independent / Unknown,independent,0.0
364052,41.430125,-82.222205,Independent / Unknown,independent,0.0
364053,41.469472,-81.512415,Independent / Unknown,independent,0.0
364054,41.777028,-80.949955,Independent / Unknown,independent,0.0
364055,41.124173,-83.173639,Independent / Unknown,independent,0.0
364056,39.242803,-84.352996,Independent / Unknown,independent,0.0
364057,39.181181,-84.420046,Independent / Unknown,independent,0.0
364058,40.08587,-82.978197,Independent / Unknown,independent,0.0
364059,41.246089,-81.44909,Independent / Unknown,independent,0.0
364060,41.123512,-80.654651,Independent / Unknown,independent,0.0
364061,39.953588,-82.929524,Independent / Unknown,independent,0.0
364062,39.920977,-82.870372,Independent / Unknown,independent,0.0
364063,38.866852,-83.908302,Independent / Unknown,independent,0.0
364064,40.836317,-81.358279,Independent / Unknown,independent,0.0
364065,39.203628,-84.580624,Independent / Unknown,independent,0.0
364066,41.700591,-83.738852,Independent / Unknown,independent,0.0
370001,36.14624,-95.954196,Independent / Unknown,independent,0.0
370002,36.485433,-99.412748,Independent / Unknown,independent,0.0
370004,36.52705816666666,-94.98226243333333,Independent / Unknown,independent,0.0
370006,36.702158,-97.148862,Independent / Unknown,independent,0.0
370008,35.211565,-97.501018,Independent / Unknown,independent,0.0
370013,35.581316,-97.573674,Independent / Unknown,independent,0.0
370014,34.01001488235294,-95.58629941176471,Independent / Unknown,independent,0.0
370015,36.308236,-95.306846,Independent / Unknown,independent,0.0
370016,36.426744,-97.791989,Independent / Unknown,independent,0.0
370018,36.712522,-95.895054,Ascension,ascension,0.85
370019,35.405055,-99.426566,Independent / Unknown,independent,0.0
370020,34.8044,-96.715374,Independent / Unknown,independent,0.0
370022,34.634457,-99.315307,Independent / Unknown,independent,0.0
370023,34.504963,-97.866672,Independent / Unknown,independent,0.0
370025,35.723651,-95.458203,Independent / Unknown,independent,0.0
370026,36.426744,-97.791989,Independent / Unknown,independent,0.0
370028,35.518006,-97.572972,Independent / Unknown,independent,0.0
370034,34.984203,-95.786716,Independent / Unknown,independent,0.0
370037,35.471535046511626,-97.52152627906976,SSM Health,ssm_health,0.85
370039,36.390927,-95.587689,Independent / Unknown,independent,0.0
370047,34.207795,-97.106823,Independent / Unknown,independent,0.0
370049,36.25221297014925,-96.20792056716418,Independent / Unknown,independent,0.0
370054,35.048478,-97.938657,Independent / Unknown,independent,0.0
370056,34.572847,-98.487889,Independent / Unknown,independent,0.0
370057,35.649678,-96.012211,Independent / Unknown,independent,0.0
370078,36.173134,-96.046424,Independent / Unknown,independent,0.0
370083,34.251959,-95.602314,Independent / Unknown,independent,0.0
370089,35.63733351162791,-95.46143939534885,Independent / Unknown,independent,0.0
370091,36.0624,-95.941457,Independent / Unknown,independent,0.0
370093,35.475123,-97.5038,Independent / Unknown,independent,0.0
370094,35.448057,-97.39451,SSM Health,ssm_health,0.85
370097,34.572847,-98.487889,Independent / Unknown,independent,0.0
370099,35.957327,-96.751877,Independent / Unknown,independent,0.0
370100,34.006722,-95.510994,Independent / Unknown,independent,0.0
370106,35.432796,-97.524518,Independent / Unknown,independent,0.0
370112,35.501381,-94.757501,Independent / Unknown,independent,0.0
370113,36.595479,-94.740655,Independent / Unknown,independent,0.0
370114,36.14624,-95.954196,Ascension,ascension,0.85
37012F,35.723651,-95.458203,VA,va,0.85
370149,35.315129,-96.969671,SSM Health,ssm_health,0.85
37014F,35.475123,-97.5038,VA,va,0.85
370158,35.016436,-97.449803,Independent / Unknown,independent,0.0
370166,35.967372,-95.393018,Independent / Unknown,independent,0.0
370170,34.728258,-98.474582,Independent / Unknown,independent,0.0
370171,35.944081,-94.974083,Independent / Unknown,independent,0.0
370172,34.719633,-95.049044,Independent / Unknown,independent,0.0
370173,36.390927,-95.587689,Independent / Unknown,independent,0.0
370178,35.810426,-94.650548,Independent / Unknown,independent,0.0
370180,34.8044,-96.715374,Independent / Unknown,independent,0.0
370183,35.436505,-95.927179,Independent / Unknown,independent,0.0
370192,35.581316,-97.573674,Independent / Unknown,independent,0.0
370199,35.581316,-97.573674,Independent / Unknown,independent,0.0
370201,35.431646,-97.484321,Independent / Unknown,independent,0.0
370202,36.039275,-95.877463,Independent / Unknown,independent,0.0
370203,35.387855,-97.578835,Independent / Unknown,independent,0.0
370206,35.6151,-97.569399,Independent / Unknown,independent,0.0
370210,36.022431,-95.930573,Independent / Unknown,independent,0.0
370211,35.518409,-97.766172,Independent / Unknown,independent,0.0
370212,35.386377,-97.525689,Independent / Unknown,independent,0.0
370214,34.833332,-97.596182,Independent / Unknown,independent,0.0
370215,35.581316,-97.573674,Independent / Unknown,independent,0.0
370216,36.048782,-96.016734,Independent / Unknown,independent,0.0
370218,36.039275,-95.877463,Independent / Unknown,independent,0.0
370220,35.578131,-97.517635,Independent / Unknown,independent,0.0
370222,35.578131,-97.517635,Independent / Unknown,independent,0.0
370225,35.703333,-97.433595,Independent / Unknown,independent,0.0
370227,36.276728,-95.818917,Independent / Unknown,independent,0.0
370228,36.276728,-95.818917,Independent / Unknown,independent,0.0
370234,35.400268,-97.433076,Independent / Unknown,independent,0.0
370235,36.051418,-95.805731,Ascension,ascension,0.85
370236,35.703333,-97.433595,Independent / Unknown,independent,0.0
370237,36.677521,-95.242565,Independent / Unknown,independent,0.0
370240,35.582011,-97.640928,Independent / Unknown,independent,0.0
370243,34.748844,-97.2324,Independent / Unknown,independent,0.0
370244,36.039275,-95.877463,Independent / Unknown,independent,0.0
370245,35.487491,-98.950794,Independent / Unknown,independent,0.0
370246,35.808125,-96.362114,Independent / Unknown,independent,0.0
370247,34.207795,-97.106823,Independent / Unknown,independent,0.0
370779,36.303005,-97.268141,Independent / Unknown,independent,0.0
370780,36.79918,-97.303867,Independent / Unknown,independent,0.0
370781,36.851782,-99.57098,Independent / Unknown,independent,0.0
370783,35.025165,-99.069729,Independent / Unknown,independent,0.0
371300,34.332767,-96.055576,Independent / Unknown,independent,0.0
371301,35.498742,-96.707028,Independent / Unknown,independent,0.0
371302,35.864523,-98.421152,Independent / Unknown,independent,0.0
371303,35.630462,-99.69984,Independent / Unknown,independent,0.0
371304,34.297279,-96.667517,Independent / Unknown,independent,0.0
371305,36.691792,-95.650961,Ascension,ascension,0.85
371306,33.948312,-97.106144,Independent / Unknown,independent,0.0
371307,36.740858,-102.579737,Independent / Unknown,independent,0.0
371309,36.795306,-96.330856,Independent / Unknown,independent,0.0
371310,34.281559,-97.503211,Independent / Unknown,independent,0.0
371311,34.144062,-97.961663,Independent / Unknown,independent,0.0
371312,35.994351,-96.170162,Ascension,ascension,0.85
371313,35.853124,-97.94355,Independent / Unknown,independent,0.0
371314,35.051308,-98.240141,Independent / Unknown,independent,0.0
371316,35.743102,-96.656155,Independent / Unknown,independent,0.0
371317,35.867906,-97.434361,Independent / Unknown,independent,0.0
371318,36.602785,-96.643875,Independent / Unknown,independent,0.0
371319,34.5694,-96.24928,Independent / Unknown,independent,0.0
371320,36.246194,-96.42075,Independent / Unknown,independent,0.0
371321,35.079874,-96.343719,Independent / Unknown,independent,0.0
371322,36.690185,-100.513912,Independent / Unknown,independent,0.0
371323,35.51281,-98.722072,Independent / Unknown,independent,0.0
371325,35.269165,-98.914828,Independent / Unknown,independent,0.0
371326,34.088832,-96.778025,Independent / Unknown,independent,0.0
371327,36.102881,-98.325303,Independent / Unknown,independent,0.0
371328,34.485294,-96.971843,Independent / Unknown,independent,0.0
371329,36.296299,-98.576856,Independent / Unknown,independent,0.0
371330,34.84157,-99.608195,Independent / Unknown,independent,0.0
371331,35.984509,-96.56502,Independent / Unknown,independent,0.0
371332,36.102944,-98.894969,Independent / Unknown,independent,0.0
371333,35.456479,-96.321622,Independent / Unknown,independent,0.0
371334,35.070873,-98.595544,Independent / Unknown,independent,0.0
371335,35.279649,-95.146719,Independent / Unknown,independent,0.0
371336,36.168196,-99.926684,Independent / Unknown,independent,0.0
371337,35.0381,-94.571497,Independent / Unknown,independent,0.0
371338,34.703473,-99.901034,Independent / Unknown,independent,0.0
371340,36.74404,-101.496362,Independent / Unknown,independent,0.0
371341,36.83916,-98.783763,Independent / Unknown,independent,0.0
371342,33.859098,-94.816353,Independent / Unknown,independent,0.0
373300,35.237099,-97.407945,Independent / Unknown,independent,0.0
373303,35.510852,-97.642541,Independent / Unknown,independent,0.0
374000,35.227641,-97.42718,Independent / Unknown,independent,0.0
374001,36.548017,-99.619271,Independent / Unknown,independent,0.0
374006,34.984203,-95.786716,Independent / Unknown,independent,0.0
374008,34.572847,-98.487889,Independent / Unknown,independent,0.0
374012,36.147408,-95.850349,Independent / Unknown,independent,0.0
374016,34.8044,-96.715374,Independent / Unknown,independent,0.0
374020,36.0624,-95.941457,Independent / Unknown,independent,0.0
374021,36.150734,-95.97737,Independent / Unknown,independent,0.0
374023,35.519962,-97.394475,Independent / Unknown,independent,0.0
374025,35.578131,-97.517635,Independent / Unknown,independent,0.0
374026,36.126943,-95.946695,Independent / Unknown,independent,0.0
374027,35.237099,-97.407945,Independent / Unknown,independent,0.0
380001,45.552489,-121.151799,Independent / Unknown,independent,0.0
380002,42.380766,-123.386568,Independent / Unknown,independent,0.0
380004,45.503048,-122.770132,Providence,providence,0.85
380005,42.169559,-122.511785,Independent / Unknown,independent,0.0
380007,45.544151,-122.677095,Independent / Unknown,independent,0.0
380009,45.489938,-122.690453,Independent / Unknown,independent,0.0
380014,44.738741892307694,-123.18928364615384,Independent / Unknown,independent,0.0
380017,45.545484,-122.736853,Independent / Unknown,independent,0.0
380018,42.328207,-122.797427,Independent / Unknown,independent,0.0
380020,44.058465,-123.011597,Independent / Unknown,independent,0.0
380021,45.444372,-122.976426,Independent / Unknown,independent,0.0
380022,44.65345,-123.139526,Independent / Unknown,independent,0.0
380025,45.509906,-122.433165,Independent / Unknown,independent,0.0
380027,43.21907,-123.487894,Independent / Unknown,independent,0.0
380029,44.939485,-122.720739,Independent / Unknown,independent,0.0
380037,45.324219,-122.98733,Providence,providence,0.85
380038,45.320278,-122.536461,Providence,providence,0.85
38003F,45.489938,-122.690453,VA,va,0.85
380047,43.997656,-121.034191,Independent / Unknown,independent,0.0
38004F,43.21907,-123.487894,Independent / Unknown,independent,0.0
380050,42.443391,-122.074145,Independent / Unknown,independent,0.0
380051,44.951839,-123.006246,Independent / Unknown,independent,0.0
380052,44.111552,-117.079858,Independent / Unknown,independent,0.0
380056,44.79942,-122.722525,Independent / Unknown,independent,0.0
380060,45.513946,-122.558527,Adventist Health,adventist_health,0.85
380061,45.538194,-122.600014,Providence,providence,0.85
380071,45.211741,-123.281699,Independent / Unknown,independent,0.0
380075,42.328207,-122.797427,Providence,providence,0.85
380082,45.440273,-122.615888,Providence,providence,0.85
380089,45.365223,-122.762255,Independent / Unknown,independent,0.0
380090,43.346779,-124.105673,Independent / Unknown,independent,0.0
380091,45.416832,-122.533128,Kaiser Permanente,kaiser_permanente,0.85
380102,44.058465,-123.011597,Independent / Unknown,independent,0.0
380103,45.569212,-122.947174,Kaiser Permanente,kaiser_permanente,0.85
381301,43.746815,-123.053386,Independent / Unknown,independent,0.0
381302,44.914756,-123.974231,Independent / Unknown,independent,0.0
381303,45.905454,-123.708754,Providence,providence,0.85
381304,43.058954,-124.346773,Independent / Unknown,independent,0.0
381305,44.414445,-118.903752,Independent / Unknown,independent,0.0
381306,45.534674,-117.146773,Independent / Unknown,independent,0.0
381307,43.58683,-118.896086,Independent / Unknown,independent,0.0
381308,44.935143,-123.339123,Independent / Unknown,independent,0.0
381309,42.30592,-120.387701,Independent / Unknown,independent,0.0
381310,45.321152,-119.47462,Independent / Unknown,independent,0.0
381311,43.738923,-123.907887,Independent / Unknown,independent,0.0
381312,43.185814,-124.174163,Independent / Unknown,independent,0.0
381313,44.128712,-120.515361,Independent / Unknown,independent,0.0
381314,44.671297,-124.030569,Independent / Unknown,independent,0.0
381315,44.796293,-117.783263,Independent / Unknown,independent,0.0
381316,44.073537,-124.0275,Independent / Unknown,independent,0.0
381317,45.507531,-123.737139,Adventist Health,adventist_health,0.85
381318,45.610947,-121.601374,Providence,providence,0.85
381319,45.670827,-118.823832,Independent / Unknown,independent,0.0
381320,46.13334,-123.698966,Independent / Unknown,independent,0.0
381321,45.308936,-118.156042,Independent / Unknown,independent,0.0
381322,42.440347,-124.327441,Independent / Unknown,independent,0.0
381323,44.532241,-122.821044,Independent / Unknown,independent,0.0
381324,44.658094,-121.038736,Independent / Unknown,independent,0.0
381325,45.850974,-119.287822,Independent / Unknown,independent,0.0
383300,45.489938,-122.690453,Independent / Unknown,independent,0.0
384008,44.875911,-122.974514,Independent / Unknown,independent,0.0
384012,45.503048,-122.770132,Independent / Unknown,independent,0.0
390001,41.407325,-75.643713,Geisinger,geisinger,0.85
390002,40.339767,-79.842782,UPMC,upmc,0.85
390003,41.022328,-76.429517,Geisinger,geisinger,0.85
390004,40.23483,-76.928846,Independent / Unknown,independent,0.0
390006,40.968662,-76.603296,Geisinger,geisinger,0.85
390009,42.11287057142857,-80.06367614285715,Independent / Unknown,independent,0.0
390012,40.23068,-75.303647,Independent / Unknown,independent,0.0
390013,40.974977,-76.94515,Independent / Unknown,independent,0.0
390016,41.05404,-80.339414,UPMC,upmc,0.85
39001F,40.484994,-78.397114,VA,va,0.85
390025,39.97771,-75.145722,Independent / Unknown,independent,0.0
390026,40.073872,-75.211217,Independent / Unknown,independent,0.0
390027,40.012279,-75.145084,Independent / Unknown,independent,0.0
390028,40.442774,-79.984077,UPMC,upmc,0.85
390030,40.694711,-76.274753,Independent / Unknown,independent,0.0
390032,40.644174,-79.725395,Independent / Unknown,independent,0.0
390035,40.45918,-75.347434,Independent / Unknown,independent,0.0
390036,40.697912,-80.365277,Independent / Unknown,independent,0.0
390037,40.568138,-80.146807,Independent / Unknown,independent,0.0
390039,40.039742,-79.12982,UPMC,upmc,0.85
390041,39.900708,-79.747923,Independent / Unknown,independent,0.0
390042,40.164274,-80.252356,Independent / Unknown,independent,0.0
390044,40.324674,-75.942857,Independent / Unknown,independent,0.0
390045,41.345044,-76.857249,UPMC,upmc,0.85
390046,39.919821,-76.711182,Independent / Unknown,independent,0.0
390048,40.582082,-77.590269,Geisinger,geisinger,0.85
390049,40.587439,-75.366758,Independent / Unknown,independent,0.0
39004F,39.962991,-75.832026,VA,va,0.85
390050,40.45712,-79.994555,Independent / Unknown,independent,0.0
390056,40.516022,-77.950096,Independent / Unknown,independent,0.0
390057,40.366295,-75.325895,Independent / Unknown,independent,0.0
390058,40.183404,-77.232115,UPMC,upmc,0.85
39005F,42.109409,-80.048842,VA,va,0.85
390062,40.30519,-78.388999,Independent / Unknown,independent,0.0
390063,42.133783,-80.084949,UPMC,upmc,0.85
390065,39.826258,-77.227606,Independent / Unknown,independent,0.0
390066,40.296378,-76.421124,Independent / Unknown,independent,0.0
390067,40.255017,-76.8672,UPMC,upmc,0.85
390068,40.181032,-76.29538,UPMC,upmc,0.85
39006F,40.296378,-76.421124,VA,va,0.85
390070,40.116388,-74.857078,Independent / Unknown,independent,0.0
390073,40.552519,-78.372994,UPMC,upmc,0.85
390079,41.973067,-76.530371,Independent / Unknown,independent,0.0
390086,41.129961,-78.728348,Independent / Unknown,independent,0.0
390090,40.467376,-79.946266,Independent / Unknown,independent,0.0
390091,41.378475,-79.672744,UPMC,upmc,0.85
390093,41.198441,-79.354159,Independent / Unknown,independent,0.0
390096,40.39857,-75.946123,Independent / Unknown,independent,0.0
390097,40.101341,-75.105577,Independent / Unknown,independent,0.0
39009F,39.958518,-75.198856,VA,va,0.85
390100,40.014623,-76.246351,Independent / Unknown,independent,0.0
390101,39.93282,-76.799214,UPMC,upmc,0.85
390102,40.501392,-79.91267,UPMC,upmc,0.85
390107,40.548408,-80.046196,UPMC,upmc,0.85
390110,40.290709,-78.969945,Independent / Unknown,independent,0.0
390111,39.958518,-75.198856,Independent / Unknown,independent,0.0
390112,40.219638,-78.785278,Independent / Unknown,independent,0.0
390113,41.630635,-80.153636,Independent / Unknown,independent,0.0
390114,40.435563,-79.964078,UPMC,upmc,0.85
390115,40.069399,-75.000162,Independent / Unknown,independent,0.0
390116,40.13018,-75.331629,Independent / Unknown,independent,0.0
390117,39.99068,-78.374336,UPMC,upmc,0.85
390123,40.258928,-75.615861,Independent / Unknown,independent,0.0
390125,41.61647,-75.257711,Independent / Unknown,independent,0.0
390127,40.126329,-75.529946,Independent / Unknown,independent,0.0
39012F,40.44534462790698,-79.98418572093023,Independent / Unknown,independent,0.0
390133,40.570308,-75.488926,Independent / Unknown,independent,0.0
390137,41.24263725,-75.88425925,Independent / Unknown,independent,0.0
390138,39.774913,-77.575622,Independent / Unknown,independent,0.0
390139,40.023764,-75.330471,Independent / Unknown,independent,0.0
39013F,41.24263725,-75.88425925,VA,va,0.85
390142,40.037921,-75.145377,Independent / Unknown,independent,0.0
390145,40.313271,-79.536379,Independent / Unknown,independent,0.0
390146,41.840178,-79.157366,Independent / Unknown,independent,0.0
390147,40.191166,-79.922476,Independent / Unknown,independent,0.0
390150,39.873868,-80.186106,UPMC,upmc,0.85
390151,39.96007,-77.657179,Independent / Unknown,independent,0.0
390153,40.040279,-75.480341,Independent / Unknown,independent,0.0
390156,39.91724,-75.267086,Independent / Unknown,independent,0.0
390160,40.276322,-80.171662,Independent / Unknown,independent,0.0
390162,40.643635,-75.226627,Independent / Unknown,independent,0.0
390163,40.812096,-79.4725,Independent / Unknown,independent,0.0
390164,40.435563,-79.964078,UPMC,upmc,0.85
390168,40.910025,-79.945191,Independent / Unknown,independent,0.0
390173,40.629099,-79.150059,Independent / Unknown,independent,0.0
390174,39.951764,-75.158667,Independent / Unknown,independent,0.0
390178,41.406506,-80.369729,UPMC,upmc,0.85
390179,39.987218,-75.603138,Independent / Unknown,independent,0.0
390180,39.845414,-75.374817,Independent / Unknown,independent,0.0
390183,40.81974,-75.916102,Independent / Unknown,independent,0.0
390184,40.029726,-79.548821,Independent / Unknown,independent,0.0
390185,40.951974,-75.953925,Independent / Unknown,independent,0.0
390195,39.998147,-75.273908,Independent / Unknown,independent,0.0
390198,42.060488,-80.045846,Independent / Unknown,independent,0.0
390199,40.965616,-78.975453,Independent / Unknown,independent,0.0
390201,41.04236,-75.175818,Independent / Unknown,independent,0.0
390203,40.304772,-75.150789,Independent / Unknown,independent,0.0
390204,40.061595,-75.046385,Independent / Unknown,independent,0.0
390211,41.234788,-80.499379,Independent / Unknown,independent,0.0
390217,40.161024,-79.509814,Independent / Unknown,independent,0.0
390219,40.277177,-79.392906,Independent / Unknown,independent,0.0
390222,39.922229,-75.414058,Independent / Unknown,independent,0.0
390223,39.958518,-75.198856,Independent / Unknown,independent,0.0
390225,40.173688,-76.170494,Independent / Unknown,independent,0.0
390226,39.951764,-75.158667,Independent / Unknown,independent,0.0
390228,40.375539,-80.075567,Independent / Unknown,independent,0.0
390231,40.12623,-75.126511,Independent / Unknown,independent,0.0
390233,39.791218,-76.980323,UPMC,upmc,0.85
390237,41.412031636363636,-75.66603099999999,Independent / Unknown,independent,0.0
390256,40.269174,-76.628239,Independent / Unknown,independent,0.0
390258,40.180448,-74.912451,Independent / Unknown,independent,0.0
390265,40.29737,-79.920967,Independent / Unknown,independent,0.0
390266,41.173009,-80.072998,Independent / Unknown,independent,0.0
390267,40.428211,-79.761076,Independent / Unknown,independent,0.0
390268,40.808517,-77.894436,Independent / Unknown,independent,0.0
390270,41.24263725,-75.88425925,Geisinger,geisinger,0.85
390272,40.148523,-75.37908,Independent / Unknown,independent,0.0
390278,40.148523,-75.37908,Independent / Unknown,independent,0.0
390304,40.049525,-75.230253,Independent / Unknown,independent,0.0
390307,41.3259,-80.420111,Independent / Unknown,independent,0.0
390316,40.341535,-75.974921,Independent / Unknown,independent,0.0
390322,40.099749,-74.937829,Independent / Unknown,independent,0.0
390323,40.164274,-80.252356,Independent / Unknown,independent,0.0
390324,40.207649,-75.53206,Independent / Unknown,independent,0.0
390325,39.956996,-76.659977,Independent / Unknown,independent,0.0
390327,39.919821,-76.711182,Independent / Unknown,independent,0.0
390328,40.428211,-79.761076,UPMC,upmc,0.85
390329,40.148523,-75.37908,Independent / Unknown,independent,0.0
390330,40.967289,-75.288004,Independent / Unknown,independent,0.0
390331,39.951764,-75.158667,Independent / Unknown,independent,0.0
390332,40.649699,-76.060949,Geisinger,geisinger,0.85
390333,40.313271,-79.536379,Independent / Unknown,independent,0.0
390334,40.625035,-80.067068,Independent / Unknown,independent,0.0
390335,40.835018,-75.691474,Independent / Unknown,independent,0.0
390336,40.294091,-76.974475,Independent / Unknown,independent,0.0
390337,41.204764,-76.729928,Geisinger,geisinger,0.85
390338,41.462045,-75.630622,Independent / Unknown,independent,0.0
390339,40.072957,-76.313729,Independent / Unknown,independent,0.0
390430,40.505829,-75.579888,Independent / Unknown,independent,0.0
391300,41.235613,-77.256778,Geisinger,geisinger,0.85
391301,41.204764,-76.729928,UPMC,upmc,0.85
391302,39.790334,-78.987716,Independent / Unknown,independent,0.0
391303,39.975605,-77.98716,Independent / Unknown,independent,0.0
391304,41.342778,-77.826495,Independent / Unknown,independent,0.0
391305,41.759502,-76.804051,Independent / Unknown,independent,0.0
391306,41.826389,-75.939711,Independent / Unknown,independent,0.0
391307,40.670411,-78.240506,Independent / Unknown,independent,0.0
391308,41.915795,-79.68467,Independent / Unknown,independent,0.0
391309,41.928841,-75.579051,Independent / Unknown,independent,0.0
391312,41.169993,-79.040345,Independent / Unknown,independent,0.0
391313,41.774893,-77.96139,UPMC,upmc,0.85
391314,41.614736,-79.706434,Independent / Unknown,independent,0.0
391315,41.455038,-78.52019,Independent / Unknown,independent,0.0
391316,41.734791,-77.315756,UPMC,upmc,0.85
391317,40.689616,-78.726826,Independent / Unknown,independent,0.0
391318,41.628758,-78.806743,UPMC,upmc,0.85
393302,40.467376,-79.946266,UPMC,upmc,0.85
393303,39.958518,-75.198856,Independent / Unknown,independent,0.0
393304,40.467376,-79.946266,Independent / Unknown,independent,0.0
393307,39.989223,-75.108756,Independent / Unknown,independent,0.0
393309,39.958518,-75.198856,Independent / Unknown,independent,0.0
394001,40.13018,-75.331629,Independent / Unknown,independent,0.0
394004,40.990147,-76.644205,Independent / Unknown,independent,0.0
394008,40.017257,-75.095261,Independent / Unknown,independent,0.0
394012,41.459175,-75.746872,Independent / Unknown,independent,0.0
394014,40.342507,-76.088241,Independent / Unknown,independent,0.0
394016,41.840178,-79.157366,Independent / Unknown,independent,0.0
394020,40.241695,-76.475272,Independent / Unknown,independent,0.0
394023,39.986937,-75.219246,Independent / Unknown,independent,0.0
394026,40.40011,-79.218444,Independent / Unknown,independent,0.0
394027,40.049525,-75.230253,Independent / Unknown,independent,0.0
394033,40.148523,-75.37908,Independent / Unknown,independent,0.0
394034,40.187753,-75.215847,Independent / Unknown,independent,0.0
394038,40.304772,-75.150789,Independent / Unknown,independent,0.0
394040,40.804311,-77.695937,Independent / Unknown,independent,0.0
394043,41.198441,-79.354159,Independent / Unknown,independent,0.0
394049,40.133515,-75.209509,Independent / Unknown,independent,0.0
394050,40.055951,-77.496665,Independent / Unknown,independent,0.0
394051,40.323487,-76.888179,Independent / Unknown,independent,0.0
394052,40.356953,-75.938347,Independent / Unknown,independent,0.0
394053,40.013014,-75.185402,Independent / Unknown,independent,0.0
394055,40.030839,-76.330432,Independent / Unknown,independent,0.0
394056,40.39857,-75.946123,Independent / Unknown,independent,0.0
394057,39.914501,-75.191217,Independent / Unknown,independent,0.0
394058,41.082935,-76.247853,Independent / Unknown,independent,0.0
394059,41.359075,-75.681879,Geisinger,geisinger,0.85
394062,39.987218,-75.603138,Independent / Unknown,independent,0.0
400001,18.452271,-66.087625,Independent / Unknown,independent,0.0
400003,18.002639,-66.611087,Independent / Unknown,independent,0.0
400004,18.422249,-66.069081,Independent / Unknown,independent,0.0
400005,18.142603,-65.812812,Independent / Unknown,independent,0.0
400006,18.441246,-66.068766,Independent / Unknown,independent,0.0
400007,18.142603,-65.812812,Independent / Unknown,independent,0.0
400010,18.184294,-66.830795,Independent / Unknown,independent,0.0
400011,18.156113282608693,-66.11277604347826,Independent / Unknown,independent,0.0
400012,18.408798150000003,-66.09359035,Independent / Unknown,independent,0.0
400013,18.156113282608693,-66.11277604347826,Independent / Unknown,independent,0.0
400014,18.271588,-66.83684693478261,Independent / Unknown,independent,0.0
400015,18.348601,-66.053929,Independent / Unknown,independent,0.0
400016,18.422249,-66.069081,Independent / Unknown,independent,0.0
400018,18.12896,-66.266691,Independent / Unknown,independent,0.0
400019,18.408798150000003,-66.09359035,Independent / Unknown,independent,0.0
400021,18.1078,-67.037263,Independent / Unknown,independent,0.0
400022,18.002639,-66.611087,Independent / Unknown,independent,0.0
400032,18.416918,-66.142693,Independent / Unknown,independent,0.0
40003F,18.392088,-66.087109,VA,va,0.85
400044,17.985014,-66.606721,Independent / Unknown,independent,0.0
400048,18.156113282608693,-66.11277604347826,Independent / Unknown,independent,0.0
400061,18.388202,-66.070033,Independent / Unknown,independent,0.0
400079,18.457399,-67.124867,Independent / Unknown,independent,0.0
400087,18.416727,-66.70009,Independent / Unknown,independent,0.0
400098,18.410804,-66.037358,Independent / Unknown,independent,0.0
400102,18.416918,-66.142693,Independent / Unknown,independent,0.0
400103,18.224864,-67.153891,Independent / Unknown,independent,0.0
400104,18.220689,-66.03958,Independent / Unknown,independent,0.0
400105,18.321137,-66.170419,Independent / Unknown,independent,0.0
400106,18.437179,-66.045571,NYC Health + Hospitals,nyc_health_hospitals,0.85
400109,18.409907,-66.163361,Independent / Unknown,independent,0.0
400110,18.072916,-66.85119,Independent / Unknown,independent,0.0
400111,18.381597,-67.080884,Independent / Unknown,independent,0.0
400112,18.408798150000003,-66.09359035,Independent / Unknown,independent,0.0
400113,18.094076,-66.565781,Independent / Unknown,independent,0.0
400114,18.424145,-66.487895,Independent / Unknown,independent,0.0
400115,18.425961,-66.398098,Independent / Unknown,independent,0.0
400117,18.416727,-66.70009,Independent / Unknown,independent,0.0
400118,18.424145,-66.487895,Independent / Unknown,independent,0.0
400120,18.220689,-66.03958,Independent / Unknown,independent,0.0
400122,18.408798150000003,-66.09359035,Independent / Unknown,independent,0.0
400123,18.271588,-66.83684693478261,Independent / Unknown,independent,0.0
400124,18.408798150000003,-66.09359035,Independent / Unknown,independent,0.0
400126,18.1078,-67.037263,Independent / Unknown,independent,0.0
400127,18.408798150000003,-66.09359035,Independent / Unknown,independent,0.0
400128,18.408798150000003,-66.09359035,Independent / Unknown,independent,0.0
400130,18.268074,-66.701785,Independent / Unknown,independent,0.0
400131,18.304458,-65.698711,Independent / Unknown,independent,0.0
400132,18.438359,-65.999169,Independent / Unknown,independent,0.0
400134,18.445067,-66.059942,Independent / Unknown,independent,0.0
400135,18.388202,-66.070033,Independent / Unknown,independent,0.0
400137,18.432897,-66.286499,Orlando Health,orlando_health,0.85
400138,18.385785,-66.155654,Independent / Unknown,independent,0.0
400139,18.408798150000003,-66.09359035,Independent / Unknown,independent,0.0
400141,18.304458,-65.698711,Independent / Unknown,independent,0.0
403301,18.408798150000003,-66.09359035,Independent / Unknown,independent,0.0
404004,18.175543,-66.162102,Independent / Unknown,independent,0.0
404005,18.408798150000003,-66.09359035,Independent / Unknown,independent,0.0
404007,18.084371,-67.158765,Independent / Unknown,independent,0.0
404009,18.12896,-66.266691,Independent / Unknown,independent,0.0
410004,41.839025,-71.43925,Independent / Unknown,independent,0.0
410005,41.858334,-71.436294,Independent / Unknown,independent,0.0
410006,41.476681,-71.319627,Independent / Unknown,independent,0.0
410007,41.81942727777778,-71.43286783333333,Independent / Unknown,independent,0.0
410008,41.428836,-71.538376,Independent / Unknown,independent,0.0
410009,41.701615,-71.455217,Independent / Unknown,independent,0.0
410010,41.785273,-71.396227,Independent / Unknown,independent,0.0
410011,42.001708,-71.499947,Independent / Unknown,independent,0.0
410012,41.839468,-71.389175,Independent / Unknown,independent,0.0
410013,41.357774,-71.789616,Independent / Unknown,independent,0.0
41005F,41.839025,-71.43925,Providence,providence,0.85
414000,41.839468,-71.389175,Independent / Unknown,independent,0.0
414003,41.772177,-71.354407,Independent / Unknown,independent,0.0
420002,34.970716,-81.081364,Piedmont Healthcare,piedmont_healthcare,0.85
420004,32.78527,-79.948392,Independent / Unknown,independent,0.0
420005,34.418937,-79.371955,Independent / Unknown,independent,0.0
420007,34.995296,-81.968368,Independent / Unknown,independent,0.0
420009,34.751685,-82.932051,Independent / Unknown,independent,0.0
420010,34.39327,-80.077031,Independent / Unknown,independent,0.0
420011,34.943796,-82.72112,Independent / Unknown,independent,0.0
420015,34.87771,-82.575421,Independent / Unknown,independent,0.0
420018,34.100612,-81.040698,Independent / Unknown,independent,0.0
420019,34.715558,-81.23453,Independent / Unknown,independent,0.0
420020,33.381097,-79.329766,Independent / Unknown,independent,0.0
420023,34.847311,-82.402121,Independent / Unknown,independent,0.0
420026,34.029028,-80.999809,Independent / Unknown,independent,0.0
420027,34.506294,-82.603598,Independent / Unknown,independent,0.0
420030,32.906763,-80.672836,Independent / Unknown,independent,0.0
420033,34.892633,-81.921504,Independent / Unknown,independent,0.0
420036,34.745312,-80.743312,Independent / Unknown,independent,0.0
420037,34.767679,-82.225003,Independent / Unknown,independent,0.0
420038,34.468182,-81.845225,Independent / Unknown,independent,0.0
420043,34.972313,-81.585917,Independent / Unknown,independent,0.0
420048,34.313938,-80.573806,Independent / Unknown,independent,0.0
420049,33.867767,-78.976526,Independent / Unknown,independent,0.0
420051,34.210452,-79.649896,Independent / Unknown,independent,0.0
420053,34.304703,-81.62733,Independent / Unknown,independent,0.0
420055,34.165413,-79.260831,Independent / Unknown,independent,0.0
420065,32.842866,-80.104559,Bon Secours Mercy Health,bon_secours_mercy_health,0.85
420067,32.317597,-80.682213,Independent / Unknown,independent,0.0
420070,33.818941,-80.316867,Independent / Unknown,independent,0.0
420071,34.136053,-82.14847,Independent / Unknown,independent,0.0
420072,32.795699,-81.034521,Independent / Unknown,independent,0.0
420073,33.997503,-81.097406,Independent / Unknown,independent,0.0
420078,34.778047,-82.380192,Independent / Unknown,independent,0.0
420079,32.937235,-80.035457,Independent / Unknown,independent,0.0
420080,32.237257,-80.734276,Independent / Unknown,independent,0.0
420082,33.585864,-81.691726,Independent / Unknown,independent,0.0
420085,33.769526,-78.792285,Independent / Unknown,independent,0.0
420086,34.03498069230769,-81.00043692307692,Independent / Unknown,independent,0.0
420087,32.77718,-79.932,Independent / Unknown,independent,0.0
420089,32.819473,-79.857027,Independent / Unknown,independent,0.0
420091,34.130066,-79.688893,Independent / Unknown,independent,0.0
420098,33.569819,-79.053506,Independent / Unknown,independent,0.0
42009F,32.317597,-80.682213,Independent / Unknown,independent,0.0
420101,32.24664,-81.057508,Independent / Unknown,independent,0.0
420102,34.856825,-82.296139,Independent / Unknown,independent,0.0
420103,35.02383,-82.279564,Independent / Unknown,independent,0.0
420104,32.87555,-79.783739,Independent / Unknown,independent,0.0
420105,34.03263,-78.911584,Independent / Unknown,independent,0.0
420106,34.077553,-81.202336,Independent / Unknown,independent,0.0
420107,34.687998,-79.929523,Independent / Unknown,independent,0.0
420108,34.687626,-81.601568,Independent / Unknown,independent,0.0
420109,33.654194,-80.202339,Independent / Unknown,independent,0.0
420110,33.103211,-80.166653,Independent / Unknown,independent,0.0
42011F,33.926751,-80.950364,VA,va,0.85
42029F,32.77718,-79.932,VA,va,0.85
421300,32.970088,-81.242285,Independent / Unknown,independent,0.0
421301,34.182407,-82.425607,Independent / Unknown,independent,0.0
421304,34.340252,-82.090181,Independent / Unknown,independent,0.0
423300,34.778047,-82.380192,Independent / Unknown,independent,0.0
424002,33.867767,-78.976526,Independent / Unknown,independent,0.0
424005,34.100612,-81.040698,Independent / Unknown,independent,0.0
424006,32.852507,-79.979836,Independent / Unknown,independent,0.0
424007,35.059806,-82.417198,Independent / Unknown,independent,0.0
424008,33.997503,-81.097406,Independent / Unknown,independent,0.0
424010,34.897991,-82.258012,Independent / Unknown,independent,0.0
424011,34.67506344615385,-82.57967909230769,Independent / Unknown,independent,0.0
424014,34.745312,-80.743312,Independent / Unknown,independent,0.0
430005,44.936722,-97.092757,Independent / Unknown,independent,0.0
430008,44.316217,-96.79436,Independent / Unknown,independent,0.0
430012,42.915648,-97.446689,Independent / Unknown,independent,0.0
430014,45.482335,-98.53254,Independent / Unknown,independent,0.0
430015,44.527632,-100.309123,Independent / Unknown,independent,0.0
430016,43.531243,-96.754971,Independent / Unknown,independent,0.0
430027,43.531243,-96.754971,Independent / Unknown,independent,0.0
43002F,44.410498,-103.472882,Independent / Unknown,independent,0.0
430048,44.456339,-103.925266,Independent / Unknown,independent,0.0
43005F,43.531243,-96.754971,VA,va,0.85
430077,44.121777,-103.201222,Independent / Unknown,independent,0.0
430084,43.252173,-100.885154,Independent / Unknown,independent,0.0
430089,42.523328,-96.509711,Independent / Unknown,independent,0.0
430090,43.520296,-96.735607,Independent / Unknown,independent,0.0
430091,44.004564,-103.042628,Independent / Unknown,independent,0.0
430093,44.121777,-103.201222,Independent / Unknown,independent,0.0
430095,43.477461,-96.704757,Independent / Unknown,independent,0.0
430097,45.347283877551014,-98.75871681632653,Independent / Unknown,independent,0.0
430098,43.08435,-102.65428,Independent / Unknown,independent,0.0
430779,43.119205,-97.764306,Independent / Unknown,independent,0.0
431300,43.971319,-97.144098,Independent / Unknown,independent,0.0
431301,45.065476,-99.153564,Independent / Unknown,independent,0.0
431302,45.06175,-100.158139,Independent / Unknown,independent,0.0
431305,43.304789,-98.354755,Independent / Unknown,independent,0.0
431306,43.420751,-98.953012,Independent / Unknown,independent,0.0
431307,44.788077,-96.730646,Independent / Unknown,independent,0.0
431308,45.789053,-99.624988,Independent / Unknown,independent,0.0
431309,43.247619,-99.23661,Independent / Unknown,independent,0.0
431310,44.061654,-96.599779,Independent / Unknown,independent,0.0
431311,45.31018,-97.555747,Independent / Unknown,independent,0.0
431312,45.834926,-97.719666,Independent / Unknown,independent,0.0
431313,43.334745,-97.470784,Independent / Unknown,independent,0.0
431314,43.191962,-101.708294,Independent / Unknown,independent,0.0
431315,43.030618,-98.29855,Independent / Unknown,independent,0.0
431316,44.857384,-98.571778,Independent / Unknown,independent,0.0
431318,45.452039,-99.676167,Independent / Unknown,independent,0.0
431319,44.133584,-101.707853,Independent / Unknown,independent,0.0
431320,44.329012,-103.689034,Independent / Unknown,independent,0.0
431321,44.402472,-103.188819,Independent / Unknown,independent,0.0
431322,43.37376,-103.519145,Independent / Unknown,independent,0.0
431323,43.726576,-103.648599,Independent / Unknown,independent,0.0
431324,44.055549,-98.679659,Independent / Unknown,independent,0.0
431325,45.338976,-100.364733,Independent / Unknown,independent,0.0
431326,45.200406,-96.612559,Independent / Unknown,independent,0.0
431327,42.988653,-97.867208,Independent / Unknown,independent,0.0
431328,43.182034,-97.170165,Independent / Unknown,independent,0.0
431329,43.834901,-99.31203,Independent / Unknown,independent,0.0
431330,43.391569,-97.946598,Independent / Unknown,independent,0.0
431331,43.856284,-96.736592,Independent / Unknown,independent,0.0
431332,44.375816,-97.582277,Independent / Unknown,independent,0.0
431333,43.283105,-96.624962,Independent / Unknown,independent,0.0
431334,43.289423,-100.090188,Independent / Unknown,independent,0.0
431335,44.392466,-98.201934,Independent / Unknown,independent,0.0
431336,42.844619,-96.986388,Independent / Unknown,independent,0.0
431337,44.469468,-99.071406,Independent / Unknown,independent,0.0
431338,43.350367,-99.420272,Independent / Unknown,independent,0.0
431339,45.668703,-97.073638,Independent / Unknown,independent,0.0
431340,43.710912,-98.040449,Independent / Unknown,independent,0.0
431383,44.979017,-101.025137,Independent / Unknown,independent,0.0
433300,43.520296,-96.735607,Independent / Unknown,independent,0.0
434003,42.915648,-97.446689,Independent / Unknown,independent,0.0
440002,35.588164,-88.853395,Independent / Unknown,independent,0.0
440003,36.398757,-86.45554,Ascension,ascension,0.85
440006,36.232473,-86.777342,Independent / Unknown,independent,0.0
440007,35.509287,-86.079287,Independent / Unknown,independent,0.0
440008,35.661918,-88.40479,Independent / Unknown,independent,0.0
440009,35.887881,-84.989016,Independent / Unknown,independent,0.0
440011,35.792283,-83.893161,Independent / Unknown,independent,0.0
440012,36.549613,-82.09404,Independent / Unknown,independent,0.0
440015,35.911567,-83.857782,Independent / Unknown,independent,0.0
440016,35.978284,-88.434633,Independent / Unknown,independent,0.0
440017,36.36804739393939,-82.34055754545454,Independent / Unknown,independent,0.0
440018,36.370513,-82.122288,Independent / Unknown,independent,0.0
440020,35.232879,-87.005872,Independent / Unknown,independent,0.0
440029,35.912204,-86.768843,Independent / Unknown,independent,0.0
440030,36.233341,-83.337912,Independent / Unknown,independent,0.0
440031,35.945373,-84.516366,Independent / Unknown,independent,0.0
440032,36.424289,-82.9414,Independent / Unknown,independent,0.0
440033,36.398375,-84.073032,Independent / Unknown,independent,0.0
440034,35.966483,-84.290549,Independent / Unknown,independent,0.0
440035,36.522319,-87.327933,Independent / Unknown,independent,0.0
440039,36.141117,-86.802888,Independent / Unknown,independent,0.0
440046,36.077209,-87.442803,Independent / Unknown,independent,0.0
440048,35.123633,-89.852645,Independent / Unknown,independent,0.0
440049,35.132559,-90.004289,Independent / Unknown,independent,0.0
440050,36.276299,-82.831197,Independent / Unknown,independent,0.0
440053,35.929834,-86.450822,Independent / Unknown,independent,0.0
440056,36.103764,-83.466311,Independent / Unknown,independent,0.0
440057,36.473348,-83.513314,Independent / Unknown,independent,0.0
440058,35.181164,-86.13836,Independent / Unknown,independent,0.0
440059,36.226045,-85.533285,Independent / Unknown,independent,0.0
440060,35.916675,-88.758664,Independent / Unknown,independent,0.0
440061,36.362563,-88.833542,Independent / Unknown,independent,0.0
440063,36.299242,-82.383044,Independent / Unknown,independent,0.0
440065,36.548385,-86.849451,Independent / Unknown,independent,0.0
440068,35.25633683116883,-85.34638984415585,Independent / Unknown,independent,0.0
440072,36.036919,-89.384751,Independent / Unknown,independent,0.0
440073,35.629164,-87.021526,Independent / Unknown,independent,0.0
440081,35.736359,-83.672368,Independent / Unknown,independent,0.0
440082,36.113187,-86.870443,Ascension,ascension,0.85
440084,35.59833,-84.456484,Independent / Unknown,independent,0.0
440091,35.028234,-85.273258,Independent / Unknown,independent,0.0
440102,35.165417,-86.5796,Independent / Unknown,independent,0.0
440104,35.048259,-85.294362,Independent / Unknown,independent,0.0
440109,35.143564,-88.156874,Independent / Unknown,independent,0.0
440110,35.793377,-84.212106,Independent / Unknown,independent,0.0
440111,36.177546,-86.809518,Independent / Unknown,independent,0.0
440120,36.05405,-84.048488,Independent / Unknown,independent,0.0
440125,35.953078,-83.932588,Independent / Unknown,independent,0.0
440130,36.42886,-89.113506,Independent / Unknown,independent,0.0
440131,35.561088,-89.631953,Independent / Unknown,independent,0.0
440132,36.306875,-88.337468,Independent / Unknown,independent,0.0
440137,35.455746,-86.48479,Independent / Unknown,independent,0.0
44013F,35.151419,-90.035468,VA,va,0.85
440144,35.351487,-86.198185,Independent / Unknown,independent,0.0
440148,35.917978,-85.786903,Independent / Unknown,independent,0.0
440150,36.145176,-86.576636,Independent / Unknown,independent,0.0
440151,35.64509,-85.741252,Independent / Unknown,independent,0.0
440152,35.153069,-90.056536,Independent / Unknown,independent,0.0
440153,35.97508,-83.195503,Independent / Unknown,independent,0.0
440156,35.028234,-85.273258,Independent / Unknown,independent,0.0
440159,35.035097,-89.927158,Independent / Unknown,independent,0.0
440161,36.149775,-86.789146,Independent / Unknown,independent,0.0
44016F,36.36804739393939,-82.34055754545454,VA,va,0.85
440173,35.927527,-84.080687,Independent / Unknown,independent,0.0
440175,35.289918,-87.433746,Independent / Unknown,independent,0.0
440176,36.52686,-82.571968,Independent / Unknown,independent,0.0
44017F,35.929834,-86.450822,Independent / Unknown,independent,0.0
440183,35.079511,-89.845385,Independent / Unknown,independent,0.0
440184,36.299242,-82.383044,Independent / Unknown,independent,0.0
440185,35.104016,-84.920828,Independent / Unknown,independent,0.0
440187,36.376292,-85.326413,Independent / Unknown,independent,0.0
44018F,36.133773,-86.801688,Independent / Unknown,independent,0.0
440192,35.953136,-85.430418,Independent / Unknown,independent,0.0
440193,36.263852,-86.269244,Independent / Unknown,independent,0.0
440194,36.339969,-86.607922,Independent / Unknown,independent,0.0
440197,36.067017,-86.723419,Independent / Unknown,independent,0.0
440200,35.823091,-86.042159,Independent / Unknown,independent,0.0
440218,36.149775,-86.789146,Independent / Unknown,independent,0.0
440227,35.962828,-86.529684,Independent / Unknown,independent,0.0
440228,35.212941,-89.794711,Independent / Unknown,independent,0.0
440231,35.929834,-86.450822,Independent / Unknown,independent,0.0
440238,35.610021,-89.270574,Independent / Unknown,independent,0.0
440779,36.297457,-87.091738,Independent / Unknown,independent,0.0
440780,35.356672,-87.782248,Independent / Unknown,independent,0.0
441300,35.744615,-87.557839,Independent / Unknown,independent,0.0
441301,36.426041,-86.1529,Ascension,ascension,0.85
441303,36.062922,-87.865036,Ascension,ascension,0.85
441304,36.453006,-81.822364,Independent / Unknown,independent,0.0
441305,36.537757,-86.00096,Independent / Unknown,independent,0.0
441306,35.619509,-85.2263,Independent / Unknown,independent,0.0
441307,36.271671,-85.942372,Ascension,ascension,0.85
441309,35.489244,-86.767472,Independent / Unknown,independent,0.0
441310,35.502103,-85.008024,Independent / Unknown,independent,0.0
441313,36.514755,-83.244996,Independent / Unknown,independent,0.0
441314,35.746419,-89.62939,Independent / Unknown,independent,0.0
441316,36.045977,-88.109864,Independent / Unknown,independent,0.0
441320,35.243353,-89.000379,Independent / Unknown,independent,0.0
441322,36.276545,-87.66302,Independent / Unknown,independent,0.0
441323,36.50871,-84.543828,Independent / Unknown,independent,0.0
443302,35.151419,-90.035468,Independent / Unknown,independent,0.0
443303,35.953078,-83.932588,Independent / Unknown,independent,0.0
444001,35.153069,-90.056536,Independent / Unknown,independent,0.0
444002,35.129933,-85.382836,Independent / Unknown,independent,0.0
444003,35.966483,-84.290549,Independent / Unknown,independent,0.0
444004,35.212941,-89.794711,Independent / Unknown,independent,0.0
444005,36.362563,-88.833542,Independent / Unknown,independent,0.0
444007,35.912204,-86.768843,Independent / Unknown,independent,0.0
444008,35.243353,-89.000379,Independent / Unknown,independent,0.0
444010,35.588164,-88.853395,Independent / Unknown,independent,0.0
444014,36.169038,-86.662565,Independent / Unknown,independent,0.0
444019,36.522319,-87.327933,Independent / Unknown,independent,0.0
444021,35.629164,-87.021526,Independent / Unknown,independent,0.0
444023,35.701654,-88.768058,Independent / Unknown,independent,0.0
444024,35.170165,-90.023442,Independent / Unknown,independent,0.0
444025,35.025423,-89.789337,Independent / Unknown,independent,0.0
444026,35.028234,-85.273258,Independent / Unknown,independent,0.0
444027,36.52686,-82.571968,Independent / Unknown,independent,0.0
444029,35.629164,-87.021526,Independent / Unknown,independent,0.0
444030,36.19693,-86.803373,Ascension,ascension,0.85
444031,35.947161,-84.022715,Independent / Unknown,independent,0.0
444032,35.947161,-84.022715,Independent / Unknown,independent,0.0
444033,35.025423,-89.789337,Independent / Unknown,independent,0.0
450002,31.784855,-106.496881,Providence,providence,0.85
450007,30.035681,-99.165202,Independent / Unknown,independent,0.0
450010,33.905071,-98.480418,Independent / Unknown,independent,0.0
450011,30.660911,-96.322289,CommonSpirit,commonspirit,0.85
450015,32.832614,-96.849082,Parkland Health (Texas),parkland_health_texas,0.85
450018,29.310761,-94.776472,Independent / Unknown,independent,0.0
450021,32.792496,-96.772763,Independent / Unknown,independent,0.0
450023,28.806249,-96.985438,Independent / Unknown,independent,0.0
450024,31.766054,-106.426202,Independent / Unknown,independent,0.0
450028,25.960875,-97.548607,Independent / Unknown,independent,0.0
450029,27.73253,-99.229736,Independent / Unknown,independent,0.0
450032,32.508595,-94.724189,CHRISTUS Health,christus_health,0.85
450033,26.255724,-97.6635,Independent / Unknown,independent,0.0
450034,30.086285,-94.128289,CHRISTUS Health,christus_health,0.85
450035,29.756845,-95.365652,Independent / Unknown,independent,0.0
450039,32.728391,-97.317852,Independent / Unknown,independent,0.0
450040,33.570071,-101.891011,Independent / Unknown,independent,0.0
450042,31.526506,-97.260888,Ascension,ascension,0.85
450044,32.813992,-96.842808,Independent / Unknown,independent,0.0
450046,27.767919,-97.399444,CHRISTUS Health,christus_health,0.85
450051,32.744319,-96.801867,Independent / Unknown,independent,0.0
450054,31.092912361702126,-97.54577840425532,Baylor Scott & White,baylor_scott_white,0.85
450055,32.485191,-100.392114,Independent / Unknown,independent,0.0
450056,30.294713,-97.738978,Ascension,ascension,0.85
450058,29.423945,-98.48642,Independent / Unknown,independent,0.0
450064,32.75513,-97.139242,Independent / Unknown,independent,0.0
450068,29.705557,-95.401754,Memorial Hermann,memorial_hermann,0.85
450072,29.052739,-95.474351,CommonSpirit,commonspirit,0.85
450079,32.825907,-96.966915,Baylor Scott & White,baylor_scott_white,0.85
450080,33.217422,-94.983011,Independent / Unknown,independent,0.0
450082,28.415399,-97.71444,CHRISTUS Health,christus_health,0.85
450083,32.322885,-95.296265,Independent / Unknown,independent,0.0
450087,32.840721,-97.224241,HCA,hca,0.85
450090,33.661602,-97.176369,Independent / Unknown,independent,0.0
450092,28.943749,-100.227139,Independent / Unknown,independent,0.0
450097,29.647916,-95.18978,HCA,hca,0.85
450101,31.526506,-97.260888,Baylor Scott & White,baylor_scott_white,0.85
450102,32.322885,-95.296265,CHRISTUS Health,christus_health,0.85
450104,29.537496,-97.936596,Independent / Unknown,independent,0.0
450107,31.784855,-106.496881,Independent / Unknown,independent,0.0
450108,29.126771,-98.198371,Independent / Unknown,independent,0.0
450119,26.280689,-98.183295,Independent / Unknown,independent,0.0
450124,30.270569,-97.742589,Independent / Unknown,independent,0.0
450128,26.097256,-97.999651,Independent / Unknown,independent,0.0
450132,31.855583,-102.348437,Independent / Unknown,independent,0.0
450133,31.992446,-102.080985,Independent / Unknown,independent,0.0
450135,32.728391,-97.317852,Independent / Unknown,independent,0.0
450137,32.728391,-97.317852,Baylor Scott & White,baylor_scott_white,0.85
450144,32.312258,-102.640206,Independent / Unknown,independent,0.0
450147,28.806249,-96.985438,Independent / Unknown,independent,0.0
450148,32.346162,-97.328078,Independent / Unknown,independent,0.0
450152,30.989388,-97.702738,AdventHealth,adventhealth,0.85
450154,29.729784,-100.926008,Independent / Unknown,independent,0.0
450155,34.899855,-102.514844,Independent / Unknown,independent,0.0
450162,33.546383,-101.856516,Independent / Unknown,independent,0.0
450163,27.436813,-97.853828,CHRISTUS Health,christus_health,0.85
450165,28.747304,-98.559149,Independent / Unknown,independent,0.0
450176,26.201484,-98.357159,Independent / Unknown,independent,0.0
450184,29.798249,-95.416933,Memorial Hermann,memorial_hermann,0.85
450193,29.705557,-95.401754,Independent / Unknown,independent,0.0
450194,31.9463,-95.25187,Independent / Unknown,independent,0.0
450196,33.662129,-95.604973,Independent / Unknown,independent,0.0
450200,33.371831,-94.139813,Independent / Unknown,independent,0.0
450203,32.752204,-97.78927,HCA,hca,0.85
450209,35.203051,-101.891662,Independent / Unknown,independent,0.0
450210,32.138496,-94.274156,Independent / Unknown,independent,0.0
450211,31.301675,-94.641408,CommonSpirit,commonspirit,0.85
450213,29.505502,-98.577033,Independent / Unknown,independent,0.0
450222,30.32776,-95.516045,HCA,hca,0.85
450229,32.572842,-99.642121,Independent / Unknown,independent,0.0
450231,35.203051,-101.891662,Independent / Unknown,independent,0.0
450235,29.476842,-97.44894,Independent / Unknown,independent,0.0
450236,33.167968,-95.608224,CHRISTUS Health,christus_health,0.85
450237,29.461683,-98.676727,CHRISTUS Health,christus_health,0.85
450241,33.215811,-98.191865,Independent / Unknown,independent,0.0
450253,29.987117,-96.252942,Independent / Unknown,independent,0.0
450272,29.881662,-97.984794,CHRISTUS Health,christus_health,0.85
450289,29.705557,-95.401754,Harris Health (Texas),harris_health_texas,0.85
450292,32.568163,-96.250215,Independent / Unknown,independent,0.0
450324,33.772722,-96.606962,Independent / Unknown,independent,0.0
450330,29.491375,-95.702129,Independent / Unknown,independent,0.0
450346,30.073053,-94.105486,Independent / Unknown,independent,0.0
450347,30.656507,-95.530744,Independent / Unknown,independent,0.0
450351,32.271207,-98.205511,Independent / Unknown,independent,0.0
450352,33.189002,-96.108829,Independent / Unknown,independent,0.0
450358,29.705557,-95.401754,Houston Methodist,houston_methodist,0.85
450369,34.404718,-100.341146,Independent / Unknown,independent,0.0
450370,29.702699,-96.567123,Independent / Unknown,independent,0.0
450372,32.371654,-96.80303,Baylor Scott & White,baylor_scott_white,0.85
450379,32.924853,-96.888139,Independent / Unknown,independent,0.0
450388,29.505502,-98.577033,Independent / Unknown,independent,0.0
450389,32.069812,-95.920717,Independent / Unknown,independent,0.0
450395,30.717792,-94.817231,CommonSpirit,commonspirit,0.85
450399,33.134142,-102.3048,Independent / Unknown,independent,0.0
450400,31.657082,-96.465417,Independent / Unknown,independent,0.0
450403,33.164093,-96.59544,Independent / Unknown,independent,0.0
450419,32.900196,-97.561179,Independent / Unknown,independent,0.0
450422,32.80219,-96.78889,Baylor Scott & White,baylor_scott_white,0.85
450424,29.811924,-94.963306,Houston Methodist,houston_methodist,0.85
450431,30.294713,-97.738978,Independent / Unknown,independent,0.0
450447,32.079637,-96.520474,Independent / Unknown,independent,0.0
450451,32.198144,-97.76065,Independent / Unknown,independent,0.0
450460,30.748559,-94.38912,Independent / Unknown,independent,0.0
450462,32.873494,-96.747555,Independent / Unknown,independent,0.0
450465,28.904769,-95.887564,Independent / Unknown,independent,0.0
450469,33.652064,-96.700264,Independent / Unknown,independent,0.0
450475,32.239409,-94.728328,Independent / Unknown,independent,0.0
450484,31.32705,-94.839618,Independent / Unknown,independent,0.0
450489,32.671095,-101.972672,Independent / Unknown,independent,0.0
450508,31.558362,-94.504771,Independent / Unknown,independent,0.0
450518,29.880511,-93.941151,Independent / Unknown,independent,0.0
450537,32.994599,-96.666758,Independent / Unknown,independent,0.0
450539,34.171907,-101.744828,Independent / Unknown,independent,0.0
450563,32.942026,-97.07993,Baylor Scott & White,baylor_scott_white,0.85
450565,32.802422,-98.142547,Independent / Unknown,independent,0.0
450571,31.481519,-100.437903,Independent / Unknown,independent,0.0
450573,30.934425,-94.059578,CHRISTUS Health,christus_health,0.85
450584,34.141323,-99.31882,Independent / Unknown,independent,0.0
450587,31.744154,-99.056447,Independent / Unknown,independent,0.0
450596,32.408186,-97.801312,Independent / Unknown,independent,0.0
450597,29.096488,-97.295716,Independent / Unknown,independent,0.0
450604,30.291786,-98.870915,Independent / Unknown,independent,0.0
45060F,35.203051,-101.891662,Independent / Unknown,independent,0.0
450610,29.767148,-95.505627,Memorial Hermann,memorial_hermann,0.85
450617,29.53942,-95.134993,HCA,hca,0.85
450634,33.149467,-97.096016,HCA,hca,0.85
450638,30.009005,-95.439611,HCA,hca,0.85
450639,32.830632,-97.145045,Independent / Unknown,independent,0.0
450641,33.811378,-97.718678,Independent / Unknown,independent,0.0
450643,27.559571,-99.462957,Independent / Unknown,independent,0.0
450644,29.72449,-95.640002,HCA,hca,0.85
450647,32.902679,-96.793393,HCA,hca,0.85
450651,33.021268,-96.741558,HCA,hca,0.85
450653,32.199985,-101.504819,Independent / Unknown,independent,0.0
450654,26.530903,-98.740235,Independent / Unknown,independent,0.0
450656,31.728994,-94.626523,Independent / Unknown,independent,0.0
450658,31.782559,-96.093621,Independent / Unknown,independent,0.0
450659,29.724272,-95.364242,HCA,hca,0.85
450661,31.855583,-102.348437,Independent / Unknown,independent,0.0
450662,25.995689,-97.450848,Independent / Unknown,independent,0.0
450668,31.784855,-106.496881,Independent / Unknown,independent,0.0
450669,33.050725,-96.974623,HCA,hca,0.85
45066F,32.711324,-96.781215,VA,va,0.85
450670,30.094665,-95.586187,HCA,hca,0.85
450672,32.728391,-97.317852,HCA,hca,0.85
450674,29.68025,-95.404913,Independent / Unknown,independent,0.0
450675,32.691638,-97.135959,HCA,hca,0.85
450677,32.6785,-97.330511,Independent / Unknown,independent,0.0
450678,32.840254,-96.704041,Independent / Unknown,independent,0.0
450684,30.014356,-95.282995,Memorial Hermann,memorial_hermann,0.85
450686,33.700795,-101.896988,Independent / Unknown,independent,0.0
450688,32.773369,-96.618811,Independent / Unknown,independent,0.0
45068F,31.822773,-106.459822,Independent / Unknown,independent,0.0
450690,32.413219,-95.208673,Independent / Unknown,independent,0.0
450694,29.204365,-96.272726,Independent / Unknown,independent,0.0
450698,33.886628,-102.354854,Independent / Unknown,independent,0.0
45069F,29.460896,-98.43834,Independent / Unknown,independent,0.0
450702,32.585123,-94.710328,Independent / Unknown,independent,0.0
450709,29.561579,-95.099626,Houston Methodist,houston_methodist,0.85
45070F,31.330254,-97.689632,Independent / Unknown,independent,0.0
450711,26.162332,-98.248702,Independent / Unknown,independent,0.0
450713,30.243032,-97.765081,Independent / Unknown,independent,0.0
450718,30.541758,-97.716638,Independent / Unknown,independent,0.0
450723,32.664916,-96.872401,Independent / Unknown,independent,0.0
450730,33.039081,-96.872596,Independent / Unknown,independent,0.0
450742,32.891629,-96.541754,Baylor Scott & White,baylor_scott_white,0.85
450743,33.220974,-97.146038,Independent / Unknown,independent,0.0
450747,31.741893,-95.551175,Independent / Unknown,independent,0.0
45074F,29.705557,-95.401754,VA,va,0.85
450755,33.59973,-102.40023,Independent / Unknown,independent,0.0
450771,33.034224,-96.811608,Independent / Unknown,independent,0.0
450774,30.009005,-95.439611,Independent / Unknown,independent,0.0
450775,30.354392375,-95.31733098214285,HCA,hca,0.85
450779,32.668196,-97.41591,Independent / Unknown,independent,0.0
450788,27.729177,-97.385089,Independent / Unknown,independent,0.0
450801,33.51791,-94.13711,CHRISTUS Health,christus_health,0.85
450804,29.705557,-95.401754,Independent / Unknown,independent,0.0
450808,30.348244,-97.768139,Independent / Unknown,independent,0.0
450809,30.387697,-97.706655,Independent / Unknown,independent,0.0
450820,29.56504,-95.635059,Houston Methodist,houston_methodist,0.85
450822,32.884959,-96.937297,HCA,hca,0.85
450825,26.280689,-98.183295,Independent / Unknown,independent,0.0
450827,33.805189,-98.528479,Independent / Unknown,independent,0.0
450828,27.724313,-98.134487,CHRISTUS Health,christus_health,0.85
450831,29.647916,-95.18978,Independent / Unknown,independent,0.0
450833,32.323915,-96.590333,Independent / Unknown,independent,0.0
450834,30.660911,-96.322289,Independent / Unknown,independent,0.0
450840,33.114327,-96.693964,Independent / Unknown,independent,0.0
450844,29.979455,-95.573317,Houston Methodist,houston_methodist,0.85
450847,29.744657,-95.815536,Memorial Hermann,memorial_hermann,0.85
450848,29.56504,-95.635059,Memorial Hermann,memorial_hermann,0.85
450851,32.783102,-96.776627,Baylor Scott & White,baylor_scott_white,0.85
450853,33.121286,-96.838536,Baylor Scott & White,baylor_scott_white,0.85
450855,26.255724,-97.6635,Independent / Unknown,independent,0.0
450856,29.634209,-98.489808,Independent / Unknown,independent,0.0
450860,29.56504,-95.635059,Independent / Unknown,independent,0.0
450862,30.233846,-95.49577,Independent / Unknown,independent,0.0
450864,32.322885,-95.296265,Baylor Scott & White,baylor_scott_white,0.85
450865,30.177042,-97.956662,Ascension,ascension,0.85
450867,30.402705,-97.760938,Ascension,ascension,0.85
450869,26.280689,-98.183295,Independent / Unknown,independent,0.0
45086F,31.142333,-97.374637,VA,va,0.85
450872,32.662513,-97.164024,Independent / Unknown,independent,0.0
450874,32.910627,-97.000481,Independent / Unknown,independent,0.0
450875,35.259324,-102.047444,Independent / Unknown,independent,0.0
450876,33.60003,-101.982853,Independent / Unknown,independent,0.0
450880,32.707831,-97.338265,Baylor Scott & White,baylor_scott_white,0.85
450883,33.009665,-97.219981,Independent / Unknown,independent,0.0
450885,33.166306,-96.775635,Baylor Scott & White,baylor_scott_white,0.85
450888,32.954493,-97.148867,Independent / Unknown,independent,0.0
450889,32.873494,-96.747555,Independent / Unknown,independent,0.0
450890,33.034224,-96.811608,Baylor Scott & White,baylor_scott_white,0.85
450891,33.034224,-96.811608,Independent / Unknown,independent,0.0
450893,33.208706,-97.05541,Independent / Unknown,independent,0.0
450895,33.208706,-97.05541,Baylor Scott & White,baylor_scott_white,0.85
45090F,29.505502,-98.577033,VA,va,0.85
451300,34.68165,-102.781898,Independent / Unknown,independent,0.0
451301,31.192457,-101.563757,Independent / Unknown,independent,0.0
451303,31.498209,-96.525475,Independent / Unknown,independent,0.0
451304,30.891813,-100.655315,Independent / Unknown,independent,0.0
451305,30.5375,-96.680513,Independent / Unknown,independent,0.0
451306,30.472352,-99.821506,Independent / Unknown,independent,0.0
451307,30.890855,-101.912948,Independent / Unknown,independent,0.0
451308,32.933054,-102.904556,Independent / Unknown,independent,0.0
451309,31.113084,-102.191259,Independent / Unknown,independent,0.0
451310,31.738169,-99.950504,Independent / Unknown,independent,0.0
451311,29.091495,-95.770074,Independent / Unknown,independent,0.0
451312,29.523643,-96.318161,Independent / Unknown,independent,0.0
451313,32.880122,-100.488267,Independent / Unknown,independent,0.0
451314,31.832862,-103.054925,Independent / Unknown,independent,0.0
451315,31.988595,-99.97707,Independent / Unknown,independent,0.0
451316,30.960288,-95.894142,Independent / Unknown,independent,0.0
451317,28.322116,-97.162472,Independent / Unknown,independent,0.0
451318,33.182154,-100.263878,Independent / Unknown,independent,0.0
451319,31.9463,-95.25187,CHRISTUS Health,christus_health,0.85
451320,29.688046,-94.625902,Independent / Unknown,independent,0.0
451322,30.365776,-96.04642,Independent / Unknown,independent,0.0
451323,31.102626,-98.259776,AdventHealth,adventhealth,0.85
451324,30.43594,-100.564774,Independent / Unknown,independent,0.0
451325,31.20719,-99.892672,Independent / Unknown,independent,0.0
451328,29.789888,-94.406324,Independent / Unknown,independent,0.0
451329,31.258503,-101.973541,Independent / Unknown,independent,0.0
451330,29.414591,-99.155756,Independent / Unknown,independent,0.0
451331,36.098125,-102.60691,Independent / Unknown,independent,0.0
451332,28.711934,-96.226079,Independent / Unknown,independent,0.0
451333,32.189391,-101.882857,Independent / Unknown,independent,0.0
451334,35.458033,-100.199727,Independent / Unknown,independent,0.0
451335,33.670696,-97.377989,Independent / Unknown,independent,0.0
451337,34.179633,-101.387813,Independent / Unknown,independent,0.0
451338,30.930866,-104.860712,Independent / Unknown,independent,0.0
451339,33.160117,-99.282788,Independent / Unknown,independent,0.0
451340,35.206557,-100.248529,Independent / Unknown,independent,0.0
451341,33.120371,-99.631772,Independent / Unknown,independent,0.0
451342,32.323175,-100.931991,Independent / Unknown,independent,0.0
451343,33.882756,-98.88271,Independent / Unknown,independent,0.0
451344,36.218996,-101.204732,Independent / Unknown,independent,0.0
451346,29.200412,-97.091881,Independent / Unknown,independent,0.0
451347,31.881956,-99.480043,Independent / Unknown,independent,0.0
451348,31.09852,-99.393909,Independent / Unknown,independent,0.0
451349,34.575464,-101.691958,Independent / Unknown,independent,0.0
451350,34.497573,-102.337979,Independent / Unknown,independent,0.0
451351,33.158706,-101.839339,Independent / Unknown,independent,0.0
451352,34.306674,-99.797428,Independent / Unknown,independent,0.0
451353,31.435696,-102.581722,Independent / Unknown,independent,0.0
451354,33.343882,-98.763147,Independent / Unknown,independent,0.0
451355,34.884163,-100.196165,Independent / Unknown,independent,0.0
451356,28.60965,-96.61898,Independent / Unknown,independent,0.0
451358,32.689865,-102.724434,Independent / Unknown,independent,0.0
451359,36.236595,-100.786511,Independent / Unknown,independent,0.0
451361,31.274876,-93.721735,Independent / Unknown,independent,0.0
451362,33.757451,-98.208383,Independent / Unknown,independent,0.0
451363,29.035875,-96.716211,Independent / Unknown,independent,0.0
451364,28.72143,-97.913782,Kaiser Permanente,kaiser_permanente,0.85
451365,30.801053,-98.283491,Ascension,ascension,0.85
451366,33.645304,-102.825853,Independent / Unknown,independent,0.0
451367,32.967111,-94.944207,Independent / Unknown,independent,0.0
451369,35.668323,-101.412247,Independent / Unknown,independent,0.0
451370,33.571922,-96.170962,Independent / Unknown,independent,0.0
451371,29.694265,-97.638111,Ascension,ascension,0.85
451372,34.18618,-102.797922,Independent / Unknown,independent,0.0
451373,31.534766,-102.877408,Independent / Unknown,independent,0.0
451374,30.579326,-97.388618,Baylor Scott & White,baylor_scott_white,0.85
451375,30.081073,-94.752565,Independent / Unknown,independent,0.0
451376,29.378848,-96.834606,Independent / Unknown,independent,0.0
451377,31.400312,-103.584082,Independent / Unknown,independent,0.0
451378,30.211507,-103.626765,Independent / Unknown,independent,0.0
451379,31.441046,-97.774565,Independent / Unknown,independent,0.0
451380,32.816459,-95.424768,Independent / Unknown,independent,0.0
451381,32.917192,-95.25986,CHRISTUS Health,christus_health,0.85
451382,31.890896,-98.613096,Independent / Unknown,independent,0.0
451384,32.89857,-100.93202,Independent / Unknown,independent,0.0
451385,31.805316,-97.570542,Independent / Unknown,independent,0.0
451386,35.901966,-102.025897,Independent / Unknown,independent,0.0
451387,29.362904,-99.898132,Independent / Unknown,independent,0.0
451389,30.786235,-102.851189,Independent / Unknown,independent,0.0
451390,28.544594,-99.868351,Independent / Unknown,independent,0.0
451391,28.901927,-99.126644,Independent / Unknown,independent,0.0
451392,31.686812,-98.18703,Independent / Unknown,independent,0.0
451393,31.284891,-95.490625,Independent / Unknown,independent,0.0
451394,33.435018,-99.8295,Independent / Unknown,independent,0.0
451395,32.012383,-97.127012,Independent / Unknown,independent,0.0
451396,30.679688,-98.714851,Independent / Unknown,independent,0.0
451397,30.205898,-96.410067,Baylor Scott & White,baylor_scott_white,0.85
451398,35.51732,-100.899954,Independent / Unknown,independent,0.0
451399,33.603022,-99.213584,Independent / Unknown,independent,0.0
452114,29.624274,-95.568008,Advocate Health,advocate_health,0.85
453300,32.728391,-97.317852,Independent / Unknown,independent,0.0
453301,27.729177,-97.385089,Independent / Unknown,independent,0.0
453302,32.832614,-96.849082,Independent / Unknown,independent,0.0
453304,29.705557,-95.401754,Independent / Unknown,independent,0.0
453306,33.570071,-101.891011,Independent / Unknown,independent,0.0
453309,29.72449,-95.640002,Independent / Unknown,independent,0.0
453310,30.304238,-97.68575,Independent / Unknown,independent,0.0
453311,29.307853,-94.769334,Independent / Unknown,independent,0.0
453313,31.766054,-106.426202,Independent / Unknown,independent,0.0
453314,32.810904,-96.813203,Independent / Unknown,independent,0.0
453315,29.422124,-98.525978,Independent / Unknown,independent,0.0
453316,33.077854,-96.811028,Independent / Unknown,independent,0.0
453317,33.241332,-96.812388,Independent / Unknown,independent,0.0
453318,32.912633,-96.736637,Independent / Unknown,independent,0.0
453319,30.489544,-97.753842,Independent / Unknown,independent,0.0
453321,26.280689,-98.183295,Independent / Unknown,independent,0.0
454000,32.224895,-101.527363,Independent / Unknown,independent,0.0
454006,32.764343,-96.293313,Independent / Unknown,independent,0.0
454008,33.854833,-98.5373,Independent / Unknown,independent,0.0
454009,31.75786,-95.176209,Independent / Unknown,independent,0.0
454011,29.310488,-98.387514,Independent / Unknown,independent,0.0
454012,32.75203,-97.082615,Independent / Unknown,independent,0.0
454018,33.905071,-98.480418,Independent / Unknown,independent,0.0
454026,29.687947,-95.515725,Independent / Unknown,independent,0.0
454050,33.189002,-96.108829,Independent / Unknown,independent,0.0
454060,29.625165,-98.421852,Independent / Unknown,independent,0.0
454064,31.287019,-100.423597,Independent / Unknown,independent,0.0
454065,32.599427,-96.864075,Independent / Unknown,independent,0.0
454076,29.69843,-95.3569,Independent / Unknown,independent,0.0
454079,32.966541,-97.303778,HCA,hca,0.85
454084,30.310756,-97.722767,Independent / Unknown,independent,0.0
454088,26.193782,-97.75069,Independent / Unknown,independent,0.0
454093,33.564851133333335,-101.8863918,Independent / Unknown,independent,0.0
454094,32.919435,-96.77478,HCA,hca,0.85
454100,31.766054,-106.426202,Independent / Unknown,independent,0.0
454101,34.171907,-101.744828,Independent / Unknown,independent,0.0
454103,30.046777,-95.221022,Independent / Unknown,independent,0.0
454104,33.220974,-97.146038,Independent / Unknown,independent,0.0
454107,29.712829,-95.478516,Independent / Unknown,independent,0.0
454108,30.009005,-95.439611,Independent / Unknown,independent,0.0
454109,31.784855,-106.496881,Independent / Unknown,independent,0.0
454110,31.846958,-101.969455,Independent / Unknown,independent,0.0
454114,31.057023,-97.503,Independent / Unknown,independent,0.0
454117,32.585123,-94.710328,Independent / Unknown,independent,0.0
454118,29.995758,-95.665088,Independent / Unknown,independent,0.0
454119,33.039081,-96.872596,Independent / Unknown,independent,0.0
454121,30.207424,-97.798244,Independent / Unknown,independent,0.0
454122,32.335677,-99.667488,Independent / Unknown,independent,0.0
454123,31.32705,-94.839618,Independent / Unknown,independent,0.0
454124,32.623041,-97.403392,Independent / Unknown,independent,0.0
454126,32.599427,-96.864075,Independent / Unknown,independent,0.0
454127,30.657895,-97.617843,Independent / Unknown,independent,0.0
454128,32.668196,-97.41591,Independent / Unknown,independent,0.0
454129,30.657895,-97.617843,Independent / Unknown,independent,0.0
454131,29.670004,-95.708089,Independent / Unknown,independent,0.0
454132,29.525291,-98.604382,Independent / Unknown,independent,0.0
454133,30.356711,-97.639281,Independent / Unknown,independent,0.0
454135,29.81835,-95.522439,Independent / Unknown,independent,0.0
454136,29.748169,-95.736154,Independent / Unknown,independent,0.0
454139,29.68025,-95.404913,Independent / Unknown,independent,0.0
454141,26.255724,-97.6635,Independent / Unknown,independent,0.0
454144,30.233846,-95.49577,Independent / Unknown,independent,0.0
454146,31.848583,-106.534316,Independent / Unknown,independent,0.0
454147,29.648337,-95.141499,Independent / Unknown,independent,0.0
454148,32.631081,-97.155866,Independent / Unknown,independent,0.0
454149,32.914495,-96.674995,Independent / Unknown,independent,0.0
454150,31.526506,-97.260888,Independent / Unknown,independent,0.0
454151,29.561579,-95.099626,Independent / Unknown,independent,0.0
454152,31.104022,-97.412045,Independent / Unknown,independent,0.0
454153,33.652064,-96.700264,Independent / Unknown,independent,0.0
454154,35.259324,-102.047444,Independent / Unknown,independent,0.0
454155,27.767919,-97.399444,Independent / Unknown,independent,0.0
454156,29.640975,-95.655784,Independent / Unknown,independent,0.0
454157,33.700795,-101.896988,Independent / Unknown,independent,0.0
454158,30.32776,-95.516045,Independent / Unknown,independent,0.0
454159,29.505502,-98.577033,Independent / Unknown,independent,0.0
454161,33.121286,-96.838536,HCA,hca,0.85
460001,40.318664,-111.576954,Intermountain Health,intermountain_health,0.85
460003,40.75989,-111.863618,Independent / Unknown,independent,0.0
460004,41.214976,-111.889608,Independent / Unknown,independent,0.0
460005,41.149885,-111.956861,Independent / Unknown,independent,0.0
460006,40.72837511111111,-111.88522181481483,Independent / Unknown,independent,0.0
460007,37.768677,-113.133595,Independent / Unknown,independent,0.0
460009,40.72837511111111,-111.88522181481483,Independent / Unknown,independent,0.0
460010,40.658017,-111.884519,Intermountain Health,intermountain_health,0.85
460011,39.530532,-110.810886,Independent / Unknown,independent,0.0
460013,39.957762,-111.693744,Independent / Unknown,independent,0.0
460014,40.582074,-112.303592,Independent / Unknown,independent,0.0
460015,41.770678,-111.812392,Intermountain Health,intermountain_health,0.85
460017,41.584713,-112.051612,Independent / Unknown,independent,0.0
460019,40.346286,-110.067282,Independent / Unknown,independent,0.0
460021,37.046092,-113.557306,Independent / Unknown,independent,0.0
460023,40.471654,-111.68059,Independent / Unknown,independent,0.0
460026,38.590731,-111.800446,Intermountain Health,intermountain_health,0.85
46002F,40.72837511111111,-111.88522181481483,VA,va,0.85
460030,40.465526,-109.510856,Independent / Unknown,independent,0.0
460039,41.690849,-112.282644,Independent / Unknown,independent,0.0
460041,41.069929,-111.981255,Independent / Unknown,independent,0.0
460042,40.873122,-111.835036,Independent / Unknown,independent,0.0
460043,40.314256,-111.709495,Independent / Unknown,independent,0.0
460044,40.571647,-111.861939,Intermountain Health,intermountain_health,0.85
460047,40.677751,-111.797558,Independent / Unknown,independent,0.0
460051,40.59507,-111.960812,Independent / Unknown,independent,0.0
460052,40.314256,-111.709495,Independent / Unknown,independent,0.0
460054,41.770678,-111.812392,Independent / Unknown,independent,0.0
460057,40.644391,-111.506642,Independent / Unknown,independent,0.0
460058,40.493936,-111.943725,Intermountain Health,intermountain_health,0.85
460060,40.497673,-111.866118,Independent / Unknown,independent,0.0
460061,41.069929,-111.981255,Intermountain Health,intermountain_health,0.85
460062,40.040637,-111.419114,Intermountain Health,intermountain_health,0.85
460063,40.873122,-111.835036,Independent / Unknown,independent,0.0
461300,39.382623,-112.59373,Intermountain Health,intermountain_health,0.85
461301,38.997719,-112.396775,Intermountain Health,intermountain_health,0.85
461302,38.517666,-109.385155,Independent / Unknown,independent,0.0
461303,39.527088,-111.40656,Intermountain Health,intermountain_health,0.85
461304,39.686596,-111.868172,Independent / Unknown,independent,0.0
461305,38.37009,-112.920624,Independent / Unknown,independent,0.0
461306,39.17805,-111.834167,Independent / Unknown,independent,0.0
461307,40.369309,-111.187015,Intermountain Health,intermountain_health,0.85
461308,37.849881,-109.296406,Independent / Unknown,independent,0.0
461309,37.188452,-112.249236,Independent / Unknown,independent,0.0
461310,37.527347,-109.411511,Independent / Unknown,independent,0.0
461333,37.926071,-112.390081,Intermountain Health,intermountain_health,0.85
461335,38.332558,-112.516895,Independent / Unknown,independent,0.0
463301,40.762733,-111.832849,Independent / Unknown,independent,0.0
464001,39.51806851111111,-111.8624235111111,Independent / Unknown,independent,0.0
464012,40.714767,-111.892689,Independent / Unknown,independent,0.0
464013,40.706768,-111.855726,Independent / Unknown,independent,0.0
464014,40.304692,-111.673174,Independent / Unknown,independent,0.0
470001,44.18548,-72.453593,Independent / Unknown,independent,0.0
470003,44.475181,-73.217857,Independent / Unknown,independent,0.0
470005,43.624582,-72.910192,Independent / Unknown,independent,0.0
470011,42.838685,-72.659985,Independent / Unknown,independent,0.0
470012,42.869216,-73.128532,Independent / Unknown,independent,0.0
47001F,43.647933,-72.343999,VA,va,0.85
470024,44.791567,-73.117763,Independent / Unknown,independent,0.0
471300,43.069273,-72.68046,Independent / Unknown,independent,0.0
471301,43.967072,-72.708604,Independent / Unknown,independent,0.0
471302,43.495601,-72.442254,Independent / Unknown,independent,0.0
471303,44.404723,-71.983074,Independent / Unknown,independent,0.0
471304,44.927008,-72.19244,Independent / Unknown,independent,0.0
471305,44.532336,-72.620258,Independent / Unknown,independent,0.0
471306,43.310627,-72.461623,Independent / Unknown,independent,0.0
471307,43.997783,-73.178295,Independent / Unknown,independent,0.0
474001,42.838685,-72.659985,Independent / Unknown,independent,0.0
474004,44.29264,-72.624688,Independent / Unknown,independent,0.0
480001,17.936197,-64.79967549999999,Independent / Unknown,independent,0.0
480002,17.736627,-64.708215,Independent / Unknown,independent,0.0
490002,36.86802,-82.101925,Independent / Unknown,independent,0.0
490004,38.405147,-78.880723,Sentara,sentara,0.85
490005,39.174203,-78.174289,Independent / Unknown,independent,0.0
490007,36.864564,-76.303218,Sentara,sentara,0.85
490009,38.030979,-78.496585,Independent / Unknown,independent,0.0
490013,36.681952,-78.9527,Sentara,sentara,0.85
490017,36.841794,-76.340331,Bon Secours Mercy Health,bon_secours_mercy_health,0.85
490018,38.103454,-78.971468,Independent / Unknown,independent,0.0
490019,38.425697,-78.010459,Independent / Unknown,independent,0.0
49001F,38.699353,-77.157497,Independent / Unknown,independent,0.0
490020,37.274749,-77.227407,Independent / Unknown,independent,0.0
490021,37.359852,-79.141541,Independent / Unknown,independent,0.0
490022,38.299272,-77.486658,Independent / Unknown,independent,0.0
490023,38.687799,-77.839607,Independent / Unknown,independent,0.0
490024,37.22286,-79.915191,Carilion,carilion,0.85
490032,37.541707,-77.42953,Independent / Unknown,independent,0.0
490033,38.930914,-78.17648,Independent / Unknown,independent,0.0
490037,37.732134,-75.761995,Independent / Unknown,independent,0.0
490038,36.821272,-81.540457,Independent / Unknown,independent,0.0
490040,38.813204,-77.112268,Inova,inova,0.85
490041,37.113416,-76.517947,Independent / Unknown,independent,0.0
490042,37.13465,-80.423065,Carilion,carilion,0.85
490043,39.180323,-77.533459,Inova,inova,0.85
490044,36.703003,-76.592105,Sentara,sentara,0.85
490045,38.746071,-77.487673,Independent / Unknown,independent,0.0
490046,36.860941,-76.204908,Sentara,sentara,0.85
490048,37.302506,-80.114325,Independent / Unknown,independent,0.0
490050,38.883371,-77.139537,Independent / Unknown,independent,0.0
490052,37.037855,-76.479809,Independent / Unknown,independent,0.0
490053,36.654088,-81.95507,Independent / Unknown,independent,0.0
490057,36.864599,-76.055124,Sentara,sentara,0.85
490059,37.579356,-77.519937,Bon Secours Mercy Health,bon_secours_mercy_health,0.85
490060,37.111813,-81.802446,Independent / Unknown,independent,0.0
490063,38.865143,-77.193913,Inova,inova,0.85
490066,37.239658,-76.701436,Sentara,sentara,0.85
490067,37.132177,-77.39424,Bon Secours Mercy Health,bon_secours_mercy_health,0.85
490069,37.664436,-77.325493,Bon Secours Mercy Health,bon_secours_mercy_health,0.85
49006F,37.02201,-76.329688,VA,va,0.85
490075,36.588812,-79.515049,Independent / Unknown,independent,0.0
490077,38.097005,-78.410147,Sentara,sentara,0.85
490084,37.91585,-76.961086,Independent / Unknown,independent,0.0
490088,37.336882,-79.525726,Independent / Unknown,independent,0.0
490089,36.961444,-79.866431,Carilion,carilion,0.85
49008F,36.847681,-76.304081,Independent / Unknown,independent,0.0
490090,37.320056,-78.409678,Independent / Unknown,independent,0.0
490092,36.652023,-76.957141,Bon Secours Mercy Health,bon_secours_mercy_health,0.85
490093,37.057009,-76.408083,Sentara,sentara,0.85
490094,37.557767,-77.378886,Bon Secours Mercy Health,bon_secours_mercy_health,0.85
490097,36.664183,-77.55164,Bon Secours Mercy Health,bon_secours_mercy_health,0.85
490098,36.73911,-78.182448,Independent / Unknown,independent,0.0
490101,38.875218,-77.384713,Inova,inova,0.85
490104,37.215079,-77.470382,Independent / Unknown,independent,0.0
490107,38.959187,-77.34107,Independent / Unknown,independent,0.0
49010F,37.54519160869565,-77.48148260869566,VA,va,0.85
490110,37.260526,-80.416722,Independent / Unknown,independent,0.0
490111,36.95331,-81.110754,Independent / Unknown,independent,0.0
490112,37.519727,-77.510561,Independent / Unknown,independent,0.0
490113,38.622914,-77.262938,Sentara,sentara,0.85
490114,36.83435,-82.749105,Independent / Unknown,independent,0.0
490115,36.639975,-80.934776,Independent / Unknown,independent,0.0
490116,37.06503,-80.818267,Independent / Unknown,independent,0.0
490117,37.075529,-81.503095,Carilion,carilion,0.85
490118,37.588045,-77.570196,Independent / Unknown,independent,0.0
490119,36.736954,-76.035987,Sentara,sentara,0.85
49011F,37.302506,-80.114325,VA,va,0.85
490120,36.751734,-76.217637,Independent / Unknown,independent,0.0
490122,38.74979,-77.1074,Inova,inova,0.85
490126,37.795845,-79.865211,Independent / Unknown,independent,0.0
490127,37.31307,-82.088914,Independent / Unknown,independent,0.0
490130,37.427731,-76.537584,Independent / Unknown,independent,0.0
490136,37.48301,-77.660433,Bon Secours Mercy Health,bon_secours_mercy_health,0.85
490140,38.42068,-77.37468,Independent / Unknown,independent,0.0
490141,38.211478,-77.452502,Independent / Unknown,independent,0.0
490143,37.239658,-76.701436,Independent / Unknown,independent,0.0
490144,38.872078,-77.641383,Independent / Unknown,independent,0.0
490145,38.970032,-77.464002,Independent / Unknown,independent,0.0
490148,36.848602,-76.472899,Bon Secours Mercy Health,bon_secours_mercy_health,0.85
491300,37.96003,-79.871803,Independent / Unknown,independent,0.0
491302,37.247923,-80.777561,Carilion,carilion,0.85
491303,37.166862,-82.456257,Independent / Unknown,independent,0.0
491304,37.779751,-79.545136,Carilion,carilion,0.85
491305,38.888919,-78.532453,Independent / Unknown,independent,0.0
491307,38.670431,-78.455301,Independent / Unknown,independent,0.0
491308,37.736613,-76.34665,Independent / Unknown,independent,0.0
491309,36.749458,-83.019532,Independent / Unknown,independent,0.0
493300,37.55095,-77.044042,Independent / Unknown,independent,0.0
493301,36.864564,-76.303218,Independent / Unknown,independent,0.0
494010,38.865143,-77.193913,Independent / Unknown,independent,0.0
494017,36.588812,-79.515049,Independent / Unknown,independent,0.0
494021,38.07721325581395,-79.35931409302326,Independent / Unknown,independent,0.0
494022,37.132177,-77.39424,Independent / Unknown,independent,0.0
494023,38.862044,-77.154372,Independent / Unknown,independent,0.0
494025,36.864599,-76.055124,Independent / Unknown,independent,0.0
494029,36.821272,-81.540457,Independent / Unknown,independent,0.0
494032,37.341605,-76.747782,Independent / Unknown,independent,0.0
494033,37.372087,-80.232822,Independent / Unknown,independent,0.0
500002,46.101061,-118.313625,Providence,providence,0.85
500003,48.348771,-122.145467,Independent / Unknown,independent,0.0
500005,47.610902,-122.336422,Independent / Unknown,independent,0.0
500007,48.454172,-122.603874,Independent / Unknown,independent,0.0
500008,47.653833,-122.308348,Independent / Unknown,independent,0.0
500011,47.451576,-122.352986,Independent / Unknown,independent,0.0
500014,47.994464,-122.186162,Providence,providence,0.85
500015,47.30968,-122.264368,Independent / Unknown,independent,0.0
500016,47.8870692,-119.90148346666668,Independent / Unknown,independent,0.0
500019,46.742709,-122.901618,Providence,providence,0.85
500021,47.16625,-122.506083,Independent / Unknown,independent,0.0
500024,47.108292,-122.870623,Providence,providence,0.85
500025,47.609503,-122.295593,Independent / Unknown,independent,0.0
500026,47.837569,-122.333895,Independent / Unknown,independent,0.0
500027,47.609503,-122.295593,Independent / Unknown,independent,0.0
500030,48.758248,-122.50652,Independent / Unknown,independent,0.0
500031,46.988577,-123.828523,Independent / Unknown,independent,0.0
500033,47.146993,-119.315908,Independent / Unknown,independent,0.0
500036,46.598048,-120.534558,Independent / Unknown,independent,0.0
500037,46.237785,-120.368797,Independent / Unknown,independent,0.0
500039,47.66291,-122.718605,Independent / Unknown,independent,0.0
500041,46.204917,-123.062646,Independent / Unknown,independent,0.0
500044,47.681982625,-117.3783905625,Independent / Unknown,independent,0.0
500050,45.61951,-122.577179,Independent / Unknown,independent,0.0
500051,47.618337,-122.205341,Independent / Unknown,independent,0.0
500052,47.63752,-122.287651,Kaiser Permanente,kaiser_permanente,0.85
500053,46.173626,-119.274012,Independent / Unknown,independent,0.0
500054,47.681982625,-117.3783905625,Independent / Unknown,independent,0.0
500058,46.245767,-119.291463,Independent / Unknown,independent,0.0
50005F,47.2025632962963,-122.47179274074075,Independent / Unknown,independent,0.0
500060,48.21712,-121.95354,Independent / Unknown,independent,0.0
500064,47.600458,-122.332226,Independent / Unknown,independent,0.0
500072,48.030261,-123.329376,Independent / Unknown,independent,0.0
500077,47.785815,-117.452348,Providence,providence,0.85
500079,47.206693,-122.262642,Independent / Unknown,independent,0.0
500084,47.857847,-121.885309,Independent / Unknown,independent,0.0
500088,47.447472,-122.200356,Independent / Unknown,independent,0.0
500108,47.245647,-122.472399,Independent / Unknown,independent,0.0
500119,47.686361,-117.216702,Independent / Unknown,independent,0.0
50011F,47.696825,-117.444879,VA,va,0.85
500124,47.715809,-122.213748,Independent / Unknown,independent,0.0
500129,47.245647,-122.472399,Independent / Unknown,independent,0.0
500139,47.0812,-123.024841,Independent / Unknown,independent,0.0
500141,47.305205,-122.314161,Independent / Unknown,independent,0.0
500150,45.723305,-122.62187,Independent / Unknown,independent,0.0
500151,47.372234,-122.595793,Independent / Unknown,independent,0.0
500152,47.557623,-122.01152,Independent / Unknown,independent,0.0
500154,47.364009,-122.116743,Independent / Unknown,independent,0.0
50030F,47.535065,-122.305931,VA,va,0.85
501301,46.42335,-117.574429,Independent / Unknown,independent,0.0
501302,46.275681,-117.870851,Independent / Unknown,independent,0.0
501303,46.544556,-123.840333,Independent / Unknown,independent,0.0
501304,47.06085,-123.389802,Independent / Unknown,independent,0.0
501305,47.687561,-118.207492,Independent / Unknown,independent,0.0
501307,47.32684,-118.76587,Independent / Unknown,independent,0.0
501308,48.01013,-119.136483,Independent / Unknown,independent,0.0
501309,48.292416,-117.69864,Providence,providence,0.85
501310,48.161494,-117.190043,Independent / Unknown,independent,0.0
501311,47.119773,-118.378417,Independent / Unknown,independent,0.0
501312,46.142479,-119.736752,Independent / Unknown,independent,0.0
501313,47.783145,-120.843168,Independent / Unknown,independent,0.0
501314,46.33813,-123.964974,Independent / Unknown,independent,0.0
501315,45.819522,-121.472434,Independent / Unknown,independent,0.0
501316,45.870446,-120.779305,Independent / Unknown,independent,0.0
501317,47.338298,-119.635157,Independent / Unknown,independent,0.0
501318,46.822362,-119.171787,Independent / Unknown,independent,0.0
501319,46.581909,-122.271384,Independent / Unknown,independent,0.0
501320,47.168643,-119.842939,Independent / Unknown,independent,0.0
501321,48.674509,-119.253008,Independent / Unknown,independent,0.0
501322,48.608711,-118.667275,Independent / Unknown,independent,0.0
501323,48.041261,-122.826664,Independent / Unknown,independent,0.0
501324,48.131489,-119.806042,Independent / Unknown,independent,0.0
501325,47.745828,-124.180639,Independent / Unknown,independent,0.0
501326,48.655198,-117.735834,Providence,providence,0.85
501327,46.855891,-117.451152,Independent / Unknown,independent,0.0
501328,48.379699,-119.289234,Independent / Unknown,independent,0.0
501329,48.546832,-122.135222,Independent / Unknown,independent,0.0
501330,46.507007,-119.672018,Independent / Unknown,independent,0.0
501331,46.730384,-117.218395,Independent / Unknown,independent,0.0
501332,46.375542,-117.2903,Independent / Unknown,independent,0.0
501333,46.988457,-120.354859,Independent / Unknown,independent,0.0
501334,48.0554,-120.331968,Independent / Unknown,independent,0.0
501335,47.169491,-121.684569,Independent / Unknown,independent,0.0
501336,47.239729,-123.151915,Independent / Unknown,independent,0.0
501337,46.377835,-118.951726,Independent / Unknown,independent,0.0
501338,47.597225,-121.779633,Independent / Unknown,independent,0.0
501339,48.198192,-122.654078,Independent / Unknown,independent,0.0
501340,48.553849,-123.085857,Independent / Unknown,independent,0.0
503300,47.659861,-122.284977,Independent / Unknown,independent,0.0
503301,47.2025632962963,-122.47179274074075,Independent / Unknown,independent,0.0
503302,47.647242,-117.426704,Independent / Unknown,independent,0.0
504002,47.715809,-122.213748,Independent / Unknown,independent,0.0
504004,47.59978,-117.708985,Independent / Unknown,independent,0.0
504008,46.245767,-119.291463,Independent / Unknown,independent,0.0
504009,47.551914,-122.373669,Independent / Unknown,independent,0.0
504012,48.089968,-122.237681,Independent / Unknown,independent,0.0
504013,45.723305,-122.62187,Independent / Unknown,independent,0.0
504014,47.647242,-117.426704,Independent / Unknown,independent,0.0
504015,47.02332,-122.793549,Independent / Unknown,independent,0.0
504016,47.245647,-122.472399,Independent / Unknown,independent,0.0
510001,39.646781,-79.970152,Independent / Unknown,independent,0.0
510002,37.728112,-80.474462,Independent / Unknown,independent,0.0
510006,39.28879,-80.221567,Independent / Unknown,independent,0.0
510007,38.434723,-82.314416,Independent / Unknown,independent,0.0
510008,39.457168,-77.972428,Independent / Unknown,independent,0.0
510012,38.863326,-82.067437,Independent / Unknown,independent,0.0
510013,39.96459,-80.724103,Independent / Unknown,independent,0.0
510022,38.351327,-81.627994,Independent / Unknown,independent,0.0
510023,40.421372,-80.557726,Independent / Unknown,independent,0.0
510024,39.653049,-79.945502,Independent / Unknown,independent,0.0
510029,38.311899,-81.75717,Independent / Unknown,independent,0.0
51002F,37.840601,-81.270723,VA,va,0.85
510030,38.916258,-79.792226,Independent / Unknown,independent,0.0
510038,39.037172,-80.5282,Independent / Unknown,independent,0.0
51003F,39.286434,-80.372691,VA,va,0.85
510046,37.403448,-81.106456,Independent / Unknown,independent,0.0
510048,37.862732,-82.009247,Independent / Unknown,independent,0.0
51004F,38.30761,-82.487363,VA,va,0.85
510050,40.069192,-80.650635,Independent / Unknown,independent,0.0
510055,38.365689,-82.40525,Independent / Unknown,independent,0.0
510058,39.225842,-81.584316,Independent / Unknown,independent,0.0
51005F,39.40892,-77.962369,VA,va,0.85
510062,37.840601,-81.270723,Independent / Unknown,independent,0.0
510070,37.840601,-81.270723,Independent / Unknown,independent,0.0
510072,39.630056,-80.763963,Independent / Unknown,independent,0.0
510086,37.468445,-81.553282,Independent / Unknown,independent,0.0
510091,38.351327,-81.627994,Independent / Unknown,independent,0.0
510093,39.465392,-80.109845,Independent / Unknown,independent,0.0
510094,37.710509,-82.253703,Independent / Unknown,independent,0.0
511300,39.157139,-80.023725,Independent / Unknown,independent,0.0
511301,38.514958,-80.346597,Independent / Unknown,independent,0.0
511303,38.913569,-81.076188,Independent / Unknown,independent,0.0
511304,39.537188,-80.974755,Independent / Unknown,independent,0.0
511306,38.78208,-81.328692,Independent / Unknown,independent,0.0
511307,39.354044,-80.018749,Independent / Unknown,independent,0.0
511308,38.720715,-80.819464,Independent / Unknown,independent,0.0
511309,39.548748,-78.22147,Independent / Unknown,independent,0.0
511310,37.655201,-80.875502,Independent / Unknown,independent,0.0
511311,39.320663,-78.767933,Independent / Unknown,independent,0.0
511312,39.488133,-79.709884,Independent / Unknown,independent,0.0
511313,38.032702,-81.752066,Independent / Unknown,independent,0.0
511314,38.201301,-80.164874,Independent / Unknown,independent,0.0
511315,39.402846,-78.985446,Independent / Unknown,independent,0.0
511316,38.963742,-79.137225,Independent / Unknown,independent,0.0
511317,37.939872,-81.102848,Independent / Unknown,independent,0.0
511318,38.154438,-81.314794,Independent / Unknown,independent,0.0
511319,39.323441,-77.864008,Independent / Unknown,independent,0.0
511320,38.78851,-81.692539,Independent / Unknown,independent,0.0
511321,39.001947,-80.197409,Independent / Unknown,independent,0.0
511322,38.265344,-80.993515,Independent / Unknown,independent,0.0
514001,38.301561,-81.596701,Independent / Unknown,independent,0.0
514008,38.365689,-82.40525,Independent / Unknown,independent,0.0
514009,38.406345,-82.362542,Independent / Unknown,independent,0.0
514011,39.286434,-80.372691,Independent / Unknown,independent,0.0
514012,39.037172,-80.5282,Independent / Unknown,independent,0.0
520002,44.522502,-89.646137,Independent / Unknown,independent,0.0
520004,43.806243,-91.140632,Mayo Clinic,mayo_clinic,0.85
520008,43.020011,-88.294411,Independent / Unknown,independent,0.0
520009,44.242088,-88.361084,Ascension,ascension,0.85
520011,45.528148,-91.716577,Independent / Unknown,independent,0.0
520019,45.657615,-89.349239,Independent / Unknown,independent,0.0
520021,42.561565,-87.828956,Independent / Unknown,independent,0.0
520028,42.609146,-89.649429,Independent / Unknown,independent,0.0
52002F,43.985009,-90.505437,VA,va,0.85
520030,44.966821,-89.709421,Independent / Unknown,independent,0.0
520033,44.340807,-89.735011,Independent / Unknown,independent,0.0
520034,44.215871,-87.594706,Independent / Unknown,independent,0.0
520035,43.815995,-87.764488,Independent / Unknown,independent,0.0
520037,44.637705,-90.196801,Independent / Unknown,independent,0.0
520038,43.316267,-88.371075,Independent / Unknown,independent,0.0
52003F,43.02227,-87.976617,VA,va,0.85
520041,43.560907,-89.483147,Independent / Unknown,independent,0.0
520044,43.710329,-87.733076,Independent / Unknown,independent,0.0
520045,44.182337,-88.527647,Independent / Unknown,independent,0.0
520049,44.480778,-88.016063,Independent / Unknown,independent,0.0
52004F,43.074014,-89.460509,VA,va,0.85
520051,43.083056,-87.883305,Ascension,ascension,0.85
520057,43.492773,-89.72873,SSM Health,ssm_health,0.85
520059,42.6636,-88.280304,Independent / Unknown,independent,0.0
520062,43.113916,-88.489195,Independent / Unknown,independent,0.0
520063,43.387671,-88.158285,Independent / Unknown,independent,0.0
520066,42.95245790123457,-89.61653204938271,Bon Secours Mercy Health,bon_secours_mercy_health,0.85
520070,44.834611,-91.520448,Mayo Clinic,mayo_clinic,0.85
520071,42.908935,-88.871563,Independent / Unknown,independent,0.0
520075,44.480778,-88.016063,Independent / Unknown,independent,0.0
520076,43.455976,-88.848515,Independent / Unknown,independent,0.0
520078,42.999273,-87.943018,Ascension,ascension,0.85
520083,43.05561,-89.387808,SSM Health,ssm_health,0.85
520087,43.806243,-91.140632,Independent / Unknown,independent,0.0
520088,43.775457,-88.432601,SSM Health,ssm_health,0.85
520089,43.05561,-89.387808,Independent / Unknown,independent,0.0
520091,45.960879,-89.668172,Independent / Unknown,independent,0.0
520095,43.311092,-89.768881,Independent / Unknown,independent,0.0
520096,42.727644,-87.829134,Ascension,ascension,0.85
520097,44.543349,-88.047176,Independent / Unknown,independent,0.0
520098,43.077166,-89.430412,Independent / Unknown,independent,0.0
520100,42.546428,-89.106715,Independent / Unknown,independent,0.0
520102,42.719665,-88.534317,Independent / Unknown,independent,0.0
520103,43.159411,-88.121548,Independent / Unknown,independent,0.0
520107,44.570079777777785,-87.56123207407407,Independent / Unknown,independent,0.0
520109,43.776559,-90.040249,Independent / Unknown,independent,0.0
520113,45.076169,-87.698833,Independent / Unknown,independent,0.0
520116,43.253742,-88.710584,Independent / Unknown,independent,0.0
520136,43.068886,-87.973815,Ascension,ascension,0.85
520138,42.999273,-87.943018,Independent / Unknown,independent,0.0
520139,42.995814,-88.042017,Independent / Unknown,independent,0.0
520160,44.281533,-88.381003,Independent / Unknown,independent,0.0
520177,43.050631,-88.043161,Independent / Unknown,independent,0.0
520189,42.561695,-87.891757,Independent / Unknown,independent,0.0
520193,44.583773,-88.115037,Independent / Unknown,independent,0.0
520194,43.073857,-87.908604,Independent / Unknown,independent,0.0
520196,44.805042,-91.437019,Independent / Unknown,independent,0.0
520198,44.0234,-88.623839,Independent / Unknown,independent,0.0
520202,44.88996,-89.520725,Independent / Unknown,independent,0.0
520205,42.886404,-88.012027,Independent / Unknown,independent,0.0
520206,43.113916,-88.489195,Independent / Unknown,independent,0.0
520207,43.332043,-87.932727,Independent / Unknown,independent,0.0
520208,42.652244,-88.948166,SSM Health,ssm_health,0.85
520210,44.751984,-91.514998,Independent / Unknown,independent,0.0
520212,45.866014,-89.831735,Independent / Unknown,independent,0.0
520213,42.97393,-88.095566,Independent / Unknown,independent,0.0
520214,43.159411,-88.121548,Ascension,ascension,0.85
520215,44.550416,-89.509449,Independent / Unknown,independent,0.0
521300,45.916231,-89.254165,Independent / Unknown,independent,0.0
521302,44.557919,-91.216522,Mayo Clinic,mayo_clinic,0.85
521303,44.190566,-89.223457,Independent / Unknown,independent,0.0
521304,43.581681,-90.422391,Independent / Unknown,independent,0.0
521305,43.990087,-90.80319,Mayo Clinic,mayo_clinic,0.85
521307,44.612868,-91.924613,Independent / Unknown,independent,0.0
521308,45.33433,-92.386607,Independent / Unknown,independent,0.0
521309,43.979489,-89.823633,Independent / Unknown,independent,0.0
521310,44.87369,-88.182068,HSHS,hshs,0.85
521311,44.96712,-90.927085,Independent / Unknown,independent,0.0
521312,42.693554,-90.111658,Independent / Unknown,independent,0.0
521313,45.510949,-89.744184,Independent / Unknown,independent,0.0
521314,45.107813,-91.484409,Mayo Clinic,mayo_clinic,0.85
521315,45.392467,-91.882622,Mayo Clinic,mayo_clinic,0.85
521316,44.390016,-91.2964,Independent / Unknown,independent,0.0
521317,44.026076,-88.176312,Ascension,ascension,0.85
521318,45.27476,-92.662039,Independent / Unknown,independent,0.0
521319,42.860823,-89.09331,Independent / Unknown,independent,0.0
521320,43.985009,-90.505437,Independent / Unknown,independent,0.0
521321,43.855118,-88.833583,Independent / Unknown,independent,0.0
521322,42.843965,-90.716982,Independent / Unknown,independent,0.0
521323,44.544396,-90.632781,Independent / Unknown,independent,0.0
521324,45.19739,-90.407651,Independent / Unknown,independent,0.0
521325,45.929782,-90.292821,Independent / Unknown,independent,0.0
521326,44.410204,-88.761688,Independent / Unknown,independent,0.0
521327,43.634671,-88.737589,Independent / Unknown,independent,0.0
521328,45.516039,-91.103822,Independent / Unknown,independent,0.0
521329,46.590874,-92.12831,Independent / Unknown,independent,0.0
521330,43.049076,-91.057334,Independent / Unknown,independent,0.0
521331,45.751262,-92.692383,Independent / Unknown,independent,0.0
521332,45.863919,-91.937464,Independent / Unknown,independent,0.0
521333,44.266352,-90.784217,Independent / Unknown,independent,0.0
521334,44.322675,-89.131481,Independent / Unknown,independent,0.0
521335,44.981214,-92.694785,Independent / Unknown,independent,0.0
521336,46.023604,-91.293027,Independent / Unknown,independent,0.0
521337,45.5017,-92.640733,Independent / Unknown,independent,0.0
521338,43.326703,-89.057148,Independent / Unknown,independent,0.0
521339,45.217729,-89.793643,Independent / Unknown,independent,0.0
521340,44.85063,-91.933502,Mayo Clinic,mayo_clinic,0.85
521341,43.376738,-90.419474,Independent / Unknown,independent,0.0
521342,45.749634,-92.002023,Independent / Unknown,independent,0.0
521343,42.928255,-89.215237,Independent / Unknown,independent,0.0
521344,43.142976,-90.683004,Independent / Unknown,independent,0.0
521345,45.120019,-92.51979,Independent / Unknown,independent,0.0
521346,44.778789,-88.634568,Independent / Unknown,independent,0.0
521347,44.959627,-92.371857,Independent / Unknown,independent,0.0
521348,43.531978,-90.928599,Independent / Unknown,independent,0.0
521349,44.846857,-92.611118,Independent / Unknown,independent,0.0
521350,45.122181,-89.170872,Independent / Unknown,independent,0.0
521351,43.533502,-89.997349,Independent / Unknown,independent,0.0
521352,42.99682,-90.162324,Independent / Unknown,independent,0.0
521353,45.567884,-92.076524,Independent / Unknown,independent,0.0
521354,42.7457,-90.492321,Independent / Unknown,independent,0.0
521355,43.99772,-88.9668,Independent / Unknown,independent,0.0
521356,44.898069,-87.91574,Independent / Unknown,independent,0.0
521357,42.558204,-88.451878,Independent / Unknown,independent,0.0
521358,44.843613,-87.37279,Independent / Unknown,independent,0.0
521359,46.551759,-90.845656,Independent / Unknown,independent,0.0
523300,43.050631,-88.043161,Independent / Unknown,independent,0.0
523302,44.182337,-88.527647,Independent / Unknown,independent,0.0
524000,43.048801,-88.001825,Independent / Unknown,independent,0.0
524002,44.075638,-88.519717,Independent / Unknown,independent,0.0
524008,43.135832,-89.34748,Independent / Unknown,independent,0.0
524014,44.480319,-87.892082,Independent / Unknown,independent,0.0
524017,45.018505,-89.525117,Independent / Unknown,independent,0.0
524018,43.113916,-88.489195,Independent / Unknown,independent,0.0
524019,44.637705,-90.196801,Independent / Unknown,independent,0.0
524025,43.775457,-88.432601,Independent / Unknown,independent,0.0
524026,43.020011,-88.294411,Independent / Unknown,independent,0.0
524041,44.480319,-87.892082,Independent / Unknown,independent,0.0
524042,43.115952,-89.543473,Independent / Unknown,independent,0.0
524043,43.020328,-88.012866,Independent / Unknown,independent,0.0
524044,43.053576,-87.933531,Independent / Unknown,independent,0.0
530002,44.53546,-105.642705,Independent / Unknown,independent,0.0
530006,44.832499,-106.896325,Independent / Unknown,independent,0.0
530008,43.027802,-108.237888,Independent / Unknown,independent,0.0
530012,43.069925,-106.341585,Banner Health,banner_health,0.85
530014,41.100082,-104.924884,Independent / Unknown,independent,0.0
530015,43.394562,-110.629831,Independent / Unknown,independent,0.0
530025,41.427295,-105.550267,Independent / Unknown,independent,0.0
530034,42.771582,-106.186063,Independent / Unknown,independent,0.0
53004F,41.100082,-104.924884,VA,va,0.85
53005F,44.832499,-106.896325,VA,va,0.85
531301,44.351803,-108.155391,Independent / Unknown,independent,0.0
531302,43.022149,-105.39185,Independent / Unknown,independent,0.0
531303,43.69408,-104.458957,Independent / Unknown,independent,0.0
531304,43.717103,-108.475221,Independent / Unknown,independent,0.0
531305,42.001919,-105.129783,Independent / Unknown,independent,0.0
531306,44.011214,-108.169952,Independent / Unknown,independent,0.0
531307,42.159356,-104.131967,Independent / Unknown,independent,0.0
531308,44.260573,-106.731065,Independent / Unknown,independent,0.0
531309,44.871763,-108.157894,Independent / Unknown,independent,0.0
531310,44.819966,-109.051004,Independent / Unknown,independent,0.0
531311,44.371182,-104.359823,Independent / Unknown,independent,0.0
531312,44.403789,-109.606717,Independent / Unknown,independent,0.0
531313,42.725902,-110.849219,Independent / Unknown,independent,0.0
531314,42.961282,-104.319456,Independent / Unknown,independent,0.0
531315,41.976485,-110.54741,Independent / Unknown,independent,0.0
531316,41.983168,-107.478998,Independent / Unknown,independent,0.0
531317,41.399861,-106.819184,Independent / Unknown,independent,0.0
531318,41.379272,-108.978176,Independent / Unknown,independent,0.0
531319,40.958206,-110.607498,Independent / Unknown,independent,0.0
534004,42.771582,-106.186063,Independent / Unknown,independent,0.0
640001,-14.324258,-170.751146,Independent / Unknown,independent,0.0
650001,13.478311,144.815058,Independent / Unknown,independent,0.0
650003,13.567326,144.878059,HCA,hca,0.85
660001,15.186894,145.754396,Independent / Unknown,independent,0.0
670005,30.046777,-95.221022,Memorial Hermann,memorial_hermann,0.85
670006,30.29686,-97.809566,Independent / Unknown,independent,0.0
670008,29.53942,-95.134993,Memorial Hermann,memorial_hermann,0.85
670010,33.208706,-97.05541,Independent / Unknown,independent,0.0
670023,32.57074,-97.144837,Independent / Unknown,independent,0.0
670025,33.034224,-96.811608,Baylor Scott & White,baylor_scott_white,0.85
670031,29.648337,-95.141499,Independent / Unknown,independent,0.0
670034,30.505414,-97.647284,Baylor Scott & White,baylor_scott_white,0.85
670041,30.505414,-97.647284,Ascension,ascension,0.85
670043,30.507079,-97.819464,Ascension,ascension,0.85
670044,32.857112,-96.43121,Independent / Unknown,independent,0.0
670047,31.845514,-106.019659,Providence,providence,0.85
670049,32.873494,-96.747555,Independent / Unknown,independent,0.0
670053,29.617523,-95.60829,Independent / Unknown,independent,0.0
670054,29.525291,-98.604382,Independent / Unknown,independent,0.0
670055,29.634209,-98.489808,Independent / Unknown,independent,0.0
670056,29.994866,-97.821239,Ascension,ascension,0.85
670059,30.233846,-95.49577,CommonSpirit,commonspirit,0.85
670060,32.800525,-96.547577,Baylor Scott & White,baylor_scott_white,0.85
670062,33.273393,-96.990395,Independent / Unknown,independent,0.0
670067,32.691638,-97.135959,Baylor Scott & White,baylor_scott_white,0.85
670068,33.032998,-97.064618,Independent / Unknown,independent,0.0
670069,33.154678,-96.696669,Independent / Unknown,independent,0.0
670071,32.75513,-97.139242,Independent / Unknown,independent,0.0
670073,32.960047,-96.83724,Independent / Unknown,independent,0.0
670075,29.979455,-95.573317,Independent / Unknown,independent,0.0
670076,33.604131,-96.550405,Baylor Scott & White,baylor_scott_white,0.85
670077,29.770918,-95.698677,Houston Methodist,houston_methodist,0.85
670078,29.590145,-98.476253,Independent / Unknown,independent,0.0
670080,31.054577,-97.641727,Independent / Unknown,independent,0.0
670082,33.245816,-96.63072,Baylor Scott & White,baylor_scott_white,0.85
670085,32.927979,-97.276559,Independent / Unknown,independent,0.0
670088,30.5611,-96.275139,Baylor Scott & White,baylor_scott_white,0.85
670090,32.566313,-96.748636,Independent / Unknown,independent,0.0
670093,30.32776,-95.516045,Independent / Unknown,independent,0.0
670098,29.693649,-98.068676,Independent / Unknown,independent,0.0
670102,29.764825,-95.171416,Independent / Unknown,independent,0.0
670103,32.966541,-97.303778,HCA,hca,0.85
670106,29.545041,-95.350692,HCA,hca,0.85
670107,32.532677,-97.306547,Baylor Scott & White,baylor_scott_white,0.85
670108,30.571849,-98.210498,Baylor Scott & White,baylor_scott_white,0.85
670109,29.811924,-94.963306,Independent / Unknown,independent,0.0
670112,29.566765,-98.615801,Independent / Unknown,independent,0.0
670115,30.014356,-95.282995,Independent / Unknown,independent,0.0
670120,31.936069,-106.535685,Providence,providence,0.85
670121,32.857279,-97.178552,Independent / Unknown,independent,0.0
670122,30.186682,-95.429005,Houston Methodist,houston_methodist,0.85
670124,31.678635,-106.115148,Providence,providence,0.85
670125,29.310488,-98.387514,Independent / Unknown,independent,0.0
670128,30.43963,-97.594687,Baylor Scott & White,baylor_scott_white,0.85
670131,30.079459,-97.841011,Baylor Scott & White,baylor_scott_white,0.85
670132,32.954493,-97.148867,Independent / Unknown,independent,0.0
670134,30.226788,-94.188851,Independent / Unknown,independent,0.0
670135,29.700441,-95.585023,Independent / Unknown,independent,0.0
670136,30.269121,-97.868816,Baylor Scott & White,baylor_scott_white,0.85
670260,33.184818,-96.844308,Independent / Unknown,independent,0.0
670265,32.942026,-97.07993,Independent / Unknown,independent,0.0
670266,30.014356,-95.282995,Independent / Unknown,independent,0.0
670267,30.100262,-95.356488,Independent / Unknown,independent,0.0
670285,30.046777,-95.221022,Independent / Unknown,independent,0.0
670300,32.469436,-96.99067,Independent / Unknown,independent,0.0
670309,32.57074,-97.144837,Independent / Unknown,independent,0.0
670314,29.56504,-95.635059,Independent / Unknown,independent,0.0
670320,29.832928,-95.14904,Independent / Unknown,independent,0.0
670321,32.873494,-96.747555,Independent / Unknown,independent,0.0
670322,33.021268,-96.741558,Independent / Unknown,independent,0.0
670326,30.541758,-97.716638,Independent / Unknown,independent,0.0
670327,33.465175,-101.935271,Independent / Unknown,independent,0.0
670331,30.964728,-95.325895,Independent / Unknown,independent,0.0
670333,29.461683,-98.676727,Independent / Unknown,independent,0.0
670335,29.505502,-98.577033,Independent / Unknown,independent,0.0
670336,29.502729,-98.664897,Independent / Unknown,independent,0.0
670340,33.338899,-96.752977,Independent / Unknown,independent,0.0
670342,29.995758,-95.665088,Houston Methodist,houston_methodist,0.85
670343,30.205898,-96.410067,Baylor Scott & White,baylor_scott_white,0.85
670345,30.094665,-95.586187,Independent / Unknown,independent,0.0
670346,33.184818,-96.844308,Baylor Scott & White,baylor_scott_white,0.85
670779,33.661255,-101.209231,Independent / Unknown,independent,0.0
670780,31.307238,-96.84033,Independent / Unknown,independent,0.0
670781,32.740591,-99.890392,Independent / Unknown,independent,0.0
670783,31.502076,-94.121587,CommonSpirit,commonspirit,0.85
671300,33.060398,-98.652502,Independent / Unknown,independent,0.0
671301,35.923984,-100.332663,Independent / Unknown,independent,0.0
671302,32.801213,-98.88698,Independent / Unknown,independent,0.0
671303,32.392615,-98.790658,Independent / Unknown,independent,0.0
