ccn,name,city,state,health_system,loaded_staff_cost_per_hr,all_in_agency_per_hr,agency_premium_per_hr,data_source,confidence,category,manual_review_reason
010019,HELEN KELLER HOSPITAL,SHEFFIELD,AL,Independent / Unknown,69.073295,69.073295,0.0,hcris_nmrc_agency_per_hospital,0.92,agency_rate_below_staff_cost,"Agency premium non-positive (A=$46.08, C=$69.07, M=$-22.99). Customer disclosure required before quoting."
010024,JACKSON HOSPITAL & CLINIC INC,MONTGOMERY,AL,Independent / Unknown,72.606065,72.606065,0.0,hcris_nmrc_agency_per_hospital,0.92,agency_rate_below_staff_cost,"Agency premium non-positive (A=$65.64, C=$72.61, M=$-6.97). Customer disclosure required before quoting."
010036,ANDALUSIA HEALTH,ANDALUSIA,AL,Independent / Unknown,63.004175000000004,63.004175000000004,0.0,hcris_nmrc_agency_per_hospital,0.92,agency_rate_below_staff_cost,"Agency premium non-positive (A=$58.57, C=$63.00, M=$-4.43). Customer disclosure required before quoting."
010039,HUNTSVILLE HOSPITAL,HUNTSVILLE,AL,Independent / Unknown,81.12021,81.12021,0.0,hcris_nmrc_agency_per_hospital,0.92,agency_rate_below_staff_cost,"Agency premium non-positive (A=$38.15, C=$81.12, M=$-42.97). Customer disclosure required before quoting."
010045,FAYETTE MEDICAL CENTER,FAYETTE,AL,Independent / Unknown,56.33742,56.33742,0.0,hcris_nmrc_agency_per_hospital,0.92,agency_rate_below_staff_cost,"Agency premium non-positive (A=$51.41, C=$56.34, M=$-4.93). Customer disclosure required before quoting."
010065,RUSSELL MEDICAL CENTER,ALEXANDER CITY,AL,Independent / Unknown,59.145115,59.145115,0.0,hcris_nmrc_agency_per_hospital,0.92,agency_rate_below_staff_cost,"Agency premium non-positive (A=$54.91, C=$59.15, M=$-4.24). Customer disclosure required before quoting."
010073,CLAY COUNTY HOSPITAL,ASHLAND,AL,Independent / Unknown,42.337665,42.337665,0.0,hcris_nmrc_agency_per_hospital,0.92,agency_rate_below_staff_cost,"Agency premium non-positive (A=$40.06, C=$42.34, M=$-2.28). Customer disclosure required before quoting."
010079,ATHENS LIMESTONE HOSPITAL,ATHENS,AL,Independent / Unknown,67.116855,67.116855,0.0,hcris_nmrc_agency_per_hospital,0.92,agency_rate_below_staff_cost,"Agency premium non-positive (A=$65.40, C=$67.12, M=$-1.72). Customer disclosure required before quoting."
010092,DCH REGIONAL MEDICAL CENTER,TUSCALOOSA,AL,Independent / Unknown,66.71341,66.71341,0.0,hcris_nmrc_agency_per_hospital,0.92,agency_rate_below_staff_cost,"Agency premium non-positive (A=$58.53, C=$66.71, M=$-8.18). Customer disclosure required before quoting."
010099,D W MCMILLAN MEMORIAL HOSPITAL,BREWTON,AL,Independent / Unknown,56.364135000000005,56.364135000000005,0.0,hcris_nmrc_agency_per_hospital,0.92,agency_rate_below_staff_cost,"Agency premium non-positive (A=$52.85, C=$56.36, M=$-3.51). Customer disclosure required before quoting."
010108,PRATTVILLE BAPTIST HOSPITAL,PRATTVILLE,AL,Independent / Unknown,66.7951,66.7951,0.0,hcris_nmrc_agency_per_hospital,0.92,agency_rate_below_staff_cost,"Agency premium non-positive (A=$32.12, C=$66.80, M=$-34.68). Customer disclosure required before quoting."
010144,SPRINGHILL MEDICAL CENTER,MOBILE,AL,Independent / Unknown,57.4884,57.4884,0.0,hcris_nmrc_agency_per_hospital,0.92,agency_rate_below_staff_cost,"Agency premium non-positive (A=$50.41, C=$57.49, M=$-7.08). Customer disclosure required before quoting."
010149,BAPTIST MEDICAL CENTER EAST,MONTGOMERY,AL,Independent / Unknown,68.570615,68.570615,0.0,hcris_nmrc_agency_per_hospital,0.92,agency_rate_below_staff_cost,"Agency premium non-positive (A=$40.39, C=$68.57, M=$-28.18). Customer disclosure required before quoting."
010150,THE HEALTH CARE AUTHORITY OF THE CITY OF GREENVILLE- LV STABLER HOSPITAL,GREENVILLE,AL,Independent / Unknown,52.984195,52.984195,0.0,hcris_nmrc_agency_per_hospital,0.92,agency_rate_below_staff_cost,"Agency premium non-positive (A=$40.45, C=$52.98, M=$-12.53). Customer disclosure required before quoting."
010157,NORTH ALABAMA SHOALS HOSPITAL,MUSCLE SHOALS,AL,Independent / Unknown,55.682055,55.682055,0.0,hcris_nmrc_agency_per_hospital,0.92,agency_rate_below_staff_cost,"Agency premium non-positive (A=$39.72, C=$55.68, M=$-15.96). Customer disclosure required before quoting."
010164,COOSA VALLEY MEDICAL CENTER,SYLACAUGA,AL,Independent / Unknown,61.116535,61.116535,0.0,hcris_nmrc_agency_per_hospital,0.92,agency_rate_below_staff_cost,"Agency premium non-positive (A=$47.47, C=$61.12, M=$-13.65). Customer disclosure required before quoting."
020001,PROVIDENCE ALASKA MEDICAL CENTER,ANCHORAGE,AK,Providence,77.87344999999999,77.87344999999999,0.0,hcris_nmrc_agency_per_hospital,0.92,agency_rate_below_staff_cost,"Agency premium non-positive (A=$70.37, C=$77.87, M=$-7.50). Customer disclosure required before quoting."
020008,BARTLETT REGIONAL HOSPITAL,JUNEAU,AK,Independent / Unknown,103.301935,103.301935,0.0,hcris_nmrc_agency_per_hospital,0.92,agency_rate_below_staff_cost,"Agency premium non-positive (A=$97.93, C=$103.30, M=$-5.37). Customer disclosure required before quoting."
020024,CENTRAL PENINSULA GENERAL HOSPITAL,SOLDOTNA,AK,Independent / Unknown,107.367965,107.367965,0.0,hcris_nmrc_agency_per_hospital,0.92,agency_rate_below_staff_cost,"Agency premium non-positive (A=$102.28, C=$107.37, M=$-5.09). Customer disclosure required before quoting."
030007,VERDE VALLEY MEDICAL CENTER,COTTONWOOD,AZ,Independent / Unknown,79.44191000000001,79.44191000000001,0.0,hcris_nmrc_agency_per_hospital,0.92,agency_rate_below_staff_cost,"Agency premium non-positive (A=$78.52, C=$79.44, M=$-0.92). Customer disclosure required before quoting."
030023,FLAGSTAFF MEDICAL CENTER,FLAGSTAFF,AZ,Independent / Unknown,75.81481000000001,75.81481000000001,0.0,hcris_nmrc_agency_per_hospital,0.92,agency_rate_below_staff_cost,"Agency premium non-positive (A=$75.15, C=$75.81, M=$-0.66). Customer disclosure required before quoting."
030083,ABRAZO SCOTTSDALE CAMPUS,PHOENIX,AZ,Independent / Unknown,60.994675,60.994675,0.0,hcris_nmrc_agency_per_hospital,0.92,agency_rate_below_staff_cost,"Agency premium non-positive (A=$42.14, C=$60.99, M=$-18.85). Customer disclosure required before quoting."
030107,ARIZONA SPINE AND JOINT HOSPITAL,MESA,AZ,Independent / Unknown,61.634675,61.634675,0.0,hcris_nmrc_agency_per_hospital,0.92,agency_rate_below_staff_cost,"Agency premium non-positive (A=$53.65, C=$61.63, M=$-7.98). Customer disclosure required before quoting."
030108,THE CORE INSTITUTE SPECIALTY HOSP,PHOENIX,AZ,Independent / Unknown,60.544675000000005,60.544675000000005,0.0,hcris_nmrc_agency_per_hospital,0.92,agency_rate_below_staff_cost,"Agency premium non-positive (A=$56.70, C=$60.54, M=$-3.84). Customer disclosure required before quoting."
030111,BANNER-UNIVERSITY MEDICAL CENTER SOUTH CAMPUS,TUCSON,AZ,Banner Health,59.16195,59.16195,0.0,hcris_nmrc_agency_per_hospital,0.92,agency_rate_below_staff_cost,"Agency premium non-positive (A=$52.40, C=$59.16, M=$-6.76). Customer disclosure required before quoting."
030112,ARIZONA ORTHOPEDIC AND SURGICAL SPECIALTY HOSPITAL,PHOENIX,AZ,Independent / Unknown,61.764675000000004,61.764675000000004,0.0,hcris_nmrc_agency_per_hospital,0.92,agency_rate_below_staff_cost,"Agency premium non-positive (A=$55.87, C=$61.76, M=$-5.89). Customer disclosure required before quoting."
030119,MERCY GILBERT MEDICAL CENTER,GILBERT,AZ,Independent / Unknown,76.766405,76.766405,0.0,commonspirit_staff_hcris_nmrc_agency,0.95,agency_rate_below_staff_cost,"Agency premium non-positive (A=$69.57, C=$76.77, M=$-7.20). Customer disclosure required before quoting."
030154,EXCEPTIONAL COMMUNITY HOSPITAL YUMA,YUMA,AZ,Independent / Unknown,96.24639,96.24639,0.0,hcris_nmrc_agency_per_hospital,0.92,agency_rate_below_staff_cost,"Agency premium non-positive (A=$92.18, C=$96.25, M=$-4.07). Customer disclosure required before quoting."
040016,UNIVERSITY OF ARKANSAS MEDICAL SCIENCES,LITTLE ROCK,AR,Independent / Unknown,67.398765,67.398765,0.0,hcris_nmrc_agency_per_hospital,0.92,agency_rate_below_staff_cost,"Agency premium non-positive (A=$38.56, C=$67.40, M=$-28.84). Customer disclosure required before quoting."
040036,BAPTIST HEALTH MEDICAL CENTER NORTH LITTLE ROCK,NORTH LITTLE ROCK,AR,Baptist Health,64.92340999999999,64.92340999999999,0.0,hcris_nmrc_agency_per_hospital,0.92,agency_rate_below_staff_cost,"Agency premium non-positive (A=$56.39, C=$64.92, M=$-8.53). Customer disclosure required before quoting."
040071,JEFFERSON REGIONAL MEDICAL CENTER,PINE BLUFF,AR,Independent / Unknown,67.38465500000001,67.38465500000001,0.0,hcris_nmrc_agency_per_hospital,0.92,agency_rate_below_staff_cost,"Agency premium non-positive (A=$35.92, C=$67.38, M=$-31.46). Customer disclosure required before quoting."
040072,BAPTIST HEALTH MEDICAL CENTER-STUTTGART,STUTTGART,AR,Baptist Health,69.55607499999999,69.55607499999999,0.0,hcris_nmrc_agency_per_hospital,0.92,agency_rate_below_staff_cost,"Agency premium non-positive (A=$67.57, C=$69.56, M=$-1.99). Customer disclosure required before quoting."
040078,NATIONAL PARK MEDICAL CENTER,HOT SPRINGS,AR,Independent / Unknown,53.317255,53.317255,0.0,hcris_nmrc_agency_per_hospital,0.92,agency_rate_below_staff_cost,"Agency premium non-positive (A=$44.67, C=$53.32, M=$-8.65). Customer disclosure required before quoting."
040114,BAPTIST HEALTH MEDICAL CENTER-LITTLE ROCK,LITTLE ROCK,AR,Baptist Health,74.740385,74.740385,0.0,hcris_nmrc_agency_per_hospital,0.92,agency_rate_below_staff_cost,"Agency premium non-positive (A=$52.46, C=$74.74, M=$-22.28). Customer disclosure required before quoting."
040147,ARKANSAS SURGICAL HOSPITAL,NO LITTLE ROCK,AR,Independent / Unknown,82.45419,82.45419,0.0,hcris_nmrc_agency_per_hospital,0.92,agency_rate_below_staff_cost,"Agency premium non-positive (A=$67.26, C=$82.45, M=$-15.19). Customer disclosure required before quoting."
040154,BAPTIST HEALTH MEDICAL CENTER- CONWAY,CONWAY,AR,Baptist Health,67.888925,67.888925,0.0,hcris_nmrc_agency_per_hospital,0.92,agency_rate_below_staff_cost,"Agency premium non-positive (A=$47.10, C=$67.89, M=$-20.79). Customer disclosure required before quoting."
050006,PROVIDENCE ST JOSEPH HOSPITAL,EUREKA,CA,Providence,116.05304000000001,116.05304000000001,0.0,hcris_nmrc_agency_per_hospital,0.92,agency_rate_below_staff_cost,"Agency premium non-positive (A=$69.24, C=$116.05, M=$-46.81). Customer disclosure required before quoting."
050009,PROVIDENCE QUEEN OF THE VALLEY MEDICAL CENTER,NAPA,CA,Providence,133.6279819230769,133.6279819230769,0.0,hcris_nmrc_agency_per_hospital,0.92,agency_rate_below_staff_cost,"Agency premium non-positive (A=$58.48, C=$133.63, M=$-75.15). Customer disclosure required before quoting."
050013,ADVENTIST HEALTH ST HELENA,SAINT HELENA,CA,Adventist Health,108.71129499999999,108.71129499999999,0.0,hcris_nmrc_agency_per_hospital,0.92,agency_rate_below_staff_cost,"Agency premium non-positive (A=$99.20, C=$108.71, M=$-9.51). Customer disclosure required before quoting."
050024,PARADISE VALLEY HOSPITAL,NATIONAL CITY,CA,Independent / Unknown,80.30780000000001,80.30780000000001,0.0,hcris_nmrc_agency_per_hospital,0.92,agency_rate_below_staff_cost,"Agency premium non-positive (A=$78.89, C=$80.31, M=$-1.42). Customer disclosure required before quoting."
050025,UC SAN DIEGO HEALTH HILLCREST - HILLCREST MED CTR,SAN DIEGO,CA,Independent / Unknown,92.70779999999999,92.70779999999999,0.0,hcris_nmrc_agency_per_hospital,0.92,agency_rate_below_staff_cost,"Agency premium non-positive (A=$71.66, C=$92.71, M=$-21.05). Customer disclosure required before quoting."
050040,LAC/OLIVE VIEW-UCLA MEDICAL CENTER,SYLMAR,CA,UCLA Health,98.68402499999999,98.68402499999999,0.0,hcris_nmrc_agency_per_hospital,0.92,agency_rate_below_staff_cost,"Agency premium non-positive (A=$53.12, C=$98.68, M=$-45.56). Customer disclosure required before quoting."
050042,ST ELIZABETH COMMUNITY HOSPITAL,RED BLUFF,CA,Independent / Unknown,117.143485,117.143485,0.0,hcris_nmrc_agency_per_hospital,0.92,agency_rate_below_staff_cost,"Agency premium non-positive (A=$115.07, C=$117.14, M=$-2.07). Customer disclosure required before quoting."
050045,EL CENTRO REGIONAL MEDICAL CENTER,EL CENTRO,CA,Independent / Unknown,64.499265,64.499265,0.0,hcris_nmrc_agency_per_hospital,0.92,agency_rate_below_staff_cost,"Agency premium non-positive (A=$40.89, C=$64.50, M=$-23.61). Customer disclosure required before quoting."
050069,PROVIDENCE ST. JOSEPH HOSPITAL,ORANGE,CA,Providence,88.34402499999999,88.34402499999999,0.0,hcris_nmrc_agency_per_hospital,0.92,agency_rate_below_staff_cost,"Agency premium non-positive (A=$60.81, C=$88.34, M=$-27.53). Customer disclosure required before quoting."
050073,KAISER FOUNDATION HOSPITAL AND REHAB CENTER,VALLEJO,CA,Kaiser Permanente,145.04647192307695,145.04647192307695,0.0,hcris_nmrc_agency_per_hospital+msp_overlay,0.95,agency_rate_below_staff_cost,"Agency premium non-positive (A=$130.03, C=$145.05, M=$-15.02). Customer disclosure required before quoting."
050078,PROVIDENCE LITTLE CO OF MARY MED CTR SAN PEDRO,SAN PEDRO,CA,Providence,86.364025,86.364025,0.0,hcris_nmrc_agency_per_hospital,0.92,agency_rate_below_staff_cost,"Agency premium non-positive (A=$64.43, C=$86.36, M=$-21.93). Customer disclosure required before quoting."
050102,PARKVIEW COMMUNITY HOSPITAL MEDICAL CENTER,RIVERSIDE,CA,Independent / Unknown,78.25065000000001,78.25065000000001,0.0,hcris_nmrc_agency_per_hospital,0.92,agency_rate_below_staff_cost,"Agency premium non-positive (A=$77.65, C=$78.25, M=$-0.60). Customer disclosure required before quoting."
050112,SANTA MONICA - UCLA MED CTR & ORTHOPAEDIC HOSPITAL,SANTA MONICA,CA,UCLA Health,94.54402499999999,94.54402499999999,0.0,hcris_nmrc_agency_per_hospital,0.92,agency_rate_below_staff_cost,"Agency premium non-positive (A=$81.29, C=$94.54, M=$-13.25). Customer disclosure required before quoting."
050113,SAN MATEO MEDICAL CENTER,SAN MATEO,CA,Independent / Unknown,102.93967500000001,102.93967500000001,0.0,hcris_nmrc_agency_per_hospital,0.92,agency_rate_below_staff_cost,"Agency premium non-positive (A=$94.67, C=$102.94, M=$-8.27). Customer disclosure required before quoting."
050118,DOCTORS HOSPITAL OF MANTECA,MANTECA,CA,Independent / Unknown,86.30369999999999,86.30369999999999,0.0,hcris_nmrc_agency_per_hospital,0.92,agency_rate_below_staff_cost,"Agency premium non-positive (A=$63.95, C=$86.30, M=$-22.35). Customer disclosure required before quoting."
050124,USC VERDUGO HILLS HOSPITAL,GLENDALE,CA,Independent / Unknown,85.634025,85.634025,0.0,hcris_nmrc_agency_per_hospital,0.92,agency_rate_below_staff_cost,"Agency premium non-positive (A=$82.23, C=$85.63, M=$-3.40). Customer disclosure required before quoting."
050132,SAN GABRIEL VALLEY MEDICAL CENTER,SAN GABRIEL,CA,Independent / Unknown,82.634025,82.634025,0.0,hcris_nmrc_agency_per_hospital,0.92,agency_rate_below_staff_cost,"Agency premium non-positive (A=$40.36, C=$82.63, M=$-42.27). Customer disclosure required before quoting."
050133,ADVENTIST HEALTH AND RIDEOUT,MARYSVILLE,CA,Adventist Health,129.243625,129.243625,0.0,hcris_nmrc_agency_per_hospital,0.92,agency_rate_below_staff_cost,"Agency premium non-positive (A=$102.79, C=$129.24, M=$-26.45). Customer disclosure required before quoting."
050136,PETALUMA VALLEY HOSPITAL,PETALUMA,CA,Independent / Unknown,88.515175,88.515175,0.0,hcris_nmrc_agency_per_hospital,0.92,agency_rate_below_staff_cost,"Agency premium non-positive (A=$58.43, C=$88.52, M=$-30.09). Customer disclosure required before quoting."
050152,UCSF HEALTH SAINT FRANCIS HOSPITAL,SAN FRANCISCO,CA,UCSF Health,119.003425,119.003425,0.0,commonspirit_staff_hcris_nmrc_agency,0.95,agency_rate_below_staff_cost,"Agency premium non-positive (A=$98.19, C=$119.00, M=$-20.81). Customer disclosure required before quoting."
050158,ENCINO HOSPITAL MEDICAL CENTER,ENCINO,CA,Independent / Unknown,83.664025,83.664025,0.0,hcris_nmrc_agency_per_hospital,0.92,agency_rate_below_staff_cost,"Agency premium non-positive (A=$72.53, C=$83.66, M=$-11.13). Customer disclosure required before quoting."
050159,VENTURA COUNTY MEDICAL CENTER,VENTURA,CA,Independent / Unknown,100.30526,100.30526,0.0,hcris_nmrc_agency_per_hospital,0.92,agency_rate_below_staff_cost,"Agency premium non-positive (A=$79.81, C=$100.31, M=$-20.50). Customer disclosure required before quoting."
050167,SAN JOAQUIN GENERAL HOSPITAL,FRENCH CAMP,CA,Independent / Unknown,96.35369999999999,96.35369999999999,0.0,hcris_nmrc_agency_per_hospital,0.92,agency_rate_below_staff_cost,"Agency premium non-positive (A=$95.13, C=$96.35, M=$-1.22). Customer disclosure required before quoting."
050168,PROVIDENCE ST. JUDE MEDICAL CENTER,FULLERTON,CA,Providence,90.494025,90.494025,0.0,hcris_nmrc_agency_per_hospital,0.92,agency_rate_below_staff_cost,"Agency premium non-positive (A=$76.83, C=$90.49, M=$-13.66). Customer disclosure required before quoting."
050174,PROVIDENCE SANTA ROSA MEMORIAL HOSPITAL,SANTA ROSA,CA,Providence,86.845175,86.845175,0.0,hcris_nmrc_agency_per_hospital,0.92,agency_rate_below_staff_cost,"Agency premium non-positive (A=$64.81, C=$86.85, M=$-22.04). Customer disclosure required before quoting."
050179,EMANUEL MEDICAL CENTER,TURLOCK,CA,Independent / Unknown,102.14367,102.14367,0.0,hcris_nmrc_agency_per_hospital,0.92,agency_rate_below_staff_cost,"Agency premium non-positive (A=$57.95, C=$102.14, M=$-44.19). Customer disclosure required before quoting."
050197,SEQUOIA HOSPITAL,REDWOOD CITY,CA,Independent / Unknown,119.003425,119.003425,0.0,commonspirit_staff_hcris_nmrc_agency,0.95,agency_rate_below_staff_cost,"Agency premium non-positive (A=$106.91, C=$119.00, M=$-12.09). Customer disclosure required before quoting."
050226,AHMC ANAHEIM REGIONAL MEDICAL CENTER,ANAHEIM,CA,Independent / Unknown,83.93402499999999,83.93402499999999,0.0,hcris_nmrc_agency_per_hospital,0.92,agency_rate_below_staff_cost,"Agency premium non-positive (A=$57.32, C=$83.93, M=$-26.61). Customer disclosure required before quoting."
050228,ZUCKERBERG SAN FRANCISCO GENERAL HOSP & TRAUMA CTR,SAN FRANCISCO,CA,San Francisco DPH,110.65967500000001,110.65967500000001,0.0,hcris_nmrc_agency_per_hospital,0.92,agency_rate_below_staff_cost,"Agency premium non-positive (A=$55.34, C=$110.66, M=$-55.32). Customer disclosure required before quoting."
050230,GARDEN GROVE HOSPITAL & MEDICAL CENTER,GARDEN GROVE,CA,Independent / Unknown,86.724025,86.724025,0.0,hcris_nmrc_agency_per_hospital,0.92,agency_rate_below_staff_cost,"Agency premium non-positive (A=$83.09, C=$86.72, M=$-3.63). Customer disclosure required before quoting."
050231,POMONA VALLEY HOSPITAL MEDICAL CENTER,POMONA,CA,Independent / Unknown,87.804025,87.804025,0.0,hcris_nmrc_agency_per_hospital,0.92,agency_rate_below_staff_cost,"Agency premium non-positive (A=$86.30, C=$87.80, M=$-1.50). Customer disclosure required before quoting."
050235,PROVIDENCE SAINT JOSEPH MEDICAL CTR,BURBANK,CA,Providence,89.95402499999999,89.95402499999999,0.0,hcris_nmrc_agency_per_hospital,0.92,agency_rate_below_staff_cost,"Agency premium non-positive (A=$65.95, C=$89.95, M=$-24.00). Customer disclosure required before quoting."
050245,ARROWHEAD REGIONAL MEDICAL CENTER,COLTON,CA,Independent / Unknown,86.80064999999999,86.80064999999999,0.0,hcris_nmrc_agency_per_hospital,0.92,agency_rate_below_staff_cost,"Agency premium non-positive (A=$85.99, C=$86.80, M=$-0.81). Customer disclosure required before quoting."
050254,MARSHALL MEDICAL CENTER,PLACERVILLE,CA,Independent / Unknown,104.90892500000001,104.90892500000001,0.0,hcris_nmrc_agency_per_hospital,0.92,agency_rate_below_staff_cost,"Agency premium non-positive (A=$103.09, C=$104.91, M=$-1.82). Customer disclosure required before quoting."
050262,RONALD REAGAN UCLA MEDICAL CENTER,LOS ANGELES,CA,UCLA Health,93.18402499999999,93.18402499999999,0.0,hcris_nmrc_agency_per_hospital,0.92,agency_rate_below_staff_cost,"Agency premium non-positive (A=$84.19, C=$93.18, M=$-8.99). Customer disclosure required before quoting."
050276,CONTRA COSTA REGIONAL MEDICAL CENTER,MARTINEZ,CA,Independent / Unknown,112.30967500000001,112.30967500000001,0.0,hcris_nmrc_agency_per_hospital,0.92,agency_rate_below_staff_cost,"Agency premium non-positive (A=$96.87, C=$112.31, M=$-15.44). Customer disclosure required before quoting."
050278,PROVIDENCE HOLY CROSS MEDICAL CENTER,MISSION HILLS,CA,Providence,106.086505,106.086505,0.0,hcris_nmrc_agency_per_hospital,0.92,agency_rate_below_staff_cost,"Agency premium non-positive (A=$59.95, C=$106.09, M=$-46.14). Customer disclosure required before quoting."
050279,HI-DESERT MEDICAL CENTER,JOSHUA TREE,CA,Independent / Unknown,81.25065000000001,81.25065000000001,0.0,hcris_nmrc_agency_per_hospital,0.92,agency_rate_below_staff_cost,"Agency premium non-positive (A=$75.60, C=$81.25, M=$-5.65). Customer disclosure required before quoting."
050281,ALHAMBRA HOSPITAL MEDICAL CENTER,ALHAMBRA,CA,Independent / Unknown,81.834025,81.834025,0.0,hcris_nmrc_agency_per_hospital,0.92,agency_rate_below_staff_cost,"Agency premium non-positive (A=$70.81, C=$81.83, M=$-11.02). Customer disclosure required before quoting."
050289,AHMC SETON MEDICAL CENTER,DALY CITY,CA,Independent / Unknown,105.509675,105.509675,0.0,hcris_nmrc_agency_per_hospital,0.92,agency_rate_below_staff_cost,"Agency premium non-positive (A=$88.93, C=$105.51, M=$-16.58). Customer disclosure required before quoting."
050290,SAINT JOHN'S HEALTH CENTER,SANTA MONICA,CA,Independent / Unknown,86.21402499999999,86.21402499999999,0.0,hcris_nmrc_agency_per_hospital,0.92,agency_rate_below_staff_cost,"Agency premium non-positive (A=$61.58, C=$86.21, M=$-24.63). Customer disclosure required before quoting."
050298,BARSTOW COMMUNITY HOSPITAL,BARSTOW,CA,Independent / Unknown,78.88065,78.88065,0.0,hcris_nmrc_agency_per_hospital,0.92,agency_rate_below_staff_cost,"Agency premium non-positive (A=$71.22, C=$78.88, M=$-7.66). Customer disclosure required before quoting."
050300,PROVIDENCE ST MARY MEDICAL CENTER,APPLE VALLEY,CA,Providence,84.49065000000002,84.49065000000002,0.0,hcris_nmrc_agency_per_hospital,0.92,agency_rate_below_staff_cost,"Agency premium non-positive (A=$64.93, C=$84.49, M=$-19.56). Customer disclosure required before quoting."
050301,ADVENTIST HEALTH UKIAH VALLEY,UKIAH,CA,Adventist Health,103.8858,103.8858,0.0,hcris_nmrc_agency_per_hospital,0.92,agency_rate_below_staff_cost,"Agency premium non-positive (A=$97.56, C=$103.89, M=$-6.33). Customer disclosure required before quoting."
050334,SALINAS VALLEY MEMORIAL HOSPITAL,SALINAS,CA,Independent / Unknown,109.65915,109.65915,0.0,hcris_nmrc_agency_per_hospital,0.92,agency_rate_below_staff_cost,"Agency premium non-positive (A=$79.16, C=$109.66, M=$-30.50). Customer disclosure required before quoting."
050353,PROVIDENCE LITTLE COMPANY OF MARY MED CTR TORRANCE,TORRANCE,CA,Providence,90.024025,90.024025,0.0,hcris_nmrc_agency_per_hospital,0.92,agency_rate_below_staff_cost,"Agency premium non-positive (A=$61.32, C=$90.02, M=$-28.70). Customer disclosure required before quoting."
050360,MARINHEALTH MEDICAL CENTER,GREENBRAE,CA,Independent / Unknown,105.82967500000001,105.82967500000001,0.0,hcris_nmrc_agency_per_hospital,0.92,agency_rate_below_staff_cost,"Agency premium non-positive (A=$76.97, C=$105.83, M=$-28.86). Customer disclosure required before quoting."
050367,NORTHBAY MEDICAL CENTER,FAIRFIELD,CA,Independent / Unknown,129.151645,129.151645,0.0,hcris_nmrc_agency_per_hospital,0.92,agency_rate_below_staff_cost,"Agency premium non-positive (A=$72.15, C=$129.15, M=$-57.00). Customer disclosure required before quoting."
050373,LOS ANGELES GENERAL MEDICAL CENTER,LOS ANGELES,CA,Independent / Unknown,102.924025,102.924025,0.0,hcris_nmrc_agency_per_hospital,0.92,agency_rate_below_staff_cost,"Agency premium non-positive (A=$84.67, C=$102.92, M=$-18.25). Customer disclosure required before quoting."
050376,LAC/HARBOR-UCLA MED CENTER,TORRANCE,CA,UCLA Health,135.85146,135.85146,0.0,hcris_nmrc_agency_per_hospital,0.92,agency_rate_below_staff_cost,"Agency premium non-positive (A=$98.41, C=$135.85, M=$-37.44). Customer disclosure required before quoting."
050396,SANTA BARBARA COTTAGE HOSPITAL,SANTA BARBARA,CA,Independent / Unknown,105.62568,105.62568,0.0,hcris_nmrc_agency_per_hospital,0.92,agency_rate_below_staff_cost,"Agency premium non-positive (A=$104.38, C=$105.63, M=$-1.25). Customer disclosure required before quoting."
050438,HUNTINGTON HOSPITAL,PASADENA,CA,Independent / Unknown,102.97918000000001,102.97918000000001,0.0,hcris_nmrc_agency_per_hospital,0.92,agency_rate_below_staff_cost,"Agency premium non-positive (A=$97.26, C=$102.98, M=$-5.72). Customer disclosure required before quoting."
050441,STANFORD HEALTH CARE,STANFORD,CA,Stanford Health,111.58169,111.58169,0.0,hcris_nmrc_agency_per_hospital,0.92,agency_rate_below_staff_cost,"Agency premium non-positive (A=$106.28, C=$111.58, M=$-5.30). Customer disclosure required before quoting."
050454,UCSF MEDICAL CENTER,SAN FRANCISCO,CA,UCSF Health,158.40415692307693,158.40415692307693,0.0,hcris_nmrc_agency_per_hospital,0.92,agency_rate_below_staff_cost,"Agency premium non-positive (A=$104.89, C=$158.40, M=$-53.51). Customer disclosure required before quoting."
050457,UCSF HEALTH ST. MARY'S HOSPITAL,SAN FRANCISCO,CA,UCSF Health,105.08967500000001,105.08967500000001,0.0,hcris_nmrc_agency_per_hospital,0.92,agency_rate_below_staff_cost,"Agency premium non-positive (A=$104.07, C=$105.09, M=$-1.02). Customer disclosure required before quoting."
050464,DOCTORS MEDICAL CENTER,MODESTO,CA,Independent / Unknown,116.98156,116.98156,0.0,hcris_nmrc_agency_per_hospital,0.92,agency_rate_below_staff_cost,"Agency premium non-positive (A=$65.73, C=$116.98, M=$-51.25). Customer disclosure required before quoting."
050485,MEMORIALCARE LONG BEACH MEDICAL CENTER,LONG BEACH,CA,Independent / Unknown,85.524025,85.524025,0.0,hcris_nmrc_agency_per_hospital,0.92,agency_rate_below_staff_cost,"Agency premium non-positive (A=$67.84, C=$85.52, M=$-17.68). Customer disclosure required before quoting."
050496,JOHN MUIR MEDICAL CENTER - CONCORD CAMPUS,CONCORD,CA,Independent / Unknown,103.99967500000001,103.99967500000001,0.0,hcris_nmrc_agency_per_hospital,0.92,agency_rate_below_staff_cost,"Agency premium non-positive (A=$93.35, C=$104.00, M=$-10.65). Customer disclosure required before quoting."
050506,ADVENTIST HEALTH SIERRA VISTA,SAN LUIS OBISPO,CA,Adventist Health,121.51489000000001,121.51489000000001,0.0,hcris_nmrc_agency_per_hospital,0.92,agency_rate_below_staff_cost,"Agency premium non-positive (A=$99.45, C=$121.51, M=$-22.06). Customer disclosure required before quoting."
050534,JOHN F KENNEDY MEMORIAL HOSPITAL,INDIO,CA,Independent / Unknown,84.87065000000001,84.87065000000001,0.0,hcris_nmrc_agency_per_hospital,0.92,agency_rate_below_staff_cost,"Agency premium non-positive (A=$69.38, C=$84.87, M=$-15.49). Customer disclosure required before quoting."
050543,COLLEGE HOSPITAL COSTA MESA,COSTA MESA,CA,Independent / Unknown,83.994025,83.994025,0.0,hcris_nmrc_agency_per_hospital,0.92,agency_rate_below_staff_cost,"Agency premium non-positive (A=$82.99, C=$83.99, M=$-1.00). Customer disclosure required before quoting."
050549,LOS ROBLES HOSPITAL & MEDICAL CENTER,THOUSAND OAKS,CA,Independent / Unknown,127.049415,127.049415,0.0,hcris_nmrc_agency_per_hospital,0.92,agency_rate_below_staff_cost,"Agency premium non-positive (A=$83.63, C=$127.05, M=$-43.42). Customer disclosure required before quoting."
050567,PROVIDENCE MISSION HOSPITAL,MISSION VIEJO,CA,Providence,89.554025,89.554025,0.0,hcris_nmrc_agency_per_hospital,0.92,agency_rate_below_staff_cost,"Agency premium non-positive (A=$63.82, C=$89.55, M=$-25.73). Customer disclosure required before quoting."
050603,MEMORIALCARE SADDLEBACK MEDICAL CENTER,LAGUNA HILLS,CA,Independent / Unknown,86.924025,86.924025,0.0,hcris_nmrc_agency_per_hospital,0.92,agency_rate_below_staff_cost,"Agency premium non-positive (A=$86.69, C=$86.92, M=$-0.23). Customer disclosure required before quoting."
050633,ADVENTIST HEALTH TWIN CITIES,TEMPLETON,CA,Adventist Health,111.89983,111.89983,0.0,hcris_nmrc_agency_per_hospital,0.92,agency_rate_below_staff_cost,"Agency premium non-positive (A=$109.26, C=$111.90, M=$-2.64). Customer disclosure required before quoting."
050668,LAGUNA HONDA HOSPITAL & REHABILITATION CENTER,SAN FRANCISCO,CA,Independent / Unknown,99.209675,99.209675,0.0,hcris_nmrc_agency_per_hospital,0.92,agency_rate_below_staff_cost,"Agency premium non-positive (A=$83.47, C=$99.21, M=$-15.74). Customer disclosure required before quoting."
050678,MEMORIALCARE ORANGE COAST MEDICAL CENTER,FOUNTAIN VALLEY,CA,Independent / Unknown,86.65402499999999,86.65402499999999,0.0,hcris_nmrc_agency_per_hospital,0.92,agency_rate_below_staff_cost,"Agency premium non-positive (A=$82.40, C=$86.65, M=$-4.25). Customer disclosure required before quoting."
050689,SAN RAMON REGIONAL MEDICAL CENTER,SAN RAMON,CA,Independent / Unknown,102.879675,102.879675,0.0,hcris_nmrc_agency_per_hospital,0.92,agency_rate_below_staff_cost,"Agency premium non-positive (A=$74.28, C=$102.88, M=$-28.60). Customer disclosure required before quoting."
050717,LAC/RANCHO LOS AMIGOS NATIONAL REHABILITATION  CTR,DOWNEY,CA,Independent / Unknown,102.474025,102.474025,0.0,hcris_nmrc_agency_per_hospital,0.92,agency_rate_below_staff_cost,"Agency premium non-positive (A=$61.92, C=$102.47, M=$-40.55). Customer disclosure required before quoting."
050735,WHITTIER HOSPITAL MEDICAL CENTER,WHITTIER,CA,Independent / Unknown,82.694025,82.694025,0.0,hcris_nmrc_agency_per_hospital,0.92,agency_rate_below_staff_cost,"Agency premium non-positive (A=$50.57, C=$82.69, M=$-32.12). Customer disclosure required before quoting."
050736,MONTEREY PARK HOSPITAL,MONTEREY PARK,CA,Independent / Unknown,83.68402499999999,83.68402499999999,0.0,hcris_nmrc_agency_per_hospital,0.92,agency_rate_below_staff_cost,"Agency premium non-positive (A=$56.01, C=$83.68, M=$-27.67). Customer disclosure required before quoting."
050737,GARFIELD MEDICAL CENTER,MONTEREY PARK,CA,Independent / Unknown,83.68402499999999,83.68402499999999,0.0,hcris_nmrc_agency_per_hospital,0.92,agency_rate_below_staff_cost,"Agency premium non-positive (A=$48.98, C=$83.68, M=$-34.70). Customer disclosure required before quoting."
050738,GREATER EL MONTE COMMUNITY HOSPITAL,SOUTH EL MONTE,CA,Independent / Unknown,82.21402499999999,82.21402499999999,0.0,hcris_nmrc_agency_per_hospital,0.92,agency_rate_below_staff_cost,"Agency premium non-positive (A=$64.44, C=$82.21, M=$-17.77). Customer disclosure required before quoting."
050740,CEDAR-SINAI MARINA DEL REY HOSPITAL,MARINA DEL REY,CA,Independent / Unknown,85.28402499999999,85.28402499999999,0.0,hcris_nmrc_agency_per_hospital,0.92,agency_rate_below_staff_cost,"Agency premium non-positive (A=$68.66, C=$85.28, M=$-16.62). Customer disclosure required before quoting."
050755,SHERMAN OAKS HOSPITAL,SHERMAN OAKS,CA,Independent / Unknown,82.03402499999999,82.03402499999999,0.0,hcris_nmrc_agency_per_hospital,0.92,agency_rate_below_staff_cost,"Agency premium non-positive (A=$51.32, C=$82.03, M=$-30.71). Customer disclosure required before quoting."
050761,PROVIDENCE CEDARS SINAI TARZANA MEDICAL CENTER,TARZANA,CA,Providence,90.03402499999999,90.03402499999999,0.0,hcris_nmrc_agency_per_hospital,0.92,agency_rate_below_staff_cost,"Agency premium non-positive (A=$64.72, C=$90.03, M=$-25.31). Customer disclosure required before quoting."
050767,KAISER FOUNDATION HOSPITAL - VACAVILLE,VACAVILLE,CA,Kaiser Permanente,160.93058192307691,160.93058192307691,0.0,hcris_nmrc_agency_per_hospital+msp_overlay,0.95,agency_rate_below_staff_cost,"Agency premium non-positive (A=$130.74, C=$160.93, M=$-30.19). Customer disclosure required before quoting."
050776,COLLEGE MEDICAL CENTER,LONG BEACH,CA,Independent / Unknown,84.43402499999999,84.43402499999999,0.0,hcris_nmrc_agency_per_hospital,0.92,agency_rate_below_staff_cost,"Agency premium non-positive (A=$68.44, C=$84.43, M=$-15.99). Customer disclosure required before quoting."
050782,CASA COLINA HOSPITAL,POMONA,CA,Independent / Unknown,81.03402499999999,81.03402499999999,0.0,hcris_nmrc_agency_per_hospital,0.92,agency_rate_below_staff_cost,"Agency premium non-positive (A=$42.14, C=$81.03, M=$-38.89). Customer disclosure required before quoting."
060003,LONGMONT UNITED HOSPITAL,LONGMONT,CO,Independent / Unknown,67.71303499999999,67.71303499999999,0.0,commonspirit_staff_hcris_nmrc_agency,0.95,agency_rate_below_staff_cost,"Agency premium non-positive (A=$64.20, C=$67.71, M=$-3.51). Customer disclosure required before quoting."
060008,SAN LUIS VALLEY REGIONAL  MEDICAL CENTER,ALAMOSA,CO,Independent / Unknown,76.192345,76.192345,0.0,hcris_nmrc_agency_per_hospital,0.92,agency_rate_below_staff_cost,"Agency premium non-positive (A=$66.00, C=$76.19, M=$-10.19). Customer disclosure required before quoting."
060014,HCA HEALTHONE PRESBYTERIAN ST LUKE'S,DENVER,CO,HCA,59.6443,59.6443,0.0,hcris_nmrc_agency_per_hospital,0.92,agency_rate_below_staff_cost,"Agency premium non-positive (A=$40.80, C=$59.64, M=$-18.84). Customer disclosure required before quoting."
060022,UCH-MEMORIAL HEALTH SYSTEM,COLORADO SPRINGS,CO,Independent / Unknown,84.067965,84.067965,0.0,hcris_nmrc_agency_per_hospital,0.92,agency_rate_below_staff_cost,"Agency premium non-positive (A=$56.86, C=$84.07, M=$-27.21). Customer disclosure required before quoting."
060027,BOULDER COMMUNITY HEALTH,BOULDER,CO,Independent / Unknown,108.583645,108.583645,0.0,hcris_nmrc_agency_per_hospital,0.92,agency_rate_below_staff_cost,"Agency premium non-positive (A=$101.62, C=$108.58, M=$-6.96). Customer disclosure required before quoting."
060032,HCA HEALTHONE ROSE,DENVER,CO,HCA,59.61430000000001,59.61430000000001,0.0,hcris_nmrc_agency_per_hospital,0.92,agency_rate_below_staff_cost,"Agency premium non-positive (A=$50.08, C=$59.61, M=$-9.53). Customer disclosure required before quoting."
060049,UCHEALTH YAMPA VALLEY MEDICAL CENTER,STEAMBOAT SPRINGS,CO,Independent / Unknown,93.25389999999999,93.25389999999999,0.0,hcris_nmrc_agency_per_hospital,0.92,agency_rate_below_staff_cost,"Agency premium non-positive (A=$92.36, C=$93.25, M=$-0.89). Customer disclosure required before quoting."
060075,VALLEY VIEW HOSPITAL ASSOCIATION,GLENWOOD SPRINGS,CO,Independent / Unknown,89.99751,89.99751,0.0,hcris_nmrc_agency_per_hospital,0.92,agency_rate_below_staff_cost,"Agency premium non-positive (A=$83.39, C=$90.00, M=$-6.61). Customer disclosure required before quoting."
060096,VAIL HEALTH HOSPITAL,VAIL,CO,Independent / Unknown,98.69022999999999,98.69022999999999,0.0,hcris_nmrc_agency_per_hospital,0.92,agency_rate_below_staff_cost,"Agency premium non-positive (A=$97.39, C=$98.69, M=$-1.30). Customer disclosure required before quoting."
060131,UCHEALTH GREELEY HOSPITAL,GREELEY,CO,Independent / Unknown,83.031085,83.031085,0.0,hcris_nmrc_agency_per_hospital,0.92,agency_rate_below_staff_cost,"Agency premium non-positive (A=$79.13, C=$83.03, M=$-3.90). Customer disclosure required before quoting."
060133,ST FRANCIS HOSPITAL - INTERQUEST,COLORADO SPRINGS,CO,Independent / Unknown,115.73212,115.73212,0.0,hcris_nmrc_agency_only,0.85,agency_rate_below_staff_cost,"Agency premium non-positive (A=$88.79, C=$115.73, M=$-26.94). Customer disclosure required before quoting."
070002,ST FRANCIS HOSPITAL & MEDICAL CENTER,HARTFORD,CT,Independent / Unknown,83.93793,83.93793,0.0,hcris_nmrc_agency_per_hospital,0.92,agency_rate_below_staff_cost,"Agency premium non-positive (A=$59.20, C=$83.94, M=$-24.74). Customer disclosure required before quoting."
070005,WATERBURY HOSPITAL,WATERBURY,CT,Independent / Unknown,81.62474,81.62474,0.0,hcris_nmrc_agency_per_hospital,0.92,agency_rate_below_staff_cost,"Agency premium non-positive (A=$51.51, C=$81.62, M=$-30.11). Customer disclosure required before quoting."
070006,STAMFORD HOSPITAL,STAMFORD,CT,Independent / Unknown,139.91700192307692,139.91700192307692,0.0,hcris_nmrc_agency_per_hospital,0.92,agency_rate_below_staff_cost,"Agency premium non-positive (A=$110.77, C=$139.92, M=$-29.15). Customer disclosure required before quoting."
070016,SAINT MARY'S HOSPITAL,WATERBURY,CT,Independent / Unknown,84.27628999999999,84.27628999999999,0.0,hcris_nmrc_agency_per_hospital,0.92,agency_rate_below_staff_cost,"Agency premium non-positive (A=$74.55, C=$84.28, M=$-9.73). Customer disclosure required before quoting."
070017,MIDSTATE MEDICAL CENTER,MERIDEN,CT,Independent / Unknown,80.76382,80.76382,0.0,hcris_nmrc_agency_per_hospital,0.92,agency_rate_below_staff_cost,"Agency premium non-positive (A=$61.38, C=$80.76, M=$-19.38). Customer disclosure required before quoting."
070018,GREENWICH HOSPITAL ASSOCIATION -,GREENWICH,CT,Independent / Unknown,106.43038000000001,106.43038000000001,0.0,hcris_nmrc_agency_per_hospital,0.92,agency_rate_below_staff_cost,"Agency premium non-positive (A=$94.59, C=$106.43, M=$-11.84). Customer disclosure required before quoting."
070020,MIDDLESEX HOSPITAL,MIDDLETOWN,CT,Independent / Unknown,87.39593500000001,87.39593500000001,0.0,hcris_nmrc_agency_per_hospital,0.92,agency_rate_below_staff_cost,"Agency premium non-positive (A=$74.59, C=$87.40, M=$-12.81). Customer disclosure required before quoting."
070025,HARTFORD HOSPITAL,HARTFORD,CT,Independent / Unknown,84.15282499999999,84.15282499999999,0.0,hcris_nmrc_agency_per_hospital,0.92,agency_rate_below_staff_cost,"Agency premium non-positive (A=$68.01, C=$84.15, M=$-16.14). Customer disclosure required before quoting."
070036,JOHN DEMPSEY HOSPITAL OF THE UNIVERSITY OF CONNECT,FARMINGTON,CT,Independent / Unknown,110.03339500000001,110.03339500000001,0.0,hcris_nmrc_agency_per_hospital,0.92,agency_rate_below_staff_cost,"Agency premium non-positive (A=$88.34, C=$110.03, M=$-21.69). Customer disclosure required before quoting."
090001,GEORGE WASHINGTON UNIV HOSPITAL,WASHINGTON,DC,Independent / Unknown,63.460300000000004,63.460300000000004,0.0,hcris_nmrc_agency_per_hospital,0.92,agency_rate_below_staff_cost,"Agency premium non-positive (A=$52.53, C=$63.46, M=$-10.93). Customer disclosure required before quoting."
100025,SACRED HEART HOSPITAL,PENSACOLA,FL,Independent / Unknown,83.78473,83.78473,0.0,hcris_nmrc_agency_per_hospital,0.92,agency_rate_below_staff_cost,"Agency premium non-positive (A=$42.07, C=$83.78, M=$-41.71). Customer disclosure required before quoting."
100026,ASCENSION SACRED HEART BAY,PANAMA CITY,FL,Ascension,75.99382499999999,75.99382499999999,0.0,hcris_nmrc_agency_per_hospital,0.92,agency_rate_below_staff_cost,"Agency premium non-positive (A=$45.33, C=$75.99, M=$-30.66). Customer disclosure required before quoting."
100044,CLEVELAND CLINIC MARTIN NORTH HOSPITAL,STUART,FL,Cleveland Clinic,72.066675,72.066675,0.0,hcris_nmrc_agency_per_hospital,0.92,agency_rate_below_staff_cost,"Agency premium non-positive (A=$62.05, C=$72.07, M=$-10.02). Customer disclosure required before quoting."
100045,ADVENTHEALTH DELAND,DELAND,FL,AdventHealth,70.506295,70.506295,0.0,hcris_nmrc_agency_per_hospital,0.92,agency_rate_below_staff_cost,"Agency premium non-positive (A=$69.44, C=$70.51, M=$-1.07). Customer disclosure required before quoting."
100049,HCA FLORIDA HIGHLANDS HOSPITAL,SEBRING,FL,HCA,73.10045000000001,73.10045000000001,0.0,hcris_nmrc_agency_per_hospital,0.92,agency_rate_below_staff_cost,"Agency premium non-positive (A=$41.95, C=$73.10, M=$-31.15). Customer disclosure required before quoting."
100062,ADVENTHEALTH OCALA,OCALA,FL,AdventHealth,75.74475500000001,75.74475500000001,0.0,hcris_nmrc_agency_per_hospital,0.92,agency_rate_below_staff_cost,"Agency premium non-positive (A=$60.18, C=$75.74, M=$-15.56). Customer disclosure required before quoting."
100068,ADVENTHEALTH DAYTONA BEACH,DAYTONA BEACH,FL,AdventHealth,72.937715,72.937715,0.0,hcris_nmrc_agency_per_hospital,0.92,agency_rate_below_staff_cost,"Agency premium non-positive (A=$70.03, C=$72.94, M=$-2.91). Customer disclosure required before quoting."
100072,ADVENTHEALTH FISH MEMORIAL,ORANGE CITY,FL,AdventHealth,71.857605,71.857605,0.0,hcris_nmrc_agency_per_hospital,0.92,agency_rate_below_staff_cost,"Agency premium non-positive (A=$68.63, C=$71.86, M=$-3.23). Customer disclosure required before quoting."
100073,HOLY CROSS HOSPITAL,FT LAUDERDALE,FL,Independent / Unknown,49.57294999999999,49.57294999999999,0.0,hcris_nmrc_agency_per_hospital,0.92,agency_rate_below_staff_cost,"Agency premium non-positive (A=$41.09, C=$49.57, M=$-8.48). Customer disclosure required before quoting."
100080,HCA FLORIDA JFK HOSPITAL,ATLANTIS,FL,HCA,53.01295,53.01295,0.0,hcris_nmrc_agency_per_hospital,0.92,agency_rate_below_staff_cost,"Agency premium non-positive (A=$36.88, C=$53.01, M=$-16.13). Customer disclosure required before quoting."
100105,CLEVELAND CLINIC INDIAN RIVER HOSPITAL,VERO BEACH,FL,Cleveland Clinic,91.65781999999999,91.65781999999999,0.0,hcris_nmrc_agency_per_hospital,0.92,agency_rate_below_staff_cost,"Agency premium non-positive (A=$68.10, C=$91.66, M=$-23.56). Customer disclosure required before quoting."
100109,ADVENTHEALTH SEBRING,SEBRING,FL,AdventHealth,74.53885,74.53885,0.0,hcris_nmrc_agency_per_hospital,0.92,agency_rate_below_staff_cost,"Agency premium non-positive (A=$66.72, C=$74.54, M=$-7.82). Customer disclosure required before quoting."
100113,UF HEALTH SHANDS HOSPITAL,GAINESVILLE,FL,Independent / Unknown,71.05887,71.05887,0.0,hcris_nmrc_agency_per_hospital,0.92,agency_rate_below_staff_cost,"Agency premium non-positive (A=$41.90, C=$71.06, M=$-29.16). Customer disclosure required before quoting."
100118,ADVENTHEALTH PALM COAST,PALM COAST,FL,AdventHealth,103.008575,103.008575,0.0,hcris_nmrc_agency_per_hospital,0.92,agency_rate_below_staff_cost,"Agency premium non-positive (A=$92.43, C=$103.01, M=$-10.58). Customer disclosure required before quoting."
100122,NORTH OKALOOSA MEDICAL CENTER,CRESTVIEW,FL,Independent / Unknown,64.199315,64.199315,0.0,hcris_nmrc_agency_per_hospital,0.92,agency_rate_below_staff_cost,"Agency premium non-positive (A=$40.87, C=$64.20, M=$-23.33). Customer disclosure required before quoting."
100137,ADVENTHEALTH HEART OF FLORIDA,DAVENPORT,FL,AdventHealth,84.30440999999999,84.30440999999999,0.0,hcris_nmrc_agency_per_hospital,0.92,agency_rate_below_staff_cost,"Agency premium non-positive (A=$63.01, C=$84.30, M=$-21.29). Customer disclosure required before quoting."
100150,LOWER KEYS MEDICAL CENTER,KEY WEST,FL,Independent / Unknown,77.89562500000001,77.89562500000001,0.0,hcris_nmrc_agency_per_hospital,0.92,agency_rate_below_staff_cost,"Agency premium non-positive (A=$38.06, C=$77.90, M=$-39.84). Customer disclosure required before quoting."
100173,ADVENTHEALTH TAMPA,TAMPA,FL,AdventHealth,53.582074999999996,53.582074999999996,0.0,hcris_nmrc_agency_per_hospital,0.92,agency_rate_below_staff_cost,"Agency premium non-positive (A=$45.97, C=$53.58, M=$-7.61). Customer disclosure required before quoting."
100191,HCA FLORIDA TRINITY HOSPITAL,TRINITY,FL,HCA,54.772074999999994,54.772074999999994,0.0,hcris_nmrc_agency_per_hospital,0.92,agency_rate_below_staff_cost,"Agency premium non-positive (A=$50.09, C=$54.77, M=$-4.68). Customer disclosure required before quoting."
100204,HCA FLORIDA NORTH FLORIDA HOSPITAL,GAINESVILLE,FL,HCA,69.01308,69.01308,0.0,hcris_nmrc_agency_per_hospital,0.92,agency_rate_below_staff_cost,"Agency premium non-positive (A=$39.46, C=$69.01, M=$-29.55). Customer disclosure required before quoting."
100212,MARION COMMUNTIY HOSPITAL,OCALA,FL,Independent / Unknown,72.25881000000001,72.25881000000001,0.0,hcris_nmrc_agency_per_hospital,0.92,agency_rate_below_staff_cost,"Agency premium non-positive (A=$41.95, C=$72.26, M=$-30.31). Customer disclosure required before quoting."
100217,ORLANDO HEALTH SEBASTIAN RIVER HOSPITAL,SEBASTIAN,FL,Orlando Health,193.70175,193.70175,0.0,hcris_derived_with_state_agency,0.85,agency_rate_below_staff_cost,"Agency premium non-positive (A=$92.45, C=$193.70, M=$-101.25). Customer disclosure required before quoting."
100230,MEMORIAL HOSPITAL PEMBROKE,PEMBROKE PINES,FL,Independent / Unknown,50.54294999999999,50.54294999999999,0.0,hcris_nmrc_agency_per_hospital,0.92,agency_rate_below_staff_cost,"Agency premium non-positive (A=$35.29, C=$50.54, M=$-15.25). Customer disclosure required before quoting."
100231,HCA FLORIDA WEST HOSPITAL,PENSACOLA,FL,HCA,70.626245,70.626245,0.0,hcris_nmrc_agency_per_hospital,0.92,agency_rate_below_staff_cost,"Agency premium non-positive (A=$40.89, C=$70.63, M=$-29.74). Customer disclosure required before quoting."
100238,HCA FLORIDA NORTHSIDE HOSPITAL,SAINT PETERSBURG,FL,HCA,53.612075,53.612075,0.0,hcris_nmrc_agency_per_hospital,0.92,agency_rate_below_staff_cost,"Agency premium non-positive (A=$40.18, C=$53.61, M=$-13.43). Customer disclosure required before quoting."
100254,HCA FLORIDA CAPITAL HOSPITAL,TALLAHASSEE,FL,HCA,68.444005,68.444005,0.0,hcris_nmrc_agency_per_hospital,0.92,agency_rate_below_staff_cost,"Agency premium non-positive (A=$39.35, C=$68.44, M=$-29.09). Customer disclosure required before quoting."
100260,ST LUCIE MEDICAL CENTER,PORT SAINT LUCIE,FL,Independent / Unknown,72.882255,72.882255,0.0,hcris_nmrc_agency_per_hospital,0.92,agency_rate_below_staff_cost,"Agency premium non-positive (A=$67.77, C=$72.88, M=$-5.11). Customer disclosure required before quoting."
100284,KERALTY HOSPITAL,MIAMI,FL,Independent / Unknown,47.64294999999999,47.64294999999999,0.0,hcris_nmrc_agency_per_hospital,0.92,agency_rate_below_staff_cost,"Agency premium non-positive (A=$47.08, C=$47.64, M=$-0.56). Customer disclosure required before quoting."
100285,MEMORIAL HOSPITAL MIRAMAR,MIRAMAR,FL,Independent / Unknown,51.702949999999994,51.702949999999994,0.0,hcris_nmrc_agency_per_hospital,0.92,agency_rate_below_staff_cost,"Agency premium non-positive (A=$35.87, C=$51.70, M=$-15.83). Customer disclosure required before quoting."
100287,GOOD SAMARITAN MEDICAL CENTER,WEST PALM BEACH,FL,Independent / Unknown,50.97295,50.97295,0.0,hcris_nmrc_agency_per_hospital,0.92,agency_rate_below_staff_cost,"Agency premium non-positive (A=$32.43, C=$50.97, M=$-18.54). Customer disclosure required before quoting."
100288,ST MARY'S MEDICAL CENTER,WEST PALM BEACH,FL,Independent / Unknown,51.482949999999995,51.482949999999995,0.0,hcris_nmrc_agency_per_hospital,0.92,agency_rate_below_staff_cost,"Agency premium non-positive (A=$48.21, C=$51.48, M=$-3.27). Customer disclosure required before quoting."
100292,SACRED HEART HOSPITAL ON THE EMERALD COAST,MIRAMAR BEACH,FL,Independent / Unknown,78.338465,78.338465,0.0,hcris_nmrc_agency_per_hospital,0.92,agency_rate_below_staff_cost,"Agency premium non-positive (A=$39.23, C=$78.34, M=$-39.11). Customer disclosure required before quoting."
100299,LAKEWOOD RANCH MEDICAL CENTER,BRADENTON,FL,Independent / Unknown,73.754485,73.754485,0.0,hcris_nmrc_agency_per_hospital,0.92,agency_rate_below_staff_cost,"Agency premium non-positive (A=$63.52, C=$73.75, M=$-10.23). Customer disclosure required before quoting."
100313,ASCENSION SACRED HEART GULF,PORT SAINT JOE,FL,Ascension,79.375235,79.375235,0.0,hcris_nmrc_agency_per_hospital,0.92,agency_rate_below_staff_cost,"Agency premium non-positive (A=$68.43, C=$79.38, M=$-10.95). Customer disclosure required before quoting."
110002,UPSON REGIONAL MEDICAL CENTER,THOMASTON,GA,Independent / Unknown,66.10799499999999,66.10799499999999,0.0,hcris_nmrc_agency_per_hospital,0.92,agency_rate_below_staff_cost,"Agency premium non-positive (A=$58.68, C=$66.11, M=$-7.43). Customer disclosure required before quoting."
110006,ST MARY'S HOSPITAL,ATHENS,GA,Independent / Unknown,71.80406,71.80406,0.0,hcris_nmrc_agency_per_hospital,0.92,agency_rate_below_staff_cost,"Agency premium non-positive (A=$69.52, C=$71.80, M=$-2.28). Customer disclosure required before quoting."
110007,PHOEBE PUTNEY MEMORIAL HOSPITAL,ALBANY,GA,Independent / Unknown,67.806475,67.806475,0.0,hcris_nmrc_agency_per_hospital,0.92,agency_rate_below_staff_cost,"Agency premium non-positive (A=$60.38, C=$67.81, M=$-7.43). Customer disclosure required before quoting."
110023,ADVENTHEALTH GORDON,CALHOUN,GA,AdventHealth,112.67395499999999,112.67395499999999,0.0,hcris_nmrc_agency_per_hospital,0.92,agency_rate_below_staff_cost,"Agency premium non-positive (A=$71.50, C=$112.67, M=$-41.17). Customer disclosure required before quoting."
110024,CANDLER HOSPITAL,SAVANNAH,GA,Independent / Unknown,67.09952,67.09952,0.0,hcris_nmrc_agency_per_hospital,0.92,agency_rate_below_staff_cost,"Agency premium non-positive (A=$61.93, C=$67.10, M=$-5.17). Customer disclosure required before quoting."
110025,SOUTHEAST GEORGIA HEALTH SYSTEM- BRUNSWICK CAMPUS,BRUNSWICK,GA,Independent / Unknown,76.45487,76.45487,0.0,hcris_nmrc_agency_per_hospital,0.92,agency_rate_below_staff_cost,"Agency premium non-positive (A=$60.07, C=$76.45, M=$-16.38). Customer disclosure required before quoting."
110030,PIEDMONT CARTERSVILLE MEDICAL CENTER,CARTERSVILLE,GA,Piedmont Healthcare,55.918025,55.918025,0.0,hcris_nmrc_agency_per_hospital,0.92,agency_rate_below_staff_cost,"Agency premium non-positive (A=$50.15, C=$55.92, M=$-5.77). Customer disclosure required before quoting."
110041,NORTHEAST GEORGIA MEDICAL CENTER HABERSHAM,DEMOREST,GA,Independent / Unknown,74.7482,74.7482,0.0,hcris_nmrc_agency_per_hospital,0.92,agency_rate_below_staff_cost,"Agency premium non-positive (A=$67.67, C=$74.75, M=$-7.08). Customer disclosure required before quoting."
110043,ST JOSEPH'S HOSPITAL - SAVANNAH,SAVANNAH,GA,Independent / Unknown,66.4422,66.4422,0.0,hcris_nmrc_agency_per_hospital,0.92,agency_rate_below_staff_cost,"Agency premium non-positive (A=$55.74, C=$66.44, M=$-10.70). Customer disclosure required before quoting."
110044,PHOEBE SUMTER MEDICAL CENTER,AMERICUS,GA,Independent / Unknown,67.07046500000001,67.07046500000001,0.0,hcris_nmrc_agency_per_hospital,0.92,agency_rate_below_staff_cost,"Agency premium non-positive (A=$59.02, C=$67.07, M=$-8.05). Customer disclosure required before quoting."
110050,ADVENTHEALTH MURRAY,CHATSWORTH,GA,AdventHealth,89.62105,89.62105,0.0,hcris_nmrc_agency_per_hospital,0.92,agency_rate_below_staff_cost,"Agency premium non-positive (A=$87.32, C=$89.62, M=$-2.30). Customer disclosure required before quoting."
110051,UNION GENERAL HOSPITAL,BLAIRSVILLE,GA,Independent / Unknown,61.6939,61.6939,0.0,hcris_nmrc_agency_per_hospital,0.92,agency_rate_below_staff_cost,"Agency premium non-positive (A=$50.51, C=$61.69, M=$-11.18). Customer disclosure required before quoting."
110064,PIEDMONT COLUMBUS REGIONAL MIDTOWN,COLUMBUS,GA,Piedmont Healthcare,77.287485,77.287485,0.0,hcris_nmrc_agency_per_hospital,0.92,agency_rate_below_staff_cost,"Agency premium non-positive (A=$52.17, C=$77.29, M=$-25.12). Customer disclosure required before quoting."
110071,APPLING HEALTHCARE,BAXLEY,GA,Independent / Unknown,44.85055,44.85055,0.0,hcris_nmrc_agency_per_hospital,0.92,agency_rate_below_staff_cost,"Agency premium non-positive (A=$40.46, C=$44.85, M=$-4.39). Customer disclosure required before quoting."
110074,PIEDMONT ATHENS REGIONAL MEDICAL CENTER,ATHENS,GA,Piedmont Healthcare,77.78087500000001,77.78087500000001,0.0,hcris_nmrc_agency_per_hospital,0.92,agency_rate_below_staff_cost,"Agency premium non-positive (A=$53.22, C=$77.78, M=$-24.56). Customer disclosure required before quoting."
110079,GRADY MEMORIAL HOSPITAL,ATLANTA,GA,Independent / Unknown,53.398025000000004,53.398025000000004,0.0,hcris_nmrc_agency_per_hospital,0.92,agency_rate_below_staff_cost,"Agency premium non-positive (A=$51.14, C=$53.40, M=$-2.26). Customer disclosure required before quoting."
110095,TIFT REGIONAL MEDICAL CENTER,TIFTON,GA,Independent / Unknown,80.92808,80.92808,0.0,hcris_nmrc_agency_per_hospital,0.92,agency_rate_below_staff_cost,"Agency premium non-positive (A=$70.08, C=$80.93, M=$-10.85). Customer disclosure required before quoting."
110104,CRISP REGIONAL HOSPITAL,CORDELE,GA,Independent / Unknown,66.51586,66.51586,0.0,hcris_nmrc_agency_per_hospital,0.92,agency_rate_below_staff_cost,"Agency premium non-positive (A=$45.70, C=$66.52, M=$-20.82). Customer disclosure required before quoting."
110107,ATRIUM HEALTH NAVICENT THE MEDICAL CENTER,MACON,GA,Advocate Health,70.222805,70.222805,0.0,hcris_nmrc_agency_per_hospital,0.92,agency_rate_below_staff_cost,"Agency premium non-positive (A=$67.16, C=$70.22, M=$-3.06). Customer disclosure required before quoting."
110122,SGMC HEALTH,VALDOSTA,GA,Independent / Unknown,72.282905,72.282905,0.0,hcris_nmrc_agency_per_hospital,0.92,agency_rate_below_staff_cost,"Agency premium non-positive (A=$46.01, C=$72.28, M=$-26.27). Customer disclosure required before quoting."
110146,SOUTHEAST GEORGIA HEALTH SYSTEM -- CAMDEN CAMPUS,SAINT MARYS,GA,Independent / Unknown,70.725425,70.725425,0.0,hcris_nmrc_agency_per_hospital,0.92,agency_rate_below_staff_cost,"Agency premium non-positive (A=$49.46, C=$70.73, M=$-21.27). Customer disclosure required before quoting."
110164,"COLISEUM MEDICAL CENTERS, LLC, DBA",MACON,GA,Independent / Unknown,71.424165,71.424165,0.0,hcris_nmrc_agency_per_hospital,0.92,agency_rate_below_staff_cost,"Agency premium non-positive (A=$62.70, C=$71.42, M=$-8.72). Customer disclosure required before quoting."
110200,PIEDMONT COLUMBUS REGIONAL NORTHSIDE,COLUMBUS,GA,Piedmont Healthcare,72.508865,72.508865,0.0,hcris_nmrc_agency_per_hospital,0.92,agency_rate_below_staff_cost,"Agency premium non-positive (A=$60.90, C=$72.51, M=$-11.61). Customer disclosure required before quoting."
110201,PIEDMONT MACON NORTH HOSPITAL,MACON,GA,Piedmont Healthcare,74.48142999999999,74.48142999999999,0.0,hcris_nmrc_agency_per_hospital,0.92,agency_rate_below_staff_cost,"Agency premium non-positive (A=$52.73, C=$74.48, M=$-21.75). Customer disclosure required before quoting."
110225,PIEDMONT MOUNTAINSIDE HOSPITAL INC,JASPER,GA,Piedmont Healthcare,56.728025,56.728025,0.0,hcris_nmrc_agency_per_hospital,0.92,agency_rate_below_staff_cost,"Agency premium non-positive (A=$51.40, C=$56.73, M=$-5.33). Customer disclosure required before quoting."
110236,CHI MEMORIAL HOSPITAL- GEORGIA,RINGGOLD,GA,Independent / Unknown,76.68077000000001,76.68077000000001,0.0,hcris_nmrc_agency_per_hospital,0.92,agency_rate_below_staff_cost,"Agency premium non-positive (A=$62.33, C=$76.68, M=$-14.35). Customer disclosure required before quoting."
120001,THE QUEENS MEDICAL CENTER,HONOLULU,HI,Independent / Unknown,104.47218500000001,104.47218500000001,0.0,hcris_nmrc_agency_per_hospital,0.92,agency_rate_below_staff_cost,"Agency premium non-positive (A=$98.90, C=$104.47, M=$-5.57). Customer disclosure required before quoting."
120002,MAUI MEMORIAL MEDICAL CENTER,WAILUKU,HI,Independent / Unknown,103.46253,103.46253,0.0,hcris_nmrc_agency_per_hospital,0.92,agency_rate_below_staff_cost,"Agency premium non-positive (A=$85.79, C=$103.46, M=$-17.67). Customer disclosure required before quoting."
120005,HILO BENIOFF MEDICAL CENTER,HILO,HI,Independent / Unknown,94.8712,94.8712,0.0,hcris_nmrc_agency_per_hospital,0.92,agency_rate_below_staff_cost,"Agency premium non-positive (A=$73.08, C=$94.87, M=$-21.79). Customer disclosure required before quoting."
120007,KUAKINI MEDICAL CENTER,HONOLULU,HI,Independent / Unknown,77.00109499999999,77.00109499999999,0.0,hcris_nmrc_agency_per_hospital,0.92,agency_rate_below_staff_cost,"Agency premium non-positive (A=$76.52, C=$77.00, M=$-0.48). Customer disclosure required before quoting."
120011,KAISER FOUNDATION HOSPITAL,HONOLULU,HI,Kaiser Permanente,114.82217,114.82217,0.0,hcris_nmrc_agency_per_hospital+msp_overlay,0.95,agency_rate_below_staff_cost,"Agency premium non-positive (A=$109.55, C=$114.82, M=$-5.27). Customer disclosure required before quoting."
120019,KONA COMMUNITY HOSPITAL,KEALAKEKUA,HI,Independent / Unknown,123.31657,123.31657,0.0,hcris_nmrc_agency_per_hospital,0.92,agency_rate_below_staff_cost,"Agency premium non-positive (A=$95.03, C=$123.32, M=$-28.29). Customer disclosure required before quoting."
120022,STRAUB CLINIC AND HOSPITAL,HONOLULU,HI,Independent / Unknown,86.255995,86.255995,0.0,hcris_nmrc_agency_per_hospital,0.92,agency_rate_below_staff_cost,"Agency premium non-positive (A=$81.99, C=$86.26, M=$-4.27). Customer disclosure required before quoting."
120026,PALI MOMI MEDICAL CENTER,AIEA,HI,Independent / Unknown,93.06018999999999,93.06018999999999,0.0,hcris_nmrc_agency_per_hospital,0.92,agency_rate_below_staff_cost,"Agency premium non-positive (A=$48.10, C=$93.06, M=$-44.96). Customer disclosure required before quoting."
130003,ST JOSEPH REGIONAL MEDICAL CENTER,LEWISTON,ID,Independent / Unknown,87.881505,87.881505,0.0,hcris_nmrc_agency_per_hospital,0.92,agency_rate_below_staff_cost,"Agency premium non-positive (A=$76.01, C=$87.88, M=$-11.87). Customer disclosure required before quoting."
130007,SAINT ALPHONSUS REGIONAL MEDICAL CENTER,BOISE,ID,Independent / Unknown,94.10373,94.10373,0.0,hcris_nmrc_agency_per_hospital,0.92,agency_rate_below_staff_cost,"Agency premium non-positive (A=$68.92, C=$94.10, M=$-25.18). Customer disclosure required before quoting."
130013,SAINT ALPHONSUS MEDICAL CENTER - NAMPA,NAMPA,ID,Independent / Unknown,87.927355,87.927355,0.0,hcris_nmrc_agency_per_hospital,0.92,agency_rate_below_staff_cost,"Agency premium non-positive (A=$84.33, C=$87.93, M=$-3.60). Customer disclosure required before quoting."
130014,WEST VALLEY MEDICAL CENTER,CALDWELL,ID,Independent / Unknown,78.97109999999999,78.97109999999999,0.0,hcris_nmrc_agency_per_hospital,0.92,agency_rate_below_staff_cost,"Agency premium non-positive (A=$39.75, C=$78.97, M=$-39.22). Customer disclosure required before quoting."
130028,PORTNEUF MEDICAL CENTER,POCATELLO,ID,Independent / Unknown,84.96969999999999,84.96969999999999,0.0,hcris_nmrc_agency_per_hospital,0.92,agency_rate_below_staff_cost,"Agency premium non-positive (A=$75.01, C=$84.97, M=$-9.96). Customer disclosure required before quoting."
130049,KOOTENAI HEALTH,COEUR D'ALENE,ID,Independent / Unknown,102.399565,102.399565,0.0,hcris_nmrc_agency_per_hospital,0.92,agency_rate_below_staff_cost,"Agency premium non-positive (A=$87.24, C=$102.40, M=$-15.16). Customer disclosure required before quoting."
140008,LOYOLA GOTTLIEB MEMORIAL HOSPITAL,MELROSE PARK,IL,Independent / Unknown,56.320750000000004,56.320750000000004,0.0,hcris_nmrc_agency_per_hospital,0.92,agency_rate_below_staff_cost,"Agency premium non-positive (A=$54.40, C=$56.32, M=$-1.92). Customer disclosure required before quoting."
140010,NORTHSHORE UNIVERSITY HEALTHSYSTEM - EVANSTON HOSPITAL,EVANSTON,IL,Independent / Unknown,56.67075,56.67075,0.0,hcris_nmrc_agency_per_hospital,0.92,agency_rate_below_staff_cost,"Agency premium non-positive (A=$40.87, C=$56.67, M=$-15.80). Customer disclosure required before quoting."
140032,ST ANTHONYS MEMORIAL HOSPITAL,EFFINGHAM,IL,Independent / Unknown,78.213115,78.213115,0.0,hcris_nmrc_agency_per_hospital,0.92,agency_rate_below_staff_cost,"Agency premium non-positive (A=$68.73, C=$78.21, M=$-9.48). Customer disclosure required before quoting."
140034,SSM HEALTH ST MARY'S HOSPITAL -CENTRALIA,CENTRALIA,IL,SSM Health,84.978205,84.978205,0.0,hcris_nmrc_agency_per_hospital,0.92,agency_rate_below_staff_cost,"Agency premium non-positive (A=$66.02, C=$84.98, M=$-18.96). Customer disclosure required before quoting."
140046,GOOD SAMARITAN REGIONAL HLTH CENTER,MOUNT VERNON,IL,Independent / Unknown,101.74579,101.74579,0.0,hcris_nmrc_agency_per_hospital,0.92,agency_rate_below_staff_cost,"Agency premium non-positive (A=$49.55, C=$101.75, M=$-52.20). Customer disclosure required before quoting."
140113,OSF HEART OF MARY MEDICAL CENTER,URBANA,IL,Independent / Unknown,77.65984,77.65984,0.0,hcris_nmrc_agency_per_hospital,0.92,agency_rate_below_staff_cost,"Agency premium non-positive (A=$65.82, C=$77.66, M=$-11.84). Customer disclosure required before quoting."
140135,DECATUR MEMORIAL HOSPITAL,DECATUR,IL,Independent / Unknown,89.21954,89.21954,0.0,hcris_nmrc_agency_per_hospital,0.92,agency_rate_below_staff_cost,"Agency premium non-positive (A=$86.22, C=$89.22, M=$-3.00). Customer disclosure required before quoting."
140145,ST JOSEPHS HOSPITAL,BREESE,IL,Independent / Unknown,52.28405000000001,52.28405000000001,0.0,hcris_nmrc_agency_per_hospital,0.92,agency_rate_below_staff_cost,"Agency premium non-positive (A=$45.84, C=$52.28, M=$-6.44). Customer disclosure required before quoting."
140155,PRESENCE ST MARYS HOSPITAL,KANKAKEE,IL,Independent / Unknown,81.74965999999999,81.74965999999999,0.0,hcris_nmrc_agency_per_hospital,0.92,agency_rate_below_staff_cost,"Agency premium non-positive (A=$63.05, C=$81.75, M=$-18.70). Customer disclosure required before quoting."
140160,FHN MEMORIAL HOSPITAL,FREEPORT,IL,Independent / Unknown,79.977755,79.977755,0.0,hcris_nmrc_agency_per_hospital,0.92,agency_rate_below_staff_cost,"Agency premium non-positive (A=$76.57, C=$79.98, M=$-3.41). Customer disclosure required before quoting."
140161,SAINT JAMES HOSPITAL,PONTIAC,IL,Independent / Unknown,84.41812499999999,84.41812499999999,0.0,hcris_nmrc_agency_per_hospital,0.92,agency_rate_below_staff_cost,"Agency premium non-positive (A=$80.20, C=$84.42, M=$-4.22). Customer disclosure required before quoting."
140179,OSF LITTLE COMPANY OF MARY MEDICAL CENTER,EVERGREEN PARK,IL,Independent / Unknown,59.36075,59.36075,0.0,hcris_nmrc_agency_per_hospital,0.92,agency_rate_below_staff_cost,"Agency premium non-positive (A=$50.87, C=$59.36, M=$-8.49). Customer disclosure required before quoting."
140182,ADVOCATE ILLINOIS MASONIC MEDICAL CENTER,CHICAGO,IL,Advocate Health,59.45075,59.45075,0.0,hcris_nmrc_agency_per_hospital,0.92,agency_rate_below_staff_cost,"Agency premium non-positive (A=$58.93, C=$59.45, M=$-0.52). Customer disclosure required before quoting."
140281,NORTHWESTERN MEMORIAL HOSPITAL,CHICAGO,IL,Northwestern Medicine,59.70075,59.70075,0.0,hcris_nmrc_agency_per_hospital,0.92,agency_rate_below_staff_cost,"Agency premium non-positive (A=$46.24, C=$59.70, M=$-13.46). Customer disclosure required before quoting."
150010,ASCENSION ST VINCENT KOKOMO,KOKOMO,IN,Ascension,77.2565,77.2565,0.0,hcris_nmrc_agency_per_hospital,0.92,agency_rate_below_staff_cost,"Agency premium non-positive (A=$62.55, C=$77.26, M=$-14.71). Customer disclosure required before quoting."
150021,PARKVIEW REGIONAL MEDICAL CENTER,FORT WAYNE,IN,Independent / Unknown,99.38947,99.38947,0.0,hcris_nmrc_agency_per_hospital,0.92,agency_rate_below_staff_cost,"Agency premium non-positive (A=$96.85, C=$99.39, M=$-2.54). Customer disclosure required before quoting."
150024,ESKENAZI HEALTH,INDIANAPOLIS,IN,Independent / Unknown,48.501425000000005,48.501425000000005,0.0,hcris_nmrc_agency_per_hospital,0.92,agency_rate_below_staff_cost,"Agency premium non-positive (A=$42.54, C=$48.50, M=$-5.96). Customer disclosure required before quoting."
150042,GOOD SAMARITAN HOSPITAL,VINCENNES,IN,Independent / Unknown,72.395035,72.395035,0.0,hcris_nmrc_agency_per_hospital,0.92,agency_rate_below_staff_cost,"Agency premium non-positive (A=$59.16, C=$72.40, M=$-13.24). Customer disclosure required before quoting."
150045,PARKVIEW DEKALB HOSPITAL,AUBURN,IN,Independent / Unknown,83.753835,83.753835,0.0,hcris_nmrc_agency_per_hospital,0.92,agency_rate_below_staff_cost,"Agency premium non-positive (A=$66.03, C=$83.75, M=$-17.72). Customer disclosure required before quoting."
150047,"ST JOSEPH HEALTH SYSTEM, LLC",FORT WAYNE,IN,Independent / Unknown,81.554485,81.554485,0.0,hcris_nmrc_agency_per_hospital,0.92,agency_rate_below_staff_cost,"Agency premium non-positive (A=$78.18, C=$81.55, M=$-3.37). Customer disclosure required before quoting."
150065,SCHNECK MEDICAL CENTER,SEYMOUR,IN,Independent / Unknown,87.02823,87.02823,0.0,hcris_nmrc_agency_per_hospital,0.92,agency_rate_below_staff_cost,"Agency premium non-positive (A=$53.64, C=$87.03, M=$-33.39). Customer disclosure required before quoting."
150100,ASCENSION ST VINCENT EVANSVILLE,EVANSVILLE,IN,Ascension,71.776895,71.776895,0.0,hcris_nmrc_agency_per_hospital,0.92,agency_rate_below_staff_cost,"Agency premium non-positive (A=$63.43, C=$71.78, M=$-8.35). Customer disclosure required before quoting."
150112,COLUMBUS REGIONAL HOSPITAL,COLUMBUS,IN,Independent / Unknown,75.874485,75.874485,0.0,hcris_nmrc_agency_per_hospital,0.92,agency_rate_below_staff_cost,"Agency premium non-positive (A=$72.97, C=$75.87, M=$-2.90). Customer disclosure required before quoting."
150115,MEMORIAL HOSPITAL AND HEALTH CARE CENTER,JASPER,IN,Independent / Unknown,80.43763,80.43763,0.0,hcris_nmrc_agency_per_hospital,0.92,agency_rate_below_staff_cost,"Agency premium non-positive (A=$56.16, C=$80.44, M=$-24.28). Customer disclosure required before quoting."
150133,KOSCIUSKO COMMUNITY HOSPITAL,WARSAW,IN,Independent / Unknown,75.088865,75.088865,0.0,hcris_nmrc_agency_per_hospital,0.92,agency_rate_below_staff_cost,"Agency premium non-positive (A=$70.85, C=$75.09, M=$-4.24). Customer disclosure required before quoting."
150167,ORTHOPAEDIC HOSPITAL AT PARKVIEW NORTH,FORT WAYNE,IN,Independent / Unknown,95.98295,95.98295,0.0,hcris_nmrc_agency_per_hospital,0.92,agency_rate_below_staff_cost,"Agency premium non-positive (A=$86.44, C=$95.98, M=$-9.54). Customer disclosure required before quoting."
150183,MONROE HOSPITAL,BLOOMINGTON,IN,Independent / Unknown,66.947675,66.947675,0.0,hcris_nmrc_agency_per_hospital,0.92,agency_rate_below_staff_cost,"Agency premium non-positive (A=$66.03, C=$66.95, M=$-0.92). Customer disclosure required before quoting."
160033,GENESIS MEDICAL CENTER-DAVENPORT,DAVENPORT,IA,Independent / Unknown,72.60678,72.60678,0.0,hcris_nmrc_agency_per_hospital,0.92,agency_rate_below_staff_cost,"Agency premium non-positive (A=$65.45, C=$72.61, M=$-7.16). Customer disclosure required before quoting."
160079,MERCY MEDICAL CENTER - CEDAR RAPIDS,CEDAR RAPIDS,IA,Independent / Unknown,60.894360000000006,60.894360000000006,0.0,commonspirit_staff_hcris_nmrc_agency,0.95,agency_rate_below_staff_cost,"Agency premium non-positive (A=$59.34, C=$60.89, M=$-1.55). Customer disclosure required before quoting."
160112,SPENCER MUNICIPAL HOSPITAL,SPENCER,IA,Independent / Unknown,73.539685,73.539685,0.0,hcris_nmrc_agency_per_hospital,0.92,agency_rate_below_staff_cost,"Agency premium non-positive (A=$44.53, C=$73.54, M=$-29.01). Customer disclosure required before quoting."
160124,LAKES REGIONAL HEALTHCARE,SPIRIT LAKE,IA,Independent / Unknown,70.78438999999999,70.78438999999999,0.0,hcris_nmrc_agency_per_hospital,0.92,agency_rate_below_staff_cost,"Agency premium non-positive (A=$44.46, C=$70.78, M=$-26.32). Customer disclosure required before quoting."
160153,MERCYONE SIOUXLAND MEDICAL CENTER,SIOUX CITY,IA,Independent / Unknown,72.291055,72.291055,0.0,hcris_nmrc_agency_per_hospital,0.92,agency_rate_below_staff_cost,"Agency premium non-positive (A=$72.03, C=$72.29, M=$-0.26). Customer disclosure required before quoting."
170023,ST. CATHERINE HOSPITAL - GARDEN CITY,GARDEN CITY,KS,Independent / Unknown,88.09123,88.09123,0.0,hcris_nmrc_agency_per_hospital,0.92,agency_rate_below_staff_cost,"Agency premium non-positive (A=$86.05, C=$88.09, M=$-2.04). Customer disclosure required before quoting."
170123,WESLEY MEDICAL CENTER,WICHITA,KS,Independent / Unknown,67.35401499999999,67.35401499999999,0.0,hcris_nmrc_agency_per_hospital,0.92,agency_rate_below_staff_cost,"Agency premium non-positive (A=$37.10, C=$67.35, M=$-30.25). Customer disclosure required before quoting."
170142,"ASCENSION VIA CHRISTI HOSPITAL MANHATTAN, INC",MANHATTAN,KS,Ascension,79.67392500000001,79.67392500000001,0.0,hcris_nmrc_agency_per_hospital,0.92,agency_rate_below_staff_cost,"Agency premium non-positive (A=$70.43, C=$79.67, M=$-9.24). Customer disclosure required before quoting."
170175,CENTURA ST. CATHERINE-DODGE CITY,DODGE CITY,KS,Independent / Unknown,95.58143500000001,95.58143500000001,0.0,hcris_nmrc_agency_per_hospital,0.92,agency_rate_below_staff_cost,"Agency premium non-positive (A=$81.79, C=$95.58, M=$-13.79). Customer disclosure required before quoting."
170186,KANSAS HEART HOSPITAL,WICHITA,KS,Independent / Unknown,74.19733,74.19733,0.0,hcris_nmrc_agency_per_hospital,0.92,agency_rate_below_staff_cost,"Agency premium non-positive (A=$47.45, C=$74.20, M=$-26.75). Customer disclosure required before quoting."
170194,ASCENTIST HOSPITAL LLC,LEAWOOD,KS,Independent / Unknown,52.71995,52.71995,0.0,hcris_nmrc_agency_only,0.85,agency_rate_below_staff_cost,"Agency premium non-positive (A=$38.64, C=$52.72, M=$-14.08). Customer disclosure required before quoting."
170196,"KANSAS SPINE & SPECIALTY HOSPITAL, LLC",WICHITA,KS,Independent / Unknown,72.32362,72.32362,0.0,hcris_nmrc_agency_per_hospital,0.92,agency_rate_below_staff_cost,"Agency premium non-positive (A=$50.90, C=$72.32, M=$-21.42). Customer disclosure required before quoting."
170197,KANSAS MEDICAL CENTER LLC,ANDOVER,KS,Independent / Unknown,57.73823,57.73823,0.0,hcris_nmrc_agency_per_hospital,0.92,agency_rate_below_staff_cost,"Agency premium non-positive (A=$56.05, C=$57.74, M=$-1.69). Customer disclosure required before quoting."
170200,"VIA CHRISTI HOSPITAL WICHITA ST TERESA, INC",WICHITA,KS,Independent / Unknown,73.41416,73.41416,0.0,hcris_nmrc_agency_per_hospital,0.92,agency_rate_below_staff_cost,"Agency premium non-positive (A=$64.73, C=$73.41, M=$-8.68). Customer disclosure required before quoting."
180002,WHITESBURG ARH HOSPITAL,WHITESBURG,KY,Independent / Unknown,76.067005,76.067005,0.0,hcris_nmrc_agency_per_hospital,0.92,agency_rate_below_staff_cost,"Agency premium non-positive (A=$65.21, C=$76.07, M=$-10.86). Customer disclosure required before quoting."
180005,HIGHLANDS ARH REGIONAL MEDICAL CENTER,PRESTONSBURG,KY,Independent / Unknown,75.58792999999999,75.58792999999999,0.0,hcris_nmrc_agency_per_hospital,0.92,agency_rate_below_staff_cost,"Agency premium non-positive (A=$64.27, C=$75.59, M=$-11.32). Customer disclosure required before quoting."
180013,THE MEDICAL CENTER (BOWLING GREEN),BOWLING GREEN,KY,Independent / Unknown,64.67976,64.67976,0.0,hcris_nmrc_agency_per_hospital,0.92,agency_rate_below_staff_cost,"Agency premium non-positive (A=$43.70, C=$64.68, M=$-20.98). Customer disclosure required before quoting."
180029,HAZARD ARH REGIONAL MEDICAL CENTER,HAZARD,KY,Independent / Unknown,75.37415999999999,75.37415999999999,0.0,hcris_nmrc_agency_per_hospital,0.92,agency_rate_below_staff_cost,"Agency premium non-positive (A=$65.50, C=$75.37, M=$-9.87). Customer disclosure required before quoting."
180046,BOURBON COMMUNITY HOSPITAL,PARIS,KY,Independent / Unknown,69.66678,69.66678,0.0,hcris_nmrc_agency_per_hospital,0.92,agency_rate_below_staff_cost,"Agency premium non-positive (A=$54.59, C=$69.67, M=$-15.08). Customer disclosure required before quoting."
180050,HARLAN ARH HOSPITAL,HARLAN,KY,Independent / Unknown,70.466245,70.466245,0.0,hcris_nmrc_agency_per_hospital,0.92,agency_rate_below_staff_cost,"Agency premium non-positive (A=$37.30, C=$70.47, M=$-33.17). Customer disclosure required before quoting."
180078,PAINTSVILLE ARH HOSPITAL,PAINTSVILLE,KY,Independent / Unknown,83.94711,83.94711,0.0,hcris_nmrc_agency_per_hospital,0.92,agency_rate_below_staff_cost,"Agency premium non-positive (A=$70.55, C=$83.95, M=$-13.40). Customer disclosure required before quoting."
180124,TRISTAR GREENVIEW REGIONAL HOSPITAL,BOWLING GREEN,KY,Independent / Unknown,69.23210499999999,69.23210499999999,0.0,hcris_nmrc_agency_per_hospital,0.92,agency_rate_below_staff_cost,"Agency premium non-positive (A=$41.33, C=$69.23, M=$-27.90). Customer disclosure required before quoting."
180127,FRANKFORT REGIONAL MEDICAL CENTER,FRANKFORT,KY,Independent / Unknown,71.29597,71.29597,0.0,hcris_nmrc_agency_per_hospital,0.92,agency_rate_below_staff_cost,"Agency premium non-positive (A=$61.77, C=$71.30, M=$-9.53). Customer disclosure required before quoting."
180128,THREE RIVERS MEDICAL CENTER,LOUISA,KY,Independent / Unknown,57.506265,57.506265,0.0,hcris_nmrc_agency_per_hospital,0.92,agency_rate_below_staff_cost,"Agency premium non-positive (A=$49.03, C=$57.51, M=$-8.48). Customer disclosure required before quoting."
190005,UNIVERSITY MEDICAL CENTER NEW ORLEANS,NEW ORLEANS,LA,Independent / Unknown,66.69925,66.69925,0.0,hcris_nmrc_agency_per_hospital,0.92,agency_rate_below_staff_cost,"Agency premium non-positive (A=$44.45, C=$66.70, M=$-22.25). Customer disclosure required before quoting."
190006,OCHSNER UNIVERSITY HOSPITAL AND CLINICS,LAFAYETTE,LA,Ochsner,61.26680999999999,61.26680999999999,0.0,hcris_nmrc_agency_per_hospital,0.92,agency_rate_below_staff_cost,"Agency premium non-positive (A=$42.41, C=$61.27, M=$-18.86). Customer disclosure required before quoting."
190011,OCHSNER LSU HEALTH MONROE,MONROE,LA,Ochsner,62.31391,62.31391,0.0,hcris_nmrc_agency_per_hospital,0.92,agency_rate_below_staff_cost,"Agency premium non-positive (A=$50.13, C=$62.31, M=$-12.18). Customer disclosure required before quoting."
190019,CHRISTUS ST FRANCES CABRINI HOSPITAL,ALEXANDRIA,LA,CHRISTUS Health,71.44041,71.44041,0.0,hcris_nmrc_agency_per_hospital,0.92,agency_rate_below_staff_cost,"Agency premium non-positive (A=$61.80, C=$71.44, M=$-9.64). Customer disclosure required before quoting."
190026,RAPIDES REGIONAL MEDICAL CENTER,ALEXANDRIA,LA,Independent / Unknown,67.53128000000001,67.53128000000001,0.0,hcris_nmrc_agency_per_hospital,0.92,agency_rate_below_staff_cost,"Agency premium non-positive (A=$27.22, C=$67.53, M=$-40.31). Customer disclosure required before quoting."
190034,ABBEVILLE GENERAL HOSPITAL,ABBEVILLE,LA,Independent / Unknown,62.488440000000004,62.488440000000004,0.0,hcris_nmrc_agency_per_hospital,0.92,agency_rate_below_staff_cost,"Agency premium non-positive (A=$48.23, C=$62.49, M=$-14.26). Customer disclosure required before quoting."
190039,WEST JEFFERSON MEDICAL CENTER,MARRERO,LA,Independent / Unknown,73.00185499999999,73.00185499999999,0.0,hcris_nmrc_agency_per_hospital,0.92,agency_rate_below_staff_cost,"Agency premium non-positive (A=$65.65, C=$73.00, M=$-7.35). Customer disclosure required before quoting."
190045,ST TAMMANY PARISH HOSPITAL,COVINGTON,LA,Independent / Unknown,78.42851999999999,78.42851999999999,0.0,hcris_nmrc_agency_per_hospital,0.92,agency_rate_below_staff_cost,"Agency premium non-positive (A=$52.54, C=$78.43, M=$-25.89). Customer disclosure required before quoting."
190046,TOURO INFIRMARY,NEW ORLEANS,LA,Independent / Unknown,79.57243999999999,79.57243999999999,0.0,hcris_nmrc_agency_per_hospital,0.92,agency_rate_below_staff_cost,"Agency premium non-positive (A=$51.09, C=$79.57, M=$-28.48). Customer disclosure required before quoting."
190060,LAKE CHARLES MEMORIAL HOSPITAL,LAKE CHARLES,LA,Independent / Unknown,67.370345,67.370345,0.0,hcris_nmrc_agency_per_hospital,0.92,agency_rate_below_staff_cost,"Agency premium non-positive (A=$64.90, C=$67.37, M=$-2.47). Customer disclosure required before quoting."
190064,OUR LADY OF THE LAKE REGIONAL MEDICAL CENTER,BATON ROUGE,LA,Independent / Unknown,66.2597,66.2597,0.0,hcris_nmrc_agency_per_hospital,0.92,agency_rate_below_staff_cost,"Agency premium non-positive (A=$51.88, C=$66.26, M=$-14.38). Customer disclosure required before quoting."
190079,ST CHARLES PARISH HOSPITAL,LULING,LA,Independent / Unknown,68.81423500000001,68.81423500000001,0.0,hcris_nmrc_agency_only,0.85,agency_rate_below_staff_cost,"Agency premium non-positive (A=$41.10, C=$68.81, M=$-27.71). Customer disclosure required before quoting."
190098,OCHSNER LSU HEALTH SHREVEPORT,SHREVEPORT,LA,Ochsner,69.37499,69.37499,0.0,hcris_nmrc_agency_per_hospital,0.92,agency_rate_below_staff_cost,"Agency premium non-positive (A=$45.53, C=$69.37, M=$-23.84). Customer disclosure required before quoting."
190102,"OUR LADY OF LOURDES REGIONAL MEDICAL CENTER, INC",LAFAYETTE,LA,Independent / Unknown,73.802475,73.802475,0.0,hcris_nmrc_agency_per_hospital,0.92,agency_rate_below_staff_cost,"Agency premium non-positive (A=$71.87, C=$73.80, M=$-1.93). Customer disclosure required before quoting."
190111,WILLIS KNIGHTON MEDICAL CENTER,SHREVEPORT,LA,Independent / Unknown,72.40509,72.40509,0.0,hcris_nmrc_agency_per_hospital,0.92,agency_rate_below_staff_cost,"Agency premium non-positive (A=$69.41, C=$72.41, M=$-3.00). Customer disclosure required before quoting."
190125,ST FRANCIS MEDICAL CENTER,MONROE,LA,Independent / Unknown,71.519195,71.519195,0.0,hcris_nmrc_agency_per_hospital,0.92,agency_rate_below_staff_cost,"Agency premium non-positive (A=$46.95, C=$71.52, M=$-24.57). Customer disclosure required before quoting."
190145,LASALLE GENERAL HOSPITAL,JENA,LA,Independent / Unknown,41.733075,41.733075,0.0,hcris_nmrc_agency_per_hospital,0.92,agency_rate_below_staff_cost,"Agency premium non-positive (A=$31.73, C=$41.73, M=$-10.00). Customer disclosure required before quoting."
190176,EAST JEFFERSON GENERAL HOSPITAL,METAIRIE,LA,Independent / Unknown,120.40158192307692,120.40158192307692,0.0,hcris_nmrc_agency_per_hospital,0.92,agency_rate_below_staff_cost,"Agency premium non-positive (A=$59.65, C=$120.40, M=$-60.75). Customer disclosure required before quoting."
190183,LEONARD J CHABERT MEDICAL CENTER,HOUMA,LA,Independent / Unknown,70.41702500000001,70.41702500000001,0.0,hcris_nmrc_agency_per_hospital,0.92,agency_rate_below_staff_cost,"Agency premium non-positive (A=$36.49, C=$70.42, M=$-33.93). Customer disclosure required before quoting."
190201,CHRISTUS OCHSNER LAKE AREA HOSPITAL,LAKE CHARLES,LA,Ochsner,87.30447,87.30447,0.0,hcris_nmrc_agency_per_hospital,0.92,agency_rate_below_staff_cost,"Agency premium non-positive (A=$52.17, C=$87.30, M=$-35.13). Customer disclosure required before quoting."
190208,EAST CARROLL PARISH HOSPITAL,LAKE PROVIDENCE,LA,Independent / Unknown,63.178869999999996,63.178869999999996,0.0,hcris_nmrc_agency_per_hospital,0.92,agency_rate_below_staff_cost,"Agency premium non-positive (A=$51.31, C=$63.18, M=$-11.87). Customer disclosure required before quoting."
190245,MONROE SURGICAL HOSPITAL,MONROE,LA,Independent / Unknown,58.530045,58.530045,0.0,hcris_nmrc_agency_per_hospital,0.92,agency_rate_below_staff_cost,"Agency premium non-positive (A=$50.00, C=$58.53, M=$-8.53). Customer disclosure required before quoting."
190274,OCHSNER MEDICAL CENTER-KENNER,KENNER,LA,Ochsner,75.53832,75.53832,0.0,hcris_nmrc_agency_only,0.85,agency_rate_below_staff_cost,"Agency premium non-positive (A=$51.03, C=$75.54, M=$-24.51). Customer disclosure required before quoting."
190300,ST CHARLES SURGICAL HOSPITAL,NEW ORLEANS,LA,Independent / Unknown,76.608145,76.608145,0.0,hcris_nmrc_agency_per_hospital,0.92,agency_rate_below_staff_cost,"Agency premium non-positive (A=$39.79, C=$76.61, M=$-36.82). Customer disclosure required before quoting."
190312,OUR LADY OF THE ANGELS HOSPITAL,BOGALUSA,LA,Independent / Unknown,74.94136499999999,74.94136499999999,0.0,hcris_nmrc_agency_per_hospital,0.92,agency_rate_below_staff_cost,"Agency premium non-positive (A=$39.57, C=$74.94, M=$-35.37). Customer disclosure required before quoting."
190317,OCHSNER LSU HEALTH SHREVEPORT-ST MARY MEDICAL CENT,SHREVEPORT,LA,Ochsner,65.4815,65.4815,0.0,hcris_nmrc_agency_per_hospital,0.92,agency_rate_below_staff_cost,"Agency premium non-positive (A=$46.57, C=$65.48, M=$-18.91). Customer disclosure required before quoting."
200001,ST JOSEPH HOSPITAL,BANGOR,ME,Independent / Unknown,82.99598999999999,82.99598999999999,0.0,hcris_nmrc_agency_per_hospital,0.92,agency_rate_below_staff_cost,"Agency premium non-positive (A=$78.82, C=$83.00, M=$-4.18). Customer disclosure required before quoting."
200020,YORK HOSPITAL,YORK,ME,Independent / Unknown,93.32729,93.32729,0.0,hcris_nmrc_agency_per_hospital,0.92,agency_rate_below_staff_cost,"Agency premium non-positive (A=$81.98, C=$93.33, M=$-11.35). Customer disclosure required before quoting."
200033,NORTHERN LIGHT EASTERN MAINE MEDICAL CENTER,BANGOR,ME,MaineHealth,92.69963000000001,92.69963000000001,0.0,hcris_nmrc_agency_per_hospital,0.92,agency_rate_below_staff_cost,"Agency premium non-positive (A=$87.17, C=$92.70, M=$-5.53). Customer disclosure required before quoting."
210004,HOLY CROSS HOSPITAL,SILVER SPRING,MD,Independent / Unknown,63.7903,63.7903,0.0,hcris_nmrc_agency_per_hospital,0.92,agency_rate_below_staff_cost,"Agency premium non-positive (A=$42.64, C=$63.79, M=$-21.15). Customer disclosure required before quoting."
210008,MERCY MEDICAL CENTER INC,BALTIMORE,MD,Independent / Unknown,60.95495,60.95495,0.0,hcris_nmrc_agency_per_hospital,0.92,agency_rate_below_staff_cost,"Agency premium non-positive (A=$51.01, C=$60.95, M=$-9.94). Customer disclosure required before quoting."
210009,"JOHNS HOPKINS HOSPITAL, THE",BALTIMORE,MD,Johns Hopkins,65.23495,65.23495,0.0,hcris_nmrc_agency_per_hospital,0.92,agency_rate_below_staff_cost,"Agency premium non-positive (A=$55.48, C=$65.23, M=$-9.75). Customer disclosure required before quoting."
210029,JOHNS HOPKINS BAYVIEW MEDICAL CENTER,BALTIMORE,MD,Johns Hopkins,64.93495,64.93495,0.0,hcris_nmrc_agency_per_hospital,0.92,agency_rate_below_staff_cost,"Agency premium non-positive (A=$47.05, C=$64.93, M=$-17.88). Customer disclosure required before quoting."
210030,UNIVERSITY OF MD SHORE MEDICAL CTR AT CHESTERTOWN,CHESTERTOWN,MD,Independent / Unknown,77.348195,77.348195,0.0,hcris_nmrc_agency_per_hospital,0.92,agency_rate_below_staff_cost,"Agency premium non-positive (A=$44.23, C=$77.35, M=$-33.12). Customer disclosure required before quoting."
210032,UNION HOSPITAL OF CECIL COUNTY,ELKTON,MD,Independent / Unknown,64.71844999999999,64.71844999999999,0.0,hcris_nmrc_agency_per_hospital,0.92,agency_rate_below_staff_cost,"Agency premium non-positive (A=$59.78, C=$64.72, M=$-4.94). Customer disclosure required before quoting."
210038,UNIVERSITY OF MD MEDICAL CENTER MIDTOWN CAMPUS,BALTIMORE,MD,Independent / Unknown,61.66495,61.66495,0.0,hcris_nmrc_agency_per_hospital,0.92,agency_rate_below_staff_cost,"Agency premium non-positive (A=$44.37, C=$61.66, M=$-17.29). Customer disclosure required before quoting."
210064,LEVINDALE HEBREW GERIATRIC CENTER AND HOSPITAL,BALTIMORE,MD,Independent / Unknown,58.16495,58.16495,0.0,hcris_nmrc_agency_per_hospital,0.92,agency_rate_below_staff_cost,"Agency premium non-positive (A=$52.19, C=$58.16, M=$-5.97). Customer disclosure required before quoting."
220012,CAPE COD HOSPITAL,HYANNIS,MA,Independent / Unknown,114.85954500000001,114.85954500000001,0.0,hcris_nmrc_agency_per_hospital,0.92,agency_rate_below_staff_cost,"Agency premium non-positive (A=$104.47, C=$114.86, M=$-10.39). Customer disclosure required before quoting."
220036,BOSTON MEDICAL CENTER-BRIGHTON,BRIGHTON,MA,Independent / Unknown,72.496675,72.496675,0.0,hcris_nmrc_agency_per_hospital,0.92,agency_rate_below_staff_cost,"Agency premium non-positive (A=$71.98, C=$72.50, M=$-0.52). Customer disclosure required before quoting."
220066,MERCY MEDICAL CTR,SPRINGFIELD,MA,Independent / Unknown,80.660325,80.660325,0.0,hcris_nmrc_agency_per_hospital,0.92,agency_rate_below_staff_cost,"Agency premium non-positive (A=$57.66, C=$80.66, M=$-23.00). Customer disclosure required before quoting."
220090,MILFORD REGIONAL MEDICAL CENTER,MILFORD,MA,Independent / Unknown,87.48255,87.48255,0.0,hcris_nmrc_agency_per_hospital,0.92,agency_rate_below_staff_cost,"Agency premium non-positive (A=$72.01, C=$87.48, M=$-15.47). Customer disclosure required before quoting."
220108,BETH ISRAEL DEACONESS HOSPITAL - MILTON,MILTON,MA,Beth Israel Lahey Health,70.536675,70.536675,0.0,hcris_nmrc_agency_per_hospital,0.92,agency_rate_below_staff_cost,"Agency premium non-positive (A=$63.80, C=$70.54, M=$-6.74). Customer disclosure required before quoting."
220135,FALMOUTH HOSPITAL,FALMOUTH,MA,Independent / Unknown,106.684755,106.684755,0.0,hcris_nmrc_agency_per_hospital,0.92,agency_rate_below_staff_cost,"Agency premium non-positive (A=$106.66, C=$106.68, M=$-0.02). Customer disclosure required before quoting."
220175,METROWEST MEDICAL CENTER,FRAMINGHAM,MA,Independent / Unknown,70.346675,70.346675,0.0,hcris_nmrc_agency_per_hospital,0.92,agency_rate_below_staff_cost,"Agency premium non-positive (A=$64.91, C=$70.35, M=$-5.44). Customer disclosure required before quoting."
220176,ST VINCENT HOSPITAL,WORCESTER,MA,Independent / Unknown,72.415445,72.415445,0.0,hcris_nmrc_agency_per_hospital,0.92,agency_rate_below_staff_cost,"Agency premium non-positive (A=$65.08, C=$72.42, M=$-7.34). Customer disclosure required before quoting."
220177,NANTUCKET COTTAGE HOSPITAL,NANTUCKET,MA,Independent / Unknown,118.38188,118.38188,0.0,hcris_nmrc_agency_per_hospital,0.92,agency_rate_below_staff_cost,"Agency premium non-positive (A=$96.53, C=$118.38, M=$-21.85). Customer disclosure required before quoting."
230017,BRONSON METHODIST HOSPITAL,KALAMAZOO,MI,Independent / Unknown,93.58833,93.58833,0.0,hcris_nmrc_agency_per_hospital,0.92,agency_rate_below_staff_cost,"Agency premium non-positive (A=$53.55, C=$93.59, M=$-40.04). Customer disclosure required before quoting."
230024,SINAI-GRACE HOSPITAL,DETROIT,MI,Independent / Unknown,49.985025,49.985025,0.0,hcris_nmrc_agency_per_hospital,0.92,agency_rate_below_staff_cost,"Agency premium non-positive (A=$42.01, C=$49.99, M=$-7.98). Customer disclosure required before quoting."
230029,TRINITY HEALTH OAKLAND HOSPITAL,PONTIAC,MI,Trinity Health,52.885025000000006,52.885025000000006,0.0,hcris_nmrc_agency_per_hospital,0.92,agency_rate_below_staff_cost,"Agency premium non-positive (A=$48.22, C=$52.89, M=$-4.67). Customer disclosure required before quoting."
230035,SPECTRUM HEALTH UNITED HOSPITAL,GREENVILLE,MI,Independent / Unknown,72.748255,72.748255,0.0,hcris_nmrc_agency_per_hospital,0.92,agency_rate_below_staff_cost,"Agency premium non-positive (A=$70.30, C=$72.75, M=$-2.45). Customer disclosure required before quoting."
230041,MCLAREN BAY REGION,BAY CITY,MI,Independent / Unknown,80.03262,80.03262,0.0,hcris_nmrc_agency_per_hospital,0.92,agency_rate_below_staff_cost,"Agency premium non-positive (A=$66.72, C=$80.03, M=$-13.31). Customer disclosure required before quoting."
230046,UNIVERSITY OF MICHIGAN HEALTH SYSTEM,ANN ARBOR,MI,Independent / Unknown,90.209665,90.209665,0.0,hcris_nmrc_agency_per_hospital,0.92,agency_rate_below_staff_cost,"Agency premium non-positive (A=$73.65, C=$90.21, M=$-16.56). Customer disclosure required before quoting."
230070,COVENANT MEDICAL CENTER,SAGINAW,MI,Independent / Unknown,84.934235,84.934235,0.0,hcris_nmrc_agency_per_hospital,0.92,agency_rate_below_staff_cost,"Agency premium non-positive (A=$75.82, C=$84.93, M=$-9.11). Customer disclosure required before quoting."
230075,BRONSON BATTLE CREEK HOSPITAL,BATTLE CREEK,MI,Independent / Unknown,84.58218,84.58218,0.0,hcris_nmrc_agency_per_hospital,0.92,agency_rate_below_staff_cost,"Agency premium non-positive (A=$54.15, C=$84.58, M=$-30.43). Customer disclosure required before quoting."
230077,MYMICHIGAN MEDICAL CENTER SAGINAW,SAGINAW,MI,Independent / Unknown,82.79724499999999,82.79724499999999,0.0,hcris_nmrc_agency_per_hospital,0.92,agency_rate_below_staff_cost,"Agency premium non-positive (A=$74.48, C=$82.80, M=$-8.32). Customer disclosure required before quoting."
230080,MCLAREN CENTRAL MICHIGAN,MOUNT PLEASANT,MI,Independent / Unknown,80.63778500000001,80.63778500000001,0.0,hcris_nmrc_agency_per_hospital,0.92,agency_rate_below_staff_cost,"Agency premium non-positive (A=$67.63, C=$80.64, M=$-13.01). Customer disclosure required before quoting."
230085,BRONSON SOUTH HAVEN HOSPITAL,SOUTH HAVEN,MI,Independent / Unknown,72.642575,72.642575,0.0,hcris_nmrc_agency_per_hospital,0.92,agency_rate_below_staff_cost,"Agency premium non-positive (A=$54.24, C=$72.64, M=$-18.40). Customer disclosure required before quoting."
230104,HARPER UNIVERSITY HOSPITAL,DETROIT,MI,Independent / Unknown,50.485025,50.485025,0.0,hcris_nmrc_agency_per_hospital,0.92,agency_rate_below_staff_cost,"Agency premium non-positive (A=$39.38, C=$50.49, M=$-11.11). Customer disclosure required before quoting."
230117,BORGESS MEDICAL CENTER,KALAMAZOO,MI,Independent / Unknown,68.480515,68.480515,0.0,hcris_nmrc_agency_per_hospital,0.92,agency_rate_below_staff_cost,"Agency premium non-positive (A=$52.01, C=$68.48, M=$-16.47). Customer disclosure required before quoting."
230132,HURLEY MEDICAL CENTER,FLINT,MI,Independent / Unknown,78.63881,78.63881,0.0,hcris_nmrc_agency_per_hospital,0.92,agency_rate_below_staff_cost,"Agency premium non-positive (A=$72.51, C=$78.64, M=$-6.13). Customer disclosure required before quoting."
230141,MCLAREN FLINT,FLINT,MI,Independent / Unknown,87.022665,87.022665,0.0,hcris_nmrc_agency_per_hospital,0.92,agency_rate_below_staff_cost,"Agency premium non-positive (A=$70.68, C=$87.02, M=$-16.34). Customer disclosure required before quoting."
230144,FOREST HEALTH MEDICAL CENTER,YPSILANTI,MI,Independent / Unknown,62.95609,62.95609,0.0,hcris_nmrc_agency_per_hospital,0.92,agency_rate_below_staff_cost,"Agency premium non-positive (A=$45.78, C=$62.96, M=$-17.18). Customer disclosure required before quoting."
230156,TRINITY HEALTH ANN ARBOR HOSPITAL,ANN ARBOR,MI,Trinity Health,82.09212,82.09212,0.0,hcris_nmrc_agency_per_hospital,0.92,agency_rate_below_staff_cost,"Agency premium non-positive (A=$77.80, C=$82.09, M=$-4.29). Customer disclosure required before quoting."
230230,EDWARD W SPARROW HOSPITAL,LANSING,MI,Independent / Unknown,91.18488500000001,91.18488500000001,0.0,hcris_nmrc_agency_per_hospital,0.92,agency_rate_below_staff_cost,"Agency premium non-positive (A=$88.88, C=$91.18, M=$-2.30). Customer disclosure required before quoting."
230236,UNIVERSITY OF MICHIGAN HEALTH - WEST,WYOMING,MI,Independent / Unknown,84.360195,84.360195,0.0,hcris_nmrc_agency_per_hospital,0.92,agency_rate_below_staff_cost,"Agency premium non-positive (A=$73.32, C=$84.36, M=$-11.04). Customer disclosure required before quoting."
230259,CHELSEA HOSPITAL,CHELSEA,MI,Independent / Unknown,75.55349999999999,75.55349999999999,0.0,hcris_nmrc_agency_per_hospital,0.92,agency_rate_below_staff_cost,"Agency premium non-positive (A=$55.37, C=$75.55, M=$-20.18). Customer disclosure required before quoting."
230264,SOUTHEAST MICHIGAN SURGICAL HOSPITAL LLC,WARREN,MI,Independent / Unknown,50.815025,50.815025,0.0,hcris_nmrc_agency_per_hospital,0.92,agency_rate_below_staff_cost,"Agency premium non-positive (A=$34.16, C=$50.82, M=$-16.66). Customer disclosure required before quoting."
230273,DETROIT RECEIVING HOSPITAL,DETROIT,MI,Independent / Unknown,49.935025,49.935025,0.0,hcris_nmrc_agency_per_hospital,0.92,agency_rate_below_staff_cost,"Agency premium non-positive (A=$38.39, C=$49.94, M=$-11.55). Customer disclosure required before quoting."
230275,HEALTHSOURCE SAGINAW,SAGINAW,MI,Independent / Unknown,54.719385,54.719385,0.0,hcris_nmrc_agency_per_hospital,0.92,agency_rate_below_staff_cost,"Agency premium non-positive (A=$32.71, C=$54.72, M=$-22.01). Customer disclosure required before quoting."
230277,HURON VALLEY-SINAI HOSPITAL,COMMERCE TOWNSHIP,MI,Independent / Unknown,50.995025000000005,50.995025000000005,0.0,hcris_nmrc_agency_per_hospital,0.92,agency_rate_below_staff_cost,"Agency premium non-positive (A=$39.57, C=$51.00, M=$-11.43). Customer disclosure required before quoting."
233300,CHILDREN'S HOSPITAL OF MICHIGAN,DETROIT,MI,Independent / Unknown,50.575025000000004,50.575025000000004,0.0,hcris_nmrc_agency_per_hospital,0.92,agency_rate_below_staff_cost,"Agency premium non-positive (A=$38.77, C=$50.58, M=$-11.81). Customer disclosure required before quoting."
240006,OLMSTED MEDICAL CENTER,ROCHESTER,MN,Independent / Unknown,107.29906,107.29906,0.0,hcris_nmrc_agency_per_hospital,0.92,agency_rate_below_staff_cost,"Agency premium non-positive (A=$69.84, C=$107.30, M=$-37.46). Customer disclosure required before quoting."
240036,ST CLOUD HOSPITAL,SAINT CLOUD,MN,Independent / Unknown,79.75856999999999,79.75856999999999,0.0,hcris_nmrc_agency_per_hospital,0.92,agency_rate_below_staff_cost,"Agency premium non-positive (A=$36.78, C=$79.76, M=$-42.98). Customer disclosure required before quoting."
240043,MAYO CLINIC HEALTH SYSTEM - ALBERT LEA AND AUSTIN,ALBERT LEA,MN,Mayo Clinic,106.635615,106.635615,0.0,hcris_nmrc_agency_per_hospital,0.92,agency_rate_below_staff_cost,"Agency premium non-positive (A=$79.26, C=$106.64, M=$-27.38). Customer disclosure required before quoting."
240047,ST LUKES HOSPITAL,DULUTH,MN,Independent / Unknown,104.597365,104.597365,0.0,hcris_nmrc_agency_per_hospital,0.92,agency_rate_below_staff_cost,"Agency premium non-positive (A=$72.68, C=$104.60, M=$-31.92). Customer disclosure required before quoting."
240069,OWATONNA HOSPITAL,OWATONNA,MN,Independent / Unknown,104.63105,104.63105,0.0,hcris_nmrc_agency_per_hospital,0.92,agency_rate_below_staff_cost,"Agency premium non-positive (A=$83.05, C=$104.63, M=$-21.58). Customer disclosure required before quoting."
240071,ALLINA HEALTH FARIBAULT MEDICAL CENTER,FARIBAULT,MN,Independent / Unknown,103.038965,103.038965,0.0,hcris_nmrc_agency_per_hospital,0.92,agency_rate_below_staff_cost,"Agency premium non-positive (A=$91.65, C=$103.04, M=$-11.39). Customer disclosure required before quoting."
240080,M HEALTH FAIRVIEW UNIVERSITY OF MN MEDICAL CENTER,MINNEAPOLIS,MN,Independent / Unknown,61.2367,61.2367,0.0,hcris_nmrc_agency_per_hospital,0.92,agency_rate_below_staff_cost,"Agency premium non-positive (A=$47.75, C=$61.24, M=$-13.49). Customer disclosure required before quoting."
240093,MAYO CLINIC HEALTH SYSTEM - MANKATO,MANKATO,MN,Mayo Clinic,109.07052499999999,109.07052499999999,0.0,hcris_nmrc_agency_per_hospital,0.92,agency_rate_below_staff_cost,"Agency premium non-positive (A=$102.84, C=$109.07, M=$-6.23). Customer disclosure required before quoting."
240106,REGIONS HOSPITAL,SAINT PAUL,MN,Independent / Unknown,62.076699999999995,62.076699999999995,0.0,hcris_nmrc_agency_per_hospital,0.92,agency_rate_below_staff_cost,"Agency premium non-positive (A=$54.91, C=$62.08, M=$-7.17). Customer disclosure required before quoting."
240166,MAYO CLINIC HEALTH SYSTEM - FAIRMONT,FAIRMONT,MN,Mayo Clinic,104.759015,104.759015,0.0,hcris_nmrc_agency_per_hospital,0.92,agency_rate_below_staff_cost,"Agency premium non-positive (A=$77.55, C=$104.76, M=$-27.21). Customer disclosure required before quoting."
240187,HUTCHINSON HEALTH,HUTCHINSON,MN,Independent / Unknown,97.286465,97.286465,0.0,hcris_nmrc_agency_per_hospital,0.92,agency_rate_below_staff_cost,"Agency premium non-positive (A=$84.66, C=$97.29, M=$-12.63). Customer disclosure required before quoting."
250001,UNIVERSITY OF MISSISSIPPI MED CENTER,JACKSON,MS,Independent / Unknown,70.61744999999999,70.61744999999999,0.0,hcris_nmrc_agency_per_hospital,0.92,agency_rate_below_staff_cost,"Agency premium non-positive (A=$48.69, C=$70.62, M=$-21.93). Customer disclosure required before quoting."
250007,MEMORIAL HOSPITAL BILOXI,BILOXI,MS,Independent / Unknown,64.14582,64.14582,0.0,hcris_nmrc_agency_per_hospital,0.92,agency_rate_below_staff_cost,"Agency premium non-positive (A=$55.46, C=$64.15, M=$-8.69). Customer disclosure required before quoting."
250009,MAGNOLIA REGIONAL HEALTH CENTER,CORINTH,MS,Independent / Unknown,89.39714500000001,89.39714500000001,0.0,hcris_nmrc_agency_per_hospital,0.92,agency_rate_below_staff_cost,"Agency premium non-positive (A=$38.89, C=$89.40, M=$-50.51). Customer disclosure required before quoting."
250025,NORTH MISSISSIPPI MEDICAL CENTER-GILMORE AMORY,AMORY,MS,Independent / Unknown,64.47024499999999,64.47024499999999,0.0,hcris_nmrc_agency_per_hospital,0.92,agency_rate_below_staff_cost,"Agency premium non-positive (A=$52.65, C=$64.47, M=$-11.82). Customer disclosure required before quoting."
250031,MERIT HEALTH RIVER REGION,VICKSBURG,MS,Independent / Unknown,66.16297,66.16297,0.0,hcris_nmrc_agency_per_hospital,0.92,agency_rate_below_staff_cost,"Agency premium non-positive (A=$61.09, C=$66.16, M=$-5.07). Customer disclosure required before quoting."
250040,SINGING RIVER HEALTH SYSTEM,PASCAGOULA,MS,Independent / Unknown,67.45313,67.45313,0.0,hcris_nmrc_agency_per_hospital,0.92,agency_rate_below_staff_cost,"Agency premium non-positive (A=$48.94, C=$67.45, M=$-18.51). Customer disclosure required before quoting."
250067,CLAY COUNTY MEDICAL CORPORATION,WEST POINT,MS,Independent / Unknown,64.867125,64.867125,0.0,hcris_nmrc_agency_per_hospital,0.92,agency_rate_below_staff_cost,"Agency premium non-positive (A=$64.79, C=$64.87, M=$-0.08). Customer disclosure required before quoting."
250069,OCHSNER RUSH HOSPITAL,MERIDIAN,MS,Ochsner,58.88321,58.88321,0.0,hcris_nmrc_agency_per_hospital,0.92,agency_rate_below_staff_cost,"Agency premium non-positive (A=$28.30, C=$58.88, M=$-30.58). Customer disclosure required before quoting."
250081,ANDERSON REGIONAL MEDICAL CENTER SOUTH CAMPUS,MERIDIAN,MS,Independent / Unknown,59.566905,59.566905,0.0,hcris_nmrc_agency_per_hospital,0.92,agency_rate_below_staff_cost,"Agency premium non-positive (A=$50.83, C=$59.57, M=$-8.74). Customer disclosure required before quoting."
250096,CROSSGATES RIVER OAKS HOSPITAL,BRANDON,MS,Independent / Unknown,68.61603,68.61603,0.0,hcris_nmrc_agency_per_hospital,0.92,agency_rate_below_staff_cost,"Agency premium non-positive (A=$53.05, C=$68.62, M=$-15.57). Customer disclosure required before quoting."
250104,ANDERSON REGIONAL MEDICAL CENTER,MERIDIAN,MS,Independent / Unknown,65.924775,65.924775,0.0,hcris_nmrc_agency_per_hospital,0.92,agency_rate_below_staff_cost,"Agency premium non-positive (A=$39.44, C=$65.92, M=$-26.48). Customer disclosure required before quoting."
250141,BAPTIST MEMORIAL HOSPITAL DESOTO,SOUTHAVEN,MS,Independent / Unknown,46.053399999999996,46.053399999999996,0.0,hcris_nmrc_agency_per_hospital,0.92,agency_rate_below_staff_cost,"Agency premium non-positive (A=$36.74, C=$46.05, M=$-9.31). Customer disclosure required before quoting."
250162,OCHSNER MEDICAL CENTER-HANCOCK,BAY SAINT LOUIS,MS,Ochsner,68.51040499999999,68.51040499999999,0.0,hcris_nmrc_agency_per_hospital,0.92,agency_rate_below_staff_cost,"Agency premium non-positive (A=$50.30, C=$68.51, M=$-18.21). Customer disclosure required before quoting."
250168,UNIVERSITY OF MISSISSIPPI MEDICAL CENTER- GRENADA,GRENADA,MS,Independent / Unknown,77.75059499999999,77.75059499999999,0.0,hcris_nmrc_agency_per_hospital,0.92,agency_rate_below_staff_cost,"Agency premium non-positive (A=$44.82, C=$77.75, M=$-32.93). Customer disclosure required before quoting."
260005,SSM ST JOSEPH HEALTH CENTER,SAINT CHARLES,MO,Independent / Unknown,49.96405000000001,49.96405000000001,0.0,hcris_nmrc_agency_per_hospital,0.92,agency_rate_below_staff_cost,"Agency premium non-positive (A=$48.67, C=$49.96, M=$-1.29). Customer disclosure required before quoting."
260006,MOSAIC LIFE CARE AT ST JOSEPH,SAINT JOSEPH,MO,Independent / Unknown,93.44094,93.44094,0.0,hcris_nmrc_agency_per_hospital,0.92,agency_rate_below_staff_cost,"Agency premium non-positive (A=$79.21, C=$93.44, M=$-14.23). Customer disclosure required before quoting."
260011,SSM HEALTH ST. MARY'S HOSPITAL - JEFFERSON CITY,JEFFERSON CITY,MO,SSM Health,90.57715,90.57715,0.0,hcris_nmrc_agency_per_hospital,0.92,agency_rate_below_staff_cost,"Agency premium non-positive (A=$59.33, C=$90.58, M=$-31.25). Customer disclosure required before quoting."
260024,TEXAS COUNTY MEMORIAL HOSPITAL,HOUSTON,MO,Independent / Unknown,56.16162,56.16162,0.0,hcris_nmrc_agency_per_hospital,0.92,agency_rate_below_staff_cost,"Agency premium non-positive (A=$30.00, C=$56.16, M=$-26.16). Customer disclosure required before quoting."
260048,TRUMAN MEDICAL CENTER HOSPITAL HILL,KANSAS CITY,MO,Independent / Unknown,48.49994999999999,48.49994999999999,0.0,hcris_nmrc_agency_per_hospital,0.92,agency_rate_below_staff_cost,"Agency premium non-positive (A=$46.84, C=$48.50, M=$-1.66). Customer disclosure required before quoting."
260081,SSM ST CLARE HEALTH CENTER,FENTON,MO,Independent / Unknown,50.864050000000006,50.864050000000006,0.0,hcris_nmrc_agency_per_hospital,0.92,agency_rate_below_staff_cost,"Agency premium non-positive (A=$31.98, C=$50.86, M=$-18.88). Customer disclosure required before quoting."
260102,UNIVERSITY HEALTH LAKEWOOD MEDICAL CENTER,KANSAS CITY,MO,Independent / Unknown,52.71995,52.71995,0.0,hcris_nmrc_agency_only,0.85,agency_rate_below_staff_cost,"Agency premium non-positive (A=$32.22, C=$52.72, M=$-20.50). Customer disclosure required before quoting."
260186,LAKE REGIONAL HEALTH SYSTEM,OSAGE BEACH,MO,Independent / Unknown,67.195095,67.195095,0.0,hcris_nmrc_agency_per_hospital,0.92,agency_rate_below_staff_cost,"Agency premium non-positive (A=$61.30, C=$67.20, M=$-5.90). Customer disclosure required before quoting."
260200,SSM ST JOSEPH HOSPITAL WEST,LAKE SAINT LOUIS,MO,Independent / Unknown,51.67405000000001,51.67405000000001,0.0,hcris_nmrc_agency_per_hospital,0.92,agency_rate_below_staff_cost,"Agency premium non-positive (A=$25.17, C=$51.67, M=$-26.50). Customer disclosure required before quoting."
270004,BILLINGS CLINIC,BILLINGS,MT,Independent / Unknown,92.29389,92.29389,0.0,hcris_nmrc_agency_per_hospital,0.92,agency_rate_below_staff_cost,"Agency premium non-positive (A=$83.69, C=$92.29, M=$-8.60). Customer disclosure required before quoting."
270014,ST. PATRICK HOSPITAL,MISSOULA,MT,Independent / Unknown,82.94339,82.94339,0.0,hcris_nmrc_agency_per_hospital,0.92,agency_rate_below_staff_cost,"Agency premium non-positive (A=$54.91, C=$82.94, M=$-28.03). Customer disclosure required before quoting."
270017,ST JAMES HOSPITAL,BUTTE,MT,Independent / Unknown,92.83139500000001,92.83139500000001,0.0,hcris_nmrc_agency_per_hospital,0.92,agency_rate_below_staff_cost,"Agency premium non-positive (A=$91.65, C=$92.83, M=$-1.18). Customer disclosure required before quoting."
270049,INTERMOUNTAIN HEALTH ST VINCENT REGIONAL HOSPITAL,BILLINGS,MT,Intermountain Health,88.910855,88.910855,0.0,hcris_nmrc_agency_per_hospital,0.92,agency_rate_below_staff_cost,"Agency premium non-positive (A=$76.13, C=$88.91, M=$-12.78). Customer disclosure required before quoting."
270057,BOZEMAN HEALTH DEACONESS HOSPITAL,BOZEMAN,MT,Independent / Unknown,97.38421,97.38421,0.0,hcris_nmrc_agency_per_hospital,0.92,agency_rate_below_staff_cost,"Agency premium non-positive (A=$93.50, C=$97.38, M=$-3.88). Customer disclosure required before quoting."
280013,THE NEBRASKA MEDICAL CENTER,OMAHA,NE,Independent / Unknown,112.43357499999999,112.43357499999999,0.0,hcris_nmrc_agency_per_hospital,0.92,agency_rate_below_staff_cost,"Agency premium non-positive (A=$69.57, C=$112.43, M=$-42.86). Customer disclosure required before quoting."
280065,GREAT PLAINS HEALTH,NORTH PLATTE,NE,Independent / Unknown,101.33579,101.33579,0.0,hcris_nmrc_agency_per_hospital,0.92,agency_rate_below_staff_cost,"Agency premium non-positive (A=$90.60, C=$101.34, M=$-10.74). Customer disclosure required before quoting."
280081,CHI HEALTH IMMANUEL,OMAHA,NE,Independent / Unknown,84.23108,84.23108,0.0,hcris_nmrc_agency_per_hospital,0.92,agency_rate_below_staff_cost,"Agency premium non-positive (A=$70.69, C=$84.23, M=$-13.54). Customer disclosure required before quoting."
280129,NEBRASKA ORTHOPAEDIC HOSPITAL,OMAHA,NE,Independent / Unknown,86.02222,86.02222,0.0,hcris_nmrc_agency_per_hospital,0.92,agency_rate_below_staff_cost,"Agency premium non-positive (A=$73.53, C=$86.02, M=$-12.49). Customer disclosure required before quoting."
280130,CHI HEALTH LAKESIDE,OMAHA,NE,Independent / Unknown,97.00805,97.00805,0.0,hcris_nmrc_agency_per_hospital,0.92,agency_rate_below_staff_cost,"Agency premium non-positive (A=$92.32, C=$97.01, M=$-4.69). Customer disclosure required before quoting."
280131,MIDWEST SURGICAL HOSPITAL LLC,OMAHA,NE,Independent / Unknown,92.66463500000002,92.66463500000002,0.0,hcris_nmrc_agency_per_hospital,0.92,agency_rate_below_staff_cost,"Agency premium non-positive (A=$72.37, C=$92.66, M=$-20.29). Customer disclosure required before quoting."
280133,"NEBRASKA SPINE HOSPITAL, LLC",OMAHA,NE,Independent / Unknown,91.43036,91.43036,0.0,hcris_nmrc_agency_per_hospital,0.92,agency_rate_below_staff_cost,"Agency premium non-positive (A=$60.58, C=$91.43, M=$-30.85). Customer disclosure required before quoting."
290003,SUNRISE HOSPITAL AND MEDICAL CENTER,LAS VEGAS,NV,Independent / Unknown,74.380725,74.380725,0.0,hcris_nmrc_agency_per_hospital,0.92,agency_rate_below_staff_cost,"Agency premium non-positive (A=$54.22, C=$74.38, M=$-20.16). Customer disclosure required before quoting."
290007,UNIVERSITY MEDICAL CENTER,LAS VEGAS,NV,Independent / Unknown,73.95072499999999,73.95072499999999,0.0,hcris_nmrc_agency_per_hospital,0.92,agency_rate_below_staff_cost,"Agency premium non-positive (A=$71.30, C=$73.95, M=$-2.65). Customer disclosure required before quoting."
290032,NORTHERN NEVADA MEDICAL CENTER,SPARKS,NV,Independent / Unknown,66.7886,66.7886,0.0,hcris_nmrc_agency_per_hospital,0.92,agency_rate_below_staff_cost,"Agency premium non-positive (A=$47.29, C=$66.79, M=$-19.50). Customer disclosure required before quoting."
290042,HARMON HOSPITAL,LAS VEGAS,NV,Independent / Unknown,66.830725,66.830725,0.0,hcris_nmrc_agency_per_hospital,0.92,agency_rate_below_staff_cost,"Agency premium non-positive (A=$63.44, C=$66.83, M=$-3.39). Customer disclosure required before quoting."
300012,ELLIOT HOSPITAL,MANCHESTER,NH,Independent / Unknown,59.155725,59.155725,0.0,hcris_nmrc_agency_per_hospital,0.92,agency_rate_below_staff_cost,"Agency premium non-positive (A=$56.94, C=$59.16, M=$-2.22). Customer disclosure required before quoting."
310010,UNIVERSITY MEDICAL CENTER OF PRINCETON AT PLAINSBORO,PLAINSBORO,NJ,Independent / Unknown,77.56165000000001,77.56165000000001,0.0,hcris_nmrc_agency_per_hospital,0.92,agency_rate_below_staff_cost,"Agency premium non-positive (A=$77.04, C=$77.56, M=$-0.52). Customer disclosure required before quoting."
310028,NEWTON MEDICAL CENTER,NEWTON,NJ,Independent / Unknown,71.64165,71.64165,0.0,hcris_nmrc_agency_per_hospital,0.92,agency_rate_below_staff_cost,"Agency premium non-positive (A=$69.82, C=$71.64, M=$-1.82). Customer disclosure required before quoting."
310032,INSPIRA MEDICAL CENTER VINELAND,VINELAND,NJ,Independent / Unknown,80.15082000000001,80.15082000000001,0.0,hcris_nmrc_agency_per_hospital,0.92,agency_rate_below_staff_cost,"Agency premium non-positive (A=$77.82, C=$80.15, M=$-2.33). Customer disclosure required before quoting."
310040,CAREPOINT HEALTH-HOBOKEN UNIVERSITY MEDICAL CENTER,HOBOKEN,NJ,Independent / Unknown,69.61165000000001,69.61165000000001,0.0,hcris_nmrc_agency_per_hospital,0.92,agency_rate_below_staff_cost,"Agency premium non-positive (A=$64.46, C=$69.61, M=$-5.15). Customer disclosure required before quoting."
310044,CAPITAL HEALTH MEDICAL CENTER - HOPEWELL,PENNINGTON,NJ,Independent / Unknown,100.88961499999999,100.88961499999999,0.0,hcris_nmrc_agency_per_hospital,0.92,agency_rate_below_staff_cost,"Agency premium non-positive (A=$92.26, C=$100.89, M=$-8.63). Customer disclosure required before quoting."
310047,SHORE MEDICAL CENTER,SOMERS POINT,NJ,Independent / Unknown,93.20175,93.20175,0.0,hcris_nmrc_agency_per_hospital,0.92,agency_rate_below_staff_cost,"Agency premium non-positive (A=$87.64, C=$93.20, M=$-5.56). Customer disclosure required before quoting."
310073,JERSEY SHORE UNIVERSITY MEDICAL CENTER,NEPTUNE,NJ,Independent / Unknown,101.06242999999999,101.06242999999999,0.0,hcris_nmrc_agency_per_hospital,0.92,agency_rate_below_staff_cost,"Agency premium non-positive (A=$97.15, C=$101.06, M=$-3.91). Customer disclosure required before quoting."
310130,HACKENSACK MERIDIAN HEALTH PASCACK VALLEY MEDICAL,WESTWOOD,NJ,Hackensack Meridian Health,68.89165,68.89165,0.0,hcris_nmrc_agency_per_hospital,0.92,agency_rate_below_staff_cost,"Agency premium non-positive (A=$68.74, C=$68.89, M=$-0.15). Customer disclosure required before quoting."
314023,ASPEN HILLS HEALTHCARE CENTER,PEMBERTON,NJ,Independent / Unknown,56.61845,56.61845,0.0,hcris_nmrc_agency_per_hospital,0.92,agency_rate_below_staff_cost,"Agency premium non-positive (A=$54.71, C=$56.62, M=$-1.91). Customer disclosure required before quoting."
320001,UNM HOSPITAL,ALBUQUERQUE,NM,Independent / Unknown,69.72476999999999,69.72476999999999,0.0,hcris_nmrc_agency_per_hospital,0.92,agency_rate_below_staff_cost,"Agency premium non-positive (A=$61.34, C=$69.72, M=$-8.38). Customer disclosure required before quoting."
320002,CHRISTUS ST VINCENT REGIONAL MEDICAL CENTER,SANTA FE,NM,CHRISTUS Health,93.94782,93.94782,0.0,hcris_nmrc_agency_per_hospital,0.92,agency_rate_below_staff_cost,"Agency premium non-positive (A=$80.99, C=$93.95, M=$-12.96). Customer disclosure required before quoting."
320005,SAN JUAN REGIONAL MEDICAL CENTER INC,FARMINGTON,NM,Independent / Unknown,83.86789999999999,83.86789999999999,0.0,hcris_nmrc_agency_per_hospital,0.92,agency_rate_below_staff_cost,"Agency premium non-positive (A=$77.90, C=$83.87, M=$-5.97). Customer disclosure required before quoting."
320006,EASTERN NEW MEXICO MEDICAL CENTER,ROSWELL,NM,Independent / Unknown,76.44246500000001,76.44246500000001,0.0,hcris_nmrc_agency_per_hospital,0.92,agency_rate_below_staff_cost,"Agency premium non-positive (A=$69.92, C=$76.44, M=$-6.52). Customer disclosure required before quoting."
320011,PRESBYTERIAN ESPANOLA HOSPITAL,ESPANOLA,NM,Independent / Unknown,97.703385,97.703385,0.0,hcris_nmrc_agency_per_hospital,0.92,agency_rate_below_staff_cost,"Agency premium non-positive (A=$94.10, C=$97.70, M=$-3.60). Customer disclosure required before quoting."
320030,ARTESIA GENERAL HOSPITAL,ARTESIA,NM,Independent / Unknown,76.91256,76.91256,0.0,hcris_nmrc_agency_per_hospital,0.92,agency_rate_below_staff_cost,"Agency premium non-positive (A=$73.76, C=$76.91, M=$-3.15). Customer disclosure required before quoting."
320033,LOS ALAMOS MEDICAL CENTER,LOS ALAMOS,NM,Independent / Unknown,87.122045,87.122045,0.0,hcris_nmrc_agency_per_hospital,0.92,agency_rate_below_staff_cost,"Agency premium non-positive (A=$83.89, C=$87.12, M=$-3.23). Customer disclosure required before quoting."
320065,COVENANT HEALTH HOBBS HOSPITAL,HOBBS,NM,Independent / Unknown,78.456125,78.456125,0.0,hcris_nmrc_agency_per_hospital,0.92,agency_rate_below_staff_cost,"Agency premium non-positive (A=$72.21, C=$78.46, M=$-6.25). Customer disclosure required before quoting."
320086,LOVELACE REGIONAL HOSPITAL - ROSWELL,ROSWELL,NM,Independent / Unknown,76.39011,76.39011,0.0,hcris_nmrc_agency_per_hospital,0.92,agency_rate_below_staff_cost,"Agency premium non-positive (A=$67.33, C=$76.39, M=$-9.06). Customer disclosure required before quoting."
320091,THREE CROSSES REGIONAL HOSPITAL LLC,LAS CRUCES,NM,Independent / Unknown,89.876765,89.876765,0.0,hcris_nmrc_agency_per_hospital,0.92,agency_rate_below_staff_cost,"Agency premium non-positive (A=$64.91, C=$89.88, M=$-24.97). Customer disclosure required before quoting."
320779,GUADALUPE COUNTY HOSPITAL,SANTA ROSA,NM,Independent / Unknown,52.83781,52.83781,0.0,hcris_nmrc_agency_per_hospital,0.92,agency_rate_below_staff_cost,"Agency premium non-positive (A=$43.31, C=$52.84, M=$-9.53). Customer disclosure required before quoting."
330005,KALEIDA HEALTH,BUFFALO,NY,Independent / Unknown,86.833865,86.833865,0.0,hcris_nmrc_agency_per_hospital,0.92,agency_rate_below_staff_cost,"Agency premium non-positive (A=$60.78, C=$86.83, M=$-26.05). Customer disclosure required before quoting."
330028,RICHMOND UNIVERSITY MEDICAL CENTER,STATEN ISLAND,NY,Independent / Unknown,74.05165000000001,74.05165000000001,0.0,hcris_nmrc_agency_per_hospital,0.92,agency_rate_below_staff_cost,"Agency premium non-positive (A=$44.43, C=$74.05, M=$-29.62). Customer disclosure required before quoting."
330045,NS/LIJ HS HUNTINGTON HOSPITAL,HUNTINGTON,NY,Independent / Unknown,72.79165,72.79165,0.0,hcris_nmrc_agency_per_hospital,0.92,agency_rate_below_staff_cost,"Agency premium non-positive (A=$63.43, C=$72.79, M=$-9.36). Customer disclosure required before quoting."
330057,ST PETER'S HOSPITAL,ALBANY,NY,Independent / Unknown,79.28086499999999,79.28086499999999,0.0,hcris_nmrc_agency_per_hospital,0.92,agency_rate_below_staff_cost,"Agency premium non-positive (A=$69.30, C=$79.28, M=$-9.98). Customer disclosure required before quoting."
330078,SISTERS OF CHARITY HOSPITAL,BUFFALO,NY,Independent / Unknown,81.11567,81.11567,0.0,hcris_nmrc_agency_per_hospital,0.92,agency_rate_below_staff_cost,"Agency premium non-positive (A=$45.64, C=$81.12, M=$-35.48). Customer disclosure required before quoting."
330111,BERTRAND CHAFFEE HOSPITAL,SPRINGVILLE,NY,Independent / Unknown,61.867349999999995,61.867349999999995,0.0,hcris_nmrc_agency_per_hospital,0.92,agency_rate_below_staff_cost,"Agency premium non-positive (A=$44.46, C=$61.87, M=$-17.41). Customer disclosure required before quoting."
330128,ELMHURST HOSPITAL CENTER,ELMHURST,NY,Independent / Unknown,81.81165000000001,81.81165000000001,0.0,hcris_nmrc_agency_per_hospital,0.92,agency_rate_below_staff_cost,"Agency premium non-positive (A=$57.00, C=$81.81, M=$-24.81). Customer disclosure required before quoting."
330140,ST JOSEPH'S HOSPITAL HEALTH CENTER,SYRACUSE,NY,Independent / Unknown,81.68453,81.68453,0.0,hcris_nmrc_agency_per_hospital,0.92,agency_rate_below_staff_cost,"Agency premium non-positive (A=$81.32, C=$81.68, M=$-0.36). Customer disclosure required before quoting."
330151,ST JAMES HOSPITAL,HORNELL,NY,Independent / Unknown,65.669415,65.669415,0.0,hcris_nmrc_agency_per_hospital,0.92,agency_rate_below_staff_cost,"Agency premium non-positive (A=$54.87, C=$65.67, M=$-10.80). Customer disclosure required before quoting."
330180,"SAMARITAN HOSPITAL OF TROY, NEW YORK",TROY,NY,Independent / Unknown,82.27053,82.27053,0.0,hcris_nmrc_agency_per_hospital,0.92,agency_rate_below_staff_cost,"Agency premium non-positive (A=$79.86, C=$82.27, M=$-2.41). Customer disclosure required before quoting."
330184,MONTEFIORE NEW ROCHELLE HOSPITAL,NEW ROCHELLE,NY,Independent / Unknown,100.28356000000001,100.28356000000001,0.0,hcris_nmrc_agency_per_hospital,0.92,agency_rate_below_staff_cost,"Agency premium non-positive (A=$98.51, C=$100.28, M=$-1.77). Customer disclosure required before quoting."
330196,SOUTH BROOKLYN HEALTH,BROOKLYN,NY,Independent / Unknown,82.70165,82.70165,0.0,hcris_nmrc_agency_per_hospital,0.92,agency_rate_below_staff_cost,"Agency premium non-positive (A=$77.22, C=$82.70, M=$-5.48). Customer disclosure required before quoting."
330199,METROPOLITAN HOSPITAL CENTER,NEW YORK,NY,NYC Health + Hospitals,83.57165,83.57165,0.0,hcris_nmrc_agency_per_hospital,0.92,agency_rate_below_staff_cost,"Agency premium non-positive (A=$72.84, C=$83.57, M=$-10.73). Customer disclosure required before quoting."
330203,CROUSE HOSPITAL,SYRACUSE,NY,Independent / Unknown,85.285445,85.285445,0.0,hcris_nmrc_agency_per_hospital,0.92,agency_rate_below_staff_cost,"Agency premium non-positive (A=$82.19, C=$85.29, M=$-3.10). Customer disclosure required before quoting."
330218,OSWEGO HOSPITAL,OSWEGO,NY,Independent / Unknown,72.7612,72.7612,0.0,hcris_nmrc_agency_per_hospital,0.92,agency_rate_below_staff_cost,"Agency premium non-positive (A=$69.33, C=$72.76, M=$-3.43). Customer disclosure required before quoting."
330219,ERIE COUNTY MEDICAL CENTER,BUFFALO,NY,Independent / Unknown,91.14222500000001,91.14222500000001,0.0,hcris_nmrc_agency_per_hospital,0.92,agency_rate_below_staff_cost,"Agency premium non-positive (A=$36.82, C=$91.14, M=$-54.32). Customer disclosure required before quoting."
330224,HEALTHALLIANCE HOSPITAL MARYS AVENUE CAMPUS,KINGSTON,NY,Independent / Unknown,97.65521,97.65521,0.0,hcris_nmrc_agency_per_hospital,0.92,agency_rate_below_staff_cost,"Agency premium non-positive (A=$74.55, C=$97.66, M=$-23.11). Customer disclosure required before quoting."
330231,QUEENS HOSPITAL CENTER,JAMAICA,NY,Independent / Unknown,84.16165000000001,84.16165000000001,0.0,hcris_nmrc_agency_per_hospital,0.92,agency_rate_below_staff_cost,"Agency premium non-positive (A=$73.28, C=$84.16, M=$-10.88). Customer disclosure required before quoting."
330265,CLIFTON SPRINGS HOSPITAL AND CLINIC,CLIFTON SPRINGS,NY,Independent / Unknown,115.183335,115.183335,0.0,hcris_nmrc_agency_per_hospital,0.92,agency_rate_below_staff_cost,"Agency premium non-positive (A=$79.51, C=$115.18, M=$-35.67). Customer disclosure required before quoting."
330307,CAYUGA MEDICAL CENTER AT ITHACA,ITHACA,NY,Independent / Unknown,83.625685,83.625685,0.0,hcris_nmrc_agency_per_hospital,0.92,agency_rate_below_staff_cost,"Agency premium non-positive (A=$74.19, C=$83.63, M=$-9.44). Customer disclosure required before quoting."
330401,ST CATHERINE OF SIENA HOSPITAL,SMITHTOWN,NY,Independent / Unknown,69.78165000000001,69.78165000000001,0.0,hcris_nmrc_agency_per_hospital,0.92,agency_rate_below_staff_cost,"Agency premium non-positive (A=$61.43, C=$69.78, M=$-8.35). Customer disclosure required before quoting."
340002,MEMORIAL MISSION HOSPITAL AND ASHEVILLE SURGERY CE,ASHEVILLE,NC,Independent / Unknown,71.15362,71.15362,0.0,hcris_nmrc_agency_per_hospital,0.92,agency_rate_below_staff_cost,"Agency premium non-positive (A=$56.69, C=$71.15, M=$-14.46). Customer disclosure required before quoting."
340004,HIGH POINT REGIONAL HEALTH SYSTEM,HIGH POINT,NC,Independent / Unknown,81.916775,81.916775,0.0,hcris_nmrc_agency_per_hospital,0.92,agency_rate_below_staff_cost,"Agency premium non-positive (A=$79.78, C=$81.92, M=$-2.14). Customer disclosure required before quoting."
340008,SCOTLAND MEMORIAL HOSPITAL,LAURINBURG,NC,Independent / Unknown,75.08585,75.08585,0.0,hcris_nmrc_agency_per_hospital,0.92,agency_rate_below_staff_cost,"Agency premium non-positive (A=$69.93, C=$75.09, M=$-5.16). Customer disclosure required before quoting."
340014,NOVANT HEALTH FORSYTH MEDICAL CENTER,WINSTON-SALEM,NC,Independent / Unknown,87.09260000000002,87.09260000000002,0.0,hcris_nmrc_agency_per_hospital,0.92,agency_rate_below_staff_cost,"Agency premium non-positive (A=$56.92, C=$87.09, M=$-30.17). Customer disclosure required before quoting."
340020,CENTRAL CAROLINA HOSPITAL,SANFORD,NC,Independent / Unknown,66.40957999999999,66.40957999999999,0.0,hcris_nmrc_agency_per_hospital,0.92,agency_rate_below_staff_cost,"Agency premium non-positive (A=$32.98, C=$66.41, M=$-33.43). Customer disclosure required before quoting."
340047,NORTH CAROLINA BAPTIST HOSPITAL,WINSTON-SALEM,NC,Independent / Unknown,85.40649499999999,85.40649499999999,0.0,hcris_nmrc_agency_per_hospital,0.92,agency_rate_below_staff_cost,"Agency premium non-positive (A=$80.67, C=$85.41, M=$-4.74). Customer disclosure required before quoting."
340053,NOVANT HEALTH PRESBYTERIAN MEDICAL CENTER,CHARLOTTE,NC,Independent / Unknown,87.57248999999999,87.57248999999999,0.0,hcris_nmrc_agency_per_hospital,0.92,agency_rate_below_staff_cost,"Agency premium non-positive (A=$49.95, C=$87.57, M=$-37.62). Customer disclosure required before quoting."
340064,WILKES REGIONAL MEDICAL CENTER,NORTH WILKESBORO,NC,Independent / Unknown,77.387005,77.387005,0.0,hcris_nmrc_agency_per_hospital,0.92,agency_rate_below_staff_cost,"Agency premium non-positive (A=$74.15, C=$77.39, M=$-3.24). Customer disclosure required before quoting."
340070,ALAMANCE REGIONAL MEDICAL CENTER,BURLINGTON,NC,Independent / Unknown,70.98444,70.98444,0.0,hcris_nmrc_agency_per_hospital,0.92,agency_rate_below_staff_cost,"Agency premium non-positive (A=$64.65, C=$70.98, M=$-6.33). Customer disclosure required before quoting."
340085,NOVANT HEALTH THOMASVILLE MEDICAL CENTER,THOMASVILLE,NC,Independent / Unknown,91.764885,91.764885,0.0,hcris_nmrc_agency_per_hospital,0.92,agency_rate_below_staff_cost,"Agency premium non-positive (A=$57.39, C=$91.76, M=$-34.37). Customer disclosure required before quoting."
340090,JOHNSTON HEALTH,SMITHFIELD,NC,Independent / Unknown,50.50645,50.50645,0.0,hcris_nmrc_agency_per_hospital,0.92,agency_rate_below_staff_cost,"Agency premium non-positive (A=$48.65, C=$50.51, M=$-1.86). Customer disclosure required before quoting."
340091,"MOSES H. CONE MEMORIAL HOSPITAL, THE",GREENSBORO,NC,Independent / Unknown,76.19634,76.19634,0.0,hcris_nmrc_agency_per_hospital,0.92,agency_rate_below_staff_cost,"Agency premium non-positive (A=$62.55, C=$76.20, M=$-13.65). Customer disclosure required before quoting."
340096,LEXINGTON MEMORIAL HOSPITAL INC,LEXINGTON,NC,Independent / Unknown,78.721425,78.721425,0.0,hcris_nmrc_agency_per_hospital,0.92,agency_rate_below_staff_cost,"Agency premium non-positive (A=$74.22, C=$78.72, M=$-4.50). Customer disclosure required before quoting."
340098,ATRIUM HEALTH PINEVILLE,CHARLOTTE,NC,Advocate Health,51.826175000000006,51.826175000000006,0.0,hcris_nmrc_agency_per_hospital,0.92,agency_rate_below_staff_cost,"Agency premium non-positive (A=$44.17, C=$51.83, M=$-7.66). Customer disclosure required before quoting."
340127,GRANVILLE HEALTH SYSTEMS,OXFORD,NC,Independent / Unknown,73.508855,73.508855,0.0,hcris_nmrc_agency_per_hospital,0.92,agency_rate_below_staff_cost,"Agency premium non-positive (A=$50.34, C=$73.51, M=$-23.17). Customer disclosure required before quoting."
340141,NOVANT HEALTH NEW HANOVER REGIONAL MEDICAL CENTER,WILMINGTON,NC,Independent / Unknown,79.19361500000001,79.19361500000001,0.0,hcris_nmrc_agency_per_hospital,0.92,agency_rate_below_staff_cost,"Agency premium non-positive (A=$57.46, C=$79.19, M=$-21.73). Customer disclosure required before quoting."
340143,CATAWBA VALLEY MEDICAL CENTER,HICKORY,NC,Independent / Unknown,82.98847,82.98847,0.0,hcris_nmrc_agency_per_hospital,0.92,agency_rate_below_staff_cost,"Agency premium non-positive (A=$54.98, C=$82.99, M=$-28.01). Customer disclosure required before quoting."
340148,NOVANT HEALTH MEDICAL PARK HOSPITAL,WINSTON-SALEM,NC,Independent / Unknown,92.84406999999999,92.84406999999999,0.0,hcris_nmrc_agency_per_hospital,0.92,agency_rate_below_staff_cost,"Agency premium non-positive (A=$47.14, C=$92.84, M=$-45.70). Customer disclosure required before quoting."
340158,NOVANT HEALTH BRUNSWICK MEDICAL CENTER,SUPPLY,NC,Independent / Unknown,77.911425,77.911425,0.0,hcris_nmrc_agency_per_hospital,0.92,agency_rate_below_staff_cost,"Agency premium non-positive (A=$50.68, C=$77.91, M=$-27.23). Customer disclosure required before quoting."
340171,NOVANT HEALTH MATTHEWS MEDICAL CENTER,MATTHEWS,NC,Independent / Unknown,83.94256,83.94256,0.0,hcris_nmrc_agency_per_hospital,0.92,agency_rate_below_staff_cost,"Agency premium non-positive (A=$50.57, C=$83.94, M=$-33.37). Customer disclosure required before quoting."
340183,NOVANT HEALTH HUNTERSVILLE MEDICAL CENTER,HUNTERSVILLE,NC,Independent / Unknown,52.616175000000005,52.616175000000005,0.0,hcris_nmrc_agency_per_hospital,0.92,agency_rate_below_staff_cost,"Agency premium non-positive (A=$51.70, C=$52.62, M=$-0.92). Customer disclosure required before quoting."
340190,NOVANT HEALTH MINT HILL MEDICAL CENTER,CHARLOTTE,NC,Independent / Unknown,53.09617500000001,53.09617500000001,0.0,hcris_nmrc_agency_per_hospital,0.92,agency_rate_below_staff_cost,"Agency premium non-positive (A=$45.56, C=$53.10, M=$-7.54). Customer disclosure required before quoting."
340195,NOVANT HEALTH BALLANTYNE MEDICAL CENTER,CHARLOTTE,NC,Independent / Unknown,52.28617500000001,52.28617500000001,0.0,hcris_nmrc_agency_per_hospital,0.92,agency_rate_below_staff_cost,"Agency premium non-positive (A=$46.69, C=$52.29, M=$-5.60). Customer disclosure required before quoting."
350006,TRINITY HOSPITALS,MINOT,ND,Independent / Unknown,93.187485,93.187485,0.0,hcris_nmrc_agency_per_hospital,0.92,agency_rate_below_staff_cost,"Agency premium non-positive (A=$92.16, C=$93.19, M=$-1.03). Customer disclosure required before quoting."
350011,SANFORD MEDICAL CENTER FARGO,FARGO,ND,Independent / Unknown,95.62973,95.62973,0.0,hcris_nmrc_agency_per_hospital,0.92,agency_rate_below_staff_cost,"Agency premium non-positive (A=$74.68, C=$95.63, M=$-20.95). Customer disclosure required before quoting."
350015,SANFORD MEDICAL CENTER BISMARCK,BISMARCK,ND,Independent / Unknown,97.57880000000002,97.57880000000002,0.0,hcris_nmrc_agency_per_hospital,0.92,agency_rate_below_staff_cost,"Agency premium non-positive (A=$93.32, C=$97.58, M=$-4.26). Customer disclosure required before quoting."
350070,ESSENTIA HEALTH,FARGO,ND,Independent / Unknown,116.32165,116.32165,0.0,hcris_nmrc_agency_per_hospital,0.92,agency_rate_below_staff_cost,"Agency premium non-positive (A=$97.91, C=$116.32, M=$-18.41). Customer disclosure required before quoting."
360002,UNIVERSITY HOSPITALS SAMARITAN MEDICAL CENTER,ASHLAND,OH,Independent / Unknown,67.82653,67.82653,0.0,hcris_nmrc_agency_per_hospital,0.92,agency_rate_below_staff_cost,"Agency premium non-positive (A=$64.76, C=$67.83, M=$-3.07). Customer disclosure required before quoting."
360008,SOUTHERN OHIO MEDICAL CENTER,PORTSMOUTH,OH,Independent / Unknown,65.54889,65.54889,0.0,hcris_nmrc_agency_per_hospital,0.92,agency_rate_below_staff_cost,"Agency premium non-positive (A=$50.24, C=$65.55, M=$-15.31). Customer disclosure required before quoting."
360012,MOUNT CARMEL ST ANN'S,WESTERVILLE,OH,Independent / Unknown,53.15557499999999,53.15557499999999,0.0,hcris_nmrc_agency_per_hospital,0.92,agency_rate_below_staff_cost,"Agency premium non-positive (A=$50.08, C=$53.16, M=$-3.08). Customer disclosure required before quoting."
360029,WOOD COUNTY HOSPITAL,BOWLING GREEN,OH,Independent / Unknown,66.80708,66.80708,0.0,hcris_nmrc_agency_per_hospital,0.92,agency_rate_below_staff_cost,"Agency premium non-positive (A=$58.18, C=$66.81, M=$-8.63). Customer disclosure required before quoting."
360032,GRAND LAKE HEALTH SYSTEM,SAINT MARYS,OH,Independent / Unknown,71.665885,71.665885,0.0,hcris_nmrc_agency_per_hospital,0.92,agency_rate_below_staff_cost,"Agency premium non-positive (A=$49.42, C=$71.67, M=$-22.25). Customer disclosure required before quoting."
360041,PARMA COMMUNITY GENERAL HOSPITAL,PARMA,OH,Independent / Unknown,68.918925,68.918925,0.0,hcris_nmrc_agency_per_hospital,0.92,agency_rate_below_staff_cost,"Agency premium non-positive (A=$62.42, C=$68.92, M=$-6.50). Customer disclosure required before quoting."
360059,METROHEALTH SYSTEM,CLEVELAND,OH,Independent / Unknown,90.37893000000001,90.37893000000001,0.0,hcris_nmrc_agency_per_hospital,0.92,agency_rate_below_staff_cost,"Agency premium non-positive (A=$37.00, C=$90.38, M=$-53.38). Customer disclosure required before quoting."
360075,UH REGIONAL HOSPITALS,CHARDON,OH,Independent / Unknown,67.04844,67.04844,0.0,hcris_nmrc_agency_per_hospital,0.92,agency_rate_below_staff_cost,"Agency premium non-positive (A=$47.65, C=$67.05, M=$-19.40). Customer disclosure required before quoting."
360078,UNIVERSITY HOSPITALS PORTAGE MEDICAL CENTER,RAVENNA,OH,Independent / Unknown,66.05702,66.05702,0.0,hcris_nmrc_agency_per_hospital,0.92,agency_rate_below_staff_cost,"Agency premium non-positive (A=$65.84, C=$66.06, M=$-0.22). Customer disclosure required before quoting."
360084,AULTMAN HOSPITAL,CANTON,OH,Independent / Unknown,65.3015,65.3015,0.0,hcris_nmrc_agency_per_hospital,0.92,agency_rate_below_staff_cost,"Agency premium non-positive (A=$52.00, C=$65.30, M=$-13.30). Customer disclosure required before quoting."
360089,MERCY HEALTH - TIFFIN HOSPITAL,TIFFIN,OH,Bon Secours Mercy Health,73.23925,73.23925,0.0,hcris_nmrc_agency_per_hospital,0.92,agency_rate_below_staff_cost,"Agency premium non-positive (A=$56.94, C=$73.24, M=$-16.30). Customer disclosure required before quoting."
360123,UH ST JOHN MEDICAL CENTER,WESTLAKE,OH,Independent / Unknown,69.09286,69.09286,0.0,hcris_nmrc_agency_per_hospital,0.92,agency_rate_below_staff_cost,"Agency premium non-positive (A=$59.64, C=$69.09, M=$-9.45). Customer disclosure required before quoting."
360137,UH CLEVELAND MEDICAL CENTER,CLEVELAND,OH,Independent / Unknown,87.824945,87.824945,0.0,hcris_nmrc_agency_per_hospital,0.92,agency_rate_below_staff_cost,"Agency premium non-positive (A=$80.83, C=$87.82, M=$-6.99). Customer disclosure required before quoting."
360145,UNIVERSITY HOSPITALS - ELYRIA MEDICAL CENTER,ELYRIA,OH,Independent / Unknown,68.59040499999999,68.59040499999999,0.0,hcris_nmrc_agency_per_hospital,0.92,agency_rate_below_staff_cost,"Agency premium non-positive (A=$64.93, C=$68.59, M=$-3.66). Customer disclosure required before quoting."
360148,POMERENE HOSPITAL,MILLERSBURG,OH,Independent / Unknown,65.696815,65.696815,0.0,hcris_nmrc_agency_per_hospital,0.92,agency_rate_below_staff_cost,"Agency premium non-positive (A=$59.53, C=$65.70, M=$-6.17). Customer disclosure required before quoting."
360170,BERGER HOSPITAL,CIRCLEVILLE,OH,Independent / Unknown,51.035574999999994,51.035574999999994,0.0,hcris_nmrc_agency_per_hospital,0.92,agency_rate_below_staff_cost,"Agency premium non-positive (A=$45.00, C=$51.04, M=$-6.04). Customer disclosure required before quoting."
360172,MERCY REGIONAL MEDICAL CENTER,LORAIN,OH,Independent / Unknown,68.90122,68.90122,0.0,hcris_nmrc_agency_per_hospital,0.92,agency_rate_below_staff_cost,"Agency premium non-positive (A=$68.47, C=$68.90, M=$-0.43). Customer disclosure required before quoting."
360174,UPPER VALLEY MEDICAL CENTER,TROY,OH,Independent / Unknown,68.613895,68.613895,0.0,hcris_nmrc_agency_per_hospital,0.92,agency_rate_below_staff_cost,"Agency premium non-positive (A=$65.20, C=$68.61, M=$-3.41). Customer disclosure required before quoting."
360180,CLEVELAND CLINIC,CLEVELAND,OH,Cleveland Clinic,102.570965,102.570965,0.0,hcris_nmrc_agency_per_hospital,0.92,agency_rate_below_staff_cost,"Agency premium non-positive (A=$96.70, C=$102.57, M=$-5.87). Customer disclosure required before quoting."
360211,TRINITY MEDICAL CTR EAST &TRINITY MEDICAL CTR WEST,STEUBENVILLE,OH,Independent / Unknown,69.84465,69.84465,0.0,hcris_nmrc_agency_per_hospital,0.92,agency_rate_below_staff_cost,"Agency premium non-positive (A=$55.51, C=$69.84, M=$-14.33). Customer disclosure required before quoting."
360263,INSTITUTE FOR ORTHOPAEDIC SURGERY,LIMA,OH,Independent / Unknown,64.21818,64.21818,0.0,hcris_nmrc_agency_per_hospital,0.92,agency_rate_below_staff_cost,"Agency premium non-positive (A=$30.75, C=$64.22, M=$-33.47). Customer disclosure required before quoting."
360266,MOUNT CARMEL NEW ALBANY SURGICAL HOSPITAL,NEW ALBANY,OH,Independent / Unknown,54.955574999999996,54.955574999999996,0.0,hcris_nmrc_agency_per_hospital,0.92,agency_rate_below_staff_cost,"Agency premium non-positive (A=$51.51, C=$54.96, M=$-3.45). Customer disclosure required before quoting."
360359,UNIVERSITY HOSPITALS AHUJA MEDICAL CENTER,BEACHWOOD,OH,Independent / Unknown,69.186955,69.186955,0.0,hcris_nmrc_agency_per_hospital,0.92,agency_rate_below_staff_cost,"Agency premium non-positive (A=$63.54, C=$69.19, M=$-5.65). Customer disclosure required before quoting."
360365,AVITA ONTARIO,ONTARIO,OH,Independent / Unknown,84.026805,84.026805,0.0,hcris_nmrc_agency_per_hospital,0.92,agency_rate_below_staff_cost,"Agency premium non-positive (A=$72.53, C=$84.03, M=$-11.50). Customer disclosure required before quoting."
360367,LAKE HEALTH BEACHWOOD MEDICAL CENTER,BEACHWOOD,OH,Independent / Unknown,71.16750499999999,71.16750499999999,0.0,hcris_nmrc_agency_per_hospital,0.92,agency_rate_below_staff_cost,"Agency premium non-positive (A=$68.29, C=$71.17, M=$-2.88). Customer disclosure required before quoting."
360374,MERCY HEALTH KINGS MILLS HOSPITAL LLC,MASON,OH,Bon Secours Mercy Health,53.472025,53.472025,0.0,hcris_nmrc_agency_only,0.85,agency_rate_below_staff_cost,"Agency premium non-positive (A=$51.25, C=$53.47, M=$-2.22). Customer disclosure required before quoting."
370002,ALLIANCEHEALTH WOODWARD,WOODWARD,OK,Independent / Unknown,68.83974,68.83974,0.0,hcris_nmrc_agency_per_hospital,0.92,agency_rate_below_staff_cost,"Agency premium non-positive (A=$52.78, C=$68.84, M=$-16.06). Customer disclosure required before quoting."
370004,INTEGRIS MIAMI HOSPITAL,MIAMI,OK,Independent / Unknown,66.277345,66.277345,0.0,hcris_nmrc_agency_per_hospital,0.92,agency_rate_below_staff_cost,"Agency premium non-positive (A=$41.46, C=$66.28, M=$-24.82). Customer disclosure required before quoting."
370013,"MERCY HOSPITAL OKLAHOMA CITY, INC",OKLAHOMA CITY,OK,Independent / Unknown,57.188575,57.188575,0.0,commonspirit_staff_hcris_nmrc_agency,0.95,agency_rate_below_staff_cost,"Agency premium non-positive (A=$54.98, C=$57.19, M=$-2.21). Customer disclosure required before quoting."
370018,ASCENSION ST JOHN JANE PHILLIPS,BARTLESVILLE,OK,Ascension,74.67907,74.67907,0.0,hcris_nmrc_agency_per_hospital,0.92,agency_rate_below_staff_cost,"Agency premium non-positive (A=$67.87, C=$74.68, M=$-6.81). Customer disclosure required before quoting."
370019,GREAT PLAINS REGIONAL MEDICAL CENTER,ELK CITY,OK,Independent / Unknown,60.631405,60.631405,0.0,hcris_nmrc_agency_per_hospital,0.92,agency_rate_below_staff_cost,"Agency premium non-positive (A=$50.63, C=$60.63, M=$-10.00). Customer disclosure required before quoting."
370020,MERCY HOSPITAL ADA,ADA,OK,Independent / Unknown,57.188575,57.188575,0.0,commonspirit_staff_hcris_nmrc_agency,0.95,agency_rate_below_staff_cost,"Agency premium non-positive (A=$35.42, C=$57.19, M=$-21.77). Customer disclosure required before quoting."
370037,SSM HEALTH ST ANTHONY HOSPITAL - OKLAHOMA CITY,OKLAHOMA CITY,OK,SSM Health,82.45212,82.45212,0.0,hcris_nmrc_agency_per_hospital,0.92,agency_rate_below_staff_cost,"Agency premium non-positive (A=$67.07, C=$82.45, M=$-15.38). Customer disclosure required before quoting."
370091,"SAINT FRANCIS HOSPITAL, INC",TULSA,OK,Independent / Unknown,76.012565,76.012565,0.0,hcris_nmrc_agency_per_hospital,0.92,agency_rate_below_staff_cost,"Agency premium non-positive (A=$59.42, C=$76.01, M=$-16.59). Customer disclosure required before quoting."
370093,O U MEDICAL CENTER,OKLAHOMA CITY,OK,Independent / Unknown,78.868465,78.868465,0.0,hcris_nmrc_agency_per_hospital,0.92,agency_rate_below_staff_cost,"Agency premium non-positive (A=$63.42, C=$78.87, M=$-15.45). Customer disclosure required before quoting."
370094,SSM HEALTH ST ANTHONY HOSPITAL - MIDWEST,MIDWEST CITY,OK,SSM Health,81.22426499999999,81.22426499999999,0.0,hcris_nmrc_agency_only,0.85,agency_rate_below_staff_cost,"Agency premium non-positive (A=$69.42, C=$81.22, M=$-11.80). Customer disclosure required before quoting."
370099,HILLCREST HOSPITAL CUSHING,CUSHING,OK,Independent / Unknown,75.11339,75.11339,0.0,hcris_nmrc_agency_per_hospital,0.92,agency_rate_below_staff_cost,"Agency premium non-positive (A=$46.15, C=$75.11, M=$-28.96). Customer disclosure required before quoting."
370112,SEQUOYAH COUNTY-CITY OF SALLISAW HOSPITAL AUTHORIT,SALLISAW,OK,Independent / Unknown,53.21239,53.21239,0.0,hcris_nmrc_agency_per_hospital,0.92,agency_rate_below_staff_cost,"Agency premium non-positive (A=$46.82, C=$53.21, M=$-6.39). Customer disclosure required before quoting."
370114,ASCENSION ST JOHN MEDICAL CENTER,TULSA,OK,Ascension,73.705685,73.705685,0.0,hcris_nmrc_agency_per_hospital,0.92,agency_rate_below_staff_cost,"Agency premium non-positive (A=$68.16, C=$73.71, M=$-5.55). Customer disclosure required before quoting."
370192,NORTHWEST SURGICAL HOSPITAL,OKLAHOMA CITY,OK,Independent / Unknown,72.45083000000001,72.45083000000001,0.0,hcris_nmrc_agency_per_hospital,0.92,agency_rate_below_staff_cost,"Agency premium non-positive (A=$66.54, C=$72.45, M=$-5.91). Customer disclosure required before quoting."
370203,"COMMUNITY HOSPITAL, LLC",OKLAHOMA CITY,OK,Independent / Unknown,64.05865999999999,64.05865999999999,0.0,hcris_nmrc_agency_per_hospital,0.92,agency_rate_below_staff_cost,"Agency premium non-positive (A=$58.31, C=$64.06, M=$-5.75). Customer disclosure required before quoting."
370206,OKLAHOMA SPINE HOSPITAL,OKLAHOMA CITY,OK,Independent / Unknown,77.727315,77.727315,0.0,hcris_nmrc_agency_per_hospital,0.92,agency_rate_below_staff_cost,"Agency premium non-positive (A=$74.95, C=$77.73, M=$-2.78). Customer disclosure required before quoting."
370215,"OKLAHOMA HEART HOSPITAL, LLC",OKLAHOMA CITY,OK,Independent / Unknown,96.60896,96.60896,0.0,hcris_nmrc_agency_per_hospital,0.92,agency_rate_below_staff_cost,"Agency premium non-positive (A=$84.88, C=$96.61, M=$-11.73). Customer disclosure required before quoting."
370220,ONECORE HEALTH,OKLAHOMA CITY,OK,Independent / Unknown,60.04894,60.04894,0.0,hcris_nmrc_agency_per_hospital,0.92,agency_rate_below_staff_cost,"Agency premium non-positive (A=$56.46, C=$60.05, M=$-3.59). Customer disclosure required before quoting."
370227,ST JOHN OWASSO,OWASSO,OK,Independent / Unknown,78.63267,78.63267,0.0,hcris_nmrc_agency_per_hospital,0.92,agency_rate_below_staff_cost,"Agency premium non-positive (A=$60.67, C=$78.63, M=$-17.96). Customer disclosure required before quoting."
370235,ASCENSION ST JOHN BROKEN ARROW,BROKEN ARROW,OK,Ascension,69.790995,69.790995,0.0,hcris_nmrc_agency_per_hospital,0.92,agency_rate_below_staff_cost,"Agency premium non-positive (A=$69.38, C=$69.79, M=$-0.41). Customer disclosure required before quoting."
370236,INTEGRIS HEALTH EDMOND HOSPITAL,EDMOND,OK,Independent / Unknown,74.71394000000001,74.71394000000001,0.0,hcris_nmrc_agency_per_hospital,0.92,agency_rate_below_staff_cost,"Agency premium non-positive (A=$72.74, C=$74.71, M=$-1.97). Customer disclosure required before quoting."
380004,PROVIDENCE ST VINCENT MEDICAL CENTER,PORTLAND,OR,Providence,78.5782,78.5782,0.0,hcris_nmrc_agency_per_hospital,0.92,agency_rate_below_staff_cost,"Agency premium non-positive (A=$51.90, C=$78.58, M=$-26.68). Customer disclosure required before quoting."
380005,ASANTE ASHLAND COMMUNITY HOSPITAL,ASHLAND,OR,Independent / Unknown,116.68490499999999,116.68490499999999,0.0,hcris_nmrc_agency_only,0.85,agency_rate_below_staff_cost,"Agency premium non-positive (A=$92.49, C=$116.68, M=$-24.19). Customer disclosure required before quoting."
380014,GOOD SAMARITAN REGIONAL MEDICAL CENTER,CORVALLIS,OR,Independent / Unknown,117.96948499999999,117.96948499999999,0.0,hcris_nmrc_agency_per_hospital,0.92,agency_rate_below_staff_cost,"Agency premium non-positive (A=$89.99, C=$117.97, M=$-27.98). Customer disclosure required before quoting."
380017,LEGACY GOOD SAMARITAN MEDICAL CENTER,PORTLAND,OR,Independent / Unknown,77.50819999999999,77.50819999999999,0.0,hcris_nmrc_agency_per_hospital,0.92,agency_rate_below_staff_cost,"Agency premium non-positive (A=$61.93, C=$77.51, M=$-15.58). Customer disclosure required before quoting."
380020,MCKENZIE-WILLAMETTE MEDICAL CENTER,SPRINGFIELD,OR,Independent / Unknown,107.15355000000001,107.15355000000001,0.0,hcris_nmrc_agency_per_hospital,0.92,agency_rate_below_staff_cost,"Agency premium non-positive (A=$93.29, C=$107.15, M=$-13.86). Customer disclosure required before quoting."
380021,HILLSBORO MEDICAL CENTER,HILLSBORO,OR,Independent / Unknown,76.5182,76.5182,0.0,hcris_nmrc_agency_per_hospital,0.92,agency_rate_below_staff_cost,"Agency premium non-positive (A=$69.82, C=$76.52, M=$-6.70). Customer disclosure required before quoting."
380029,LEGACY SILVERTON MEDICAL CENTER,SILVERTON,OR,Independent / Unknown,80.45573,80.45573,0.0,hcris_nmrc_agency_per_hospital,0.92,agency_rate_below_staff_cost,"Agency premium non-positive (A=$63.21, C=$80.46, M=$-17.25). Customer disclosure required before quoting."
380037,PROVIDENCE NEWBERG MEDICAL CENTER,NEWBERG,OR,Providence,81.62819999999999,81.62819999999999,0.0,hcris_nmrc_agency_per_hospital,0.92,agency_rate_below_staff_cost,"Agency premium non-positive (A=$58.25, C=$81.63, M=$-23.38). Customer disclosure required before quoting."
380038,PROVIDENCE WILLAMETTE FALLS MEDICAL CENTER,OREGON CITY,OR,Providence,79.53819999999999,79.53819999999999,0.0,hcris_nmrc_agency_per_hospital,0.92,agency_rate_below_staff_cost,"Agency premium non-positive (A=$56.32, C=$79.54, M=$-23.22). Customer disclosure required before quoting."
380047,ST CHARLES MEDICAL CENTER - BEND,BEND,OR,Independent / Unknown,116.66368500000002,116.66368500000002,0.0,hcris_nmrc_agency_per_hospital,0.92,agency_rate_below_staff_cost,"Agency premium non-positive (A=$93.64, C=$116.66, M=$-23.02). Customer disclosure required before quoting."
380051,SALEM HOSPITAL,SALEM,OR,Independent / Unknown,102.422125,102.422125,0.0,hcris_nmrc_agency_per_hospital,0.92,agency_rate_below_staff_cost,"Agency premium non-positive (A=$65.09, C=$102.42, M=$-37.33). Customer disclosure required before quoting."
380052,SAINT ALPHONSUS MEDICAL CENTER ONTARIO,ONTARIO,OR,Independent / Unknown,83.55682,83.55682,0.0,hcris_nmrc_agency_per_hospital,0.92,agency_rate_below_staff_cost,"Agency premium non-positive (A=$68.98, C=$83.56, M=$-14.58). Customer disclosure required before quoting."
380061,PROVIDENCE PORTLAND MEDICAL CENTER,PORTLAND,OR,Providence,77.25819999999999,77.25819999999999,0.0,hcris_nmrc_agency_per_hospital,0.92,agency_rate_below_staff_cost,"Agency premium non-positive (A=$52.52, C=$77.26, M=$-24.74). Customer disclosure required before quoting."
380075,PROVIDENCE MEDFORD MEDICAL CENTER,MEDFORD,OR,Providence,92.490745,92.490745,0.0,hcris_nmrc_agency_per_hospital,0.92,agency_rate_below_staff_cost,"Agency premium non-positive (A=$68.06, C=$92.49, M=$-24.43). Customer disclosure required before quoting."
380082,PROVIDENCE MILWAUKIE HOSPITAL,MILWAUKIE,OR,Providence,77.45819999999999,77.45819999999999,0.0,hcris_nmrc_agency_per_hospital,0.92,agency_rate_below_staff_cost,"Agency premium non-positive (A=$52.36, C=$77.46, M=$-25.10). Customer disclosure required before quoting."
380090,BAY AREA HOSPITAL,COOS BAY,OR,Independent / Unknown,97.42127500000001,97.42127500000001,0.0,hcris_nmrc_agency_per_hospital,0.92,agency_rate_below_staff_cost,"Agency premium non-positive (A=$97.21, C=$97.42, M=$-0.21). Customer disclosure required before quoting."
380102,SACRED HEART MEDICAL CENTER - RIVERBEND,SPRINGFIELD,OR,Independent / Unknown,117.79588,117.79588,0.0,hcris_nmrc_agency_per_hospital,0.92,agency_rate_below_staff_cost,"Agency premium non-positive (A=$101.06, C=$117.80, M=$-16.74). Customer disclosure required before quoting."
390001,GEISINGER-COMMUNITY MEDICAL CENTER,SCRANTON,PA,Geisinger,82.14514000000001,82.14514000000001,0.0,hcris_nmrc_agency_per_hospital,0.92,agency_rate_below_staff_cost,"Agency premium non-positive (A=$77.40, C=$82.15, M=$-4.75). Customer disclosure required before quoting."
390002,UPMC MCKEESPORT HOSPITAL,MC KEESPORT,PA,UPMC,58.46676,58.46676,0.0,hcris_nmrc_agency_per_hospital,0.92,agency_rate_below_staff_cost,"Agency premium non-positive (A=$49.92, C=$58.47, M=$-8.55). Customer disclosure required before quoting."
390006,GEISINGER MEDICAL CENTER,DANVILLE,PA,Geisinger,72.2239,72.2239,0.0,hcris_nmrc_agency_per_hospital,0.92,agency_rate_below_staff_cost,"Agency premium non-positive (A=$69.13, C=$72.22, M=$-3.09). Customer disclosure required before quoting."
390016,UPMC JAMESON,NEW CASTLE,PA,UPMC,61.55386,61.55386,0.0,hcris_nmrc_agency_per_hospital,0.92,agency_rate_below_staff_cost,"Agency premium non-positive (A=$59.45, C=$61.55, M=$-2.10). Customer disclosure required before quoting."
390028,UPMC MERCY,PITTSBURGH,PA,UPMC,65.290025,65.290025,0.0,hcris_nmrc_agency_per_hospital,0.92,agency_rate_below_staff_cost,"Agency premium non-positive (A=$47.73, C=$65.29, M=$-17.56). Customer disclosure required before quoting."
390036,HERITAGE VALLEY BEAVER,BEAVER,PA,Independent / Unknown,78.113005,78.113005,0.0,hcris_nmrc_agency_per_hospital,0.92,agency_rate_below_staff_cost,"Agency premium non-positive (A=$67.52, C=$78.11, M=$-10.59). Customer disclosure required before quoting."
390044,READING HOSPITAL,WEST READING,PA,Independent / Unknown,83.006665,83.006665,0.0,hcris_nmrc_agency_per_hospital,0.92,agency_rate_below_staff_cost,"Agency premium non-positive (A=$75.23, C=$83.01, M=$-7.78). Customer disclosure required before quoting."
390045,UPMC WILLIAMSPORT,WILLIAMSPORT,PA,UPMC,65.129865,65.129865,0.0,hcris_nmrc_agency_per_hospital,0.92,agency_rate_below_staff_cost,"Agency premium non-positive (A=$44.64, C=$65.13, M=$-20.49). Customer disclosure required before quoting."
390063,UPMC HAMOT,ERIE,PA,UPMC,64.282595,64.282595,0.0,hcris_nmrc_agency_per_hospital,0.92,agency_rate_below_staff_cost,"Agency premium non-positive (A=$60.74, C=$64.28, M=$-3.54). Customer disclosure required before quoting."
390067,UPMC PINNACLE HOSPITALS,HARRISBURG,PA,UPMC,74.285305,74.285305,0.0,hcris_nmrc_agency_per_hospital,0.92,agency_rate_below_staff_cost,"Agency premium non-positive (A=$48.82, C=$74.29, M=$-25.47). Customer disclosure required before quoting."
390068,UPMC LITITZ,LITITZ,PA,UPMC,77.68071499999999,77.68071499999999,0.0,hcris_nmrc_agency_per_hospital,0.92,agency_rate_below_staff_cost,"Agency premium non-positive (A=$41.12, C=$77.68, M=$-36.56). Customer disclosure required before quoting."
390073,UPMC ALTOONA,ALTOONA,PA,UPMC,74.154815,74.154815,0.0,hcris_nmrc_agency_per_hospital,0.92,agency_rate_below_staff_cost,"Agency premium non-positive (A=$70.40, C=$74.15, M=$-3.75). Customer disclosure required before quoting."
390100,LANCASTER GENERAL HOSPITAL,LANCASTER,PA,Independent / Unknown,81.12076,81.12076,0.0,hcris_nmrc_agency_per_hospital,0.92,agency_rate_below_staff_cost,"Agency premium non-positive (A=$63.89, C=$81.12, M=$-17.23). Customer disclosure required before quoting."
390102,UPMC ST MARGARET,PITTSBURGH,PA,UPMC,65.408445,65.408445,0.0,hcris_nmrc_agency_per_hospital,0.92,agency_rate_below_staff_cost,"Agency premium non-positive (A=$44.88, C=$65.41, M=$-20.53). Customer disclosure required before quoting."
390107,UPMC PASSAVANT,PITTSBURGH,PA,UPMC,67.17751,67.17751,0.0,hcris_nmrc_agency_per_hospital,0.92,agency_rate_below_staff_cost,"Agency premium non-positive (A=$57.36, C=$67.18, M=$-9.82). Customer disclosure required before quoting."
390114,MAGEE WOMENS HOSPITAL OF UPMC HEALTH SYSTEM,PITTSBURGH,PA,UPMC,70.0739,70.0739,0.0,hcris_nmrc_agency_per_hospital,0.92,agency_rate_below_staff_cost,"Agency premium non-positive (A=$47.17, C=$70.07, M=$-22.90). Customer disclosure required before quoting."
390146,WARREN GENERAL HOSPITAL,WARREN,PA,Independent / Unknown,81.91136499999999,81.91136499999999,0.0,hcris_nmrc_agency_per_hospital,0.92,agency_rate_below_staff_cost,"Agency premium non-positive (A=$75.72, C=$81.91, M=$-6.19). Customer disclosure required before quoting."
390156,MERCY CATHOLIC MEDICAL CENTER- MERCY FITZGERALD,DARBY,PA,Independent / Unknown,59.46845,59.46845,0.0,hcris_nmrc_agency_per_hospital,0.92,agency_rate_below_staff_cost,"Agency premium non-positive (A=$44.80, C=$59.47, M=$-14.67). Customer disclosure required before quoting."
390164,UPMC PRESBYTERIAN SHADYSIDE,PITTSBURGH,PA,UPMC,63.516639999999995,63.516639999999995,0.0,hcris_nmrc_agency_per_hospital,0.92,agency_rate_below_staff_cost,"Agency premium non-positive (A=$52.65, C=$63.52, M=$-10.87). Customer disclosure required before quoting."
390178,UPMC HORIZON,GREENVILLE,PA,UPMC,62.559105,62.559105,0.0,hcris_nmrc_agency_per_hospital,0.92,agency_rate_below_staff_cost,"Agency premium non-positive (A=$52.46, C=$62.56, M=$-10.10). Customer disclosure required before quoting."
390183,ST LUKE'S MINERS MEMORIAL HOSPITAL,COALDALE,PA,Independent / Unknown,77.818915,77.818915,0.0,hcris_nmrc_agency_per_hospital,0.92,agency_rate_below_staff_cost,"Agency premium non-positive (A=$74.11, C=$77.82, M=$-3.71). Customer disclosure required before quoting."
390185,LEHIGH VALLEY HOSPITAL - HAZLETON,HAZLETON,PA,Independent / Unknown,75.16946999999999,75.16946999999999,0.0,hcris_nmrc_agency_per_hospital,0.92,agency_rate_below_staff_cost,"Agency premium non-positive (A=$58.48, C=$75.17, M=$-16.69). Customer disclosure required before quoting."
390199,PUNXSUTAWNEY AREA HOSPITAL,PUNXSUTAWNEY,PA,Independent / Unknown,71.87907499999999,71.87907499999999,0.0,hcris_nmrc_agency_per_hospital,0.92,agency_rate_below_staff_cost,"Agency premium non-positive (A=$44.04, C=$71.88, M=$-27.84). Customer disclosure required before quoting."
390223,PENN PRESBYTERIAN MEDICAL CENTER,PHILADELPHIA,PA,Independent / Unknown,60.02845,60.02845,0.0,hcris_nmrc_agency_per_hospital,0.92,agency_rate_below_staff_cost,"Agency premium non-positive (A=$51.83, C=$60.03, M=$-8.20). Customer disclosure required before quoting."
390237,REGIONAL HOSPITAL OF SCRANTON,SCRANTON,PA,Independent / Unknown,69.54084,69.54084,0.0,hcris_nmrc_agency_per_hospital,0.92,agency_rate_below_staff_cost,"Agency premium non-positive (A=$50.98, C=$69.54, M=$-18.56). Customer disclosure required before quoting."
390268,MOUNT NITTANY MEDICAL CENTER,STATE COLLEGE,PA,Independent / Unknown,89.927325,89.927325,0.0,hcris_nmrc_agency_per_hospital,0.92,agency_rate_below_staff_cost,"Agency premium non-positive (A=$77.37, C=$89.93, M=$-12.56). Customer disclosure required before quoting."
390325,OSS ORTHOPAEDIC HOSPITAL,YORK,PA,Independent / Unknown,80.759495,80.759495,0.0,hcris_nmrc_agency_per_hospital,0.92,agency_rate_below_staff_cost,"Agency premium non-positive (A=$36.79, C=$80.76, M=$-43.97). Customer disclosure required before quoting."
390327,WELLSPAN SURGERY AND REHABILITATION HOSPITAL,YORK,PA,Independent / Unknown,79.73496999999999,79.73496999999999,0.0,hcris_nmrc_agency_per_hospital,0.92,agency_rate_below_staff_cost,"Agency premium non-positive (A=$45.04, C=$79.73, M=$-34.69). Customer disclosure required before quoting."
390330,ST LUKE'S HOSPITAL - MONROE CAMPUS,STROUDSBURG,PA,Independent / Unknown,81.88607,81.88607,0.0,hcris_nmrc_agency_per_hospital,0.92,agency_rate_below_staff_cost,"Agency premium non-positive (A=$70.17, C=$81.89, M=$-11.72). Customer disclosure required before quoting."
390334,AHN WEXFORD HOSPITAL,WEXFORD,PA,Independent / Unknown,74.374605,74.374605,0.0,hcris_nmrc_agency_per_hospital,0.92,agency_rate_below_staff_cost,"Agency premium non-positive (A=$71.63, C=$74.37, M=$-2.74). Customer disclosure required before quoting."
390430,LEHIGH VALLEY HOSPITAL - MACUNGIE,MACUNGIE,PA,Independent / Unknown,58.50125,58.50125,0.0,hcris_nmrc_agency_only,0.85,agency_rate_below_staff_cost,"Agency premium non-positive (A=$49.28, C=$58.50, M=$-9.22). Customer disclosure required before quoting."
400016,AUXILIO MUTUO HOSPITAL,SAN JUAN,PR,Independent / Unknown,34.597134999999994,34.597134999999994,0.0,hcris_nmrc_agency_per_hospital,0.92,agency_rate_below_staff_cost,"Agency premium non-positive (A=$29.40, C=$34.60, M=$-5.20). Customer disclosure required before quoting."
400087,HOSPITAL PAVIA ARECIBO,ARECIBO,PR,Independent / Unknown,27.353,27.353,0.0,hcris_nmrc_agency_per_hospital,0.92,agency_rate_below_staff_cost,"Agency premium non-positive (A=$26.62, C=$27.35, M=$-0.73). Customer disclosure required before quoting."
400104,HOSPITAL MENONITA CAGUAS INC,CAGUAS,PR,Independent / Unknown,35.452549999999995,35.452549999999995,0.0,hcris_nmrc_agency_per_hospital,0.92,agency_rate_below_staff_cost,"Agency premium non-positive (A=$25.58, C=$35.45, M=$-9.87). Customer disclosure required before quoting."
400120,HOSPITAL PAVIA CAGUAS,CAGUAS,PR,Independent / Unknown,34.090255000000006,34.090255000000006,0.0,hcris_nmrc_agency_per_hospital,0.92,agency_rate_below_staff_cost,"Agency premium non-positive (A=$27.58, C=$34.09, M=$-6.51). Customer disclosure required before quoting."
400124,CENTRO CARDIOVASCULAR DE PUERTO RICO Y EL CARIBE,SAN JUAN,PR,Independent / Unknown,43.521985,43.521985,0.0,hcris_nmrc_agency_per_hospital,0.92,agency_rate_below_staff_cost,"Agency premium non-positive (A=$27.41, C=$43.52, M=$-16.11). Customer disclosure required before quoting."
400132,DOCTORS CENTER HOSPITAL  CAROLINA LLC,CAROLINA,PR,Independent / Unknown,27.253,27.253,0.0,hcris_nmrc_agency_per_hospital,0.92,agency_rate_below_staff_cost,"Agency premium non-positive (A=$25.47, C=$27.25, M=$-1.78). Customer disclosure required before quoting."
420004,MUSC MEDICAL CENTER,CHARLESTON,SC,Independent / Unknown,83.62146999999999,83.62146999999999,0.0,hcris_nmrc_agency_per_hospital,0.92,agency_rate_below_staff_cost,"Agency premium non-positive (A=$52.63, C=$83.62, M=$-30.99). Customer disclosure required before quoting."
420011,CANNON MEMORIAL HOSPITAL,PICKENS,SC,Independent / Unknown,63.532979999999995,63.532979999999995,0.0,hcris_nmrc_agency_per_hospital,0.92,agency_rate_below_staff_cost,"Agency premium non-positive (A=$38.48, C=$63.53, M=$-25.05). Customer disclosure required before quoting."
420023,ST FRANCIS-DOWNTOWN,GREENVILLE,SC,Independent / Unknown,69.765645,69.765645,0.0,hcris_nmrc_agency_per_hospital,0.92,agency_rate_below_staff_cost,"Agency premium non-positive (A=$60.63, C=$69.77, M=$-9.14). Customer disclosure required before quoting."
420026,MUSC HEALTH COLUMBIA MEDICAL CENTER DOWNTOWN,COLUMBIA,SC,Independent / Unknown,74.60723000000002,74.60723000000002,0.0,hcris_nmrc_agency_per_hospital,0.92,agency_rate_below_staff_cost,"Agency premium non-positive (A=$55.38, C=$74.61, M=$-19.23). Customer disclosure required before quoting."
420027,ANMED HEALTH,ANDERSON,SC,Independent / Unknown,77.918185,77.918185,0.0,hcris_nmrc_agency_per_hospital,0.92,agency_rate_below_staff_cost,"Agency premium non-positive (A=$53.87, C=$77.92, M=$-24.05). Customer disclosure required before quoting."
420030,COLLETON MEDICAL CENTER,WALTERBORO,SC,Independent / Unknown,68.03438999999999,68.03438999999999,0.0,hcris_nmrc_agency_per_hospital,0.92,agency_rate_below_staff_cost,"Agency premium non-positive (A=$46.87, C=$68.03, M=$-21.16). Customer disclosure required before quoting."
420036,MUSC HEALTH LANCASTER MEDICAL CENTER,LANCASTER,SC,Independent / Unknown,55.326175000000006,55.326175000000006,0.0,hcris_nmrc_agency_per_hospital,0.92,agency_rate_below_staff_cost,"Agency premium non-positive (A=$49.72, C=$55.33, M=$-5.61). Customer disclosure required before quoting."
420048,KERSHAWHEALTH,CAMDEN,SC,Independent / Unknown,73.81619500000001,73.81619500000001,0.0,hcris_nmrc_agency_per_hospital,0.92,agency_rate_below_staff_cost,"Agency premium non-positive (A=$54.11, C=$73.82, M=$-19.71). Customer disclosure required before quoting."
420049,CONWAY MEDICAL CENTER,CONWAY,SC,Independent / Unknown,75.15563,75.15563,0.0,hcris_nmrc_agency_per_hospital,0.92,agency_rate_below_staff_cost,"Agency premium non-positive (A=$74.30, C=$75.16, M=$-0.86). Customer disclosure required before quoting."
420067,BEAUFORT COUNTY MEMORIAL HOSPITAL,BEAUFORT,SC,Independent / Unknown,73.62984,73.62984,0.0,hcris_nmrc_agency_per_hospital,0.92,agency_rate_below_staff_cost,"Agency premium non-positive (A=$70.97, C=$73.63, M=$-2.66). Customer disclosure required before quoting."
420079,TRIDENT MEDICAL CENTER,CHARLESTON,SC,Independent / Unknown,71.68668,71.68668,0.0,hcris_nmrc_agency_per_hospital,0.92,agency_rate_below_staff_cost,"Agency premium non-positive (A=$71.02, C=$71.69, M=$-0.67). Customer disclosure required before quoting."
420091,MUSC HEALTH FLORENCE MEDICAL CENTER,FLORENCE,SC,Independent / Unknown,73.34013,73.34013,0.0,hcris_nmrc_agency_per_hospital,0.92,agency_rate_below_staff_cost,"Agency premium non-positive (A=$61.18, C=$73.34, M=$-12.16). Customer disclosure required before quoting."
430005,"PRAIRIE LAKES HEALTHCARE SYSTEM, INC",WATERTOWN,SD,Independent / Unknown,90.95739,90.95739,0.0,hcris_nmrc_agency_per_hospital,0.92,agency_rate_below_staff_cost,"Agency premium non-positive (A=$77.37, C=$90.96, M=$-13.59). Customer disclosure required before quoting."
430008,BROOKINGS HEALTH SYSTEM,BROOKINGS,SD,Independent / Unknown,69.2899,69.2899,0.0,hcris_nmrc_agency_per_hospital,0.92,agency_rate_below_staff_cost,"Agency premium non-positive (A=$68.56, C=$69.29, M=$-0.73). Customer disclosure required before quoting."
430014,AVERA ST LUKES,ABERDEEN,SD,Independent / Unknown,88.04897500000001,88.04897500000001,0.0,hcris_nmrc_agency_per_hospital,0.92,agency_rate_below_staff_cost,"Agency premium non-positive (A=$84.74, C=$88.05, M=$-3.31). Customer disclosure required before quoting."
430015,AVERA ST MARY'S HOSPITAL,PIERRE,SD,Independent / Unknown,88.40914500000001,88.40914500000001,0.0,hcris_nmrc_agency_per_hospital,0.92,agency_rate_below_staff_cost,"Agency premium non-positive (A=$85.63, C=$88.41, M=$-2.78). Customer disclosure required before quoting."
430016,AVERA MCKENNAN HOSPITAL & UNIVERSITY HEALTH CENTER,SIOUX FALLS,SD,Independent / Unknown,93.22323499999999,93.22323499999999,0.0,hcris_nmrc_agency_per_hospital,0.92,agency_rate_below_staff_cost,"Agency premium non-positive (A=$78.33, C=$93.22, M=$-14.89). Customer disclosure required before quoting."
430048,MONUMENT HEALTH SPEARFISH HOSPITAL,SPEARFISH,SD,Independent / Unknown,101.64442,101.64442,0.0,hcris_nmrc_agency_per_hospital,0.92,agency_rate_below_staff_cost,"Agency premium non-positive (A=$82.87, C=$101.64, M=$-18.77). Customer disclosure required before quoting."
430077,MONUMENT HEALTH RAPID CITY HOSPITAL,RAPID CITY,SD,Independent / Unknown,96.77023,96.77023,0.0,hcris_nmrc_agency_per_hospital,0.92,agency_rate_below_staff_cost,"Agency premium non-positive (A=$57.99, C=$96.77, M=$-38.78). Customer disclosure required before quoting."
430090,SIOUX FALLS SPECIALTY HOSPITAL,SIOUX FALLS,SD,Independent / Unknown,78.36672,78.36672,0.0,hcris_nmrc_agency_per_hospital,0.92,agency_rate_below_staff_cost,"Agency premium non-positive (A=$72.02, C=$78.37, M=$-6.35). Customer disclosure required before quoting."
430091,BLACK HILLS SURGICAL HOSPITAL LLC,RAPID CITY,SD,Independent / Unknown,78.210865,78.210865,0.0,hcris_nmrc_agency_per_hospital,0.92,agency_rate_below_staff_cost,"Agency premium non-positive (A=$55.04, C=$78.21, M=$-23.17). Customer disclosure required before quoting."
440002,JACKSON-MADISON COUNTY GENERAL HOSPITAL,JACKSON,TN,Independent / Unknown,63.32615,63.32615,0.0,hcris_nmrc_agency_per_hospital,0.92,agency_rate_below_staff_cost,"Agency premium non-positive (A=$59.64, C=$63.33, M=$-3.69). Customer disclosure required before quoting."
440011,BLOUNT MEMORIAL HOSPITAL,MARYVILLE,TN,Independent / Unknown,73.63857999999999,73.63857999999999,0.0,hcris_nmrc_agency_per_hospital,0.92,agency_rate_below_staff_cost,"Agency premium non-positive (A=$63.83, C=$73.64, M=$-9.81). Customer disclosure required before quoting."
440012,WELLMONT BRISTOL REGIONAL MEDICAL CENTER,BRISTOL,TN,Independent / Unknown,65.664775,65.664775,0.0,hcris_nmrc_agency_per_hospital,0.92,agency_rate_below_staff_cost,"Agency premium non-positive (A=$51.39, C=$65.66, M=$-14.27). Customer disclosure required before quoting."
440015,"UNIVERSITY HEALTH SYSTEM, INC",KNOXVILLE,TN,Independent / Unknown,78.478735,78.478735,0.0,hcris_nmrc_agency_per_hospital,0.92,agency_rate_below_staff_cost,"Agency premium non-positive (A=$42.00, C=$78.48, M=$-36.48). Customer disclosure required before quoting."
440031,ROANE MEDICAL CENTER,HARRIMAN,TN,Independent / Unknown,57.328455000000005,57.328455000000005,0.0,hcris_nmrc_agency_per_hospital,0.92,agency_rate_below_staff_cost,"Agency premium non-positive (A=$45.75, C=$57.33, M=$-11.58). Customer disclosure required before quoting."
440061,VOLUNTEER COMMUNITY HOSPITAL,MARTIN,TN,Independent / Unknown,69.548865,69.548865,0.0,hcris_nmrc_agency_per_hospital,0.92,agency_rate_below_staff_cost,"Agency premium non-positive (A=$50.82, C=$69.55, M=$-18.73). Customer disclosure required before quoting."
440072,DYERSBURG REGIONAL MEDICAL CENTER,DYERSBURG,TN,Independent / Unknown,64.000685,64.000685,0.0,hcris_nmrc_agency_per_hospital,0.92,agency_rate_below_staff_cost,"Agency premium non-positive (A=$62.12, C=$64.00, M=$-1.88). Customer disclosure required before quoting."
440102,LINCOLN MEDICAL CENTER,FAYETTEVILLE,TN,Independent / Unknown,56.84659,56.84659,0.0,hcris_nmrc_agency_per_hospital,0.92,agency_rate_below_staff_cost,"Agency premium non-positive (A=$38.85, C=$56.85, M=$-18.00). Customer disclosure required before quoting."
440104,ERLANGER MEDICAL CENTER,CHATTANOOGA,TN,Independent / Unknown,87.28068,87.28068,0.0,hcris_nmrc_agency_per_hospital,0.92,agency_rate_below_staff_cost,"Agency premium non-positive (A=$49.18, C=$87.28, M=$-38.10). Customer disclosure required before quoting."
440110,FORT LOUDOUN MEDICAL CENTER,LENOIR CITY,TN,Independent / Unknown,57.277469999999994,57.277469999999994,0.0,hcris_nmrc_agency_per_hospital,0.92,agency_rate_below_staff_cost,"Agency premium non-positive (A=$55.96, C=$57.28, M=$-1.32). Customer disclosure required before quoting."
440152,REGIONAL ONE HEALTH,MEMPHIS,TN,Independent / Unknown,44.4834,44.4834,0.0,hcris_nmrc_agency_per_hospital,0.92,agency_rate_below_staff_cost,"Agency premium non-positive (A=$39.87, C=$44.48, M=$-4.61). Customer disclosure required before quoting."
440161,TRISTAR CENTENNIAL MEDICAL CENTER,NASHVILLE,TN,Independent / Unknown,47.249025,47.249025,0.0,hcris_nmrc_agency_per_hospital,0.92,agency_rate_below_staff_cost,"Agency premium non-positive (A=$46.14, C=$47.25, M=$-1.11). Customer disclosure required before quoting."
440194,TRISTAR HENDERSONVILLE MEDICAL CENTER,HENDERSONVILLE,TN,Independent / Unknown,48.83902500000001,48.83902500000001,0.0,hcris_nmrc_agency_per_hospital,0.92,agency_rate_below_staff_cost,"Agency premium non-positive (A=$32.53, C=$48.84, M=$-16.31). Customer disclosure required before quoting."
450021,BAYLOR UNIVERSITY MEDICAL CENTER,DALLAS,TX,Independent / Unknown,58.4278,58.4278,0.0,hcris_nmrc_agency_per_hospital,0.92,agency_rate_below_staff_cost,"Agency premium non-positive (A=$55.80, C=$58.43, M=$-2.63). Customer disclosure required before quoting."
450024,UNIVERSITY MEDICAL CENTER OF EL PASO,EL PASO,TX,Independent / Unknown,50.67765,50.67765,0.0,hcris_nmrc_agency_per_hospital,0.92,agency_rate_below_staff_cost,"Agency premium non-positive (A=$42.97, C=$50.68, M=$-7.71). Customer disclosure required before quoting."
450028,VALLEY BAPTIST MEDICAL CENTER- BROWNSVILLE,BROWNSVILLE,TX,Independent / Unknown,69.73558500000001,69.73558500000001,0.0,hcris_nmrc_agency_per_hospital,0.92,agency_rate_below_staff_cost,"Agency premium non-positive (A=$50.09, C=$69.74, M=$-19.65). Customer disclosure required before quoting."
450032,CHRISTUS GOOD SHEPHERD MEDICAL CENTER,LONGVIEW,TX,CHRISTUS Health,67.427015,67.427015,0.0,hcris_nmrc_agency_per_hospital,0.92,agency_rate_below_staff_cost,"Agency premium non-positive (A=$49.42, C=$67.43, M=$-18.01). Customer disclosure required before quoting."
450033,VHS HARLINGEN HOSPITAL COMPANY LLC,HARLINGEN,TX,Independent / Unknown,68.73881,68.73881,0.0,hcris_nmrc_agency_per_hospital,0.92,agency_rate_below_staff_cost,"Agency premium non-positive (A=$54.62, C=$68.74, M=$-14.12). Customer disclosure required before quoting."
450034,CHRISTUS SOUTHEAST TEXAS- ST ELIZABETH,BEAUMONT,TX,CHRISTUS Health,59.070325,59.070325,0.0,hcris_nmrc_agency_per_hospital,0.92,agency_rate_below_staff_cost,"Agency premium non-positive (A=$27.64, C=$59.07, M=$-31.43). Customer disclosure required before quoting."
450040,COVENANT MEDICAL CENTER,LUBBOCK,TX,Independent / Unknown,74.295805,74.295805,0.0,hcris_nmrc_agency_per_hospital,0.92,agency_rate_below_staff_cost,"Agency premium non-positive (A=$59.81, C=$74.30, M=$-14.49). Customer disclosure required before quoting."
450042,ASCENSION PROVIDENCE,WACO,TX,Ascension,79.48633500000001,79.48633500000001,0.0,hcris_nmrc_agency_per_hospital,0.92,agency_rate_below_staff_cost,"Agency premium non-positive (A=$42.46, C=$79.49, M=$-37.03). Customer disclosure required before quoting."
450046,CHRISTUS SPOHN HOSPITAL CORPUS CHRISTI,CORPUS CHRISTI,TX,CHRISTUS Health,73.88882,73.88882,0.0,hcris_nmrc_agency_per_hospital,0.92,agency_rate_below_staff_cost,"Agency premium non-positive (A=$57.49, C=$73.89, M=$-16.40). Customer disclosure required before quoting."
450054,BAYLOR SCOTT & WHITE MEDICAL CENTER - TEMPLE,TEMPLE,TX,Baylor Scott & White,116.55531,116.55531,0.0,hcris_nmrc_agency_per_hospital,0.92,agency_rate_below_staff_cost,"Agency premium non-positive (A=$97.12, C=$116.56, M=$-19.44). Customer disclosure required before quoting."
450056,ASCENSION SETON MEDICAL CENTER AUSTIN,AUSTIN,TX,Ascension,57.315175,57.315175,0.0,hcris_nmrc_agency_per_hospital,0.92,agency_rate_below_staff_cost,"Agency premium non-positive (A=$51.45, C=$57.32, M=$-5.87). Customer disclosure required before quoting."
450068,MEMORIAL HERMANN - TEXAS MEDICAL CENTER,HOUSTON,TX,Memorial Hermann,59.744025,59.744025,0.0,hcris_nmrc_agency_per_hospital,0.92,agency_rate_below_staff_cost,"Agency premium non-positive (A=$40.14, C=$59.74, M=$-19.60). Customer disclosure required before quoting."
450083,UT HEALTH EAST TEXAS TYLER REGIONAL HOSPITAL,TYLER,TX,Independent / Unknown,61.991945,61.991945,0.0,hcris_nmrc_agency_per_hospital,0.92,agency_rate_below_staff_cost,"Agency premium non-positive (A=$58.88, C=$61.99, M=$-3.11). Customer disclosure required before quoting."
450101,BAYLOR SCOTT & WHITE MEDICAL CENTER HILLCREST,WACO,TX,Baylor Scott & White,94.085475,94.085475,0.0,hcris_nmrc_agency_per_hospital,0.92,agency_rate_below_staff_cost,"Agency premium non-positive (A=$92.81, C=$94.09, M=$-1.28). Customer disclosure required before quoting."
450119,SOUTH TEXAS HEALTH SYSTEM,EDINBURG,TX,Independent / Unknown,64.190515,64.190515,0.0,hcris_nmrc_agency_per_hospital,0.92,agency_rate_below_staff_cost,"Agency premium non-positive (A=$50.31, C=$64.19, M=$-13.88). Customer disclosure required before quoting."
450124,DELL SETON  MED CENTER AT THE UNIVERSITY OF TX,AUSTIN,TX,Independent / Unknown,57.955175000000004,57.955175000000004,0.0,hcris_nmrc_agency_per_hospital,0.92,agency_rate_below_staff_cost,"Agency premium non-positive (A=$40.06, C=$57.96, M=$-17.90). Customer disclosure required before quoting."
450162,GRACE SURGICAL HOSPITAL,LUBBOCK,TX,Independent / Unknown,65.603365,65.603365,0.0,hcris_nmrc_agency_per_hospital,0.92,agency_rate_below_staff_cost,"Agency premium non-positive (A=$49.17, C=$65.60, M=$-16.43). Customer disclosure required before quoting."
450163,CHRISTUS SPOHN HOSPITAL KLEBERG,KINGSVILLE,TX,CHRISTUS Health,76.63193,76.63193,0.0,hcris_nmrc_agency_per_hospital,0.92,agency_rate_below_staff_cost,"Agency premium non-positive (A=$75.00, C=$76.63, M=$-1.63). Customer disclosure required before quoting."
450193,BAYLOR ST LUKES MEDICAL CENTER,HOUSTON,TX,Independent / Unknown,78.13213999999999,78.13213999999999,0.0,commonspirit_staff_hcris_nmrc_agency,0.95,agency_rate_below_staff_cost,"Agency premium non-positive (A=$49.32, C=$78.13, M=$-28.81). Customer disclosure required before quoting."
450194,UT HEALTH EAST TEXAS JACKSONVILLE HOSPITAL,JACKSONVILLE,TX,Independent / Unknown,63.5656,63.5656,0.0,hcris_nmrc_agency_per_hospital,0.92,agency_rate_below_staff_cost,"Agency premium non-positive (A=$56.93, C=$63.57, M=$-6.64). Customer disclosure required before quoting."
450209,NORTHWEST TEXAS HOSPITAL,AMARILLO,TX,Independent / Unknown,66.778435,66.778435,0.0,hcris_nmrc_agency_per_hospital,0.92,agency_rate_below_staff_cost,"Agency premium non-positive (A=$48.46, C=$66.78, M=$-18.32). Customer disclosure required before quoting."
450222,HCA HOUSTON HEALTHCARE CONROE,CONROE,TX,HCA,60.534025,60.534025,0.0,hcris_nmrc_agency_per_hospital,0.92,agency_rate_below_staff_cost,"Agency premium non-positive (A=$40.62, C=$60.53, M=$-19.91). Customer disclosure required before quoting."
450235,MEMORIAL HOSPITAL,GONZALES,TX,Independent / Unknown,64.385595,64.385595,0.0,hcris_nmrc_agency_per_hospital,0.92,agency_rate_below_staff_cost,"Agency premium non-positive (A=$54.00, C=$64.39, M=$-10.39). Customer disclosure required before quoting."
450241,FAITH COMMUNITY HOSPITAL,JACKSBORO,TX,Independent / Unknown,67.6635,67.6635,0.0,hcris_nmrc_agency_per_hospital,0.92,agency_rate_below_staff_cost,"Agency premium non-positive (A=$51.49, C=$67.66, M=$-16.17). Customer disclosure required before quoting."
450253,BELLVILLE MEDICAL CENTER,BELLVILLE,TX,Independent / Unknown,53.564025,53.564025,0.0,hcris_nmrc_agency_per_hospital,0.92,agency_rate_below_staff_cost,"Agency premium non-positive (A=$30.00, C=$53.56, M=$-23.56). Customer disclosure required before quoting."
450351,TEXAS HEALTH HARRIS METHODIST HOSPITAL STEPHENVILL,STEPHENVILLE,TX,Independent / Unknown,89.308775,89.308775,0.0,hcris_nmrc_agency_per_hospital,0.92,agency_rate_below_staff_cost,"Agency premium non-positive (A=$74.62, C=$89.31, M=$-14.69). Customer disclosure required before quoting."
450358,HOUSTON METHODIST HOSPITAL,HOUSTON,TX,Houston Methodist,64.724025,64.724025,0.0,hcris_nmrc_agency_per_hospital,0.92,agency_rate_below_staff_cost,"Agency premium non-positive (A=$51.77, C=$64.72, M=$-12.95). Customer disclosure required before quoting."
450389,UT HEALTH EAST TEXAS ATHENS HOSPITAL,ATHENS,TX,Independent / Unknown,72.849355,72.849355,0.0,hcris_nmrc_agency_per_hospital,0.92,agency_rate_below_staff_cost,"Agency premium non-positive (A=$44.48, C=$72.85, M=$-28.37). Customer disclosure required before quoting."
450400,PARKVIEW REGIONAL HOSPITAL,MEXIA,TX,Independent / Unknown,70.926845,70.926845,0.0,hcris_nmrc_agency_per_hospital,0.92,agency_rate_below_staff_cost,"Agency premium non-positive (A=$66.00, C=$70.93, M=$-4.93). Customer disclosure required before quoting."
450403,MEDICAL CENTER OF MCKINNEY,MCKINNEY,TX,Independent / Unknown,57.8278,57.8278,0.0,hcris_nmrc_agency_per_hospital,0.92,agency_rate_below_staff_cost,"Agency premium non-positive (A=$36.99, C=$57.83, M=$-20.84). Customer disclosure required before quoting."
450424,HOUSTON METHODIST BAYTOWN HOSPITAL,BAYTOWN,TX,Houston Methodist,65.394025,65.394025,0.0,hcris_nmrc_agency_per_hospital,0.92,agency_rate_below_staff_cost,"Agency premium non-positive (A=$60.64, C=$65.39, M=$-4.75). Customer disclosure required before quoting."
450431,ST DAVID'S MEDICAL CENTER,AUSTIN,TX,Independent / Unknown,58.995175,58.995175,0.0,hcris_nmrc_agency_per_hospital,0.92,agency_rate_below_staff_cost,"Agency premium non-positive (A=$36.89, C=$59.00, M=$-22.11). Customer disclosure required before quoting."
450447,NAVARRO REGIONAL HOSPITAL,CORSICANA,TX,Independent / Unknown,79.00304500000001,79.00304500000001,0.0,hcris_nmrc_agency_per_hospital,0.92,agency_rate_below_staff_cost,"Agency premium non-positive (A=$63.66, C=$79.00, M=$-15.34). Customer disclosure required before quoting."
450451,GLEN ROSE MEDICAL CENTER,GLEN ROSE,TX,Independent / Unknown,84.79484,84.79484,0.0,hcris_nmrc_agency_per_hospital,0.92,agency_rate_below_staff_cost,"Agency premium non-positive (A=$42.41, C=$84.79, M=$-42.38). Customer disclosure required before quoting."
450469,WILSON N JONES REGIONAL MEDICAL CENTER,SHERMAN,TX,Independent / Unknown,51.77038,51.77038,0.0,hcris_nmrc_agency_per_hospital,0.92,agency_rate_below_staff_cost,"Agency premium non-positive (A=$43.66, C=$51.77, M=$-8.11). Customer disclosure required before quoting."
450475,UT HEALTH EAST TEXAS HENDERSON HOSPITAL,HENDERSON,TX,Independent / Unknown,64.13888,64.13888,0.0,hcris_nmrc_agency_per_hospital,0.92,agency_rate_below_staff_cost,"Agency premium non-positive (A=$62.29, C=$64.14, M=$-1.85). Customer disclosure required before quoting."
450484,WOODLAND HEIGHTS MEDICAL CENTER,LUFKIN,TX,Independent / Unknown,70.37805000000002,70.37805000000002,0.0,hcris_nmrc_agency_per_hospital,0.92,agency_rate_below_staff_cost,"Agency premium non-positive (A=$68.11, C=$70.38, M=$-2.27). Customer disclosure required before quoting."
450573,CHRISTUS JASPER MEMORIAL HOSPITAL,JASPER,TX,CHRISTUS Health,66.915705,66.915705,0.0,hcris_nmrc_agency_per_hospital,0.92,agency_rate_below_staff_cost,"Agency premium non-positive (A=$30.00, C=$66.92, M=$-36.92). Customer disclosure required before quoting."
450596,LAKE GRANBURY MEDICAL CENTER,GRANBURY,TX,Independent / Unknown,81.37954500000001,81.37954500000001,0.0,hcris_nmrc_agency_per_hospital,0.92,agency_rate_below_staff_cost,"Agency premium non-positive (A=$59.19, C=$81.38, M=$-22.19). Customer disclosure required before quoting."
450597,CUERO REGIONAL HOSPITAL,CUERO,TX,Independent / Unknown,70.92438500000002,70.92438500000002,0.0,hcris_nmrc_agency_per_hospital,0.92,agency_rate_below_staff_cost,"Agency premium non-positive (A=$48.31, C=$70.92, M=$-22.61). Customer disclosure required before quoting."
450651,MEDICAL CITY PLANO,PLANO,TX,HCA,58.3378,58.3378,0.0,hcris_nmrc_agency_per_hospital,0.92,agency_rate_below_staff_cost,"Agency premium non-positive (A=$57.76, C=$58.34, M=$-0.58). Customer disclosure required before quoting."
450656,NACOGDOCHES MEDICAL CENTER,NACOGDOCHES,TX,Independent / Unknown,67.78051,67.78051,0.0,hcris_nmrc_agency_per_hospital,0.92,agency_rate_below_staff_cost,"Agency premium non-positive (A=$48.17, C=$67.78, M=$-19.61). Customer disclosure required before quoting."
450669,MEDICAL CITY LEWISVILLE,LEWISVILLE,TX,HCA,57.7578,57.7578,0.0,hcris_nmrc_agency_per_hospital,0.92,agency_rate_below_staff_cost,"Agency premium non-positive (A=$32.83, C=$57.76, M=$-24.93). Customer disclosure required before quoting."
450670,HCA HOUSTON HEALTHCARE TOMBALL,TOMBALL,TX,HCA,60.224025,60.224025,0.0,hcris_nmrc_agency_per_hospital,0.92,agency_rate_below_staff_cost,"Agency premium non-positive (A=$35.89, C=$60.22, M=$-24.33). Customer disclosure required before quoting."
450686,UNIVERSITY MEDICAL CENTER,LUBBOCK,TX,Independent / Unknown,68.166515,68.166515,0.0,hcris_nmrc_agency_per_hospital,0.92,agency_rate_below_staff_cost,"Agency premium non-positive (A=$52.35, C=$68.17, M=$-15.82). Customer disclosure required before quoting."
450690,THE UNIVERSITY OF TEXAS HEALTH SCIENCE CENTER AT TYLER,TYLER,TX,Independent / Unknown,118.61044192307692,118.61044192307692,0.0,hcris_nmrc_agency_per_hospital,0.92,agency_rate_below_staff_cost,"Agency premium non-positive (A=$61.76, C=$118.61, M=$-56.85). Customer disclosure required before quoting."
450702,LONGVIEW REGIONAL MEDICAL CENTER,LONGVIEW,TX,Independent / Unknown,76.967265,76.967265,0.0,hcris_nmrc_agency_per_hospital,0.92,agency_rate_below_staff_cost,"Agency premium non-positive (A=$76.46, C=$76.97, M=$-0.51). Customer disclosure required before quoting."
450747,PALESTINE REGIONAL MEDICAL CENTER,PALESTINE,TX,Independent / Unknown,61.242705,61.242705,0.0,hcris_nmrc_agency_per_hospital,0.92,agency_rate_below_staff_cost,"Agency premium non-positive (A=$55.66, C=$61.24, M=$-5.58). Customer disclosure required before quoting."
450774,TOPS SURGICAL SPECIALTY HOSPITAL,HOUSTON,TX,Independent / Unknown,60.844025,60.844025,0.0,hcris_nmrc_agency_per_hospital,0.92,agency_rate_below_staff_cost,"Agency premium non-positive (A=$56.79, C=$60.84, M=$-4.05). Customer disclosure required before quoting."
450775,HCA HOUSTON HEALTHCARE KINGWOOD,KINGWOOD,TX,HCA,73.573615,73.573615,0.0,hcris_nmrc_agency_per_hospital,0.92,agency_rate_below_staff_cost,"Agency premium non-positive (A=$57.45, C=$73.57, M=$-16.12). Customer disclosure required before quoting."
450801,CHRISTUS ST MICHAEL HEALTH SYSTEM,TEXARKANA,TX,CHRISTUS Health,78.13213999999999,78.13213999999999,0.0,commonspirit_staff_hcris_nmrc_agency,0.95,agency_rate_below_staff_cost,"Agency premium non-positive (A=$66.44, C=$78.13, M=$-11.69). Customer disclosure required before quoting."
450809,NORTH AUSTIN MEDICAL CENTER,AUSTIN,TX,Independent / Unknown,57.865175,57.865175,0.0,hcris_nmrc_agency_per_hospital,0.92,agency_rate_below_staff_cost,"Agency premium non-positive (A=$45.99, C=$57.87, M=$-11.88). Customer disclosure required before quoting."
450822,MEDICAL CITY LAS COLINAS,IRVING,TX,HCA,58.2578,58.2578,0.0,hcris_nmrc_agency_per_hospital,0.92,agency_rate_below_staff_cost,"Agency premium non-positive (A=$28.15, C=$58.26, M=$-30.11). Customer disclosure required before quoting."
450828,CHRISTUS SPOHN HOSPITAL ALICE,ALICE,TX,CHRISTUS Health,80.27116,80.27116,0.0,hcris_nmrc_agency_per_hospital,0.92,agency_rate_below_staff_cost,"Agency premium non-positive (A=$75.00, C=$80.27, M=$-5.27). Customer disclosure required before quoting."
450831,SURGERY SPECIALTY HOSPITALS OF AMERICA SE HOUSTON,PASADENA,TX,Independent / Unknown,56.604025,56.604025,0.0,hcris_nmrc_agency_per_hospital,0.92,agency_rate_below_staff_cost,"Agency premium non-positive (A=$52.69, C=$56.60, M=$-3.91). Customer disclosure required before quoting."
450862,ST LUKE'S THE WOODLANDS HOSPITAL,THE WOODLANDS,TX,Independent / Unknown,78.13213999999999,78.13213999999999,0.0,commonspirit_staff_hcris_nmrc_agency,0.95,agency_rate_below_staff_cost,"Agency premium non-positive (A=$75.51, C=$78.13, M=$-2.62). Customer disclosure required before quoting."
450864,BAYLOR SCOTT & WHITE TEXAS SPINE & JOINT HOSPITAL,TYLER,TX,Baylor Scott & White,64.80681,64.80681,0.0,hcris_nmrc_agency_per_hospital,0.92,agency_rate_below_staff_cost,"Agency premium non-positive (A=$56.92, C=$64.81, M=$-7.89). Customer disclosure required before quoting."
450874,BAYLOR SURGICAL HOSPITAL AT LAS COLINAS,IRVING,TX,Independent / Unknown,57.2978,57.2978,0.0,hcris_nmrc_agency_per_hospital,0.92,agency_rate_below_staff_cost,"Agency premium non-positive (A=$52.10, C=$57.30, M=$-5.20). Customer disclosure required before quoting."
450875,QUAIL CREEK SURGICAL HOSPITAL,AMARILLO,TX,Independent / Unknown,80.14306499999999,80.14306499999999,0.0,hcris_nmrc_agency_per_hospital,0.92,agency_rate_below_staff_cost,"Agency premium non-positive (A=$74.19, C=$80.14, M=$-5.95). Customer disclosure required before quoting."
450876,LUBBOCK HEART HOSPITAL LP,LUBBOCK,TX,Independent / Unknown,68.86280500000001,68.86280500000001,0.0,hcris_nmrc_agency_per_hospital,0.92,agency_rate_below_staff_cost,"Agency premium non-positive (A=$64.91, C=$68.86, M=$-3.95). Customer disclosure required before quoting."
450883,BAYLOR MEDICAL CENTER AT TROPHY CLUB,TROPHY CLUB,TX,Independent / Unknown,58.7578,58.7578,0.0,hcris_nmrc_agency_per_hospital,0.92,agency_rate_below_staff_cost,"Agency premium non-positive (A=$51.42, C=$58.76, M=$-7.34). Customer disclosure required before quoting."
450890,BAYLOR SCOTT & WHITE MEDICAL CENTER PLANO,PLANO,TX,Baylor Scott & White,58.5278,58.5278,0.0,hcris_nmrc_agency_per_hospital,0.92,agency_rate_below_staff_cost,"Agency premium non-positive (A=$45.00, C=$58.53, M=$-13.53). Customer disclosure required before quoting."
460003,HOLY CROSS HOSPITAL - SALT LAKE,SALT LAKE CITY,UT,Independent / Unknown,85.569645,85.569645,0.0,hcris_nmrc_agency_per_hospital,0.92,agency_rate_below_staff_cost,"Agency premium non-positive (A=$64.76, C=$85.57, M=$-20.81). Customer disclosure required before quoting."
460005,OGDEN REGIONAL MEDICAL CENTER,OGDEN,UT,Independent / Unknown,74.133945,74.133945,0.0,hcris_nmrc_agency_per_hospital,0.92,agency_rate_below_staff_cost,"Agency premium non-positive (A=$50.02, C=$74.13, M=$-24.11). Customer disclosure required before quoting."
460006,LDS HOSPITAL,SALT LAKE CITY,UT,Independent / Unknown,74.076075,74.076075,0.0,hcris_nmrc_agency_per_hospital,0.92,agency_rate_below_staff_cost,"Agency premium non-positive (A=$71.14, C=$74.08, M=$-2.94). Customer disclosure required before quoting."
460009,UNIVERSITY OF UTAH HOSPITAL AND CLINICS,SALT LAKE CITY,UT,Independent / Unknown,81.242685,81.242685,0.0,hcris_nmrc_agency_per_hospital,0.92,agency_rate_below_staff_cost,"Agency premium non-positive (A=$58.60, C=$81.24, M=$-22.64). Customer disclosure required before quoting."
460010,INTERMOUNTAIN MEDICAL CENTER,MURRAY,UT,Intermountain Health,80.06606500000001,80.06606500000001,0.0,hcris_nmrc_agency_per_hospital,0.92,agency_rate_below_staff_cost,"Agency premium non-positive (A=$47.33, C=$80.07, M=$-32.74). Customer disclosure required before quoting."
460011,CASTLEVIEW HOSPITAL,PRICE,UT,Independent / Unknown,74.55743,74.55743,0.0,hcris_nmrc_agency_per_hospital,0.92,agency_rate_below_staff_cost,"Agency premium non-positive (A=$73.56, C=$74.56, M=$-1.00). Customer disclosure required before quoting."
460014,MOUNTAIN WEST MEDICAL CENTER,TOOELE,UT,Independent / Unknown,67.036845,67.036845,0.0,hcris_nmrc_agency_per_hospital,0.92,agency_rate_below_staff_cost,"Agency premium non-positive (A=$29.47, C=$67.04, M=$-37.57). Customer disclosure required before quoting."
460043,OREM COMMUNITY HOSPITAL,OREM,UT,Independent / Unknown,84.38475000000001,84.38475000000001,0.0,hcris_nmrc_agency_per_hospital,0.92,agency_rate_below_staff_cost,"Agency premium non-positive (A=$51.35, C=$84.38, M=$-33.03). Customer disclosure required before quoting."
460047,ST MARK'S HOSPITAL,SALT LAKE CITY,UT,Independent / Unknown,78.43339,78.43339,0.0,hcris_nmrc_agency_per_hospital,0.92,agency_rate_below_staff_cost,"Agency premium non-positive (A=$49.22, C=$78.43, M=$-29.21). Customer disclosure required before quoting."
460051,HOLY CROSS HOSPITAL-JORDAN VALLEY,WEST JORDAN,UT,Independent / Unknown,93.885105,93.885105,0.0,hcris_nmrc_agency_per_hospital,0.92,agency_rate_below_staff_cost,"Agency premium non-positive (A=$86.01, C=$93.89, M=$-7.88). Customer disclosure required before quoting."
460052,TIMPANOGOS REGIONAL HOSPITAL,OREM,UT,Independent / Unknown,77.77858499999999,77.77858499999999,0.0,hcris_nmrc_agency_per_hospital,0.92,agency_rate_below_staff_cost,"Agency premium non-positive (A=$64.99, C=$77.78, M=$-12.79). Customer disclosure required before quoting."
460057,PARK CITY HOSPITAL,PARK CITY,UT,Independent / Unknown,94.219425,94.219425,0.0,hcris_nmrc_agency_per_hospital,0.92,agency_rate_below_staff_cost,"Agency premium non-positive (A=$88.29, C=$94.22, M=$-5.93). Customer disclosure required before quoting."
470003,UNIV. OF VERMONT - FLETCHER ALLEN HEALTH CARE,BURLINGTON,VT,Independent / Unknown,96.852245,96.852245,0.0,hcris_nmrc_agency_per_hospital,0.92,agency_rate_below_staff_cost,"Agency premium non-positive (A=$94.01, C=$96.85, M=$-2.84). Customer disclosure required before quoting."
470005,RUTLAND REGIONAL MEDICAL CENTER,RUTLAND,VT,Independent / Unknown,107.92464,107.92464,0.0,hcris_nmrc_agency_per_hospital,0.92,agency_rate_below_staff_cost,"Agency premium non-positive (A=$79.99, C=$107.92, M=$-27.93). Customer disclosure required before quoting."
470011,BRATTLEBORO MEMORIAL HOSPITAL,BRATTLEBORO,VT,Independent / Unknown,83.75146500000001,83.75146500000001,0.0,hcris_nmrc_agency_per_hospital,0.92,agency_rate_below_staff_cost,"Agency premium non-positive (A=$65.84, C=$83.75, M=$-17.91). Customer disclosure required before quoting."
470024,NORTHWESTERN MEDICAL CENTER INC,SAINT ALBANS,VT,Independent / Unknown,91.35899,91.35899,0.0,hcris_nmrc_agency_per_hospital,0.92,agency_rate_below_staff_cost,"Agency premium non-positive (A=$83.61, C=$91.36, M=$-7.75). Customer disclosure required before quoting."
490004,SENTARA RMH MEDICAL CENTER,HARRISONBURG,VA,Sentara,94.631,94.631,0.0,hcris_nmrc_agency_per_hospital,0.92,agency_rate_below_staff_cost,"Agency premium non-positive (A=$88.16, C=$94.63, M=$-6.47). Customer disclosure required before quoting."
490005,WINCHESTER MEDICAL CENTER,WINCHESTER,VA,Independent / Unknown,78.378525,78.378525,0.0,hcris_nmrc_agency_per_hospital,0.92,agency_rate_below_staff_cost,"Agency premium non-positive (A=$69.28, C=$78.38, M=$-9.10). Customer disclosure required before quoting."
490009,UNIVERSITY OF VIRGINIA MEDICAL CENTER,CHARLOTTESVILLE,VA,Independent / Unknown,78.470325,78.470325,0.0,hcris_nmrc_agency_per_hospital,0.92,agency_rate_below_staff_cost,"Agency premium non-positive (A=$70.15, C=$78.47, M=$-8.32). Customer disclosure required before quoting."
490018,AUGUSTA HEALTH,FISHERSVILLE,VA,Independent / Unknown,83.168405,83.168405,0.0,hcris_nmrc_agency_per_hospital,0.92,agency_rate_below_staff_cost,"Agency premium non-positive (A=$59.32, C=$83.17, M=$-23.85). Customer disclosure required before quoting."
490024,CARILION MEDICAL CENTER,ROANOKE,VA,Carilion,83.58811999999999,83.58811999999999,0.0,hcris_nmrc_agency_per_hospital,0.92,agency_rate_below_staff_cost,"Agency premium non-positive (A=$60.45, C=$83.59, M=$-23.14). Customer disclosure required before quoting."
490050,VIRGINIA HOSPITAL CENTER,ARLINGTON,VA,Independent / Unknown,60.9703,60.9703,0.0,hcris_nmrc_agency_per_hospital,0.92,agency_rate_below_staff_cost,"Agency premium non-positive (A=$60.83, C=$60.97, M=$-0.14). Customer disclosure required before quoting."
490084,VCU HEALTH TAPPAHANNOCK HOSPITAL,TAPPAHANNOCK,VA,Independent / Unknown,80.7141,80.7141,0.0,hcris_nmrc_agency_per_hospital,0.92,agency_rate_below_staff_cost,"Agency premium non-positive (A=$75.87, C=$80.71, M=$-4.84). Customer disclosure required before quoting."
490089,CARILION FRANKLIN MEMORIAL HOSPITAL,ROCKY MOUNT,VA,Carilion,65.599535,65.599535,0.0,hcris_nmrc_agency_per_hospital,0.92,agency_rate_below_staff_cost,"Agency premium non-positive (A=$57.06, C=$65.60, M=$-8.54). Customer disclosure required before quoting."
490094,BON SECOURS RICHMOND COMMUNITY HOSPITAL,RICHMOND,VA,Bon Secours Mercy Health,51.432075,51.432075,0.0,hcris_nmrc_agency_per_hospital,0.92,agency_rate_below_staff_cost,"Agency premium non-positive (A=$49.98, C=$51.43, M=$-1.45). Customer disclosure required before quoting."
490097,BON SECOURS SOUTHERN VIRGINIA MEDICAL CENTER,EMPORIA,VA,Bon Secours Mercy Health,80.53344,80.53344,0.0,hcris_nmrc_agency_per_hospital,0.92,agency_rate_below_staff_cost,"Agency premium non-positive (A=$51.27, C=$80.53, M=$-29.26). Customer disclosure required before quoting."
490111,WYTHE COUNTY COMMUNITY HOSPITAL,WYTHEVILLE,VA,Independent / Unknown,71.598205,71.598205,0.0,hcris_nmrc_agency_per_hospital,0.92,agency_rate_below_staff_cost,"Agency premium non-positive (A=$62.41, C=$71.60, M=$-9.19). Customer disclosure required before quoting."
490115,TWIN COUNTY REGIONAL HOSPITAL,GALAX,VA,Independent / Unknown,64.160025,64.160025,0.0,hcris_nmrc_agency_per_hospital,0.92,agency_rate_below_staff_cost,"Agency premium non-positive (A=$60.62, C=$64.16, M=$-3.54). Customer disclosure required before quoting."
490118,HENRICO DOCTORS' HOSPITAL,RICHMOND,VA,Independent / Unknown,52.772074999999994,52.772074999999994,0.0,hcris_nmrc_agency_per_hospital,0.92,agency_rate_below_staff_cost,"Agency premium non-positive (A=$31.71, C=$52.77, M=$-21.06). Customer disclosure required before quoting."
490127,BUCHANAN GENERAL HOSPITAL,GRUNDY,VA,Independent / Unknown,53.420545,53.420545,0.0,hcris_nmrc_agency_per_hospital,0.92,agency_rate_below_staff_cost,"Agency premium non-positive (A=$30.00, C=$53.42, M=$-23.42). Customer disclosure required before quoting."
500002,PROVIDENCE ST MARY MEDICAL CENTER,WALLA WALLA,WA,Providence,89.936375,89.936375,0.0,hcris_nmrc_agency_per_hospital,0.92,agency_rate_below_staff_cost,"Agency premium non-positive (A=$50.99, C=$89.94, M=$-38.95). Customer disclosure required before quoting."
500008,UNIVERSITY OF WASHINGTON MEDICAL CTR,SEATTLE,WA,Independent / Unknown,84.07475000000001,84.07475000000001,0.0,hcris_nmrc_agency_per_hospital,0.92,agency_rate_below_staff_cost,"Agency premium non-positive (A=$67.68, C=$84.07, M=$-16.39). Customer disclosure required before quoting."
500014,PROVIDENCE REGIONAL MEDICAL CENTER EVERETT,EVERETT,WA,Providence,83.01475,83.01475,0.0,hcris_nmrc_agency_per_hospital,0.92,agency_rate_below_staff_cost,"Agency premium non-positive (A=$55.59, C=$83.01, M=$-27.42). Customer disclosure required before quoting."
500019,PROVIDENCE CENTRALIA HOSPITAL,CENTRALIA,WA,Providence,95.08324999999999,95.08324999999999,0.0,hcris_nmrc_agency_per_hospital,0.92,agency_rate_below_staff_cost,"Agency premium non-positive (A=$62.56, C=$95.08, M=$-32.52). Customer disclosure required before quoting."
500021,ST CLARE HOSPITAL,LAKEWOOD,WA,Independent / Unknown,94.66090499999999,94.66090499999999,0.0,commonspirit_staff_hcris_nmrc_agency,0.95,agency_rate_below_staff_cost,"Agency premium non-positive (A=$71.20, C=$94.66, M=$-23.46). Customer disclosure required before quoting."
500024,PROVIDENCE ST PETER HOSPITAL,OLYMPIA,WA,Providence,96.74658,96.74658,0.0,hcris_nmrc_agency_per_hospital,0.92,agency_rate_below_staff_cost,"Agency premium non-positive (A=$48.70, C=$96.75, M=$-48.05). Customer disclosure required before quoting."
500025,SWEDISH MEDICAL CENTER / CHERRY HILL,SEATTLE,WA,Independent / Unknown,82.01475,82.01475,0.0,hcris_nmrc_agency_per_hospital,0.92,agency_rate_below_staff_cost,"Agency premium non-positive (A=$61.94, C=$82.01, M=$-20.07). Customer disclosure required before quoting."
500026,SWEDISH EDMONDS HOSPITAL,EDMONDS,WA,Independent / Unknown,81.32475000000001,81.32475000000001,0.0,hcris_nmrc_agency_per_hospital,0.92,agency_rate_below_staff_cost,"Agency premium non-positive (A=$65.34, C=$81.32, M=$-15.98). Customer disclosure required before quoting."
500027,SWEDISH MEDICAL CENTER,SEATTLE,WA,Independent / Unknown,80.19475,80.19475,0.0,hcris_nmrc_agency_per_hospital,0.92,agency_rate_below_staff_cost,"Agency premium non-positive (A=$59.25, C=$80.19, M=$-20.94). Customer disclosure required before quoting."
500030,ST JOSEPH HOSPITAL,BELLINGHAM,WA,Independent / Unknown,111.96511,111.96511,0.0,hcris_nmrc_agency_per_hospital,0.92,agency_rate_below_staff_cost,"Agency premium non-positive (A=$94.10, C=$111.97, M=$-17.87). Customer disclosure required before quoting."
500031,GRAYS HARBOR COMMUNITY HOSPITAL,ABERDEEN,WA,Independent / Unknown,101.99099,101.99099,0.0,hcris_nmrc_agency_per_hospital,0.92,agency_rate_below_staff_cost,"Agency premium non-positive (A=$98.64, C=$101.99, M=$-3.35). Customer disclosure required before quoting."
500036,YAKIMA VALLEY MEMORIAL,YAKIMA,WA,Independent / Unknown,104.32105,104.32105,0.0,hcris_nmrc_agency_per_hospital,0.92,agency_rate_below_staff_cost,"Agency premium non-positive (A=$69.10, C=$104.32, M=$-35.22). Customer disclosure required before quoting."
500037,ASTRIA TOPPENISH HOSPITAL,TOPPENISH,WA,Independent / Unknown,86.255815,86.255815,0.0,hcris_nmrc_agency_per_hospital,0.92,agency_rate_below_staff_cost,"Agency premium non-positive (A=$77.75, C=$86.26, M=$-8.51). Customer disclosure required before quoting."
500039,HARRISON MEDICAL CENTER,SILVERDALE,WA,Independent / Unknown,102.619785,102.619785,0.0,hcris_nmrc_agency_per_hospital,0.92,agency_rate_below_staff_cost,"Agency premium non-positive (A=$97.14, C=$102.62, M=$-5.48). Customer disclosure required before quoting."
500041,PEACEHEALTH ST JOHN MEDICAL CENTER,LONGVIEW,WA,Independent / Unknown,114.241565,114.241565,0.0,hcris_nmrc_agency_per_hospital,0.92,agency_rate_below_staff_cost,"Agency premium non-positive (A=$96.14, C=$114.24, M=$-18.10). Customer disclosure required before quoting."
500044,DEACONESS MEDICAL CENTER,SPOKANE,WA,Independent / Unknown,106.27381499999998,106.27381499999998,0.0,hcris_nmrc_agency_per_hospital,0.92,agency_rate_below_staff_cost,"Agency premium non-positive (A=$96.03, C=$106.27, M=$-10.24). Customer disclosure required before quoting."
500053,TRIOS HEALTH,KENNEWICK,WA,Independent / Unknown,91.234335,91.234335,0.0,hcris_nmrc_agency_per_hospital,0.92,agency_rate_below_staff_cost,"Agency premium non-positive (A=$80.67, C=$91.23, M=$-10.56). Customer disclosure required before quoting."
500054,PROV SACRED HRT MED CTR & CHILDS HOSP.,SPOKANE,WA,Independent / Unknown,103.62055500000001,103.62055500000001,0.0,hcris_nmrc_agency_per_hospital,0.92,agency_rate_below_staff_cost,"Agency premium non-positive (A=$54.12, C=$103.62, M=$-49.50). Customer disclosure required before quoting."
500058,KADLEC REGIONAL MEDICAL CENTER,RICHLAND,WA,Independent / Unknown,96.68739000000001,96.68739000000001,0.0,hcris_nmrc_agency_per_hospital,0.92,agency_rate_below_staff_cost,"Agency premium non-positive (A=$90.88, C=$96.69, M=$-5.81). Customer disclosure required before quoting."
500064,HARBORVIEW MEDICAL CENTER,SEATTLE,WA,Independent / Unknown,83.43475000000001,83.43475000000001,0.0,hcris_nmrc_agency_per_hospital,0.92,agency_rate_below_staff_cost,"Agency premium non-positive (A=$65.37, C=$83.43, M=$-18.06). Customer disclosure required before quoting."
500072,OLYMPIC MEDICAL CENTER,PORT ANGELES,WA,Independent / Unknown,86.138185,86.138185,0.0,hcris_nmrc_agency_per_hospital,0.92,agency_rate_below_staff_cost,"Agency premium non-positive (A=$83.18, C=$86.14, M=$-2.96). Customer disclosure required before quoting."
500077,PROVIDENCE HOLY FAMILY HOSPITAL,SPOKANE,WA,Providence,71.94652500000001,71.94652500000001,0.0,hcris_nmrc_agency_per_hospital,0.92,agency_rate_below_staff_cost,"Agency premium non-positive (A=$56.05, C=$71.95, M=$-15.90). Customer disclosure required before quoting."
500108,ST JOSEPH MEDICAL CENTER,TACOMA,WA,Independent / Unknown,94.66090499999999,94.66090499999999,0.0,commonspirit_staff_hcris_nmrc_agency,0.95,agency_rate_below_staff_cost,"Agency premium non-positive (A=$81.43, C=$94.66, M=$-13.23). Customer disclosure required before quoting."
500139,CAPITAL MEDICAL CENTER,OLYMPIA,WA,Independent / Unknown,102.37896,102.37896,0.0,hcris_nmrc_agency_per_hospital,0.92,agency_rate_below_staff_cost,"Agency premium non-positive (A=$92.55, C=$102.38, M=$-9.83). Customer disclosure required before quoting."
500141,ST FRANCIS COMMUNITY HOSPITAL,FEDERAL WAY,WA,Independent / Unknown,83.11475,83.11475,0.0,hcris_nmrc_agency_per_hospital,0.92,agency_rate_below_staff_cost,"Agency premium non-positive (A=$82.21, C=$83.11, M=$-0.90). Customer disclosure required before quoting."
500151,ST ANTHONY HOSPITAL,GIG HARBOR,WA,Independent / Unknown,94.66090499999999,94.66090499999999,0.0,commonspirit_staff_hcris_nmrc_agency,0.95,agency_rate_below_staff_cost,"Agency premium non-positive (A=$73.00, C=$94.66, M=$-21.66). Customer disclosure required before quoting."
500152,SWEDISH ISSAQUAH,ISSAQUAH,WA,Independent / Unknown,81.87475,81.87475,0.0,hcris_nmrc_agency_per_hospital,0.92,agency_rate_below_staff_cost,"Agency premium non-positive (A=$62.54, C=$81.87, M=$-19.33). Customer disclosure required before quoting."
510002,"CAMC GREENBRIER VALLEY MEDICAL CENTER, INC",RONCEVERTE,WV,Independent / Unknown,100.50562000000001,100.50562000000001,0.0,hcris_nmrc_agency_per_hospital,0.92,agency_rate_below_staff_cost,"Agency premium non-positive (A=$78.15, C=$100.51, M=$-22.36). Customer disclosure required before quoting."
510007,ST MARYS MEDICAL CENTER,HUNTINGTON,WV,Independent / Unknown,71.909325,71.909325,0.0,hcris_nmrc_agency_per_hospital,0.92,agency_rate_below_staff_cost,"Agency premium non-positive (A=$42.51, C=$71.91, M=$-29.40). Customer disclosure required before quoting."
510022,CHARLESTON AREA MEDICAL CENTER,CHARLESTON,WV,Independent / Unknown,87.84615,87.84615,0.0,hcris_nmrc_agency_per_hospital,0.92,agency_rate_below_staff_cost,"Agency premium non-positive (A=$66.87, C=$87.85, M=$-20.98). Customer disclosure required before quoting."
510024,MON HEALTH MEDICAL CENTER,MORGANTOWN,WV,Independent / Unknown,75.971305,75.971305,0.0,hcris_nmrc_agency_per_hospital,0.92,agency_rate_below_staff_cost,"Agency premium non-positive (A=$58.50, C=$75.97, M=$-17.47). Customer disclosure required before quoting."
510038,STONEWALL JACKSON MEMORIAL HOSPITAL,WESTON,WV,Independent / Unknown,68.32689500000001,68.32689500000001,0.0,hcris_nmrc_agency_per_hospital,0.92,agency_rate_below_staff_cost,"Agency premium non-positive (A=$57.22, C=$68.33, M=$-11.11). Customer disclosure required before quoting."
510055,"CABELL HUNTINGTON HOSPITAL, INC",HUNTINGTON,WV,Independent / Unknown,71.94526,71.94526,0.0,hcris_nmrc_agency_per_hospital,0.92,agency_rate_below_staff_cost,"Agency premium non-positive (A=$38.81, C=$71.95, M=$-33.14). Customer disclosure required before quoting."
510062,BECKLEY ARH HOSPITAL,BECKLEY,WV,Independent / Unknown,72.80149,72.80149,0.0,hcris_nmrc_agency_per_hospital,0.92,agency_rate_below_staff_cost,"Agency premium non-positive (A=$68.25, C=$72.80, M=$-4.55). Customer disclosure required before quoting."
510093,MON HEALTH MARION,WHITEHALL,WV,Independent / Unknown,108.895355,108.895355,0.0,hcris_nmrc_agency_per_hospital,0.92,agency_rate_below_staff_cost,"Agency premium non-positive (A=$52.33, C=$108.90, M=$-56.57). Customer disclosure required before quoting."
520004,MAYO CLINIC HEALTH SYSTEM-FRANCISCAN MEDICAL CENTER INC,LA CROSSE,WI,Mayo Clinic,114.412375,114.412375,0.0,hcris_nmrc_agency_per_hospital,0.92,agency_rate_below_staff_cost,"Agency premium non-positive (A=$109.37, C=$114.41, M=$-5.04). Customer disclosure required before quoting."
520033,ASPIRUS RIVERVIEW HOSPITAL & CLINICS INC,WISCONSIN RAPIDS,WI,Independent / Unknown,80.70167,80.70167,0.0,hcris_nmrc_agency_per_hospital,0.92,agency_rate_below_staff_cost,"Agency premium non-positive (A=$66.83, C=$80.70, M=$-13.87). Customer disclosure required before quoting."
520037,MARSHFIELD MEDICAL CENTER,MARSHFIELD,WI,Independent / Unknown,103.281575,103.281575,0.0,hcris_nmrc_agency_per_hospital,0.92,agency_rate_below_staff_cost,"Agency premium non-positive (A=$88.59, C=$103.28, M=$-14.69). Customer disclosure required before quoting."
520049,BELLIN MEMORIAL HOSPITAL,GREEN BAY,WI,Independent / Unknown,68.22804000000001,68.22804000000001,0.0,hcris_nmrc_agency_per_hospital,0.92,agency_rate_below_staff_cost,"Agency premium non-positive (A=$31.81, C=$68.23, M=$-36.42). Customer disclosure required before quoting."
520057,SSM HEALTH ST CLARE HOSPITAL - BARABOO,BARABOO,WI,SSM Health,78.108805,78.108805,0.0,hcris_nmrc_agency_per_hospital,0.92,agency_rate_below_staff_cost,"Agency premium non-positive (A=$68.41, C=$78.11, M=$-9.70). Customer disclosure required before quoting."
520087,GUNDERSEN LUTHERAN MEDICAL CENTER,LA CROSSE,WI,Independent / Unknown,109.248125,109.248125,0.0,hcris_nmrc_agency_per_hospital,0.92,agency_rate_below_staff_cost,"Agency premium non-positive (A=$39.21, C=$109.25, M=$-70.04). Customer disclosure required before quoting."
520095,SAUK PRAIRIE HOSPITAL,PRAIRIE DU SAC,WI,Independent / Unknown,98.198475,98.198475,0.0,hcris_nmrc_agency_per_hospital,0.92,agency_rate_below_staff_cost,"Agency premium non-positive (A=$97.22, C=$98.20, M=$-0.98). Customer disclosure required before quoting."
520096,ASCENSION ALL SAINTS HOSPITAL,RACINE,WI,Ascension,64.24686,64.24686,0.0,hcris_nmrc_agency_per_hospital,0.92,agency_rate_below_staff_cost,"Agency premium non-positive (A=$60.85, C=$64.25, M=$-3.40). Customer disclosure required before quoting."
520100,BELOIT HEALTH SYSTEM,BELOIT,WI,Independent / Unknown,89.087255,89.087255,0.0,hcris_nmrc_agency_per_hospital,0.92,agency_rate_below_staff_cost,"Agency premium non-positive (A=$81.15, C=$89.09, M=$-7.94). Customer disclosure required before quoting."
520177,FROEDTERT MEMORIAL LUTHERAN HOSPITAL,MILWAUKEE,WI,Independent / Unknown,57.646550000000005,57.646550000000005,0.0,hcris_nmrc_agency_per_hospital,0.92,agency_rate_below_staff_cost,"Agency premium non-positive (A=$54.46, C=$57.65, M=$-3.19). Customer disclosure required before quoting."
520202,MARSHFIELD MEDICAL CENTER - WESTON,WESTON,WI,Independent / Unknown,115.03714000000001,115.03714000000001,0.0,hcris_nmrc_agency_per_hospital,0.92,agency_rate_below_staff_cost,"Agency premium non-positive (A=$77.31, C=$115.04, M=$-37.73). Customer disclosure required before quoting."
520210,MARSHFIELD MEDICAL CENTER - EAU CLAIRE,EAU CLAIRE,WI,Independent / Unknown,100.40185499999998,100.40185499999998,0.0,hcris_nmrc_agency_per_hospital,0.92,agency_rate_below_staff_cost,"Agency premium non-positive (A=$90.12, C=$100.40, M=$-10.28). Customer disclosure required before quoting."
530002,CAMPBELL COUNTY HEALTH,GILLETTE,WY,Independent / Unknown,80.08971,80.08971,0.0,hcris_nmrc_agency_per_hospital,0.92,agency_rate_below_staff_cost,"Agency premium non-positive (A=$77.86, C=$80.09, M=$-2.23). Customer disclosure required before quoting."
530006,SHERIDAN MEMORIAL HOSPITAL,SHERIDAN,WY,Independent / Unknown,93.57515,93.57515,0.0,hcris_nmrc_agency_per_hospital,0.92,agency_rate_below_staff_cost,"Agency premium non-positive (A=$93.38, C=$93.58, M=$-0.20). Customer disclosure required before quoting."
530015,ST JOHNS MEDICAL CENTER,JACKSON,WY,Independent / Unknown,94.41247999999999,94.41247999999999,0.0,hcris_nmrc_agency_per_hospital,0.92,agency_rate_below_staff_cost,"Agency premium non-positive (A=$72.74, C=$94.41, M=$-21.67). Customer disclosure required before quoting."
530034,SUMMIT MEDICAL CENTER,CASPER,WY,Independent / Unknown,81.99780999999999,81.99780999999999,0.0,hcris_nmrc_agency_per_hospital,0.92,agency_rate_below_staff_cost,"Agency premium non-positive (A=$46.21, C=$82.00, M=$-35.79). Customer disclosure required before quoting."
670041,ASCENSION SETON WILLIAMSON,ROUND ROCK,TX,Ascension,58.195175000000006,58.195175000000006,0.0,hcris_nmrc_agency_per_hospital,0.92,agency_rate_below_staff_cost,"Agency premium non-positive (A=$56.79, C=$58.20, M=$-1.41). Customer disclosure required before quoting."
670067,BAYLOR SCOTT AND WHITE ORTHOPEDIC AND SPINE HOSPI,ARLINGTON,TX,Baylor Scott & White,58.3778,58.3778,0.0,hcris_nmrc_agency_per_hospital,0.92,agency_rate_below_staff_cost,"Agency premium non-positive (A=$57.55, C=$58.38, M=$-0.83). Customer disclosure required before quoting."
670069,METHODIST MCKINNEY HOSPITAL,MCKINNEY,TX,Independent / Unknown,60.0278,60.0278,0.0,hcris_nmrc_agency_per_hospital,0.92,agency_rate_below_staff_cost,"Agency premium non-positive (A=$34.65, C=$60.03, M=$-25.38). Customer disclosure required before quoting."
670073,METHODIST HOSPITAL FOR SURGERY,ADDISON,TX,Independent / Unknown,64.6178,64.6178,0.0,hcris_nmrc_agency_per_hospital,0.92,agency_rate_below_staff_cost,"Agency premium non-positive (A=$50.17, C=$64.62, M=$-14.45). Customer disclosure required before quoting."
670078,BAPTIST NEIGHBORHOOD HOSPITAL THOUSAND OAKS,SAN ANTONIO,TX,Independent / Unknown,54.192725,54.192725,0.0,hcris_nmrc_agency_per_hospital,0.92,agency_rate_below_staff_cost,"Agency premium non-positive (A=$40.54, C=$54.19, M=$-13.65). Customer disclosure required before quoting."
670102,"AD HOSPITAL EAST, LLC",HOUSTON,TX,Independent / Unknown,54.854025,54.854025,0.0,hcris_nmrc_agency_per_hospital,0.92,agency_rate_below_staff_cost,"Agency premium non-positive (A=$28.44, C=$54.85, M=$-26.41). Customer disclosure required before quoting."
670108,BAYLOR SCOTT & WHITE MEDICAL CENTER - MARBLE FALLS,MARBLE FALLS,TX,Baylor Scott & White,112.60363,112.60363,0.0,hcris_nmrc_agency_per_hospital,0.92,agency_rate_below_staff_cost,"Agency premium non-positive (A=$67.31, C=$112.60, M=$-45.29). Customer disclosure required before quoting."
670267,THE WOODLANDS SPECIALTY HOSPITAL,SPRING,TX,Independent / Unknown,60.714025,60.714025,0.0,hcris_nmrc_agency_per_hospital,0.92,agency_rate_below_staff_cost,"Agency premium non-positive (A=$47.62, C=$60.71, M=$-13.09). Customer disclosure required before quoting."
670309,TEXAS HEALTH HOSPITAL MANSFIELD,MANSFIELD,TX,Independent / Unknown,57.4078,57.4078,0.0,hcris_nmrc_agency_per_hospital,0.92,agency_rate_below_staff_cost,"Agency premium non-positive (A=$56.74, C=$57.41, M=$-0.67). Customer disclosure required before quoting."
670320,EAST HOUSTON MEDICAL CENTER,HOUSTON,TX,Independent / Unknown,55.944024999999996,55.944024999999996,0.0,hcris_nmrc_agency_per_hospital,0.92,agency_rate_below_staff_cost,"Agency premium non-positive (A=$46.30, C=$55.94, M=$-9.64). Customer disclosure required before quoting."
