observation_id,as_of_date,source_type,source_name,source_url_or_file,geography_type,geography,specialty,shift,employment_type,hourly_pay,weekly_pay,scheduled_weekly_hours,estimated_bill_rate_factor,posting_count,confidence_score,confidence_tier,rate_type
e39e51a3-3684-4aaf-be94-41b78f9fe446,01/29/2021,hcris_nmrc,CMS HCRIS Hospital 2552-10 Worksheet S-3 Part II line 01100,https://downloads.cms.gov/Files/hcris/,ccn,230118,rn_contract_labor_dpc,blended,contract,92.84,,,1.0,,0.92,High,agency
e4209927-5ea9-49b6-9f3e-df69bfefe9d7,02/27/2021,hcris_nmrc,CMS HCRIS Hospital 2552-10 Worksheet S-3 Part II line 01100,https://downloads.cms.gov/Files/hcris/,ccn,490001,rn_contract_labor_dpc,blended,contract,100.89,,,1.0,,0.92,High,agency
bffb496a-7529-43ab-b897-3eb0bdd85460,07/31/2021,hcris_nmrc,CMS HCRIS Hospital 2552-10 Worksheet S-3 Part II line 01100,https://downloads.cms.gov/Files/hcris/,ccn,040152,rn_contract_labor_dpc,blended,contract,73.45,,,1.0,,0.92,High,agency
4fcb3332-c58c-45d9-8866-768aa98b7c87,08/09/2021,hcris_nmrc,CMS HCRIS Hospital 2552-10 Worksheet S-3 Part II line 01100,https://downloads.cms.gov/Files/hcris/,ccn,050742,rn_contract_labor_dpc,blended,contract,96.26,,,1.0,,0.92,High,agency
d6afa88a-c762-476b-9c66-c73e05f909fb,09/27/2021,hcris_nmrc,CMS HCRIS Hospital 2552-10 Worksheet S-3 Part II line 01100,https://downloads.cms.gov/Files/hcris/,ccn,030068,rn_contract_labor_dpc,blended,contract,96.71,,,1.0,,0.92,High,agency
ef70d9de-a271-4207-931a-8dce6ab8ff0a,09/30/2021,hcris_nmrc,CMS HCRIS Hospital 2552-10 Worksheet S-3 Part II line 01100,https://downloads.cms.gov/Files/hcris/,ccn,390192,rn_contract_labor_dpc,blended,contract,84.18,,,1.0,,0.92,High,agency
ed76d56d-f900-45ac-862e-be9bd488f4fb,09/30/2021,hcris_nmrc,CMS HCRIS Hospital 2552-10 Worksheet S-3 Part II line 01100,https://downloads.cms.gov/Files/hcris/,ccn,340186,rn_contract_labor_dpc,blended,contract,82.18,,,1.0,,0.92,High,agency
ccfd3c45-1e90-4587-8183-8a6032b8a25d,09/30/2021,hcris_nmrc,CMS HCRIS Hospital 2552-10 Worksheet S-3 Part II line 01100,https://downloads.cms.gov/Files/hcris/,ccn,010038,rn_contract_labor_dpc,blended,contract,96.83,,,1.0,,0.92,High,agency
c565fc27-8028-4b3f-8fe5-14044b2a0e94,12/31/2021,hcris_nmrc,CMS HCRIS Hospital 2552-10 Worksheet S-3 Part II line 01100,https://downloads.cms.gov/Files/hcris/,ccn,050849,rn_contract_labor_dpc,blended,contract,184.12,,,1.0,,0.92,High,agency
358447d0-0f96-49bf-8c9c-680794d7caed,12/31/2021,hcris_nmrc,CMS HCRIS Hospital 2552-10 Worksheet S-3 Part II line 01100,https://downloads.cms.gov/Files/hcris/,ccn,390220,rn_contract_labor_dpc,blended,contract,63.0,,,1.0,,0.92,High,agency
55011915-83f9-4308-b042-84026ffd1018,12/31/2021,hcris_nmrc,CMS HCRIS Hospital 2552-10 Worksheet S-3 Part II line 01100,https://downloads.cms.gov/Files/hcris/,ccn,713027,rn_contract_labor_dpc,blended,contract,54.23,,,1.0,,0.92,High,agency
45b7892c-9a90-4b0e-8398-9657f6f580b7,01/31/2022,hcris_nmrc,CMS HCRIS Hospital 2552-10 Worksheet S-3 Part II line 01100,https://downloads.cms.gov/Files/hcris/,ccn,360192,rn_contract_labor_dpc,blended,contract,35.42,,,1.0,,0.92,High,agency
8056427c-cf84-4ab9-b143-7aca45a666db,01/31/2022,hcris_nmrc,CMS HCRIS Hospital 2552-10 Worksheet S-3 Part II line 01100,https://downloads.cms.gov/Files/hcris/,ccn,390076,rn_contract_labor_dpc,blended,contract,137.34,,,1.0,,0.92,High,agency
762cb37b-01de-44de-9807-b8207a45584f,02/14/2022,hcris_nmrc,CMS HCRIS Hospital 2552-10 Worksheet S-3 Part II line 01100,https://downloads.cms.gov/Files/hcris/,ccn,380040,rn_contract_labor_dpc,blended,contract,107.52,,,1.0,,0.92,High,agency
d626f7fa-e0dc-425d-a2bf-20b2802c0b98,02/28/2022,hcris_nmrc,CMS HCRIS Hospital 2552-10 Worksheet S-3 Part II line 01100,https://downloads.cms.gov/Files/hcris/,ccn,360262,rn_contract_labor_dpc,blended,contract,160.89,,,1.0,,0.92,High,agency
4a9cee69-0db4-47b9-8e4d-038c5ca020bc,02/28/2022,hcris_nmrc,CMS HCRIS Hospital 2552-10 Worksheet S-3 Part II line 01100,https://downloads.cms.gov/Files/hcris/,ccn,360081,rn_contract_labor_dpc,blended,contract,175.78,,,1.0,,0.92,High,agency
64824d9b-1d3d-454f-b64a-b922fe95a336,03/04/2022,hcris_nmrc,CMS HCRIS Hospital 2552-10 Worksheet S-3 Part II line 01100,https://downloads.cms.gov/Files/hcris/,ccn,173027,rn_contract_labor_dpc,blended,contract,77.47,,,1.0,,0.92,High,agency
d09f3de1-d19a-488d-82fc-32d2319a974a,03/31/2022,hcris_nmrc,CMS HCRIS Hospital 2552-10 Worksheet S-3 Part II line 01100,https://downloads.cms.gov/Files/hcris/,ccn,520027,rn_contract_labor_dpc,blended,contract,140.02,,,1.0,,0.92,High,agency
74663c9f-c8a7-428d-81fc-2501e62ffcb7,04/20/2022,hcris_nmrc,CMS HCRIS Hospital 2552-10 Worksheet S-3 Part II line 01100,https://downloads.cms.gov/Files/hcris/,ccn,450187,rn_contract_labor_dpc,blended,contract,153.11,,,1.0,,0.92,High,agency
d92d94c6-d8cc-41bc-a53e-427b3156f9c6,04/25/2022,hcris_nmrc,CMS HCRIS Hospital 2552-10 Worksheet S-3 Part II line 01100,https://downloads.cms.gov/Files/hcris/,ccn,140058,rn_contract_labor_dpc,blended,contract,162.92,,,1.0,,0.92,High,agency
e70d9ef4-db0f-4993-b205-ad70ac99e04c,06/30/2022,hcris_nmrc,CMS HCRIS Hospital 2552-10 Worksheet S-3 Part II line 01100,https://downloads.cms.gov/Files/hcris/,ccn,240063,rn_contract_labor_dpc,blended,contract,101.55,,,1.0,,0.92,High,agency
bdf131c5-39cd-464a-a3f3-049fabe64c68,06/30/2022,hcris_nmrc,CMS HCRIS Hospital 2552-10 Worksheet S-3 Part II line 01100,https://downloads.cms.gov/Files/hcris/,ccn,370229,rn_contract_labor_dpc,blended,contract,66.45,,,1.0,,0.92,High,agency
e921e0e5-f1a5-43c1-a4d5-34c4b9ad8731,07/13/2022,hcris_nmrc,CMS HCRIS Hospital 2552-10 Worksheet S-3 Part II line 01100,https://downloads.cms.gov/Files/hcris/,ccn,040163,rn_contract_labor_dpc,blended,contract,125.0,,,1.0,,0.92,High,agency
60b9ee34-815b-42be-a188-1a198961521e,07/20/2022,hcris_nmrc,CMS HCRIS Hospital 2552-10 Worksheet S-3 Part II line 01100,https://downloads.cms.gov/Files/hcris/,ccn,430013,rn_contract_labor_dpc,blended,contract,141.34,,,1.0,,0.92,High,agency
9a330667-e575-49eb-9080-c00190e41841,07/31/2022,hcris_nmrc,CMS HCRIS Hospital 2552-10 Worksheet S-3 Part II line 01100,https://downloads.cms.gov/Files/hcris/,ccn,240059,rn_contract_labor_dpc,blended,contract,136.66,,,1.0,,0.92,High,agency
c6c7764e-fda8-497d-a22a-cf3f9e7cb2d5,08/31/2022,hcris_nmrc,CMS HCRIS Hospital 2552-10 Worksheet S-3 Part II line 01100,https://downloads.cms.gov/Files/hcris/,ccn,292002,rn_contract_labor_dpc,blended,contract,70.43,,,1.0,,0.92,High,agency
ba17f9a8-9c4e-4974-8d7d-198082916a77,08/31/2022,hcris_nmrc,CMS HCRIS Hospital 2552-10 Worksheet S-3 Part II line 01100,https://downloads.cms.gov/Files/hcris/,ccn,392027,rn_contract_labor_dpc,blended,contract,106.62,,,1.0,,0.92,High,agency
fc5fdb5b-2db7-4928-9968-b567e90124b7,08/31/2022,hcris_nmrc,CMS HCRIS Hospital 2552-10 Worksheet S-3 Part II line 01100,https://downloads.cms.gov/Files/hcris/,ccn,442007,rn_contract_labor_dpc,blended,contract,95.29,,,1.0,,0.92,High,agency
04df3db3-d14f-4d22-9c02-37d5e6d37e69,08/31/2022,hcris_nmrc,CMS HCRIS Hospital 2552-10 Worksheet S-3 Part II line 01100,https://downloads.cms.gov/Files/hcris/,ccn,052050,rn_contract_labor_dpc,blended,contract,78.39,,,1.0,,0.92,High,agency
3ab8ad78-9853-4286-9792-720b086bb1ed,08/31/2022,hcris_nmrc,CMS HCRIS Hospital 2552-10 Worksheet S-3 Part II line 01100,https://downloads.cms.gov/Files/hcris/,ccn,052052,rn_contract_labor_dpc,blended,contract,87.34,,,1.0,,0.92,High,agency
00536288-f198-4362-9d0b-7d1284a87530,08/31/2022,hcris_nmrc,CMS HCRIS Hospital 2552-10 Worksheet S-3 Part II line 01100,https://downloads.cms.gov/Files/hcris/,ccn,322002,rn_contract_labor_dpc,blended,contract,120.64,,,1.0,,0.92,High,agency
9e480cc6-3c44-4bc1-84ef-895bd928c17f,08/31/2022,hcris_nmrc,CMS HCRIS Hospital 2552-10 Worksheet S-3 Part II line 01100,https://downloads.cms.gov/Files/hcris/,ccn,052046,rn_contract_labor_dpc,blended,contract,85.05,,,1.0,,0.92,High,agency
c10e2c1d-7261-450e-a7f8-8c77b179e05f,08/31/2022,hcris_nmrc,CMS HCRIS Hospital 2552-10 Worksheet S-3 Part II line 01100,https://downloads.cms.gov/Files/hcris/,ccn,052045,rn_contract_labor_dpc,blended,contract,71.33,,,1.0,,0.92,High,agency
f363cef0-d852-4411-8955-c7dbf08294b3,08/31/2022,hcris_nmrc,CMS HCRIS Hospital 2552-10 Worksheet S-3 Part II line 01100,https://downloads.cms.gov/Files/hcris/,ccn,262010,rn_contract_labor_dpc,blended,contract,100.06,,,1.0,,0.92,High,agency
35605073-ad8a-4984-b851-eebb31e902d9,08/31/2022,hcris_nmrc,CMS HCRIS Hospital 2552-10 Worksheet S-3 Part II line 01100,https://downloads.cms.gov/Files/hcris/,ccn,052039,rn_contract_labor_dpc,blended,contract,72.86,,,1.0,,0.92,High,agency
be47defe-d541-4f83-9f28-d21788edb9c5,08/31/2022,hcris_nmrc,CMS HCRIS Hospital 2552-10 Worksheet S-3 Part II line 01100,https://downloads.cms.gov/Files/hcris/,ccn,052038,rn_contract_labor_dpc,blended,contract,87.16,,,1.0,,0.92,High,agency
6f0c5bef-3fe3-4765-9afd-ef409778e272,08/31/2022,hcris_nmrc,CMS HCRIS Hospital 2552-10 Worksheet S-3 Part II line 01100,https://downloads.cms.gov/Files/hcris/,ccn,052049,rn_contract_labor_dpc,blended,contract,129.11,,,1.0,,0.92,High,agency
00afb0d4-4b63-43e3-9fdb-35148f851f15,08/31/2022,hcris_nmrc,CMS HCRIS Hospital 2552-10 Worksheet S-3 Part II line 01100,https://downloads.cms.gov/Files/hcris/,ccn,262018,rn_contract_labor_dpc,blended,contract,100.23,,,1.0,,0.92,High,agency
d7d62254-afba-4793-8c12-ae05f5e7d911,08/31/2022,hcris_nmrc,CMS HCRIS Hospital 2552-10 Worksheet S-3 Part II line 01100,https://downloads.cms.gov/Files/hcris/,ccn,312020,rn_contract_labor_dpc,blended,contract,105.64,,,1.0,,0.92,High,agency
504d2786-08e0-4240-aaf6-364a3a7cb182,08/31/2022,hcris_nmrc,CMS HCRIS Hospital 2552-10 Worksheet S-3 Part II line 01100,https://downloads.cms.gov/Files/hcris/,ccn,502002,rn_contract_labor_dpc,blended,contract,108.94,,,1.0,,0.92,High,agency
95d6cefb-f582-4b0a-ada4-781285571f2a,08/31/2022,hcris_nmrc,CMS HCRIS Hospital 2552-10 Worksheet S-3 Part II line 01100,https://downloads.cms.gov/Files/hcris/,ccn,142006,rn_contract_labor_dpc,blended,contract,105.54,,,1.0,,0.92,High,agency
11304331-9d28-4c97-b0b0-3aee20940384,08/31/2022,hcris_nmrc,CMS HCRIS Hospital 2552-10 Worksheet S-3 Part II line 01100,https://downloads.cms.gov/Files/hcris/,ccn,142013,rn_contract_labor_dpc,blended,contract,102.59,,,1.0,,0.92,High,agency
4caa28f4-4693-49d9-8a9f-9bb7b9708292,08/31/2022,hcris_nmrc,CMS HCRIS Hospital 2552-10 Worksheet S-3 Part II line 01100,https://downloads.cms.gov/Files/hcris/,ccn,142009,rn_contract_labor_dpc,blended,contract,111.96,,,1.0,,0.92,High,agency
47427fa5-08b7-4d1d-98af-e5dc862015da,08/31/2022,hcris_nmrc,CMS HCRIS Hospital 2552-10 Worksheet S-3 Part II line 01100,https://downloads.cms.gov/Files/hcris/,ccn,142008,rn_contract_labor_dpc,blended,contract,111.25,,,1.0,,0.92,High,agency
1730231b-4460-492c-81e5-f824031028dd,08/31/2022,hcris_nmrc,CMS HCRIS Hospital 2552-10 Worksheet S-3 Part II line 01100,https://downloads.cms.gov/Files/hcris/,ccn,102027,rn_contract_labor_dpc,blended,contract,82.64,,,1.0,,0.92,High,agency
7666a886-c804-4fee-a910-ebf301876169,08/31/2022,hcris_nmrc,CMS HCRIS Hospital 2552-10 Worksheet S-3 Part II line 01100,https://downloads.cms.gov/Files/hcris/,ccn,052037,rn_contract_labor_dpc,blended,contract,94.39,,,1.0,,0.92,High,agency
fea395f5-fa23-412d-b305-d4425eb87506,08/31/2022,hcris_nmrc,CMS HCRIS Hospital 2552-10 Worksheet S-3 Part II line 01100,https://downloads.cms.gov/Files/hcris/,ccn,102010,rn_contract_labor_dpc,blended,contract,83.1,,,1.0,,0.92,High,agency
0a753e78-b42e-4138-8ffe-952c0a6b46ea,08/31/2022,hcris_nmrc,CMS HCRIS Hospital 2552-10 Worksheet S-3 Part II line 01100,https://downloads.cms.gov/Files/hcris/,ccn,062009,rn_contract_labor_dpc,blended,contract,112.23,,,1.0,,0.92,High,agency
aa80af1e-4b65-4df8-a958-08e54b3f00d9,08/31/2022,hcris_nmrc,CMS HCRIS Hospital 2552-10 Worksheet S-3 Part II line 01100,https://downloads.cms.gov/Files/hcris/,ccn,062013,rn_contract_labor_dpc,blended,contract,129.81,,,1.0,,0.92,High,agency
baf031a6-960c-4353-ace2-99a7254ddf46,08/31/2022,hcris_nmrc,CMS HCRIS Hospital 2552-10 Worksheet S-3 Part II line 01100,https://downloads.cms.gov/Files/hcris/,ccn,152007,rn_contract_labor_dpc,blended,contract,98.06,,,1.0,,0.92,High,agency
3aef6cbc-f5f8-46b1-86b7-18e869857603,08/31/2022,hcris_nmrc,CMS HCRIS Hospital 2552-10 Worksheet S-3 Part II line 01100,https://downloads.cms.gov/Files/hcris/,ccn,152013,rn_contract_labor_dpc,blended,contract,101.78,,,1.0,,0.92,High,agency
f91bb7fe-1adf-4e8a-af51-9a0c5d404299,08/31/2022,hcris_nmrc,CMS HCRIS Hospital 2552-10 Worksheet S-3 Part II line 01100,https://downloads.cms.gov/Files/hcris/,ccn,102025,rn_contract_labor_dpc,blended,contract,75.02,,,1.0,,0.92,High,agency
584cfba0-07bd-49b3-92d0-359b139357d1,08/31/2022,hcris_nmrc,CMS HCRIS Hospital 2552-10 Worksheet S-3 Part II line 01100,https://downloads.cms.gov/Files/hcris/,ccn,102009,rn_contract_labor_dpc,blended,contract,77.53,,,1.0,,0.92,High,agency
c867b98e-e3e1-470e-bb1b-649fd01ebea8,08/31/2022,hcris_nmrc,CMS HCRIS Hospital 2552-10 Worksheet S-3 Part II line 01100,https://downloads.cms.gov/Files/hcris/,ccn,102013,rn_contract_labor_dpc,blended,contract,71.33,,,1.0,,0.92,High,agency
6ff8ce52-ae27-4c4e-8e14-f6b82b35d769,08/31/2022,hcris_nmrc,CMS HCRIS Hospital 2552-10 Worksheet S-3 Part II line 01100,https://downloads.cms.gov/Files/hcris/,ccn,102015,rn_contract_labor_dpc,blended,contract,83.14,,,1.0,,0.92,High,agency
ccb12f21-e9ca-45df-8b63-0ad071c9bc1a,08/31/2022,hcris_nmrc,CMS HCRIS Hospital 2552-10 Worksheet S-3 Part II line 01100,https://downloads.cms.gov/Files/hcris/,ccn,052036,rn_contract_labor_dpc,blended,contract,95.42,,,1.0,,0.92,High,agency
61f244eb-72b5-420a-a1fc-746ba0df311b,08/31/2022,hcris_nmrc,CMS HCRIS Hospital 2552-10 Worksheet S-3 Part II line 01100,https://downloads.cms.gov/Files/hcris/,ccn,052035,rn_contract_labor_dpc,blended,contract,85.85,,,1.0,,0.92,High,agency
0d09c74b-e914-4f82-99e7-115e171a34da,08/31/2022,hcris_nmrc,CMS HCRIS Hospital 2552-10 Worksheet S-3 Part II line 01100,https://downloads.cms.gov/Files/hcris/,ccn,052034,rn_contract_labor_dpc,blended,contract,108.59,,,1.0,,0.92,High,agency
df458340-ec3c-4fdd-9b44-051249e9fcc8,08/31/2022,hcris_nmrc,CMS HCRIS Hospital 2552-10 Worksheet S-3 Part II line 01100,https://downloads.cms.gov/Files/hcris/,ccn,052032,rn_contract_labor_dpc,blended,contract,80.64,,,1.0,,0.92,High,agency
d79145ef-b942-44bf-be44-9df989a165d0,08/31/2022,hcris_nmrc,CMS HCRIS Hospital 2552-10 Worksheet S-3 Part II line 01100,https://downloads.cms.gov/Files/hcris/,ccn,102019,rn_contract_labor_dpc,blended,contract,106.63,,,1.0,,0.92,High,agency
4286303b-7f89-4f59-acfd-afa2d4e9e3ef,08/31/2022,hcris_nmrc,CMS HCRIS Hospital 2552-10 Worksheet S-3 Part II line 01100,https://downloads.cms.gov/Files/hcris/,ccn,452073,rn_contract_labor_dpc,blended,contract,106.48,,,1.0,,0.92,High,agency
0a46ce91-058d-4e46-8d5c-3d1085f26907,08/31/2022,hcris_nmrc,CMS HCRIS Hospital 2552-10 Worksheet S-3 Part II line 01100,https://downloads.cms.gov/Files/hcris/,ccn,362020,rn_contract_labor_dpc,blended,contract,106.62,,,1.0,,0.92,High,agency
80a5b5ba-16ba-4c40-a19e-4e96a32186e7,08/31/2022,hcris_nmrc,CMS HCRIS Hospital 2552-10 Worksheet S-3 Part II line 01100,https://downloads.cms.gov/Files/hcris/,ccn,362033,rn_contract_labor_dpc,blended,contract,110.07,,,1.0,,0.92,High,agency
347a8d67-9d8a-4880-852b-ce47b5b84c8f,08/31/2022,hcris_nmrc,CMS HCRIS Hospital 2552-10 Worksheet S-3 Part II line 01100,https://downloads.cms.gov/Files/hcris/,ccn,452016,rn_contract_labor_dpc,blended,contract,101.01,,,1.0,,0.92,High,agency
df8417e2-89e9-471c-bc45-bfbf581efe74,08/31/2022,hcris_nmrc,CMS HCRIS Hospital 2552-10 Worksheet S-3 Part II line 01100,https://downloads.cms.gov/Files/hcris/,ccn,452108,rn_contract_labor_dpc,blended,contract,95.77,,,1.0,,0.92,High,agency
48c394f1-172a-42c5-8023-177df3228d6e,08/31/2022,hcris_nmrc,CMS HCRIS Hospital 2552-10 Worksheet S-3 Part II line 01100,https://downloads.cms.gov/Files/hcris/,ccn,452023,rn_contract_labor_dpc,blended,contract,84.33,,,1.0,,0.92,High,agency
0016abe4-9f2e-45e6-a545-f4337ce2fbc9,08/31/2022,hcris_nmrc,CMS HCRIS Hospital 2552-10 Worksheet S-3 Part II line 01100,https://downloads.cms.gov/Files/hcris/,ccn,452028,rn_contract_labor_dpc,blended,contract,87.25,,,1.0,,0.92,High,agency
27b9f7cd-8eba-4be5-965c-ccbe8ddb1bc1,08/31/2022,hcris_nmrc,CMS HCRIS Hospital 2552-10 Worksheet S-3 Part II line 01100,https://downloads.cms.gov/Files/hcris/,ccn,452039,rn_contract_labor_dpc,blended,contract,76.76,,,1.0,,0.92,High,agency
0353d911-5564-4238-a43c-c5b1e407dd76,08/31/2022,hcris_nmrc,CMS HCRIS Hospital 2552-10 Worksheet S-3 Part II line 01100,https://downloads.cms.gov/Files/hcris/,ccn,452075,rn_contract_labor_dpc,blended,contract,79.36,,,1.0,,0.92,High,agency
80675463-30a8-49eb-9a40-c76c4192ce46,08/31/2022,hcris_nmrc,CMS HCRIS Hospital 2552-10 Worksheet S-3 Part II line 01100,https://downloads.cms.gov/Files/hcris/,ccn,342012,rn_contract_labor_dpc,blended,contract,126.84,,,1.0,,0.92,High,agency
3fdb9b29-2ecc-412c-bfe6-9bb7a873272d,08/31/2022,hcris_nmrc,CMS HCRIS Hospital 2552-10 Worksheet S-3 Part II line 01100,https://downloads.cms.gov/Files/hcris/,ccn,452080,rn_contract_labor_dpc,blended,contract,70.01,,,1.0,,0.92,High,agency
566f46d6-c9c4-47df-9dbc-c2c501267c3d,08/31/2022,hcris_nmrc,CMS HCRIS Hospital 2552-10 Worksheet S-3 Part II line 01100,https://downloads.cms.gov/Files/hcris/,ccn,182001,rn_contract_labor_dpc,blended,contract,103.57,,,1.0,,0.92,High,agency
1ff46b30-e727-4163-a021-effe56fb54eb,08/31/2022,hcris_nmrc,CMS HCRIS Hospital 2552-10 Worksheet S-3 Part II line 01100,https://downloads.cms.gov/Files/hcris/,ccn,452079,rn_contract_labor_dpc,blended,contract,91.86,,,1.0,,0.92,High,agency
c0c676b1-5a1b-4906-89d3-cfef2c36ec88,09/30/2022,hcris_nmrc,CMS HCRIS Hospital 2552-10 Worksheet S-3 Part II line 01100,https://downloads.cms.gov/Files/hcris/,ccn,231307,rn_contract_labor_dpc,blended,contract,51.41,,,1.0,,0.92,High,agency
5559c1e3-3d42-4e0b-87cc-d73fd87c7b8a,09/30/2022,hcris_nmrc,CMS HCRIS Hospital 2552-10 Worksheet S-3 Part II line 01100,https://downloads.cms.gov/Files/hcris/,ccn,330236,rn_contract_labor_dpc,blended,contract,92.5,,,1.0,,0.92,High,agency
59904863-08d8-44a1-9c32-23a351268ce9,09/30/2022,hcris_nmrc,CMS HCRIS Hospital 2552-10 Worksheet S-3 Part II line 01100,https://downloads.cms.gov/Files/hcris/,ccn,110115,rn_contract_labor_dpc,blended,contract,80.89,,,1.0,,0.92,High,agency
4aec1a8d-d3aa-4d9a-956b-b8502e600078,11/12/2022,hcris_nmrc,CMS HCRIS Hospital 2552-10 Worksheet S-3 Part II line 01100,https://downloads.cms.gov/Files/hcris/,ccn,390119,rn_contract_labor_dpc,blended,contract,117.25,,,1.0,,0.92,High,agency
d0a90704-c59c-4f9e-b562-3105b8bb7573,11/15/2022,hcris_nmrc,CMS HCRIS Hospital 2552-10 Worksheet S-3 Part II line 01100,https://downloads.cms.gov/Files/hcris/,ccn,360037,rn_contract_labor_dpc,blended,contract,66.45,,,1.0,,0.92,High,agency
a98841b1-25cb-410e-802c-335ab8983a2b,12/20/2022,hcris_nmrc,CMS HCRIS Hospital 2552-10 Worksheet S-3 Part II line 01100,https://downloads.cms.gov/Files/hcris/,ccn,310021,rn_contract_labor_dpc,blended,contract,101.48,,,1.0,,0.92,High,agency
c04c469e-c38e-47da-b452-1e9bcda44d06,12/30/2022,hcris_nmrc,CMS HCRIS Hospital 2552-10 Worksheet S-3 Part II line 01100,https://downloads.cms.gov/Files/hcris/,ccn,370029,rn_contract_labor_dpc,blended,contract,115.09,,,1.0,,0.92,High,agency
36f02f8a-e398-4536-bf7f-9620c554f3a7,12/31/2022,hcris_nmrc,CMS HCRIS Hospital 2552-10 Worksheet S-3 Part II line 01100,https://downloads.cms.gov/Files/hcris/,ccn,450099,rn_contract_labor_dpc,blended,contract,27.53,,,1.0,,0.92,High,agency
ab1106ae-dc8e-44c7-81b2-b28f34b51bb5,12/31/2022,hcris_nmrc,CMS HCRIS Hospital 2552-10 Worksheet S-3 Part II line 01100,https://downloads.cms.gov/Files/hcris/,ccn,190146,rn_contract_labor_dpc,blended,contract,89.34,,,1.0,,0.92,High,agency
d835909b-2c9a-4a43-9cef-40b327670f4f,12/31/2022,hcris_nmrc,CMS HCRIS Hospital 2552-10 Worksheet S-3 Part II line 01100,https://downloads.cms.gov/Files/hcris/,ccn,450871,rn_contract_labor_dpc,blended,contract,67.61,,,1.0,,0.92,High,agency
7bc326e3-7868-4a83-8b8c-11621f631370,12/31/2022,hcris_nmrc,CMS HCRIS Hospital 2552-10 Worksheet S-3 Part II line 01100,https://downloads.cms.gov/Files/hcris/,ccn,260210,rn_contract_labor_dpc,blended,contract,122.13,,,1.0,,0.92,High,agency
d3008fcb-863f-4103-955c-16cda86da36c,12/31/2022,hcris_nmrc,CMS HCRIS Hospital 2552-10 Worksheet S-3 Part II line 01100,https://downloads.cms.gov/Files/hcris/,ccn,050096,rn_contract_labor_dpc,blended,contract,80.99,,,1.0,,0.92,High,agency
e8efe328-18f0-4dfe-a8c2-bf2d839073df,12/31/2022,hcris_nmrc,CMS HCRIS Hospital 2552-10 Worksheet S-3 Part II line 01100,https://downloads.cms.gov/Files/hcris/,ccn,110153,rn_contract_labor_dpc,blended,contract,119.9,,,1.0,,0.92,High,agency
1b110966-eecd-4cd2-8954-329e00a6adb5,02/07/2023,hcris_nmrc,CMS HCRIS Hospital 2552-10 Worksheet S-3 Part II line 01100,https://downloads.cms.gov/Files/hcris/,ccn,450348,rn_contract_labor_dpc,blended,contract,108.56,,,1.0,,0.92,High,agency
390dc3e2-7ee0-4b09-871b-4ffe745066d5,02/23/2023,hcris_nmrc,CMS HCRIS Hospital 2552-10 Worksheet S-3 Part II line 01100,https://downloads.cms.gov/Files/hcris/,ccn,670004,rn_contract_labor_dpc,blended,contract,115.99,,,1.0,,0.92,High,agency
dd46c4f8-b263-41c9-9592-4dd9a023aca8,02/28/2023,hcris_nmrc,CMS HCRIS Hospital 2552-10 Worksheet S-3 Part II line 01100,https://downloads.cms.gov/Files/hcris/,ccn,420068,rn_contract_labor_dpc,blended,contract,95.03,,,1.0,,0.92,High,agency
e33114ef-0220-4ad2-9247-3bd1387f41fa,03/15/2023,hcris_nmrc,CMS HCRIS Hospital 2552-10 Worksheet S-3 Part II line 01100,https://downloads.cms.gov/Files/hcris/,ccn,250012,rn_contract_labor_dpc,blended,contract,47.69,,,1.0,,0.92,High,agency
c24d34c3-e141-4f4a-8c8b-009ab52b581b,03/30/2023,hcris_nmrc,CMS HCRIS Hospital 2552-10 Worksheet S-3 Part II line 01100,https://downloads.cms.gov/Files/hcris/,ccn,313030,rn_contract_labor_dpc,blended,contract,30.47,,,1.0,,0.92,High,agency
e98be9d9-bf28-4af0-bd8b-cf5b5ae7d7eb,03/31/2023,hcris_nmrc,CMS HCRIS Hospital 2552-10 Worksheet S-3 Part II line 01100,https://downloads.cms.gov/Files/hcris/,ccn,370139,rn_contract_labor_dpc,blended,contract,93.49,,,1.0,,0.92,High,agency
cbdf7b86-2d61-4542-82e4-8d86f18d6c81,04/02/2023,hcris_nmrc,CMS HCRIS Hospital 2552-10 Worksheet S-3 Part II line 01100,https://downloads.cms.gov/Files/hcris/,ccn,390071,rn_contract_labor_dpc,blended,contract,133.06,,,1.0,,0.92,High,agency
7eb00e3b-d976-47b7-baff-9bdba65be861,04/05/2023,hcris_nmrc,CMS HCRIS Hospital 2552-10 Worksheet S-3 Part II line 01100,https://downloads.cms.gov/Files/hcris/,ccn,450586,rn_contract_labor_dpc,blended,contract,177.19,,,1.0,,0.92,High,agency
6f8028d7-6861-44e3-bdda-1da55e7d31fa,04/30/2023,hcris_nmrc,CMS HCRIS Hospital 2552-10 Worksheet S-3 Part II line 01100,https://downloads.cms.gov/Files/hcris/,ccn,450697,rn_contract_labor_dpc,blended,contract,168.45,,,1.0,,0.92,High,agency
a244994b-8833-4983-a84c-8708743cf603,05/04/2023,hcris_nmrc,CMS HCRIS Hospital 2552-10 Worksheet S-3 Part II line 01100,https://downloads.cms.gov/Files/hcris/,ccn,340144,rn_contract_labor_dpc,blended,contract,79.43,,,1.0,,0.92,High,agency
9269fbfb-1123-4ed4-9ac6-3be60e405dbf,06/17/2023,hcris_nmrc,CMS HCRIS Hospital 2552-10 Worksheet S-3 Part II line 01100,https://downloads.cms.gov/Files/hcris/,ccn,330163,rn_contract_labor_dpc,blended,contract,50.0,,,1.0,,0.92,High,agency
a7329bc6-23d7-41c7-8c30-c09da77bb5ef,06/30/2023,hcris_nmrc,CMS HCRIS Hospital 2552-10 Worksheet S-3 Part II line 01100,https://downloads.cms.gov/Files/hcris/,ccn,500148,rn_contract_labor_dpc,blended,contract,146.43,,,1.0,,0.92,High,agency
03e85117-443c-4d87-9155-9a0de38215c9,06/30/2023,hcris_nmrc,CMS HCRIS Hospital 2552-10 Worksheet S-3 Part II line 01100,https://downloads.cms.gov/Files/hcris/,ccn,370030,rn_contract_labor_dpc,blended,contract,102.26,,,1.0,,0.92,High,agency
b5215d50-4cc3-4cd4-b99c-6d757285568a,06/30/2023,hcris_nmrc,CMS HCRIS Hospital 2552-10 Worksheet S-3 Part II line 01100,https://downloads.cms.gov/Files/hcris/,ccn,110189,rn_contract_labor_dpc,blended,contract,94.59,,,1.0,,0.92,High,agency
5ba400bd-729f-421b-a787-70f213d9741d,06/30/2023,hcris_nmrc,CMS HCRIS Hospital 2552-10 Worksheet S-3 Part II line 01100,https://downloads.cms.gov/Files/hcris/,ccn,390157,rn_contract_labor_dpc,blended,contract,126.59,,,1.0,,0.92,High,agency
fdcbdd8e-7333-4588-b78c-bf53e4550764,06/30/2023,hcris_nmrc,CMS HCRIS Hospital 2552-10 Worksheet S-3 Part II line 01100,https://downloads.cms.gov/Files/hcris/,ccn,190204,rn_contract_labor_dpc,blended,contract,145.46,,,1.0,,0.92,High,agency
5fb52222-f481-4ba5-b8bb-8777a76977dc,07/05/2023,hcris_nmrc,CMS HCRIS Hospital 2552-10 Worksheet S-3 Part II line 01100,https://downloads.cms.gov/Files/hcris/,ccn,230096,rn_contract_labor_dpc,blended,contract,84.92,,,1.0,,0.92,High,agency
74dc5f7d-7c7b-44fa-8783-351acdfafdba,07/09/2023,hcris_nmrc,CMS HCRIS Hospital 2552-10 Worksheet S-3 Part II line 01100,https://downloads.cms.gov/Files/hcris/,ccn,070039,rn_contract_labor_dpc,blended,contract,246.73,,,1.0,,0.92,High,agency
b1f7e450-cad0-4318-a03f-bd9a8909c978,07/09/2023,hcris_nmrc,CMS HCRIS Hospital 2552-10 Worksheet S-3 Part II line 01100,https://downloads.cms.gov/Files/hcris/,ccn,320003,rn_contract_labor_dpc,blended,contract,88.84,,,1.0,,0.92,High,agency
9ebfb129-9e22-4f60-b129-ba8da350a136,07/11/2023,hcris_nmrc,CMS HCRIS Hospital 2552-10 Worksheet S-3 Part II line 01100,https://downloads.cms.gov/Files/hcris/,ccn,290022,rn_contract_labor_dpc,blended,contract,171.99,,,1.0,,0.92,High,agency
86037ae6-76ff-4d1c-9efb-4dce6eddcae6,07/16/2023,hcris_nmrc,CMS HCRIS Hospital 2552-10 Worksheet S-3 Part II line 01100,https://downloads.cms.gov/Files/hcris/,ccn,140167,rn_contract_labor_dpc,blended,contract,174.63,,,1.0,,0.92,High,agency
a3c99967-ed30-4030-9571-50da15b56206,08/03/2023,hcris_nmrc,CMS HCRIS Hospital 2552-10 Worksheet S-3 Part II line 01100,https://downloads.cms.gov/Files/hcris/,ccn,450085,rn_contract_labor_dpc,blended,contract,241.78,,,1.0,,0.92,High,agency
e498b5cf-a1dd-4400-8b85-bee86d6536e5,08/10/2023,hcris_nmrc,CMS HCRIS Hospital 2552-10 Worksheet S-3 Part II line 01100,https://downloads.cms.gov/Files/hcris/,ccn,140234,rn_contract_labor_dpc,blended,contract,137.65,,,1.0,,0.92,High,agency
43a02fec-e969-4dbe-bba9-2f07bf3c878f,08/10/2023,hcris_nmrc,CMS HCRIS Hospital 2552-10 Worksheet S-3 Part II line 01100,https://downloads.cms.gov/Files/hcris/,ccn,140143,rn_contract_labor_dpc,blended,contract,109.04,,,1.0,,0.92,High,agency
4ddcdec3-a04c-45be-a5c2-206a33b96d50,08/17/2023,hcris_nmrc,CMS HCRIS Hospital 2552-10 Worksheet S-3 Part II line 01100,https://downloads.cms.gov/Files/hcris/,ccn,140019,rn_contract_labor_dpc,blended,contract,92.26,,,1.0,,0.92,High,agency
e035b121-d9d2-4105-a038-a7f3f8617b97,08/17/2023,hcris_nmrc,CMS HCRIS Hospital 2552-10 Worksheet S-3 Part II line 01100,https://downloads.cms.gov/Files/hcris/,ccn,450578,rn_contract_labor_dpc,blended,contract,152.26,,,1.0,,0.92,High,agency
934d104f-5ce8-4176-ac91-f741cd79c837,08/25/2023,hcris_nmrc,CMS HCRIS Hospital 2552-10 Worksheet S-3 Part II line 01100,https://downloads.cms.gov/Files/hcris/,ccn,170150,rn_contract_labor_dpc,blended,contract,101.84,,,1.0,,0.92,High,agency
c5cfc201-7486-407c-9c59-17c9ed3bc6a3,08/31/2023,hcris_nmrc,CMS HCRIS Hospital 2552-10 Worksheet S-3 Part II line 01100,https://downloads.cms.gov/Files/hcris/,ccn,040047,rn_contract_labor_dpc,blended,contract,303.0,,,1.0,,0.92,High,agency
3912923c-8c6e-4f18-957c-ec49f8f6af0e,08/31/2023,hcris_nmrc,CMS HCRIS Hospital 2552-10 Worksheet S-3 Part II line 01100,https://downloads.cms.gov/Files/hcris/,ccn,270032,rn_contract_labor_dpc,blended,contract,69.98,,,1.0,,0.92,High,agency
1b338a3b-da32-4169-8f75-3856b92e2494,08/31/2023,hcris_nmrc,CMS HCRIS Hospital 2552-10 Worksheet S-3 Part II line 01100,https://downloads.cms.gov/Files/hcris/,ccn,320067,rn_contract_labor_dpc,blended,contract,89.88,,,1.0,,0.92,High,agency
40c6ea37-a37f-4d24-9dfd-d570fcfafcb8,09/06/2023,hcris_nmrc,CMS HCRIS Hospital 2552-10 Worksheet S-3 Part II line 01100,https://downloads.cms.gov/Files/hcris/,ccn,050350,rn_contract_labor_dpc,blended,contract,124.7,,,1.0,,0.92,High,agency
641129e4-8b29-46c5-a9a4-aabbdab1d8b1,09/07/2023,hcris_nmrc,CMS HCRIS Hospital 2552-10 Worksheet S-3 Part II line 01100,https://downloads.cms.gov/Files/hcris/,ccn,180106,rn_contract_labor_dpc,blended,contract,84.78,,,1.0,,0.92,High,agency
99925c5b-a9d1-42a9-b8b9-20f68337c783,09/07/2023,hcris_nmrc,CMS HCRIS Hospital 2552-10 Worksheet S-3 Part II line 01100,https://downloads.cms.gov/Files/hcris/,ccn,370041,rn_contract_labor_dpc,blended,contract,200.0,,,1.0,,0.92,High,agency
0529e618-14ae-4ae2-854c-c213806a9615,09/21/2023,hcris_nmrc,CMS HCRIS Hospital 2552-10 Worksheet S-3 Part II line 01100,https://downloads.cms.gov/Files/hcris/,ccn,170166,rn_contract_labor_dpc,blended,contract,73.45,,,1.0,,0.92,High,agency
22d60bf5-3248-4e1a-920e-beabaf744297,09/30/2023,hcris_nmrc,CMS HCRIS Hospital 2552-10 Worksheet S-3 Part II line 01100,https://downloads.cms.gov/Files/hcris/,ccn,232039,rn_contract_labor_dpc,blended,contract,50.0,,,1.0,,0.92,High,agency
2c5c94d6-8abd-438b-b8ee-4c1250988cec,10/06/2023,hcris_nmrc,CMS HCRIS Hospital 2552-10 Worksheet S-3 Part II line 01100,https://downloads.cms.gov/Files/hcris/,ccn,231317,rn_contract_labor_dpc,blended,contract,110.22,,,1.0,,0.92,High,agency
ff497d5e-7c93-43d5-88eb-05e6ec69f87c,10/29/2023,hcris_nmrc,CMS HCRIS Hospital 2552-10 Worksheet S-3 Part II line 01100,https://downloads.cms.gov/Files/hcris/,ccn,330245,rn_contract_labor_dpc,blended,contract,121.85,,,1.0,,0.92,High,agency
2e2141cb-6e1e-4921-834d-6c1eba0252dc,10/31/2023,hcris_nmrc,CMS HCRIS Hospital 2552-10 Worksheet S-3 Part II line 01100,https://downloads.cms.gov/Files/hcris/,ccn,170145,rn_contract_labor_dpc,blended,contract,74.17,,,1.0,,0.92,High,agency
ad4f02a4-ba83-4d26-93b4-3740e749eed9,10/31/2023,hcris_nmrc,CMS HCRIS Hospital 2552-10 Worksheet S-3 Part II line 01100,https://downloads.cms.gov/Files/hcris/,ccn,100106,rn_contract_labor_dpc,blended,contract,36.46,,,1.0,,0.92,High,agency
6b3a4c32-8bca-413a-ae94-53232f525983,11/26/2023,hcris_nmrc,CMS HCRIS Hospital 2552-10 Worksheet S-3 Part II line 01100,https://downloads.cms.gov/Files/hcris/,ccn,050724,rn_contract_labor_dpc,blended,contract,152.6,,,1.0,,0.92,High,agency
62907fc4-bffb-4e50-8588-f12cdbfaa289,11/30/2023,hcris_nmrc,CMS HCRIS Hospital 2552-10 Worksheet S-3 Part II line 01100,https://downloads.cms.gov/Files/hcris/,ccn,670116,rn_contract_labor_dpc,blended,contract,83.39,,,1.0,,0.92,High,agency
2beaf7a0-659a-4971-b7d4-1c4031b763b3,12/04/2023,hcris_nmrc,CMS HCRIS Hospital 2552-10 Worksheet S-3 Part II line 01100,https://downloads.cms.gov/Files/hcris/,ccn,040085,rn_contract_labor_dpc,blended,contract,109.41,,,1.0,,0.92,High,agency
d504b156-f473-4a4b-ad6a-e45cb28da69b,12/06/2023,hcris_nmrc,CMS HCRIS Hospital 2552-10 Worksheet S-3 Part II line 01100,https://downloads.cms.gov/Files/hcris/,ccn,330223,rn_contract_labor_dpc,blended,contract,116.47,,,1.0,,0.92,High,agency
bddfab95-6a87-4a2c-831c-2e7e8ae3f979,12/10/2023,hcris_nmrc,CMS HCRIS Hospital 2552-10 Worksheet S-3 Part II line 01100,https://downloads.cms.gov/Files/hcris/,ccn,050757,rn_contract_labor_dpc,blended,contract,94.19,,,1.0,,0.92,High,agency
3759f504-1c46-41b7-8383-70a9e9f9a243,12/14/2023,hcris_nmrc,CMS HCRIS Hospital 2552-10 Worksheet S-3 Part II line 01100,https://downloads.cms.gov/Files/hcris/,ccn,380033,rn_contract_labor_dpc,blended,contract,96.39,,,1.0,,0.92,High,agency
6618539f-6654-4374-8af5-bd5f3aeb028e,12/28/2023,hcris_nmrc,CMS HCRIS Hospital 2552-10 Worksheet S-3 Part II line 01100,https://downloads.cms.gov/Files/hcris/,ccn,190081,rn_contract_labor_dpc,blended,contract,32.68,,,1.0,,0.92,High,agency
633aabee-e5ce-44bc-884e-35f853d7d0f2,12/29/2023,hcris_nmrc,CMS HCRIS Hospital 2552-10 Worksheet S-3 Part II line 01100,https://downloads.cms.gov/Files/hcris/,ccn,192034,rn_contract_labor_dpc,blended,contract,76.72,,,1.0,,0.92,High,agency
06fb9f18-195e-4be1-8893-adbc6693a700,12/31/2023,hcris_nmrc,CMS HCRIS Hospital 2552-10 Worksheet S-3 Part II line 01100,https://downloads.cms.gov/Files/hcris/,ccn,194007,rn_contract_labor_dpc,blended,contract,74.06,,,1.0,,0.92,High,agency
dbf72462-9307-48a7-beca-e8ed92269a85,12/31/2023,hcris_nmrc,CMS HCRIS Hospital 2552-10 Worksheet S-3 Part II line 01100,https://downloads.cms.gov/Files/hcris/,ccn,451339,rn_contract_labor_dpc,blended,contract,79.08,,,1.0,,0.92,High,agency
5c89d41f-8221-4e95-8cd7-914fa2774bd7,12/31/2023,hcris_nmrc,CMS HCRIS Hospital 2552-10 Worksheet S-3 Part II line 01100,https://downloads.cms.gov/Files/hcris/,ccn,360055,rn_contract_labor_dpc,blended,contract,101.27,,,1.0,,0.92,High,agency
6046a605-8bc1-4cb7-862d-7bc6a95f78a9,12/31/2023,hcris_nmrc,CMS HCRIS Hospital 2552-10 Worksheet S-3 Part II line 01100,https://downloads.cms.gov/Files/hcris/,ccn,260047,rn_contract_labor_dpc,blended,contract,110.0,,,1.0,,0.92,High,agency
4072440a-a6b3-4cb3-be98-1b9c69501d3d,12/31/2023,hcris_nmrc,CMS HCRIS Hospital 2552-10 Worksheet S-3 Part II line 01100,https://downloads.cms.gov/Files/hcris/,ccn,231304,rn_contract_labor_dpc,blended,contract,82.98,,,1.0,,0.92,High,agency
94e7bb5c-ed57-450c-8b99-16cb2a2f3252,12/31/2023,hcris_nmrc,CMS HCRIS Hospital 2552-10 Worksheet S-3 Part II line 01100,https://downloads.cms.gov/Files/hcris/,ccn,010174,rn_contract_labor_dpc,blended,contract,50.0,,,1.0,,0.92,High,agency
326805d7-7fc5-42d7-be6e-8a823570d313,12/31/2023,hcris_nmrc,CMS HCRIS Hospital 2552-10 Worksheet S-3 Part II line 01100,https://downloads.cms.gov/Files/hcris/,ccn,320089,rn_contract_labor_dpc,blended,contract,70.24,,,1.0,,0.92,High,agency
4f951037-af3b-494b-b971-bdf314ea3b49,12/31/2023,hcris_nmrc,CMS HCRIS Hospital 2552-10 Worksheet S-3 Part II line 01100,https://downloads.cms.gov/Files/hcris/,ccn,170075,rn_contract_labor_dpc,blended,contract,67.24,,,1.0,,0.92,High,agency
0492227d-a4f3-478b-8aa5-323fa55dcae3,01/30/2024,hcris_nmrc,CMS HCRIS Hospital 2552-10 Worksheet S-3 Part II line 01100,https://downloads.cms.gov/Files/hcris/,ccn,192023,rn_contract_labor_dpc,blended,contract,80.81,,,1.0,,0.92,High,agency
28a512d8-eecb-47c6-969d-6137226b011b,01/31/2024,hcris_nmrc,CMS HCRIS Hospital 2552-10 Worksheet S-3 Part II line 01100,https://downloads.cms.gov/Files/hcris/,ccn,440239,rn_contract_labor_dpc,blended,contract,76.68,,,1.0,,0.92,High,agency
86fb041f-da5e-44dd-a3dc-f5b4ab2c6d00,02/06/2024,hcris_nmrc,CMS HCRIS Hospital 2552-10 Worksheet S-3 Part II line 01100,https://downloads.cms.gov/Files/hcris/,ccn,210006,rn_contract_labor_dpc,blended,contract,93.78,,,1.0,,0.92,High,agency
a51e2008-bcb8-4d99-bbd4-88656309a779,02/24/2024,hcris_nmrc,CMS HCRIS Hospital 2552-10 Worksheet S-3 Part II line 01100,https://downloads.cms.gov/Files/hcris/,ccn,523030,rn_contract_labor_dpc,blended,contract,93.83,,,1.0,,0.92,High,agency
bc75ad63-ac99-4e79-920f-bb12f0e742f7,02/29/2024,hcris_nmrc,CMS HCRIS Hospital 2552-10 Worksheet S-3 Part II line 01100,https://downloads.cms.gov/Files/hcris/,ccn,100048,rn_contract_labor_dpc,blended,contract,98.66,,,1.0,,0.92,High,agency
dddcd6ef-ef0c-4622-a02f-0c354a3755e5,02/29/2024,hcris_nmrc,CMS HCRIS Hospital 2552-10 Worksheet S-3 Part II line 01100,https://downloads.cms.gov/Files/hcris/,ccn,150191,rn_contract_labor_dpc,blended,contract,47.34,,,1.0,,0.92,High,agency
5a33f74c-9066-4b16-b00f-215cf292ad50,03/01/2024,hcris_nmrc,CMS HCRIS Hospital 2552-10 Worksheet S-3 Part II line 01100,https://downloads.cms.gov/Files/hcris/,ccn,340187,rn_contract_labor_dpc,blended,contract,48.56,,,1.0,,0.92,High,agency
29b076cf-6e95-4aa8-95b6-91de4d80f002,03/14/2024,hcris_nmrc,CMS HCRIS Hospital 2552-10 Worksheet S-3 Part II line 01100,https://downloads.cms.gov/Files/hcris/,ccn,460049,rn_contract_labor_dpc,blended,contract,90.0,,,1.0,,0.92,High,agency
02ea82f9-e2e2-4b6f-bb6d-9b37cbeef1b2,03/17/2024,hcris_nmrc,CMS HCRIS Hospital 2552-10 Worksheet S-3 Part II line 01100,https://downloads.cms.gov/Files/hcris/,ccn,160005,rn_contract_labor_dpc,blended,contract,85.7,,,1.0,,0.92,High,agency
400ebcbb-9c03-4551-aca3-4e76a2ddfa40,03/21/2024,hcris_nmrc,CMS HCRIS Hospital 2552-10 Worksheet S-3 Part II line 01100,https://downloads.cms.gov/Files/hcris/,ccn,520013,rn_contract_labor_dpc,blended,contract,72.56,,,1.0,,0.92,High,agency
ac0c9f32-a74b-4270-aa56-c97b85c1bf1f,03/21/2024,hcris_nmrc,CMS HCRIS Hospital 2552-10 Worksheet S-3 Part II line 01100,https://downloads.cms.gov/Files/hcris/,ccn,520017,rn_contract_labor_dpc,blended,contract,99.7,,,1.0,,0.92,High,agency
14284b53-42d0-4e72-8aaf-01b433caba0f,03/31/2024,hcris_nmrc,CMS HCRIS Hospital 2552-10 Worksheet S-3 Part II line 01100,https://downloads.cms.gov/Files/hcris/,ccn,490147,rn_contract_labor_dpc,blended,contract,88.46,,,1.0,,0.92,High,agency
cde4ccfe-c7c0-4d02-a0e8-65b2777047eb,03/31/2024,hcris_nmrc,CMS HCRIS Hospital 2552-10 Worksheet S-3 Part II line 01100,https://downloads.cms.gov/Files/hcris/,ccn,231308,rn_contract_labor_dpc,blended,contract,109.1,,,1.0,,0.92,High,agency
d1350a36-f94f-40db-bf07-1ffa8fabdb32,04/08/2024,hcris_nmrc,CMS HCRIS Hospital 2552-10 Worksheet S-3 Part II line 01100,https://downloads.cms.gov/Files/hcris/,ccn,513025,rn_contract_labor_dpc,blended,contract,65.83,,,1.0,,0.92,High,agency
c09c01a6-8cc5-49b7-b345-95b260fd6ed4,04/30/2024,hcris_nmrc,CMS HCRIS Hospital 2552-10 Worksheet S-3 Part II line 01100,https://downloads.cms.gov/Files/hcris/,ccn,030131,rn_contract_labor_dpc,blended,contract,55.96,,,1.0,,0.92,High,agency
c91ed9b3-278a-485e-8ebb-e535fedd9911,04/30/2024,hcris_nmrc,CMS HCRIS Hospital 2552-10 Worksheet S-3 Part II line 01100,https://downloads.cms.gov/Files/hcris/,ccn,510031,rn_contract_labor_dpc,blended,contract,57.91,,,1.0,,0.92,High,agency
754b0b68-e1b9-44a2-9bb7-b95cb9f39548,04/30/2024,hcris_nmrc,CMS HCRIS Hospital 2552-10 Worksheet S-3 Part II line 01100,https://downloads.cms.gov/Files/hcris/,ccn,010110,rn_contract_labor_dpc,blended,contract,55.94,,,1.0,,0.92,High,agency
001323d3-3e8b-4a17-8f45-8c72be5b6ccf,05/29/2024,hcris_nmrc,CMS HCRIS Hospital 2552-10 Worksheet S-3 Part II line 01100,https://downloads.cms.gov/Files/hcris/,ccn,010069,rn_contract_labor_dpc,blended,contract,60.96,,,1.0,,0.92,High,agency
53c4b98a-416e-4d1e-b3b3-2429fd17ba92,05/31/2024,hcris_nmrc,CMS HCRIS Hospital 2552-10 Worksheet S-3 Part II line 01100,https://downloads.cms.gov/Files/hcris/,ccn,340073,rn_contract_labor_dpc,blended,contract,77.32,,,1.0,,0.92,High,agency
d30aefc0-0818-4854-8295-cb9d3ff50458,05/31/2024,hcris_nmrc,CMS HCRIS Hospital 2552-10 Worksheet S-3 Part II line 01100,https://downloads.cms.gov/Files/hcris/,ccn,200019,rn_contract_labor_dpc,blended,contract,102.3,,,1.0,,0.92,High,agency
a0b89cf9-d8e3-425c-b9dd-2bd6b9a56d63,05/31/2024,hcris_nmrc,CMS HCRIS Hospital 2552-10 Worksheet S-3 Part II line 01100,https://downloads.cms.gov/Files/hcris/,ccn,450271,rn_contract_labor_dpc,blended,contract,58.97,,,1.0,,0.92,High,agency
1328e4cb-36e5-413e-a05f-aa989fe3bdd8,06/12/2024,hcris_nmrc,CMS HCRIS Hospital 2552-10 Worksheet S-3 Part II line 01100,https://downloads.cms.gov/Files/hcris/,ccn,360044,rn_contract_labor_dpc,blended,contract,76.97,,,1.0,,0.92,High,agency
2165d10e-0d16-4b7c-8ae0-4a0531f3b17e,06/24/2024,hcris_nmrc,CMS HCRIS Hospital 2552-10 Worksheet S-3 Part II line 01100,https://downloads.cms.gov/Files/hcris/,ccn,170110,rn_contract_labor_dpc,blended,contract,143.65,,,1.0,,0.92,High,agency
33073d1f-96b8-41e9-883e-2fa3ab1cdedb,06/30/2024,hcris_nmrc,CMS HCRIS Hospital 2552-10 Worksheet S-3 Part II line 01100,https://downloads.cms.gov/Files/hcris/,ccn,320779,rn_contract_labor_dpc,blended,contract,43.31,,,1.0,,0.92,High,agency
fa1b524d-fbe1-4c10-a249-eda7148c87c2,06/30/2024,hcris_nmrc,CMS HCRIS Hospital 2552-10 Worksheet S-3 Part II line 01100,https://downloads.cms.gov/Files/hcris/,ccn,200037,rn_contract_labor_dpc,blended,contract,114.71,,,1.0,,0.92,High,agency
cc07595c-1507-488b-87c5-7315cbfb9df7,06/30/2024,hcris_nmrc,CMS HCRIS Hospital 2552-10 Worksheet S-3 Part II line 01100,https://downloads.cms.gov/Files/hcris/,ccn,440132,rn_contract_labor_dpc,blended,contract,79.86,,,1.0,,0.92,High,agency
bbb8cda1-7e36-4fa3-b38e-da6e2bf4acd2,06/30/2024,hcris_nmrc,CMS HCRIS Hospital 2552-10 Worksheet S-3 Part II line 01100,https://downloads.cms.gov/Files/hcris/,ccn,521339,rn_contract_labor_dpc,blended,contract,108.91,,,1.0,,0.92,High,agency
cf8cb6d7-9b70-48de-a743-986843102641,06/30/2024,hcris_nmrc,CMS HCRIS Hospital 2552-10 Worksheet S-3 Part II line 01100,https://downloads.cms.gov/Files/hcris/,ccn,370153,rn_contract_labor_dpc,blended,contract,149.74,,,1.0,,0.92,High,agency
97a9ce8f-9b50-4359-a9c7-8757bda10f80,08/08/2024,hcris_nmrc,CMS HCRIS Hospital 2552-10 Worksheet S-3 Part II line 01100,https://downloads.cms.gov/Files/hcris/,ccn,530037,rn_contract_labor_dpc,blended,contract,132.81,,,1.0,,0.92,High,agency
bb2810f8-6275-4f1f-b0ad-138c630ec1db,08/12/2024,hcris_nmrc,CMS HCRIS Hospital 2552-10 Worksheet S-3 Part II line 01100,https://downloads.cms.gov/Files/hcris/,ccn,260050,rn_contract_labor_dpc,blended,contract,118.86,,,1.0,,0.92,High,agency
5f5362fa-e759-4583-80d6-eb36029dd1c3,08/31/2024,hcris_nmrc,CMS HCRIS Hospital 2552-10 Worksheet S-3 Part II line 01100,https://downloads.cms.gov/Files/hcris/,ccn,290061,rn_contract_labor_dpc,blended,contract,70.55,,,1.0,,0.92,High,agency
65017f24-14bf-4d04-9fff-54507d866dde,09/30/2024,hcris_nmrc,CMS HCRIS Hospital 2552-10 Worksheet S-3 Part II line 01100,https://downloads.cms.gov/Files/hcris/,ccn,420043,rn_contract_labor_dpc,blended,contract,82.66,,,1.0,,0.92,High,agency
5a9f8565-48c3-4dd1-85bd-566f7032276b,09/30/2024,hcris_nmrc,CMS HCRIS Hospital 2552-10 Worksheet S-3 Part II line 01100,https://downloads.cms.gov/Files/hcris/,ccn,420072,rn_contract_labor_dpc,blended,contract,87.74,,,1.0,,0.92,High,agency
f112a74f-d815-4ec1-96f1-3f7957625f83,09/30/2024,hcris_nmrc,CMS HCRIS Hospital 2552-10 Worksheet S-3 Part II line 01100,https://downloads.cms.gov/Files/hcris/,ccn,100093,rn_contract_labor_dpc,blended,contract,101.98,,,1.0,,0.92,High,agency
70157f18-278a-4b5a-9ab8-b56330cb0d4a,09/30/2024,hcris_nmrc,CMS HCRIS Hospital 2552-10 Worksheet S-3 Part II line 01100,https://downloads.cms.gov/Files/hcris/,ccn,100071,rn_contract_labor_dpc,blended,contract,149.23,,,1.0,,0.92,High,agency
2ce837be-9af4-4582-beb8-da41ed52ae84,09/30/2024,hcris_nmrc,CMS HCRIS Hospital 2552-10 Worksheet S-3 Part II line 01100,https://downloads.cms.gov/Files/hcris/,ccn,250141,rn_contract_labor_dpc,blended,contract,36.74,,,1.0,,0.92,High,agency
d1a7a304-177b-4055-a642-c74a68903aea,09/30/2024,hcris_nmrc,CMS HCRIS Hospital 2552-10 Worksheet S-3 Part II line 01100,https://downloads.cms.gov/Files/hcris/,ccn,250138,rn_contract_labor_dpc,blended,contract,88.41,,,1.0,,0.92,High,agency
4db3ea8b-1e8b-4ee3-b28c-b9e9c479d17d,09/30/2024,hcris_nmrc,CMS HCRIS Hospital 2552-10 Worksheet S-3 Part II line 01100,https://downloads.cms.gov/Files/hcris/,ccn,420038,rn_contract_labor_dpc,blended,contract,82.89,,,1.0,,0.92,High,agency
7ba0f8de-b1d2-4c88-9271-3484d87ae9d8,09/30/2024,hcris_nmrc,CMS HCRIS Hospital 2552-10 Worksheet S-3 Part II line 01100,https://downloads.cms.gov/Files/hcris/,ccn,370014,rn_contract_labor_dpc,blended,contract,76.59,,,1.0,,0.92,High,agency
b4c1118f-e186-4e6b-917c-53a7a0296d60,09/30/2024,hcris_nmrc,CMS HCRIS Hospital 2552-10 Worksheet S-3 Part II line 01100,https://downloads.cms.gov/Files/hcris/,ccn,190128,rn_contract_labor_dpc,blended,contract,78.05,,,1.0,,0.92,High,agency
f538fcdb-73f2-4b3e-b0f5-51445921df0a,09/30/2024,hcris_nmrc,CMS HCRIS Hospital 2552-10 Worksheet S-3 Part II line 01100,https://downloads.cms.gov/Files/hcris/,ccn,420071,rn_contract_labor_dpc,blended,contract,86.4,,,1.0,,0.92,High,agency
bab0ab84-cfa2-40d3-a099-ca5d5e7b8795,09/30/2024,hcris_nmrc,CMS HCRIS Hospital 2552-10 Worksheet S-3 Part II line 01100,https://downloads.cms.gov/Files/hcris/,ccn,340008,rn_contract_labor_dpc,blended,contract,69.93,,,1.0,,0.92,High,agency
691ece06-86f5-497d-9d3f-1b2f78b084a9,09/30/2024,hcris_nmrc,CMS HCRIS Hospital 2552-10 Worksheet S-3 Part II line 01100,https://downloads.cms.gov/Files/hcris/,ccn,010045,rn_contract_labor_dpc,blended,contract,51.41,,,1.0,,0.92,High,agency
aa4252a5-a060-4cfa-84dc-e28236606dc4,09/30/2024,hcris_nmrc,CMS HCRIS Hospital 2552-10 Worksheet S-3 Part II line 01100,https://downloads.cms.gov/Files/hcris/,ccn,040119,rn_contract_labor_dpc,blended,contract,70.98,,,1.0,,0.92,High,agency
df6c5102-db0d-4b66-9a27-7be4e79c7168,09/30/2024,hcris_nmrc,CMS HCRIS Hospital 2552-10 Worksheet S-3 Part II line 01100,https://downloads.cms.gov/Files/hcris/,ccn,340002,rn_contract_labor_dpc,blended,contract,56.69,,,1.0,,0.92,High,agency
11c1e10f-e096-4dd9-a66b-7652cc7dc4f4,09/30/2024,hcris_nmrc,CMS HCRIS Hospital 2552-10 Worksheet S-3 Part II line 01100,https://downloads.cms.gov/Files/hcris/,ccn,450848,rn_contract_labor_dpc,blended,contract,89.36,,,1.0,,0.92,High,agency
796736fb-705f-4558-b45f-53addf6c9930,09/30/2024,hcris_nmrc,CMS HCRIS Hospital 2552-10 Worksheet S-3 Part II line 01100,https://downloads.cms.gov/Files/hcris/,ccn,100088,rn_contract_labor_dpc,blended,contract,70.6,,,1.0,,0.92,High,agency
8f606cc2-e6f7-4337-bc6e-845a60eb0be7,09/30/2024,hcris_nmrc,CMS HCRIS Hospital 2552-10 Worksheet S-3 Part II line 01100,https://downloads.cms.gov/Files/hcris/,ccn,340039,rn_contract_labor_dpc,blended,contract,85.38,,,1.0,,0.92,High,agency
dcd5a2ed-5cd7-424c-86cc-ffa1aa9477e6,09/30/2024,hcris_nmrc,CMS HCRIS Hospital 2552-10 Worksheet S-3 Part II line 01100,https://downloads.cms.gov/Files/hcris/,ccn,420067,rn_contract_labor_dpc,blended,contract,70.97,,,1.0,,0.92,High,agency
7ccea3dd-c3a1-48ae-a881-3d6368bfac90,09/30/2024,hcris_nmrc,CMS HCRIS Hospital 2552-10 Worksheet S-3 Part II line 01100,https://downloads.cms.gov/Files/hcris/,ccn,100090,rn_contract_labor_dpc,blended,contract,76.06,,,1.0,,0.92,High,agency
009e463f-a9ee-4e23-bea5-fbb6eac679c9,09/30/2024,hcris_nmrc,CMS HCRIS Hospital 2552-10 Worksheet S-3 Part II line 01100,https://downloads.cms.gov/Files/hcris/,ccn,050424,rn_contract_labor_dpc,blended,contract,93.98,,,1.0,,0.92,High,agency
3eaaea2f-c9e7-45ec-881f-75d2a19dbc83,09/30/2024,hcris_nmrc,CMS HCRIS Hospital 2552-10 Worksheet S-3 Part II line 01100,https://downloads.cms.gov/Files/hcris/,ccn,190145,rn_contract_labor_dpc,blended,contract,31.73,,,1.0,,0.92,High,agency
67f5fbf9-54f7-4ccd-bde8-ada719e6646a,09/30/2024,hcris_nmrc,CMS HCRIS Hospital 2552-10 Worksheet S-3 Part II line 01100,https://downloads.cms.gov/Files/hcris/,ccn,420070,rn_contract_labor_dpc,blended,contract,84.34,,,1.0,,0.92,High,agency
b4914b6e-aa46-4864-b83e-5bbdef6703c7,09/30/2024,hcris_nmrc,CMS HCRIS Hospital 2552-10 Worksheet S-3 Part II line 01100,https://downloads.cms.gov/Files/hcris/,ccn,190151,rn_contract_labor_dpc,blended,contract,96.61,,,1.0,,0.92,High,agency
7c6af0c9-9a2f-4879-adca-fe4fa7341b9a,09/30/2024,hcris_nmrc,CMS HCRIS Hospital 2552-10 Worksheet S-3 Part II line 01100,https://downloads.cms.gov/Files/hcris/,ccn,030083,rn_contract_labor_dpc,blended,contract,42.14,,,1.0,,0.92,High,agency
b43133cf-e42a-435a-b1f2-f518fc7dabcc,09/30/2024,hcris_nmrc,CMS HCRIS Hospital 2552-10 Worksheet S-3 Part II line 01100,https://downloads.cms.gov/Files/hcris/,ccn,340040,rn_contract_labor_dpc,blended,contract,79.21,,,1.0,,0.92,High,agency
773caa22-be45-4f7f-9f37-0e2af4b3a135,09/30/2024,hcris_nmrc,CMS HCRIS Hospital 2552-10 Worksheet S-3 Part II line 01100,https://downloads.cms.gov/Files/hcris/,ccn,250162,rn_contract_labor_dpc,blended,contract,50.3,,,1.0,,0.92,High,agency
0766bb18-2a6a-4cd2-a2ac-6a7a509800e5,09/30/2024,hcris_nmrc,CMS HCRIS Hospital 2552-10 Worksheet S-3 Part II line 01100,https://downloads.cms.gov/Files/hcris/,ccn,340003,rn_contract_labor_dpc,blended,contract,97.36,,,1.0,,0.92,High,agency
c77f892b-dc17-46c9-aae3-b87951871d82,09/30/2024,hcris_nmrc,CMS HCRIS Hospital 2552-10 Worksheet S-3 Part II line 01100,https://downloads.cms.gov/Files/hcris/,ccn,113034,rn_contract_labor_dpc,blended,contract,74.08,,,1.0,,0.92,High,agency
a8161894-e1d2-4dbc-a5cd-f81f93aeaa98,09/30/2024,hcris_nmrc,CMS HCRIS Hospital 2552-10 Worksheet S-3 Part II line 01100,https://downloads.cms.gov/Files/hcris/,ccn,190118,rn_contract_labor_dpc,blended,contract,73.62,,,1.0,,0.92,High,agency
486269c2-c1a9-4526-8bad-5bf12407a9f8,09/30/2024,hcris_nmrc,CMS HCRIS Hospital 2552-10 Worksheet S-3 Part II line 01100,https://downloads.cms.gov/Files/hcris/,ccn,250058,rn_contract_labor_dpc,blended,contract,59.53,,,1.0,,0.92,High,agency
a7363e8b-0b04-436d-b43b-a99d8de97e8c,09/30/2024,hcris_nmrc,CMS HCRIS Hospital 2552-10 Worksheet S-3 Part II line 01100,https://downloads.cms.gov/Files/hcris/,ccn,420107,rn_contract_labor_dpc,blended,contract,83.15,,,1.0,,0.92,High,agency
f3bdc618-6e42-492b-87bb-b550cfcc5c5d,09/30/2024,hcris_nmrc,CMS HCRIS Hospital 2552-10 Worksheet S-3 Part II line 01100,https://downloads.cms.gov/Files/hcris/,ccn,420108,rn_contract_labor_dpc,blended,contract,80.97,,,1.0,,0.92,High,agency
83e58a49-166f-44ae-927f-a753250aba9d,09/30/2024,hcris_nmrc,CMS HCRIS Hospital 2552-10 Worksheet S-3 Part II line 01100,https://downloads.cms.gov/Files/hcris/,ccn,190054,rn_contract_labor_dpc,blended,contract,113.39,,,1.0,,0.92,High,agency
10f4f769-fc89-4a73-994e-1c42e53304a1,09/30/2024,hcris_nmrc,CMS HCRIS Hospital 2552-10 Worksheet S-3 Part II line 01100,https://downloads.cms.gov/Files/hcris/,ccn,250044,rn_contract_labor_dpc,blended,contract,250.49,,,1.0,,0.92,High,agency
fd4b5c64-f768-4556-b863-be214a8b77f4,09/30/2024,hcris_nmrc,CMS HCRIS Hospital 2552-10 Worksheet S-3 Part II line 01100,https://downloads.cms.gov/Files/hcris/,ccn,060034,rn_contract_labor_dpc,blended,contract,87.78,,,1.0,,0.92,High,agency
545c8f67-e1e4-4064-a052-508bdff71c8c,09/30/2024,hcris_nmrc,CMS HCRIS Hospital 2552-10 Worksheet S-3 Part II line 01100,https://downloads.cms.gov/Files/hcris/,ccn,423033,rn_contract_labor_dpc,blended,contract,86.01,,,1.0,,0.92,High,agency
dcdfbd6e-6980-48d9-b4c2-e2329908511d,09/30/2024,hcris_nmrc,CMS HCRIS Hospital 2552-10 Worksheet S-3 Part II line 01100,https://downloads.cms.gov/Files/hcris/,ccn,040134,rn_contract_labor_dpc,blended,contract,64.77,,,1.0,,0.92,High,agency
c7f9aea9-ea62-417e-a69d-7a6e73dafad7,09/30/2024,hcris_nmrc,CMS HCRIS Hospital 2552-10 Worksheet S-3 Part II line 01100,https://downloads.cms.gov/Files/hcris/,ccn,420109,rn_contract_labor_dpc,blended,contract,110.0,,,1.0,,0.92,High,agency
f0a71fa3-5f36-40ed-a762-0273eaad9bd1,09/30/2024,hcris_nmrc,CMS HCRIS Hospital 2552-10 Worksheet S-3 Part II line 01100,https://downloads.cms.gov/Files/hcris/,ccn,250004,rn_contract_labor_dpc,blended,contract,84.04,,,1.0,,0.92,High,agency
d5cde460-ae53-433b-8b27-c9a5578bc791,09/30/2024,hcris_nmrc,CMS HCRIS Hospital 2552-10 Worksheet S-3 Part II line 01100,https://downloads.cms.gov/Files/hcris/,ccn,250007,rn_contract_labor_dpc,blended,contract,55.46,,,1.0,,0.92,High,agency
442a44f5-aea1-4e9f-a30d-7dd58d4c6fb9,09/30/2024,hcris_nmrc,CMS HCRIS Hospital 2552-10 Worksheet S-3 Part II line 01100,https://downloads.cms.gov/Files/hcris/,ccn,250020,rn_contract_labor_dpc,blended,contract,63.08,,,1.0,,0.92,High,agency
4158fb94-7e3a-4a38-8bee-a8e48fdfb397,09/30/2024,hcris_nmrc,CMS HCRIS Hospital 2552-10 Worksheet S-3 Part II line 01100,https://downloads.cms.gov/Files/hcris/,ccn,250019,rn_contract_labor_dpc,blended,contract,116.27,,,1.0,,0.92,High,agency
f7fb4f17-b9fa-4c9e-90a4-9397f6ca4864,09/30/2024,hcris_nmrc,CMS HCRIS Hospital 2552-10 Worksheet S-3 Part II line 01100,https://downloads.cms.gov/Files/hcris/,ccn,113032,rn_contract_labor_dpc,blended,contract,90.37,,,1.0,,0.92,High,agency
c93723dc-39e0-461a-b63a-7e059120d96b,09/30/2024,hcris_nmrc,CMS HCRIS Hospital 2552-10 Worksheet S-3 Part II line 01100,https://downloads.cms.gov/Files/hcris/,ccn,420106,rn_contract_labor_dpc,blended,contract,97.69,,,1.0,,0.92,High,agency
3a958e11-9822-4636-a937-10e4fa9c8eab,09/30/2024,hcris_nmrc,CMS HCRIS Hospital 2552-10 Worksheet S-3 Part II line 01100,https://downloads.cms.gov/Files/hcris/,ccn,250034,rn_contract_labor_dpc,blended,contract,102.62,,,1.0,,0.92,High,agency
3d357e5a-531f-4311-9667-e50799d2f560,09/30/2024,hcris_nmrc,CMS HCRIS Hospital 2552-10 Worksheet S-3 Part II line 01100,https://downloads.cms.gov/Files/hcris/,ccn,190065,rn_contract_labor_dpc,blended,contract,78.15,,,1.0,,0.92,High,agency
caa30ade-82e5-42cd-b0ec-65b7d55e6abb,09/30/2024,hcris_nmrc,CMS HCRIS Hospital 2552-10 Worksheet S-3 Part II line 01100,https://downloads.cms.gov/Files/hcris/,ccn,250009,rn_contract_labor_dpc,blended,contract,38.89,,,1.0,,0.92,High,agency
13059417-01cd-4a92-a128-3c5f7778d88a,09/30/2024,hcris_nmrc,CMS HCRIS Hospital 2552-10 Worksheet S-3 Part II line 01100,https://downloads.cms.gov/Files/hcris/,ccn,340024,rn_contract_labor_dpc,blended,contract,92.55,,,1.0,,0.92,High,agency
74058408-da4a-479a-a6db-6e249fe8fbcf,09/30/2024,hcris_nmrc,CMS HCRIS Hospital 2552-10 Worksheet S-3 Part II line 01100,https://downloads.cms.gov/Files/hcris/,ccn,250040,rn_contract_labor_dpc,blended,contract,48.94,,,1.0,,0.92,High,agency
31f88e42-a798-4bf0-bfde-60b478df4626,09/30/2024,hcris_nmrc,CMS HCRIS Hospital 2552-10 Worksheet S-3 Part II line 01100,https://downloads.cms.gov/Files/hcris/,ccn,113036,rn_contract_labor_dpc,blended,contract,51.26,,,1.0,,0.92,High,agency
04d29763-0722-4c30-a7ab-de92ffafa45e,09/30/2024,hcris_nmrc,CMS HCRIS Hospital 2552-10 Worksheet S-3 Part II line 01100,https://downloads.cms.gov/Files/hcris/,ccn,250042,rn_contract_labor_dpc,blended,contract,92.2,,,1.0,,0.92,High,agency
384e303c-0df2-4a84-89d6-8c966acb75c7,09/30/2024,hcris_nmrc,CMS HCRIS Hospital 2552-10 Worksheet S-3 Part II line 01100,https://downloads.cms.gov/Files/hcris/,ccn,250061,rn_contract_labor_dpc,blended,contract,59.76,,,1.0,,0.92,High,agency
3bb5c493-0cac-4841-b3a0-fd9a54812d3e,09/30/2024,hcris_nmrc,CMS HCRIS Hospital 2552-10 Worksheet S-3 Part II line 01100,https://downloads.cms.gov/Files/hcris/,ccn,420105,rn_contract_labor_dpc,blended,contract,82.81,,,1.0,,0.92,High,agency
369b1cc5-adf7-4bf6-a6d1-2769a8f20fd1,09/30/2024,hcris_nmrc,CMS HCRIS Hospital 2552-10 Worksheet S-3 Part II line 01100,https://downloads.cms.gov/Files/hcris/,ccn,250067,rn_contract_labor_dpc,blended,contract,64.79,,,1.0,,0.92,High,agency
33733184-9fa3-4c33-bc26-713d59a55343,09/30/2024,hcris_nmrc,CMS HCRIS Hospital 2552-10 Worksheet S-3 Part II line 01100,https://downloads.cms.gov/Files/hcris/,ccn,250097,rn_contract_labor_dpc,blended,contract,80.61,,,1.0,,0.92,High,agency
a2fbc078-94b2-4ac4-b549-03a98134fb08,09/30/2024,hcris_nmrc,CMS HCRIS Hospital 2552-10 Worksheet S-3 Part II line 01100,https://downloads.cms.gov/Files/hcris/,ccn,420086,rn_contract_labor_dpc,blended,contract,80.67,,,1.0,,0.92,High,agency
b303795f-0604-4200-a8df-cb313c0b5a80,09/30/2024,hcris_nmrc,CMS HCRIS Hospital 2552-10 Worksheet S-3 Part II line 01100,https://downloads.cms.gov/Files/hcris/,ccn,250025,rn_contract_labor_dpc,blended,contract,52.65,,,1.0,,0.92,High,agency
8cf1645d-f783-4f09-86eb-84b1c76207e3,09/30/2024,hcris_nmrc,CMS HCRIS Hospital 2552-10 Worksheet S-3 Part II line 01100,https://downloads.cms.gov/Files/hcris/,ccn,250100,rn_contract_labor_dpc,blended,contract,128.92,,,1.0,,0.92,High,agency
f8d5fd8d-4707-4272-a619-1a487d14e83c,09/30/2024,hcris_nmrc,CMS HCRIS Hospital 2552-10 Worksheet S-3 Part II line 01100,https://downloads.cms.gov/Files/hcris/,ccn,250102,rn_contract_labor_dpc,blended,contract,94.42,,,1.0,,0.92,High,agency
d3beb7a2-9b43-41c3-b1a0-1712d19893ab,09/30/2024,hcris_nmrc,CMS HCRIS Hospital 2552-10 Worksheet S-3 Part II line 01100,https://downloads.cms.gov/Files/hcris/,ccn,250104,rn_contract_labor_dpc,blended,contract,39.44,,,1.0,,0.92,High,agency
6c7b1fe0-0fb7-472c-b33d-d32ceb6b0191,09/30/2024,hcris_nmrc,CMS HCRIS Hospital 2552-10 Worksheet S-3 Part II line 01100,https://downloads.cms.gov/Files/hcris/,ccn,190111,rn_contract_labor_dpc,blended,contract,69.41,,,1.0,,0.92,High,agency
3588ec29-7943-4003-a62b-93b0f2bf3496,09/30/2024,hcris_nmrc,CMS HCRIS Hospital 2552-10 Worksheet S-3 Part II line 01100,https://downloads.cms.gov/Files/hcris/,ccn,250123,rn_contract_labor_dpc,blended,contract,76.15,,,1.0,,0.92,High,agency
d66e0548-7f97-41e2-9b40-29bceb924745,09/30/2024,hcris_nmrc,CMS HCRIS Hospital 2552-10 Worksheet S-3 Part II line 01100,https://downloads.cms.gov/Files/hcris/,ccn,420078,rn_contract_labor_dpc,blended,contract,84.29,,,1.0,,0.92,High,agency
e1b2af54-c89d-4f03-86ef-959755b09623,09/30/2024,hcris_nmrc,CMS HCRIS Hospital 2552-10 Worksheet S-3 Part II line 01100,https://downloads.cms.gov/Files/hcris/,ccn,420073,rn_contract_labor_dpc,blended,contract,119.41,,,1.0,,0.92,High,agency
9c9d32d6-3786-4ade-ad5b-2e23106da79b,09/30/2024,hcris_nmrc,CMS HCRIS Hospital 2552-10 Worksheet S-3 Part II line 01100,https://downloads.cms.gov/Files/hcris/,ccn,250117,rn_contract_labor_dpc,blended,contract,67.26,,,1.0,,0.92,High,agency
de52fbf0-bb12-4f16-892a-f1388b99b323,09/30/2024,hcris_nmrc,CMS HCRIS Hospital 2552-10 Worksheet S-3 Part II line 01100,https://downloads.cms.gov/Files/hcris/,ccn,100087,rn_contract_labor_dpc,blended,contract,83.34,,,1.0,,0.92,High,agency
25f50dcf-f819-489f-a0a2-580e1f86c17b,09/30/2024,hcris_nmrc,CMS HCRIS Hospital 2552-10 Worksheet S-3 Part II line 01100,https://downloads.cms.gov/Files/hcris/,ccn,250095,rn_contract_labor_dpc,blended,contract,63.96,,,1.0,,0.92,High,agency
fdacbdeb-2300-43ff-ab43-0cd5612677fc,09/30/2024,hcris_nmrc,CMS HCRIS Hospital 2552-10 Worksheet S-3 Part II line 01100,https://downloads.cms.gov/Files/hcris/,ccn,190044,rn_contract_labor_dpc,blended,contract,70.85,,,1.0,,0.92,High,agency
5fc21f89-0368-443a-97a5-aaf5cfb27e8d,09/30/2024,hcris_nmrc,CMS HCRIS Hospital 2552-10 Worksheet S-3 Part II line 01100,https://downloads.cms.gov/Files/hcris/,ccn,250072,rn_contract_labor_dpc,blended,contract,75.38,,,1.0,,0.92,High,agency
a436cc94-891a-4fdb-8fce-9a73a0999249,09/30/2024,hcris_nmrc,CMS HCRIS Hospital 2552-10 Worksheet S-3 Part II line 01100,https://downloads.cms.gov/Files/hcris/,ccn,420103,rn_contract_labor_dpc,blended,contract,78.48,,,1.0,,0.92,High,agency
4ca00bbc-cd9a-4df4-8ca9-d57f8173aca9,09/30/2024,hcris_nmrc,CMS HCRIS Hospital 2552-10 Worksheet S-3 Part II line 01100,https://downloads.cms.gov/Files/hcris/,ccn,250077,rn_contract_labor_dpc,blended,contract,60.9,,,1.0,,0.92,High,agency
59cb4b5a-4a0c-461a-a176-f562baaae7c2,09/30/2024,hcris_nmrc,CMS HCRIS Hospital 2552-10 Worksheet S-3 Part II line 01100,https://downloads.cms.gov/Files/hcris/,ccn,250078,rn_contract_labor_dpc,blended,contract,70.86,,,1.0,,0.92,High,agency
52647d9c-3c2f-4f8a-8c1c-9228ea79e764,09/30/2024,hcris_nmrc,CMS HCRIS Hospital 2552-10 Worksheet S-3 Part II line 01100,https://downloads.cms.gov/Files/hcris/,ccn,420102,rn_contract_labor_dpc,blended,contract,90.12,,,1.0,,0.92,High,agency
8394fd1c-c373-4117-8a6a-caf114bb4635,09/30/2024,hcris_nmrc,CMS HCRIS Hospital 2552-10 Worksheet S-3 Part II line 01100,https://downloads.cms.gov/Files/hcris/,ccn,040156,rn_contract_labor_dpc,blended,contract,251.0,,,1.0,,0.92,High,agency
854fba13-406b-4fa7-8b2e-46b3d198d81c,09/30/2024,hcris_nmrc,CMS HCRIS Hospital 2552-10 Worksheet S-3 Part II line 01100,https://downloads.cms.gov/Files/hcris/,ccn,250082,rn_contract_labor_dpc,blended,contract,87.23,,,1.0,,0.92,High,agency
bb6a6706-9f18-4c98-a2f1-bfb1e0630526,09/30/2024,hcris_nmrc,CMS HCRIS Hospital 2552-10 Worksheet S-3 Part II line 01100,https://downloads.cms.gov/Files/hcris/,ccn,250084,rn_contract_labor_dpc,blended,contract,67.22,,,1.0,,0.92,High,agency
d016f1e2-6200-4777-bb18-5aca8893c5ad,09/30/2024,hcris_nmrc,CMS HCRIS Hospital 2552-10 Worksheet S-3 Part II line 01100,https://downloads.cms.gov/Files/hcris/,ccn,250085,rn_contract_labor_dpc,blended,contract,67.45,,,1.0,,0.92,High,agency
b58fd855-6366-4c61-bcf7-d769e97c78fa,09/30/2024,hcris_nmrc,CMS HCRIS Hospital 2552-10 Worksheet S-3 Part II line 01100,https://downloads.cms.gov/Files/hcris/,ccn,420098,rn_contract_labor_dpc,blended,contract,78.17,,,1.0,,0.92,High,agency
d2c28a5f-425c-4211-977d-485fcf889714,09/30/2024,hcris_nmrc,CMS HCRIS Hospital 2552-10 Worksheet S-3 Part II line 01100,https://downloads.cms.gov/Files/hcris/,ccn,340028,rn_contract_labor_dpc,blended,contract,130.61,,,1.0,,0.92,High,agency
34920896-e269-490c-8fa4-6a4a3e46376b,09/30/2024,hcris_nmrc,CMS HCRIS Hospital 2552-10 Worksheet S-3 Part II line 01100,https://downloads.cms.gov/Files/hcris/,ccn,250081,rn_contract_labor_dpc,blended,contract,50.83,,,1.0,,0.92,High,agency
1b57fc27-a5a6-453d-8cf4-509aed7dbcb4,09/30/2024,hcris_nmrc,CMS HCRIS Hospital 2552-10 Worksheet S-3 Part II line 01100,https://downloads.cms.gov/Files/hcris/,ccn,420049,rn_contract_labor_dpc,blended,contract,74.3,,,1.0,,0.92,High,agency
8ede9301-4b22-472a-9757-68e126a94029,09/30/2024,hcris_nmrc,CMS HCRIS Hospital 2552-10 Worksheet S-3 Part II line 01100,https://downloads.cms.gov/Files/hcris/,ccn,050234,rn_contract_labor_dpc,blended,contract,81.7,,,1.0,,0.92,High,agency
7abb0897-5d91-4240-bf49-5c07e56e0c5a,09/30/2024,hcris_nmrc,CMS HCRIS Hospital 2552-10 Worksheet S-3 Part II line 01100,https://downloads.cms.gov/Files/hcris/,ccn,070033,rn_contract_labor_dpc,blended,contract,103.6,,,1.0,,0.92,High,agency
e34692b8-aeac-45ca-b144-43422857b325,09/30/2024,hcris_nmrc,CMS HCRIS Hospital 2552-10 Worksheet S-3 Part II line 01100,https://downloads.cms.gov/Files/hcris/,ccn,070034,rn_contract_labor_dpc,blended,contract,99.45,,,1.0,,0.92,High,agency
bd46b630-0948-4e92-a532-03bcbdcd11ce,09/30/2024,hcris_nmrc,CMS HCRIS Hospital 2552-10 Worksheet S-3 Part II line 01100,https://downloads.cms.gov/Files/hcris/,ccn,450369,rn_contract_labor_dpc,blended,contract,72.97,,,1.0,,0.92,High,agency
3c5a1997-7502-47bb-a112-729b8f1de30b,09/30/2024,hcris_nmrc,CMS HCRIS Hospital 2552-10 Worksheet S-3 Part II line 01100,https://downloads.cms.gov/Files/hcris/,ccn,070035,rn_contract_labor_dpc,blended,contract,96.22,,,1.0,,0.92,High,agency
ecc882e1-a4c7-4337-ae43-bc9d70610469,09/30/2024,hcris_nmrc,CMS HCRIS Hospital 2552-10 Worksheet S-3 Part II line 01100,https://downloads.cms.gov/Files/hcris/,ccn,110032,rn_contract_labor_dpc,blended,contract,75.15,,,1.0,,0.92,High,agency
86f10d55-16af-4ad5-8d96-7e30c07ddcd9,09/30/2024,hcris_nmrc,CMS HCRIS Hospital 2552-10 Worksheet S-3 Part II line 01100,https://downloads.cms.gov/Files/hcris/,ccn,450352,rn_contract_labor_dpc,blended,contract,104.23,,,1.0,,0.92,High,agency
8877d2ee-42a7-4431-8b6b-072858413cfa,09/30/2024,hcris_nmrc,CMS HCRIS Hospital 2552-10 Worksheet S-3 Part II line 01100,https://downloads.cms.gov/Files/hcris/,ccn,450351,rn_contract_labor_dpc,blended,contract,74.62,,,1.0,,0.92,High,agency
317443c2-6be0-45e2-90a1-1354e42b4130,09/30/2024,hcris_nmrc,CMS HCRIS Hospital 2552-10 Worksheet S-3 Part II line 01100,https://downloads.cms.gov/Files/hcris/,ccn,673050,rn_contract_labor_dpc,blended,contract,60.31,,,1.0,,0.92,High,agency
2594864b-636d-44fe-acf3-f36cb50f7bf3,09/30/2024,hcris_nmrc,CMS HCRIS Hospital 2552-10 Worksheet S-3 Part II line 01100,https://downloads.cms.gov/Files/hcris/,ccn,010007,rn_contract_labor_dpc,blended,contract,46.2,,,1.0,,0.92,High,agency
70c982c8-b18e-4ee3-87ea-a265ee4a7086,09/30/2024,hcris_nmrc,CMS HCRIS Hospital 2552-10 Worksheet S-3 Part II line 01100,https://downloads.cms.gov/Files/hcris/,ccn,110029,rn_contract_labor_dpc,blended,contract,88.72,,,1.0,,0.92,High,agency
7081f4b2-574f-4cca-89ed-3835e967cd18,09/30/2024,hcris_nmrc,CMS HCRIS Hospital 2552-10 Worksheet S-3 Part II line 01100,https://downloads.cms.gov/Files/hcris/,ccn,450080,rn_contract_labor_dpc,blended,contract,100.49,,,1.0,,0.92,High,agency
d4a67ee9-8602-497e-973e-30d715dd783a,09/30/2024,hcris_nmrc,CMS HCRIS Hospital 2552-10 Worksheet S-3 Part II line 01100,https://downloads.cms.gov/Files/hcris/,ccn,030148,rn_contract_labor_dpc,blended,contract,81.67,,,1.0,,0.92,High,agency
8d1ef454-468e-4ff9-a02e-db169945e4ae,09/30/2024,hcris_nmrc,CMS HCRIS Hospital 2552-10 Worksheet S-3 Part II line 01100,https://downloads.cms.gov/Files/hcris/,ccn,213030,rn_contract_labor_dpc,blended,contract,87.24,,,1.0,,0.92,High,agency
3b239a5f-f51d-4099-b372-121a2c667135,09/30/2024,hcris_nmrc,CMS HCRIS Hospital 2552-10 Worksheet S-3 Part II line 01100,https://downloads.cms.gov/Files/hcris/,ccn,220001,rn_contract_labor_dpc,blended,contract,114.53,,,1.0,,0.92,High,agency
c77a2763-ab88-47a7-ae76-202b920df082,09/30/2024,hcris_nmrc,CMS HCRIS Hospital 2552-10 Worksheet S-3 Part II line 01100,https://downloads.cms.gov/Files/hcris/,ccn,220002,rn_contract_labor_dpc,blended,contract,111.2,,,1.0,,0.92,High,agency
23fe0b39-fd8b-4e10-8b0e-7420e9e2ddaa,09/30/2024,hcris_nmrc,CMS HCRIS Hospital 2552-10 Worksheet S-3 Part II line 01100,https://downloads.cms.gov/Files/hcris/,ccn,450289,rn_contract_labor_dpc,blended,contract,98.97,,,1.0,,0.92,High,agency
00dccefc-8911-4b55-825f-85e64e9ef33b,09/30/2024,hcris_nmrc,CMS HCRIS Hospital 2552-10 Worksheet S-3 Part II line 01100,https://downloads.cms.gov/Files/hcris/,ccn,220008,rn_contract_labor_dpc,blended,contract,90.96,,,1.0,,0.92,High,agency
5af2c566-b5a3-4d7e-b2e4-f7d8d20c7e61,09/30/2024,hcris_nmrc,CMS HCRIS Hospital 2552-10 Worksheet S-3 Part II line 01100,https://downloads.cms.gov/Files/hcris/,ccn,673065,rn_contract_labor_dpc,blended,contract,77.43,,,1.0,,0.92,High,agency
09517ece-9183-4a13-9f83-6000b0fc22d2,09/30/2024,hcris_nmrc,CMS HCRIS Hospital 2552-10 Worksheet S-3 Part II line 01100,https://downloads.cms.gov/Files/hcris/,ccn,220010,rn_contract_labor_dpc,blended,contract,95.26,,,1.0,,0.92,High,agency
014275ec-b53b-4428-92e2-6626a01557d2,09/30/2024,hcris_nmrc,CMS HCRIS Hospital 2552-10 Worksheet S-3 Part II line 01100,https://downloads.cms.gov/Files/hcris/,ccn,673066,rn_contract_labor_dpc,blended,contract,76.46,,,1.0,,0.92,High,agency
4d9cd0e6-e757-44e5-99e9-9e7bed9cf6cb,09/30/2024,hcris_nmrc,CMS HCRIS Hospital 2552-10 Worksheet S-3 Part II line 01100,https://downloads.cms.gov/Files/hcris/,ccn,090008,rn_contract_labor_dpc,blended,contract,83.67,,,1.0,,0.92,High,agency
a42a3d5d-cf6e-4917-b6ba-2a7af34a40e5,09/30/2024,hcris_nmrc,CMS HCRIS Hospital 2552-10 Worksheet S-3 Part II line 01100,https://downloads.cms.gov/Files/hcris/,ccn,220012,rn_contract_labor_dpc,blended,contract,104.47,,,1.0,,0.92,High,agency
a74ab358-fc0d-4a8e-9bbc-d81cc6ad5763,09/30/2024,hcris_nmrc,CMS HCRIS Hospital 2552-10 Worksheet S-3 Part II line 01100,https://downloads.cms.gov/Files/hcris/,ccn,223029,rn_contract_labor_dpc,blended,contract,84.38,,,1.0,,0.92,High,agency
31695ac9-a181-4df2-83ef-80f4853fcccf,09/30/2024,hcris_nmrc,CMS HCRIS Hospital 2552-10 Worksheet S-3 Part II line 01100,https://downloads.cms.gov/Files/hcris/,ccn,110038,rn_contract_labor_dpc,blended,contract,72.15,,,1.0,,0.92,High,agency
5af239a1-fc3c-44aa-b3c9-d8b0b67b6983,09/30/2024,hcris_nmrc,CMS HCRIS Hospital 2552-10 Worksheet S-3 Part II line 01100,https://downloads.cms.gov/Files/hcris/,ccn,100002,rn_contract_labor_dpc,blended,contract,99.64,,,1.0,,0.92,High,agency
4699230e-a229-47e8-a2b2-5cc423cf7757,09/30/2024,hcris_nmrc,CMS HCRIS Hospital 2552-10 Worksheet S-3 Part II line 01100,https://downloads.cms.gov/Files/hcris/,ccn,030138,rn_contract_labor_dpc,blended,contract,93.57,,,1.0,,0.92,High,agency
8a5e1330-9e8d-43e9-9356-cf7274bfc620,09/30/2024,hcris_nmrc,CMS HCRIS Hospital 2552-10 Worksheet S-3 Part II line 01100,https://downloads.cms.gov/Files/hcris/,ccn,110041,rn_contract_labor_dpc,blended,contract,67.67,,,1.0,,0.92,High,agency
bb87d881-5a62-405a-8ae8-bef409441ecf,09/30/2024,hcris_nmrc,CMS HCRIS Hospital 2552-10 Worksheet S-3 Part II line 01100,https://downloads.cms.gov/Files/hcris/,ccn,100017,rn_contract_labor_dpc,blended,contract,94.27,,,1.0,,0.92,High,agency
0a4c6928-a6d2-4936-ad11-0952a3eb84a4,09/30/2024,hcris_nmrc,CMS HCRIS Hospital 2552-10 Worksheet S-3 Part II line 01100,https://downloads.cms.gov/Files/hcris/,ccn,070021,rn_contract_labor_dpc,blended,contract,98.52,,,1.0,,0.92,High,agency
217fb54e-481d-48cb-83af-543337213290,09/30/2024,hcris_nmrc,CMS HCRIS Hospital 2552-10 Worksheet S-3 Part II line 01100,https://downloads.cms.gov/Files/hcris/,ccn,450475,rn_contract_labor_dpc,blended,contract,62.29,,,1.0,,0.92,High,agency
3301e4bb-6f28-4a38-b67a-33644193f5e5,09/30/2024,hcris_nmrc,CMS HCRIS Hospital 2552-10 Worksheet S-3 Part II line 01100,https://downloads.cms.gov/Files/hcris/,ccn,443036,rn_contract_labor_dpc,blended,contract,76.74,,,1.0,,0.92,High,agency
d379adbc-b9d7-4d25-91d3-f853600b2ce4,09/30/2024,hcris_nmrc,CMS HCRIS Hospital 2552-10 Worksheet S-3 Part II line 01100,https://downloads.cms.gov/Files/hcris/,ccn,353027,rn_contract_labor_dpc,blended,contract,82.76,,,1.0,,0.92,High,agency
76b16f9a-8dbe-4d26-a9ec-f5d3035cb6e0,09/30/2024,hcris_nmrc,CMS HCRIS Hospital 2552-10 Worksheet S-3 Part II line 01100,https://downloads.cms.gov/Files/hcris/,ccn,110075,rn_contract_labor_dpc,blended,contract,76.3,,,1.0,,0.92,High,agency
4fc8c28a-df18-4bd1-b3df-febceb5c361d,09/30/2024,hcris_nmrc,CMS HCRIS Hospital 2552-10 Worksheet S-3 Part II line 01100,https://downloads.cms.gov/Files/hcris/,ccn,450465,rn_contract_labor_dpc,blended,contract,80.94,,,1.0,,0.92,High,agency
a86de47b-e9c2-451f-bcfa-a500f88cb4b7,09/30/2024,hcris_nmrc,CMS HCRIS Hospital 2552-10 Worksheet S-3 Part II line 01100,https://downloads.cms.gov/Files/hcris/,ccn,070022,rn_contract_labor_dpc,blended,contract,93.31,,,1.0,,0.92,High,agency
345dda55-7430-4178-9c13-de4253926def,09/30/2024,hcris_nmrc,CMS HCRIS Hospital 2552-10 Worksheet S-3 Part II line 01100,https://downloads.cms.gov/Files/hcris/,ccn,230080,rn_contract_labor_dpc,blended,contract,67.63,,,1.0,,0.92,High,agency
5765c1b5-f9fa-4bb3-8022-be3fd3962c1f,09/30/2024,hcris_nmrc,CMS HCRIS Hospital 2552-10 Worksheet S-3 Part II line 01100,https://downloads.cms.gov/Files/hcris/,ccn,070024,rn_contract_labor_dpc,blended,contract,94.58,,,1.0,,0.92,High,agency
bb40eb10-7ce4-4bd6-b6b1-f8a8b44463d7,09/30/2024,hcris_nmrc,CMS HCRIS Hospital 2552-10 Worksheet S-3 Part II line 01100,https://downloads.cms.gov/Files/hcris/,ccn,450451,rn_contract_labor_dpc,blended,contract,42.41,,,1.0,,0.92,High,agency
42b534af-e38e-4500-b027-14f92d0e8a7c,09/30/2024,hcris_nmrc,CMS HCRIS Hospital 2552-10 Worksheet S-3 Part II line 01100,https://downloads.cms.gov/Files/hcris/,ccn,070025,rn_contract_labor_dpc,blended,contract,68.01,,,1.0,,0.92,High,agency
0ea11fec-9d1f-4b6e-8c89-3aceae8e39e5,09/30/2024,hcris_nmrc,CMS HCRIS Hospital 2552-10 Worksheet S-3 Part II line 01100,https://downloads.cms.gov/Files/hcris/,ccn,220015,rn_contract_labor_dpc,blended,contract,101.82,,,1.0,,0.92,High,agency
16d22d6e-efdb-40d5-aa10-cdcc1ef06b50,09/30/2024,hcris_nmrc,CMS HCRIS Hospital 2552-10 Worksheet S-3 Part II line 01100,https://downloads.cms.gov/Files/hcris/,ccn,450015,rn_contract_labor_dpc,blended,contract,113.52,,,1.0,,0.92,High,agency
2b73bb80-d35b-40d6-90ff-235c33ad23bf,09/30/2024,hcris_nmrc,CMS HCRIS Hospital 2552-10 Worksheet S-3 Part II line 01100,https://downloads.cms.gov/Files/hcris/,ccn,450419,rn_contract_labor_dpc,blended,contract,82.74,,,1.0,,0.92,High,agency
1821f6cb-28e4-4fcf-ba26-c44286ed8679,09/30/2024,hcris_nmrc,CMS HCRIS Hospital 2552-10 Worksheet S-3 Part II line 01100,https://downloads.cms.gov/Files/hcris/,ccn,450024,rn_contract_labor_dpc,blended,contract,42.97,,,1.0,,0.92,High,agency
156f0258-52fc-4479-8341-e112bc1080bf,09/30/2024,hcris_nmrc,CMS HCRIS Hospital 2552-10 Worksheet S-3 Part II line 01100,https://downloads.cms.gov/Files/hcris/,ccn,360147,rn_contract_labor_dpc,blended,contract,129.31,,,1.0,,0.92,High,agency
f6a6c89f-cb53-40b7-8794-21e9f917cf9a,09/30/2024,hcris_nmrc,CMS HCRIS Hospital 2552-10 Worksheet S-3 Part II line 01100,https://downloads.cms.gov/Files/hcris/,ccn,070028,rn_contract_labor_dpc,blended,contract,99.92,,,1.0,,0.92,High,agency
1b44a0bc-f418-4dce-98f0-d45adb716f66,09/30/2024,hcris_nmrc,CMS HCRIS Hospital 2552-10 Worksheet S-3 Part II line 01100,https://downloads.cms.gov/Files/hcris/,ccn,450029,rn_contract_labor_dpc,blended,contract,70.03,,,1.0,,0.92,High,agency
0a86dce0-7c4b-40c0-84d4-f7a8193dd33d,09/30/2024,hcris_nmrc,CMS HCRIS Hospital 2552-10 Worksheet S-3 Part II line 01100,https://downloads.cms.gov/Files/hcris/,ccn,110045,rn_contract_labor_dpc,blended,contract,89.13,,,1.0,,0.92,High,agency
2e96eaf1-3985-4200-8117-b1a100ab277b,09/30/2024,hcris_nmrc,CMS HCRIS Hospital 2552-10 Worksheet S-3 Part II line 01100,https://downloads.cms.gov/Files/hcris/,ccn,100006,rn_contract_labor_dpc,blended,contract,175.93,,,1.0,,0.92,High,agency
e69d3d70-16b9-46d1-8ab4-048dbf66b67d,09/30/2024,hcris_nmrc,CMS HCRIS Hospital 2552-10 Worksheet S-3 Part II line 01100,https://downloads.cms.gov/Files/hcris/,ccn,450399,rn_contract_labor_dpc,blended,contract,64.39,,,1.0,,0.92,High,agency
1d038fb4-a748-4170-bba5-a81652b0b309,09/30/2024,hcris_nmrc,CMS HCRIS Hospital 2552-10 Worksheet S-3 Part II line 01100,https://downloads.cms.gov/Files/hcris/,ccn,050324,rn_contract_labor_dpc,blended,contract,102.41,,,1.0,,0.92,High,agency
2b125f94-2023-4d80-82c2-dd7256ecc8a0,09/30/2024,hcris_nmrc,CMS HCRIS Hospital 2552-10 Worksheet S-3 Part II line 01100,https://downloads.cms.gov/Files/hcris/,ccn,070031,rn_contract_labor_dpc,blended,contract,98.49,,,1.0,,0.92,High,agency
d40227ac-7809-447e-8b98-86f69a1e105a,09/30/2024,hcris_nmrc,CMS HCRIS Hospital 2552-10 Worksheet S-3 Part II line 01100,https://downloads.cms.gov/Files/hcris/,ccn,230041,rn_contract_labor_dpc,blended,contract,66.72,,,1.0,,0.92,High,agency
75ca8170-66bd-42cf-8179-d12f0c444460,09/30/2024,hcris_nmrc,CMS HCRIS Hospital 2552-10 Worksheet S-3 Part II line 01100,https://downloads.cms.gov/Files/hcris/,ccn,450039,rn_contract_labor_dpc,blended,contract,104.06,,,1.0,,0.92,High,agency
d76fc773-8c4b-4c77-af5f-e63c7334a92b,09/30/2024,hcris_nmrc,CMS HCRIS Hospital 2552-10 Worksheet S-3 Part II line 01100,https://downloads.cms.gov/Files/hcris/,ccn,100008,rn_contract_labor_dpc,blended,contract,107.64,,,1.0,,0.92,High,agency
fdfb1305-bd2c-470c-a2dc-60fca06a1636,09/30/2024,hcris_nmrc,CMS HCRIS Hospital 2552-10 Worksheet S-3 Part II line 01100,https://downloads.cms.gov/Files/hcris/,ccn,220016,rn_contract_labor_dpc,blended,contract,107.08,,,1.0,,0.92,High,agency
14ca30f8-3525-4c77-9024-35cb46b83394,09/30/2024,hcris_nmrc,CMS HCRIS Hospital 2552-10 Worksheet S-3 Part II line 01100,https://downloads.cms.gov/Files/hcris/,ccn,450104,rn_contract_labor_dpc,blended,contract,92.67,,,1.0,,0.92,High,agency
d7750b6e-e525-4f80-84d1-4d26b3b4ae2d,09/30/2024,hcris_nmrc,CMS HCRIS Hospital 2552-10 Worksheet S-3 Part II line 01100,https://downloads.cms.gov/Files/hcris/,ccn,450152,rn_contract_labor_dpc,blended,contract,80.49,,,1.0,,0.92,High,agency
f340a0ab-9818-44ef-8767-6c559668c380,09/30/2024,hcris_nmrc,CMS HCRIS Hospital 2552-10 Worksheet S-3 Part II line 01100,https://downloads.cms.gov/Files/hcris/,ccn,220095,rn_contract_labor_dpc,blended,contract,98.12,,,1.0,,0.92,High,agency
bbac1d6f-45ae-4196-9557-0d9bfbda2664,09/30/2024,hcris_nmrc,CMS HCRIS Hospital 2552-10 Worksheet S-3 Part II line 01100,https://downloads.cms.gov/Files/hcris/,ccn,220036,rn_contract_labor_dpc,blended,contract,71.98,,,1.0,,0.92,High,agency
ecd29667-03c2-4ba5-9f12-d086c134d900,09/30/2024,hcris_nmrc,CMS HCRIS Hospital 2552-10 Worksheet S-3 Part II line 01100,https://downloads.cms.gov/Files/hcris/,ccn,450155,rn_contract_labor_dpc,blended,contract,78.66,,,1.0,,0.92,High,agency
46c21a16-c719-4c00-a34e-7f30b0fd72cf,09/30/2024,hcris_nmrc,CMS HCRIS Hospital 2552-10 Worksheet S-3 Part II line 01100,https://downloads.cms.gov/Files/hcris/,ccn,220090,rn_contract_labor_dpc,blended,contract,72.01,,,1.0,,0.92,High,agency
7d784655-3dcb-4f7a-ba01-3473486449b6,09/30/2024,hcris_nmrc,CMS HCRIS Hospital 2552-10 Worksheet S-3 Part II line 01100,https://downloads.cms.gov/Files/hcris/,ccn,220088,rn_contract_labor_dpc,blended,contract,101.4,,,1.0,,0.92,High,agency
5b9144a9-1ecb-4590-8ed4-3e34f8453ac7,09/30/2024,hcris_nmrc,CMS HCRIS Hospital 2552-10 Worksheet S-3 Part II line 01100,https://downloads.cms.gov/Files/hcris/,ccn,220086,rn_contract_labor_dpc,blended,contract,101.23,,,1.0,,0.92,High,agency
800e5be6-9f40-402b-95df-b9a45d2713a3,09/30/2024,hcris_nmrc,CMS HCRIS Hospital 2552-10 Worksheet S-3 Part II line 01100,https://downloads.cms.gov/Files/hcris/,ccn,220046,rn_contract_labor_dpc,blended,contract,94.68,,,1.0,,0.92,High,agency
84b1df95-6a8d-4269-a6df-a98e470b2818,09/30/2024,hcris_nmrc,CMS HCRIS Hospital 2552-10 Worksheet S-3 Part II line 01100,https://downloads.cms.gov/Files/hcris/,ccn,220084,rn_contract_labor_dpc,blended,contract,91.6,,,1.0,,0.92,High,agency
33f032f1-e632-4e33-960f-13dd8a555c3e,09/30/2024,hcris_nmrc,CMS HCRIS Hospital 2552-10 Worksheet S-3 Part II line 01100,https://downloads.cms.gov/Files/hcris/,ccn,220083,rn_contract_labor_dpc,blended,contract,391.69,,,1.0,,0.92,High,agency
e5629bc9-8d21-4198-b7ed-f8c27f0d1709,09/30/2024,hcris_nmrc,CMS HCRIS Hospital 2552-10 Worksheet S-3 Part II line 01100,https://downloads.cms.gov/Files/hcris/,ccn,010001,rn_contract_labor_dpc,blended,contract,69.63,,,1.0,,0.92,High,agency
efc0ff9d-d990-40db-8971-65c86b613fde,09/30/2024,hcris_nmrc,CMS HCRIS Hospital 2552-10 Worksheet S-3 Part II line 01100,https://downloads.cms.gov/Files/hcris/,ccn,220049,rn_contract_labor_dpc,blended,contract,103.59,,,1.0,,0.92,High,agency
f5e5d8e6-a657-4d38-8c8d-70c786288e49,09/30/2024,hcris_nmrc,CMS HCRIS Hospital 2552-10 Worksheet S-3 Part II line 01100,https://downloads.cms.gov/Files/hcris/,ccn,220052,rn_contract_labor_dpc,blended,contract,93.42,,,1.0,,0.92,High,agency
e3a8998d-abca-43e5-9401-0451341b518c,09/30/2024,hcris_nmrc,CMS HCRIS Hospital 2552-10 Worksheet S-3 Part II line 01100,https://downloads.cms.gov/Files/hcris/,ccn,220077,rn_contract_labor_dpc,blended,contract,99.24,,,1.0,,0.92,High,agency
a95dd904-5797-428b-b2f0-c3a9bc0a0258,09/30/2024,hcris_nmrc,CMS HCRIS Hospital 2552-10 Worksheet S-3 Part II line 01100,https://downloads.cms.gov/Files/hcris/,ccn,220075,rn_contract_labor_dpc,blended,contract,100.26,,,1.0,,0.92,High,agency
870aeb20-7c44-45ca-b7cf-57b866b7658c,09/30/2024,hcris_nmrc,CMS HCRIS Hospital 2552-10 Worksheet S-3 Part II line 01100,https://downloads.cms.gov/Files/hcris/,ccn,110005,rn_contract_labor_dpc,blended,contract,76.93,,,1.0,,0.92,High,agency
45f96a12-d7ca-4ffa-948b-17479431559e,09/30/2024,hcris_nmrc,CMS HCRIS Hospital 2552-10 Worksheet S-3 Part II line 01100,https://downloads.cms.gov/Files/hcris/,ccn,220060,rn_contract_labor_dpc,blended,contract,98.83,,,1.0,,0.92,High,agency
375cb554-d746-4f4e-91b6-e9545f19befe,09/30/2024,hcris_nmrc,CMS HCRIS Hospital 2552-10 Worksheet S-3 Part II line 01100,https://downloads.cms.gov/Files/hcris/,ccn,220074,rn_contract_labor_dpc,blended,contract,101.37,,,1.0,,0.92,High,agency
153f06fc-ead7-4a06-9c6b-aef85b66244c,09/30/2024,hcris_nmrc,CMS HCRIS Hospital 2552-10 Worksheet S-3 Part II line 01100,https://downloads.cms.gov/Files/hcris/,ccn,083026,rn_contract_labor_dpc,blended,contract,83.42,,,1.0,,0.92,High,agency
f3c8ad1e-c853-47f8-bdc2-90d83d4b876e,09/30/2024,hcris_nmrc,CMS HCRIS Hospital 2552-10 Worksheet S-3 Part II line 01100,https://downloads.cms.gov/Files/hcris/,ccn,220071,rn_contract_labor_dpc,blended,contract,105.17,,,1.0,,0.92,High,agency
60c68ff0-c1bb-4bed-81a1-bf47a1bcc8b1,09/30/2024,hcris_nmrc,CMS HCRIS Hospital 2552-10 Worksheet S-3 Part II line 01100,https://downloads.cms.gov/Files/hcris/,ccn,220070,rn_contract_labor_dpc,blended,contract,96.05,,,1.0,,0.92,High,agency
34e9d972-5847-4a13-a223-acc07d011995,09/30/2024,hcris_nmrc,CMS HCRIS Hospital 2552-10 Worksheet S-3 Part II line 01100,https://downloads.cms.gov/Files/hcris/,ccn,450203,rn_contract_labor_dpc,blended,contract,60.42,,,1.0,,0.92,High,agency
392f0366-7ac7-4017-ba62-321451917b91,09/30/2024,hcris_nmrc,CMS HCRIS Hospital 2552-10 Worksheet S-3 Part II line 01100,https://downloads.cms.gov/Files/hcris/,ccn,220062,rn_contract_labor_dpc,blended,contract,80.34,,,1.0,,0.92,High,agency
2a9ba667-a191-45e8-9879-28f83183b368,09/30/2024,hcris_nmrc,CMS HCRIS Hospital 2552-10 Worksheet S-3 Part II line 01100,https://downloads.cms.gov/Files/hcris/,ccn,220100,rn_contract_labor_dpc,blended,contract,103.35,,,1.0,,0.92,High,agency
9d8d96a4-0796-4668-89ff-275af83a6490,09/30/2024,hcris_nmrc,CMS HCRIS Hospital 2552-10 Worksheet S-3 Part II line 01100,https://downloads.cms.gov/Files/hcris/,ccn,450148,rn_contract_labor_dpc,blended,contract,105.0,,,1.0,,0.92,High,agency
da6ca21e-e3da-4d0c-ab2d-653a44e0bf61,09/30/2024,hcris_nmrc,CMS HCRIS Hospital 2552-10 Worksheet S-3 Part II line 01100,https://downloads.cms.gov/Files/hcris/,ccn,220101,rn_contract_labor_dpc,blended,contract,102.0,,,1.0,,0.92,High,agency
69609f36-2eb8-4620-ae52-7a576319d495,09/30/2024,hcris_nmrc,CMS HCRIS Hospital 2552-10 Worksheet S-3 Part II line 01100,https://downloads.cms.gov/Files/hcris/,ccn,220035,rn_contract_labor_dpc,blended,contract,98.93,,,1.0,,0.92,High,agency
31fd97f8-af0c-4e46-ad94-2294b64d94ea,09/30/2024,hcris_nmrc,CMS HCRIS Hospital 2552-10 Worksheet S-3 Part II line 01100,https://downloads.cms.gov/Files/hcris/,ccn,450108,rn_contract_labor_dpc,blended,contract,76.35,,,1.0,,0.92,High,agency
b69793e5-3092-4e04-ac84-c76890cc0e6c,09/30/2024,hcris_nmrc,CMS HCRIS Hospital 2552-10 Worksheet S-3 Part II line 01100,https://downloads.cms.gov/Files/hcris/,ccn,220019,rn_contract_labor_dpc,blended,contract,93.82,,,1.0,,0.92,High,agency
c22e6cf6-2031-4b54-b408-1ad11c7fc268,09/30/2024,hcris_nmrc,CMS HCRIS Hospital 2552-10 Worksheet S-3 Part II line 01100,https://downloads.cms.gov/Files/hcris/,ccn,220177,rn_contract_labor_dpc,blended,contract,96.53,,,1.0,,0.92,High,agency
6c7c5cf0-cf9a-4f0a-8f29-f888549a9163,09/30/2024,hcris_nmrc,CMS HCRIS Hospital 2552-10 Worksheet S-3 Part II line 01100,https://downloads.cms.gov/Files/hcris/,ccn,220024,rn_contract_labor_dpc,blended,contract,130.76,,,1.0,,0.92,High,agency
0a4fadf1-e556-4bbd-96c6-d315debf0b70,09/30/2024,hcris_nmrc,CMS HCRIS Hospital 2552-10 Worksheet S-3 Part II line 01100,https://downloads.cms.gov/Files/hcris/,ccn,450132,rn_contract_labor_dpc,blended,contract,93.1,,,1.0,,0.92,High,agency
4fb8aceb-4f20-4e99-bec1-546c04cda5cb,09/30/2024,hcris_nmrc,CMS HCRIS Hospital 2552-10 Worksheet S-3 Part II line 01100,https://downloads.cms.gov/Files/hcris/,ccn,220029,rn_contract_labor_dpc,blended,contract,99.46,,,1.0,,0.92,High,agency
c0d03747-5a5c-4df0-8c59-ae1b86ce8230,09/30/2024,hcris_nmrc,CMS HCRIS Hospital 2552-10 Worksheet S-3 Part II line 01100,https://downloads.cms.gov/Files/hcris/,ccn,220171,rn_contract_labor_dpc,blended,contract,93.44,,,1.0,,0.92,High,agency
e3db71a9-16b7-4aa6-a4a0-521357a74ea8,09/30/2024,hcris_nmrc,CMS HCRIS Hospital 2552-10 Worksheet S-3 Part II line 01100,https://downloads.cms.gov/Files/hcris/,ccn,450133,rn_contract_labor_dpc,blended,contract,102.62,,,1.0,,0.92,High,agency
44ca5ba4-9b26-4614-aa0f-1b1c15e106e7,09/30/2024,hcris_nmrc,CMS HCRIS Hospital 2552-10 Worksheet S-3 Part II line 01100,https://downloads.cms.gov/Files/hcris/,ccn,220163,rn_contract_labor_dpc,blended,contract,102.45,,,1.0,,0.92,High,agency
515bf041-550a-42e3-a846-896a495eeae0,09/30/2024,hcris_nmrc,CMS HCRIS Hospital 2552-10 Worksheet S-3 Part II line 01100,https://downloads.cms.gov/Files/hcris/,ccn,220030,rn_contract_labor_dpc,blended,contract,95.51,,,1.0,,0.92,High,agency
f9093f8e-9d26-411a-8c92-ef2383c1a59d,09/30/2024,hcris_nmrc,CMS HCRIS Hospital 2552-10 Worksheet S-3 Part II line 01100,https://downloads.cms.gov/Files/hcris/,ccn,220135,rn_contract_labor_dpc,blended,contract,106.66,,,1.0,,0.92,High,agency
beb44cfa-a9e0-4c11-b5b6-fb5513f0d6ea,09/30/2024,hcris_nmrc,CMS HCRIS Hospital 2552-10 Worksheet S-3 Part II line 01100,https://downloads.cms.gov/Files/hcris/,ccn,450135,rn_contract_labor_dpc,blended,contract,89.99,,,1.0,,0.92,High,agency
80675511-575c-4dd0-83d7-0f9cfd66f610,09/30/2024,hcris_nmrc,CMS HCRIS Hospital 2552-10 Worksheet S-3 Part II line 01100,https://downloads.cms.gov/Files/hcris/,ccn,450137,rn_contract_labor_dpc,blended,contract,98.88,,,1.0,,0.92,High,agency
e5121155-5ee5-49bb-a985-64dbc9f69dfc,09/30/2024,hcris_nmrc,CMS HCRIS Hospital 2552-10 Worksheet S-3 Part II line 01100,https://downloads.cms.gov/Files/hcris/,ccn,220119,rn_contract_labor_dpc,blended,contract,96.87,,,1.0,,0.92,High,agency
00a57397-a3d6-4592-814a-6428515eadd6,09/30/2024,hcris_nmrc,CMS HCRIS Hospital 2552-10 Worksheet S-3 Part II line 01100,https://downloads.cms.gov/Files/hcris/,ccn,220116,rn_contract_labor_dpc,blended,contract,102.8,,,1.0,,0.92,High,agency
0fc699dd-59e3-4cb1-be06-71adaedf5ef0,09/30/2024,hcris_nmrc,CMS HCRIS Hospital 2552-10 Worksheet S-3 Part II line 01100,https://downloads.cms.gov/Files/hcris/,ccn,220031,rn_contract_labor_dpc,blended,contract,118.68,,,1.0,,0.92,High,agency
7016d961-aa51-43cd-80da-9923154832a7,09/30/2024,hcris_nmrc,CMS HCRIS Hospital 2552-10 Worksheet S-3 Part II line 01100,https://downloads.cms.gov/Files/hcris/,ccn,220033,rn_contract_labor_dpc,blended,contract,108.02,,,1.0,,0.92,High,agency
044ed082-6fed-4a02-81aa-c643ecf1f362,09/30/2024,hcris_nmrc,CMS HCRIS Hospital 2552-10 Worksheet S-3 Part II line 01100,https://downloads.cms.gov/Files/hcris/,ccn,450144,rn_contract_labor_dpc,blended,contract,90.08,,,1.0,,0.92,High,agency
51da30ac-ae5a-4f48-ad28-eb1751dd08ad,09/30/2024,hcris_nmrc,CMS HCRIS Hospital 2552-10 Worksheet S-3 Part II line 01100,https://downloads.cms.gov/Files/hcris/,ccn,110001,rn_contract_labor_dpc,blended,contract,91.99,,,1.0,,0.92,High,agency
e7ab1488-02b0-4d5c-90f8-c8d00837b7c8,09/30/2024,hcris_nmrc,CMS HCRIS Hospital 2552-10 Worksheet S-3 Part II line 01100,https://downloads.cms.gov/Files/hcris/,ccn,220110,rn_contract_labor_dpc,blended,contract,100.23,,,1.0,,0.92,High,agency
1dd743d5-f2c5-4a03-baad-b478ada68186,09/30/2024,hcris_nmrc,CMS HCRIS Hospital 2552-10 Worksheet S-3 Part II line 01100,https://downloads.cms.gov/Files/hcris/,ccn,220108,rn_contract_labor_dpc,blended,contract,63.8,,,1.0,,0.92,High,agency
9968a67a-2677-4421-a28c-34b2b1025112,09/30/2024,hcris_nmrc,CMS HCRIS Hospital 2552-10 Worksheet S-3 Part II line 01100,https://downloads.cms.gov/Files/hcris/,ccn,220105,rn_contract_labor_dpc,blended,contract,108.84,,,1.0,,0.92,High,agency
d8e9185f-79f8-467b-80e9-10913da95937,09/30/2024,hcris_nmrc,CMS HCRIS Hospital 2552-10 Worksheet S-3 Part II line 01100,https://downloads.cms.gov/Files/hcris/,ccn,450147,rn_contract_labor_dpc,blended,contract,81.35,,,1.0,,0.92,High,agency
b965204a-345c-4734-a29d-8874d926d908,09/30/2024,hcris_nmrc,CMS HCRIS Hospital 2552-10 Worksheet S-3 Part II line 01100,https://downloads.cms.gov/Files/hcris/,ccn,110008,rn_contract_labor_dpc,blended,contract,72.0,,,1.0,,0.92,High,agency
53fbbdcf-7071-482f-a1f3-6fef7415d87c,09/30/2024,hcris_nmrc,CMS HCRIS Hospital 2552-10 Worksheet S-3 Part II line 01100,https://downloads.cms.gov/Files/hcris/,ccn,363034,rn_contract_labor_dpc,blended,contract,71.67,,,1.0,,0.92,High,agency
f427ccfd-cf46-489e-9b15-cdf126e2efcc,09/30/2024,hcris_nmrc,CMS HCRIS Hospital 2552-10 Worksheet S-3 Part II line 01100,https://downloads.cms.gov/Files/hcris/,ccn,070020,rn_contract_labor_dpc,blended,contract,74.59,,,1.0,,0.92,High,agency
938aa188-a875-47e3-a223-2a853131eb4c,09/30/2024,hcris_nmrc,CMS HCRIS Hospital 2552-10 Worksheet S-3 Part II line 01100,https://downloads.cms.gov/Files/hcris/,ccn,440048,rn_contract_labor_dpc,blended,contract,56.3,,,1.0,,0.92,High,agency
12cf05eb-3f42-4824-bbec-291aeef54413,09/30/2024,hcris_nmrc,CMS HCRIS Hospital 2552-10 Worksheet S-3 Part II line 01100,https://downloads.cms.gov/Files/hcris/,ccn,340099,rn_contract_labor_dpc,blended,contract,83.91,,,1.0,,0.92,High,agency
d1f99def-123b-4b12-a926-b6da4332f025,09/30/2024,hcris_nmrc,CMS HCRIS Hospital 2552-10 Worksheet S-3 Part II line 01100,https://downloads.cms.gov/Files/hcris/,ccn,050393,rn_contract_labor_dpc,blended,contract,96.37,,,1.0,,0.92,High,agency
8023c779-8530-4b6f-903b-0483364c8e4f,09/30/2024,hcris_nmrc,CMS HCRIS Hospital 2552-10 Worksheet S-3 Part II line 01100,https://downloads.cms.gov/Files/hcris/,ccn,450698,rn_contract_labor_dpc,blended,contract,60.11,,,1.0,,0.92,High,agency
bd505804-b710-4cf0-b490-41460c6858a6,09/30/2024,hcris_nmrc,CMS HCRIS Hospital 2552-10 Worksheet S-3 Part II line 01100,https://downloads.cms.gov/Files/hcris/,ccn,340107,rn_contract_labor_dpc,blended,contract,88.2,,,1.0,,0.92,High,agency
45ecbbd1-26b0-42b4-801f-2f933160ce7c,09/30/2024,hcris_nmrc,CMS HCRIS Hospital 2552-10 Worksheet S-3 Part II line 01100,https://downloads.cms.gov/Files/hcris/,ccn,440056,rn_contract_labor_dpc,blended,contract,79.23,,,1.0,,0.92,High,agency
a8941c6b-e281-46a1-a3cf-4ff4aa38ef06,09/30/2024,hcris_nmrc,CMS HCRIS Hospital 2552-10 Worksheet S-3 Part II line 01100,https://downloads.cms.gov/Files/hcris/,ccn,340115,rn_contract_labor_dpc,blended,contract,72.3,,,1.0,,0.92,High,agency
191ae8ad-9d01-4a90-bfa2-c66416e27ac6,09/30/2024,hcris_nmrc,CMS HCRIS Hospital 2552-10 Worksheet S-3 Part II line 01100,https://downloads.cms.gov/Files/hcris/,ccn,340116,rn_contract_labor_dpc,blended,contract,76.81,,,1.0,,0.92,High,agency
c5625949-1163-44b9-8bbb-937059f469a5,09/30/2024,hcris_nmrc,CMS HCRIS Hospital 2552-10 Worksheet S-3 Part II line 01100,https://downloads.cms.gov/Files/hcris/,ccn,040050,rn_contract_labor_dpc,blended,contract,177.52,,,1.0,,0.92,High,agency
1f84f1c6-62bc-4a1b-aac8-3464f2fa304d,09/30/2024,hcris_nmrc,CMS HCRIS Hospital 2552-10 Worksheet S-3 Part II line 01100,https://downloads.cms.gov/Files/hcris/,ccn,340120,rn_contract_labor_dpc,blended,contract,91.85,,,1.0,,0.92,High,agency
257df280-c96d-4808-b950-2a5ed41e24ef,09/30/2024,hcris_nmrc,CMS HCRIS Hospital 2552-10 Worksheet S-3 Part II line 01100,https://downloads.cms.gov/Files/hcris/,ccn,440068,rn_contract_labor_dpc,blended,contract,97.21,,,1.0,,0.92,High,agency
170bd962-deb0-4a73-8b20-dd78419f31b9,09/30/2024,hcris_nmrc,CMS HCRIS Hospital 2552-10 Worksheet S-3 Part II line 01100,https://downloads.cms.gov/Files/hcris/,ccn,010033,rn_contract_labor_dpc,blended,contract,90.8,,,1.0,,0.92,High,agency
c2994be4-1121-4fba-b54d-1e4be19f552d,09/30/2024,hcris_nmrc,CMS HCRIS Hospital 2552-10 Worksheet S-3 Part II line 01100,https://downloads.cms.gov/Files/hcris/,ccn,340127,rn_contract_labor_dpc,blended,contract,50.34,,,1.0,,0.92,High,agency
bcd3eab9-aafd-4ca7-a925-62b3d1ae0698,09/30/2024,hcris_nmrc,CMS HCRIS Hospital 2552-10 Worksheet S-3 Part II line 01100,https://downloads.cms.gov/Files/hcris/,ccn,340129,rn_contract_labor_dpc,blended,contract,68.74,,,1.0,,0.92,High,agency
0c5e853a-5155-40e8-964a-f3212055ef8d,09/30/2024,hcris_nmrc,CMS HCRIS Hospital 2552-10 Worksheet S-3 Part II line 01100,https://downloads.cms.gov/Files/hcris/,ccn,110161,rn_contract_labor_dpc,blended,contract,78.2,,,1.0,,0.92,High,agency
5e38841e-da45-4376-9c24-9db5af32f0e4,09/30/2024,hcris_nmrc,CMS HCRIS Hospital 2552-10 Worksheet S-3 Part II line 01100,https://downloads.cms.gov/Files/hcris/,ccn,010029,rn_contract_labor_dpc,blended,contract,119.13,,,1.0,,0.92,High,agency
4599087a-a4ca-4841-b752-36de381643d0,09/30/2024,hcris_nmrc,CMS HCRIS Hospital 2552-10 Worksheet S-3 Part II line 01100,https://downloads.cms.gov/Files/hcris/,ccn,340142,rn_contract_labor_dpc,blended,contract,127.43,,,1.0,,0.92,High,agency
907e3f5f-20b1-4f8a-85c6-f38942b07624,09/30/2024,hcris_nmrc,CMS HCRIS Hospital 2552-10 Worksheet S-3 Part II line 01100,https://downloads.cms.gov/Files/hcris/,ccn,110142,rn_contract_labor_dpc,blended,contract,66.49,,,1.0,,0.92,High,agency
f048f5e3-4426-480e-b41b-3659a0850f21,09/30/2024,hcris_nmrc,CMS HCRIS Hospital 2552-10 Worksheet S-3 Part II line 01100,https://downloads.cms.gov/Files/hcris/,ccn,450658,rn_contract_labor_dpc,blended,contract,85.02,,,1.0,,0.92,High,agency
74bd8fcf-70e2-4618-9663-71607372c619,09/30/2024,hcris_nmrc,CMS HCRIS Hospital 2552-10 Worksheet S-3 Part II line 01100,https://downloads.cms.gov/Files/hcris/,ccn,440120,rn_contract_labor_dpc,blended,contract,81.61,,,1.0,,0.92,High,agency
f41992ae-a58d-4c9f-97c9-7d0ab12459e9,09/30/2024,hcris_nmrc,CMS HCRIS Hospital 2552-10 Worksheet S-3 Part II line 01100,https://downloads.cms.gov/Files/hcris/,ccn,230779,rn_contract_labor_dpc,blended,contract,75.23,,,1.0,,0.92,High,agency
f521fcf7-c46b-47e7-b45e-2f30badcafb7,09/30/2024,hcris_nmrc,CMS HCRIS Hospital 2552-10 Worksheet S-3 Part II line 01100,https://downloads.cms.gov/Files/hcris/,ccn,450654,rn_contract_labor_dpc,blended,contract,97.53,,,1.0,,0.92,High,agency
4f7a790d-5a4f-46e0-8ece-d195ae8389db,09/30/2024,hcris_nmrc,CMS HCRIS Hospital 2552-10 Worksheet S-3 Part II line 01100,https://downloads.cms.gov/Files/hcris/,ccn,440130,rn_contract_labor_dpc,blended,contract,294.76,,,1.0,,0.92,High,agency
b8038a88-0afc-45d2-8a10-7546448932d7,09/30/2024,hcris_nmrc,CMS HCRIS Hospital 2552-10 Worksheet S-3 Part II line 01100,https://downloads.cms.gov/Files/hcris/,ccn,230297,rn_contract_labor_dpc,blended,contract,277.56,,,1.0,,0.92,High,agency
7c40fef0-8d8b-4e8e-b537-ab49701ae9d1,09/30/2024,hcris_nmrc,CMS HCRIS Hospital 2552-10 Worksheet S-3 Part II line 01100,https://downloads.cms.gov/Files/hcris/,ccn,440131,rn_contract_labor_dpc,blended,contract,73.15,,,1.0,,0.92,High,agency
5fbc28eb-0523-40ac-9d16-28c082b258e7,09/30/2024,hcris_nmrc,CMS HCRIS Hospital 2552-10 Worksheet S-3 Part II line 01100,https://downloads.cms.gov/Files/hcris/,ccn,340151,rn_contract_labor_dpc,blended,contract,89.22,,,1.0,,0.92,High,agency
67f99eda-9b32-4c14-95c1-5770b2488e4e,09/30/2024,hcris_nmrc,CMS HCRIS Hospital 2552-10 Worksheet S-3 Part II line 01100,https://downloads.cms.gov/Files/hcris/,ccn,450702,rn_contract_labor_dpc,blended,contract,76.46,,,1.0,,0.92,High,agency
78f9e311-6a9c-4418-b7b9-1b340695e950,09/30/2024,hcris_nmrc,CMS HCRIS Hospital 2552-10 Worksheet S-3 Part II line 01100,https://downloads.cms.gov/Files/hcris/,ccn,340097,rn_contract_labor_dpc,blended,contract,87.49,,,1.0,,0.92,High,agency
b7e3817f-c73a-4833-8b32-04000f4f0756,09/30/2024,hcris_nmrc,CMS HCRIS Hospital 2552-10 Worksheet S-3 Part II line 01100,https://downloads.cms.gov/Files/hcris/,ccn,100047,rn_contract_labor_dpc,blended,contract,53.3,,,1.0,,0.92,High,agency
17160126-9532-43c8-b2f8-1bc1bea2bf7a,09/30/2024,hcris_nmrc,CMS HCRIS Hospital 2552-10 Worksheet S-3 Part II line 01100,https://downloads.cms.gov/Files/hcris/,ccn,110252,rn_contract_labor_dpc,blended,contract,84.53,,,1.0,,0.92,High,agency
423503dc-02d2-402e-8087-0858e468eced,09/30/2024,hcris_nmrc,CMS HCRIS Hospital 2552-10 Worksheet S-3 Part II line 01100,https://downloads.cms.gov/Files/hcris/,ccn,010040,rn_contract_labor_dpc,blended,contract,72.01,,,1.0,,0.92,High,agency
81f4beba-5b0e-40f4-8c9b-a34c10f7eafc,09/30/2024,hcris_nmrc,CMS HCRIS Hospital 2552-10 Worksheet S-3 Part II line 01100,https://downloads.cms.gov/Files/hcris/,ccn,110237,rn_contract_labor_dpc,blended,contract,101.81,,,1.0,,0.92,High,agency
2e4a9441-a5d1-4cdf-9433-1ff4dd306dca,09/30/2024,hcris_nmrc,CMS HCRIS Hospital 2552-10 Worksheet S-3 Part II line 01100,https://downloads.cms.gov/Files/hcris/,ccn,100062,rn_contract_labor_dpc,blended,contract,60.18,,,1.0,,0.92,High,agency
1b41181f-dff9-4122-a40f-a04fc9fa10db,09/30/2024,hcris_nmrc,CMS HCRIS Hospital 2552-10 Worksheet S-3 Part II line 01100,https://downloads.cms.gov/Files/hcris/,ccn,190202,rn_contract_labor_dpc,blended,contract,67.46,,,1.0,,0.92,High,agency
e7576946-8ec0-45b2-96fe-9ad2b59a3172,09/30/2024,hcris_nmrc,CMS HCRIS Hospital 2552-10 Worksheet S-3 Part II line 01100,https://downloads.cms.gov/Files/hcris/,ccn,030085,rn_contract_labor_dpc,blended,contract,77.92,,,1.0,,0.92,High,agency
294f65bf-15a1-4c20-bbf2-573a7d7d5823,09/30/2024,hcris_nmrc,CMS HCRIS Hospital 2552-10 Worksheet S-3 Part II line 01100,https://downloads.cms.gov/Files/hcris/,ccn,433027,rn_contract_labor_dpc,blended,contract,67.14,,,1.0,,0.92,High,agency
1998133f-aedf-4074-92fd-d2c30ae2a4f2,09/30/2024,hcris_nmrc,CMS HCRIS Hospital 2552-10 Worksheet S-3 Part II line 01100,https://downloads.cms.gov/Files/hcris/,ccn,240052,rn_contract_labor_dpc,blended,contract,94.89,,,1.0,,0.92,High,agency
7f80da70-9b4a-4b7c-9f27-00df4c4d5ff0,09/30/2024,hcris_nmrc,CMS HCRIS Hospital 2552-10 Worksheet S-3 Part II line 01100,https://downloads.cms.gov/Files/hcris/,ccn,110234,rn_contract_labor_dpc,blended,contract,74.94,,,1.0,,0.92,High,agency
fdcd85ec-3667-44e3-9119-a00ba9da9371,09/30/2024,hcris_nmrc,CMS HCRIS Hospital 2552-10 Worksheet S-3 Part II line 01100,https://downloads.cms.gov/Files/hcris/,ccn,670128,rn_contract_labor_dpc,blended,contract,103.03,,,1.0,,0.92,High,agency
2e7d0c1f-435a-43fb-b45f-e50a124b7453,09/30/2024,hcris_nmrc,CMS HCRIS Hospital 2552-10 Worksheet S-3 Part II line 01100,https://downloads.cms.gov/Files/hcris/,ccn,240044,rn_contract_labor_dpc,blended,contract,89.18,,,1.0,,0.92,High,agency
6d9b857b-5d5d-47c8-a2a3-83e0617e3f70,09/30/2024,hcris_nmrc,CMS HCRIS Hospital 2552-10 Worksheet S-3 Part II line 01100,https://downloads.cms.gov/Files/hcris/,ccn,450779,rn_contract_labor_dpc,blended,contract,95.16,,,1.0,,0.92,High,agency
dd22943d-03bb-4547-8a9f-829c0718a0bd,09/30/2024,hcris_nmrc,CMS HCRIS Hospital 2552-10 Worksheet S-3 Part II line 01100,https://downloads.cms.gov/Files/hcris/,ccn,450775,rn_contract_labor_dpc,blended,contract,57.45,,,1.0,,0.92,High,agency
fd8167bb-70fe-4cf5-b267-3f5fb609320b,09/30/2024,hcris_nmrc,CMS HCRIS Hospital 2552-10 Worksheet S-3 Part II line 01100,https://downloads.cms.gov/Files/hcris/,ccn,340068,rn_contract_labor_dpc,blended,contract,67.03,,,1.0,,0.92,High,agency
b8a46229-770d-426d-bf8e-41ca34c5df71,09/30/2024,hcris_nmrc,CMS HCRIS Hospital 2552-10 Worksheet S-3 Part II line 01100,https://downloads.cms.gov/Files/hcris/,ccn,340069,rn_contract_labor_dpc,blended,contract,63.33,,,1.0,,0.92,High,agency
df849254-ddd6-4e16-ad0e-63ada6b9d49d,09/30/2024,hcris_nmrc,CMS HCRIS Hospital 2552-10 Worksheet S-3 Part II line 01100,https://downloads.cms.gov/Files/hcris/,ccn,340070,rn_contract_labor_dpc,blended,contract,64.65,,,1.0,,0.92,High,agency
6d2c1439-c623-4962-9bd3-8ae91894ea6f,09/30/2024,hcris_nmrc,CMS HCRIS Hospital 2552-10 Worksheet S-3 Part II line 01100,https://downloads.cms.gov/Files/hcris/,ccn,440016,rn_contract_labor_dpc,blended,contract,110.28,,,1.0,,0.92,High,agency
80969cb4-d5ff-4839-85a9-d2482968f685,09/30/2024,hcris_nmrc,CMS HCRIS Hospital 2552-10 Worksheet S-3 Part II line 01100,https://downloads.cms.gov/Files/hcris/,ccn,100051,rn_contract_labor_dpc,blended,contract,101.12,,,1.0,,0.92,High,agency
afe99248-6b31-4384-b666-b732753fd684,09/30/2024,hcris_nmrc,CMS HCRIS Hospital 2552-10 Worksheet S-3 Part II line 01100,https://downloads.cms.gov/Files/hcris/,ccn,340071,rn_contract_labor_dpc,blended,contract,125.63,,,1.0,,0.92,High,agency
b255f04e-26d4-4b77-b219-89882bec8adc,09/30/2024,hcris_nmrc,CMS HCRIS Hospital 2552-10 Worksheet S-3 Part II line 01100,https://downloads.cms.gov/Files/hcris/,ccn,190316,rn_contract_labor_dpc,blended,contract,90.0,,,1.0,,0.92,High,agency
8d871611-c265-499a-b1c3-a9d157d18c60,09/30/2024,hcris_nmrc,CMS HCRIS Hospital 2552-10 Worksheet S-3 Part II line 01100,https://downloads.cms.gov/Files/hcris/,ccn,440033,rn_contract_labor_dpc,blended,contract,85.64,,,1.0,,0.92,High,agency
23838bfc-5dfd-47a8-879f-70ce660f3203,09/30/2024,hcris_nmrc,CMS HCRIS Hospital 2552-10 Worksheet S-3 Part II line 01100,https://downloads.cms.gov/Files/hcris/,ccn,340091,rn_contract_labor_dpc,blended,contract,62.55,,,1.0,,0.92,High,agency
261fa107-7e5d-484b-87a8-81fa54ba6fd2,09/30/2024,hcris_nmrc,CMS HCRIS Hospital 2552-10 Worksheet S-3 Part II line 01100,https://downloads.cms.gov/Files/hcris/,ccn,040067,rn_contract_labor_dpc,blended,contract,83.41,,,1.0,,0.92,High,agency
22f2953c-fa04-4359-8b66-0fff6fae24fb,09/30/2024,hcris_nmrc,CMS HCRIS Hospital 2552-10 Worksheet S-3 Part II line 01100,https://downloads.cms.gov/Files/hcris/,ccn,110233,rn_contract_labor_dpc,blended,contract,106.71,,,1.0,,0.92,High,agency
e862d9fd-a1e0-4102-93d4-49c95b7bb1d6,09/30/2024,hcris_nmrc,CMS HCRIS Hospital 2552-10 Worksheet S-3 Part II line 01100,https://downloads.cms.gov/Files/hcris/,ccn,100018,rn_contract_labor_dpc,blended,contract,97.41,,,1.0,,0.92,High,agency
a578c2ac-d32a-4551-b4f2-2cdd4104197d,09/30/2024,hcris_nmrc,CMS HCRIS Hospital 2552-10 Worksheet S-3 Part II line 01100,https://downloads.cms.gov/Files/hcris/,ccn,110122,rn_contract_labor_dpc,blended,contract,46.01,,,1.0,,0.92,High,agency
b2c7e28c-c2c9-42b7-8125-5bc00aee95de,09/30/2024,hcris_nmrc,CMS HCRIS Hospital 2552-10 Worksheet S-3 Part II line 01100,https://downloads.cms.gov/Files/hcris/,ccn,070008,rn_contract_labor_dpc,blended,contract,88.14,,,1.0,,0.92,High,agency
5b4988ec-82c2-422c-8a4d-e2458ca3cc9a,09/30/2024,hcris_nmrc,CMS HCRIS Hospital 2552-10 Worksheet S-3 Part II line 01100,https://downloads.cms.gov/Files/hcris/,ccn,110095,rn_contract_labor_dpc,blended,contract,70.08,,,1.0,,0.92,High,agency
4d3ee89c-d808-49e0-bee5-63c8c9f5cfd8,09/30/2024,hcris_nmrc,CMS HCRIS Hospital 2552-10 Worksheet S-3 Part II line 01100,https://downloads.cms.gov/Files/hcris/,ccn,230167,rn_contract_labor_dpc,blended,contract,100.61,,,1.0,,0.92,High,agency
c5631f4a-ab75-4c5e-accc-6a8d6212be6c,09/30/2024,hcris_nmrc,CMS HCRIS Hospital 2552-10 Worksheet S-3 Part II line 01100,https://downloads.cms.gov/Files/hcris/,ccn,200052,rn_contract_labor_dpc,blended,contract,130.21,,,1.0,,0.92,High,agency
ba5dce0c-8320-4105-86c2-24f58ffc7377,09/30/2024,hcris_nmrc,CMS HCRIS Hospital 2552-10 Worksheet S-3 Part II line 01100,https://downloads.cms.gov/Files/hcris/,ccn,110092,rn_contract_labor_dpc,blended,contract,70.73,,,1.0,,0.92,High,agency
a4b3f360-5afd-41b5-a82a-da84740a11fa,09/30/2024,hcris_nmrc,CMS HCRIS Hospital 2552-10 Worksheet S-3 Part II line 01100,https://downloads.cms.gov/Files/hcris/,ccn,200063,rn_contract_labor_dpc,blended,contract,105.74,,,1.0,,0.92,High,agency
1484e539-33b9-41ec-a36e-b80dc17823fa,09/30/2024,hcris_nmrc,CMS HCRIS Hospital 2552-10 Worksheet S-3 Part II line 01100,https://downloads.cms.gov/Files/hcris/,ccn,450584,rn_contract_labor_dpc,blended,contract,260.61,,,1.0,,0.92,High,agency
fb5bd4b9-d208-4002-9c2f-eee2ab4bb33f,09/30/2024,hcris_nmrc,CMS HCRIS Hospital 2552-10 Worksheet S-3 Part II line 01100,https://downloads.cms.gov/Files/hcris/,ccn,343027,rn_contract_labor_dpc,blended,contract,75.74,,,1.0,,0.92,High,agency
b3e0b037-ffaf-4610-aeaf-01014785888e,09/30/2024,hcris_nmrc,CMS HCRIS Hospital 2552-10 Worksheet S-3 Part II line 01100,https://downloads.cms.gov/Files/hcris/,ccn,070011,rn_contract_labor_dpc,blended,contract,99.61,,,1.0,,0.92,High,agency
99718d73-b667-4dea-b0e8-6828ff81da6f,09/30/2024,hcris_nmrc,CMS HCRIS Hospital 2552-10 Worksheet S-3 Part II line 01100,https://downloads.cms.gov/Files/hcris/,ccn,230141,rn_contract_labor_dpc,blended,contract,70.68,,,1.0,,0.92,High,agency
7a8cc811-52ee-47da-a890-63dbc6261d6e,09/30/2024,hcris_nmrc,CMS HCRIS Hospital 2552-10 Worksheet S-3 Part II line 01100,https://downloads.cms.gov/Files/hcris/,ccn,450571,rn_contract_labor_dpc,blended,contract,79.56,,,1.0,,0.92,High,agency
fe032d6a-7890-4570-ae49-14a4bb74d54f,09/30/2024,hcris_nmrc,CMS HCRIS Hospital 2552-10 Worksheet S-3 Part II line 01100,https://downloads.cms.gov/Files/hcris/,ccn,040014,rn_contract_labor_dpc,blended,contract,166.37,,,1.0,,0.92,High,agency
5925b0a6-75c6-49c3-abc4-4ede6744ab83,09/30/2024,hcris_nmrc,CMS HCRIS Hospital 2552-10 Worksheet S-3 Part II line 01100,https://downloads.cms.gov/Files/hcris/,ccn,110087,rn_contract_labor_dpc,blended,contract,82.02,,,1.0,,0.92,High,agency
49747af4-5d80-419c-9b0f-cb48d3f5a5d2,09/30/2024,hcris_nmrc,CMS HCRIS Hospital 2552-10 Worksheet S-3 Part II line 01100,https://downloads.cms.gov/Files/hcris/,ccn,070016,rn_contract_labor_dpc,blended,contract,74.55,,,1.0,,0.92,High,agency
0e5842dd-b166-4144-b95a-b7ced95c6941,09/30/2024,hcris_nmrc,CMS HCRIS Hospital 2552-10 Worksheet S-3 Part II line 01100,https://downloads.cms.gov/Files/hcris/,ccn,010021,rn_contract_labor_dpc,blended,contract,79.07,,,1.0,,0.92,High,agency
44b7a84d-640e-4e9e-a24a-e8c2a765ac94,09/30/2024,hcris_nmrc,CMS HCRIS Hospital 2552-10 Worksheet S-3 Part II line 01100,https://downloads.cms.gov/Files/hcris/,ccn,100022,rn_contract_labor_dpc,blended,contract,79.39,,,1.0,,0.92,High,agency
49d31858-4581-48b5-a882-89b8d5573ccd,09/30/2024,hcris_nmrc,CMS HCRIS Hospital 2552-10 Worksheet S-3 Part II line 01100,https://downloads.cms.gov/Files/hcris/,ccn,010019,rn_contract_labor_dpc,blended,contract,46.08,,,1.0,,0.92,High,agency
36627cac-3abb-488b-bee0-f6d25b1e9ce8,09/30/2024,hcris_nmrc,CMS HCRIS Hospital 2552-10 Worksheet S-3 Part II line 01100,https://downloads.cms.gov/Files/hcris/,ccn,050272,rn_contract_labor_dpc,blended,contract,103.66,,,1.0,,0.92,High,agency
a804192a-c784-4eed-963f-3781704dbafe,09/30/2024,hcris_nmrc,CMS HCRIS Hospital 2552-10 Worksheet S-3 Part II line 01100,https://downloads.cms.gov/Files/hcris/,ccn,070017,rn_contract_labor_dpc,blended,contract,61.38,,,1.0,,0.92,High,agency
6c090f30-f348-4596-8e55-9079b9a930db,09/30/2024,hcris_nmrc,CMS HCRIS Hospital 2552-10 Worksheet S-3 Part II line 01100,https://downloads.cms.gov/Files/hcris/,ccn,230105,rn_contract_labor_dpc,blended,contract,373.06,,,1.0,,0.92,High,agency
05f07c70-1bb4-42d1-94a6-a1d514ec73f9,09/30/2024,hcris_nmrc,CMS HCRIS Hospital 2552-10 Worksheet S-3 Part II line 01100,https://downloads.cms.gov/Files/hcris/,ccn,070018,rn_contract_labor_dpc,blended,contract,94.59,,,1.0,,0.92,High,agency
d2d76007-aa2b-4e22-baee-474f39e80426,09/30/2024,hcris_nmrc,CMS HCRIS Hospital 2552-10 Worksheet S-3 Part II line 01100,https://downloads.cms.gov/Files/hcris/,ccn,100019,rn_contract_labor_dpc,blended,contract,93.23,,,1.0,,0.92,High,agency
9c335317-c1bf-4213-b136-60e3eed4f7ca,09/30/2024,hcris_nmrc,CMS HCRIS Hospital 2552-10 Worksheet S-3 Part II line 01100,https://downloads.cms.gov/Files/hcris/,ccn,450498,rn_contract_labor_dpc,blended,contract,94.06,,,1.0,,0.92,High,agency
382d1b80-c2ed-46be-9619-550679cc9d41,09/30/2024,hcris_nmrc,CMS HCRIS Hospital 2552-10 Worksheet S-3 Part II line 01100,https://downloads.cms.gov/Files/hcris/,ccn,200050,rn_contract_labor_dpc,blended,contract,99.2,,,1.0,,0.92,High,agency
0a20be07-6a6f-4222-9091-34f3ee579901,09/30/2024,hcris_nmrc,CMS HCRIS Hospital 2552-10 Worksheet S-3 Part II line 01100,https://downloads.cms.gov/Files/hcris/,ccn,200041,rn_contract_labor_dpc,blended,contract,96.77,,,1.0,,0.92,High,agency
49d67205-3aeb-4533-a717-66041eecda8a,09/30/2024,hcris_nmrc,CMS HCRIS Hospital 2552-10 Worksheet S-3 Part II line 01100,https://downloads.cms.gov/Files/hcris/,ccn,670143,rn_contract_labor_dpc,blended,contract,55.0,,,1.0,,0.92,High,agency
c727a39f-addf-4393-93b2-f39f5a84c842,09/30/2024,hcris_nmrc,CMS HCRIS Hospital 2552-10 Worksheet S-3 Part II line 01100,https://downloads.cms.gov/Files/hcris/,ccn,070007,rn_contract_labor_dpc,blended,contract,93.39,,,1.0,,0.92,High,agency
4c5c9a84-acd8-41c0-8c42-52126bef0d57,09/30/2024,hcris_nmrc,CMS HCRIS Hospital 2552-10 Worksheet S-3 Part II line 01100,https://downloads.cms.gov/Files/hcris/,ccn,440153,rn_contract_labor_dpc,blended,contract,70.27,,,1.0,,0.92,High,agency
2400978f-bcf0-4439-bcdc-3a81f48133dc,09/30/2024,hcris_nmrc,CMS HCRIS Hospital 2552-10 Worksheet S-3 Part II line 01100,https://downloads.cms.gov/Files/hcris/,ccn,100032,rn_contract_labor_dpc,blended,contract,109.52,,,1.0,,0.92,High,agency
4981f532-2555-4afa-956d-6b3dc09c69d4,09/30/2024,hcris_nmrc,CMS HCRIS Hospital 2552-10 Worksheet S-3 Part II line 01100,https://downloads.cms.gov/Files/hcris/,ccn,070002,rn_contract_labor_dpc,blended,contract,59.2,,,1.0,,0.92,High,agency
6e4c398b-f73b-4a99-b351-320579588449,09/30/2024,hcris_nmrc,CMS HCRIS Hospital 2552-10 Worksheet S-3 Part II line 01100,https://downloads.cms.gov/Files/hcris/,ccn,200008,rn_contract_labor_dpc,blended,contract,104.29,,,1.0,,0.92,High,agency
c539299d-9389-4086-8550-66a06fa6f5ca,09/30/2024,hcris_nmrc,CMS HCRIS Hospital 2552-10 Worksheet S-3 Part II line 01100,https://downloads.cms.gov/Files/hcris/,ccn,110121,rn_contract_labor_dpc,blended,contract,83.82,,,1.0,,0.92,High,agency
c6861b36-322a-408c-aa24-16e9dfe9b23b,09/30/2024,hcris_nmrc,CMS HCRIS Hospital 2552-10 Worksheet S-3 Part II line 01100,https://downloads.cms.gov/Files/hcris/,ccn,450639,rn_contract_labor_dpc,blended,contract,100.51,,,1.0,,0.92,High,agency
77d33a18-2bac-45b5-97f4-12e646fd1aa1,09/30/2024,hcris_nmrc,CMS HCRIS Hospital 2552-10 Worksheet S-3 Part II line 01100,https://downloads.cms.gov/Files/hcris/,ccn,200009,rn_contract_labor_dpc,blended,contract,115.88,,,1.0,,0.92,High,agency
e0296ef1-3b47-422c-b5f7-55f741bde696,09/30/2024,hcris_nmrc,CMS HCRIS Hospital 2552-10 Worksheet S-3 Part II line 01100,https://downloads.cms.gov/Files/hcris/,ccn,070003,rn_contract_labor_dpc,blended,contract,97.15,,,1.0,,0.92,High,agency
e212242f-ccbe-445c-aaae-5baca68d8779,09/30/2024,hcris_nmrc,CMS HCRIS Hospital 2552-10 Worksheet S-3 Part II line 01100,https://downloads.cms.gov/Files/hcris/,ccn,420037,rn_contract_labor_dpc,blended,contract,87.96,,,1.0,,0.92,High,agency
5c11db4d-48bc-46df-a3be-5b56759dc1ba,09/30/2024,hcris_nmrc,CMS HCRIS Hospital 2552-10 Worksheet S-3 Part II line 01100,https://downloads.cms.gov/Files/hcris/,ccn,040019,rn_contract_labor_dpc,blended,contract,89.87,,,1.0,,0.92,High,agency
c854faa8-9698-43dc-85eb-b7e10146231d,09/30/2024,hcris_nmrc,CMS HCRIS Hospital 2552-10 Worksheet S-3 Part II line 01100,https://downloads.cms.gov/Files/hcris/,ccn,070004,rn_contract_labor_dpc,blended,contract,116.99,,,1.0,,0.92,High,agency
4beff3d6-a25b-43e5-bbee-5f355e52baa9,09/30/2024,hcris_nmrc,CMS HCRIS Hospital 2552-10 Worksheet S-3 Part II line 01100,https://downloads.cms.gov/Files/hcris/,ccn,200018,rn_contract_labor_dpc,blended,contract,93.08,,,1.0,,0.92,High,agency
95dddd35-bbf7-4858-a33d-fb5ad6a38d87,09/30/2024,hcris_nmrc,CMS HCRIS Hospital 2552-10 Worksheet S-3 Part II line 01100,https://downloads.cms.gov/Files/hcris/,ccn,100030,rn_contract_labor_dpc,blended,contract,127.16,,,1.0,,0.92,High,agency
9d8a702b-66da-49ed-b29d-94e7fa544af3,09/30/2024,hcris_nmrc,CMS HCRIS Hospital 2552-10 Worksheet S-3 Part II line 01100,https://downloads.cms.gov/Files/hcris/,ccn,040020,rn_contract_labor_dpc,blended,contract,97.75,,,1.0,,0.92,High,agency
05be2627-83c9-4473-9597-09ec5d0589f6,09/30/2024,hcris_nmrc,CMS HCRIS Hospital 2552-10 Worksheet S-3 Part II line 01100,https://downloads.cms.gov/Files/hcris/,ccn,670132,rn_contract_labor_dpc,blended,contract,74.9,,,1.0,,0.92,High,agency
8207d1ec-63b0-4c4f-8286-5c085cb3bf95,09/30/2024,hcris_nmrc,CMS HCRIS Hospital 2552-10 Worksheet S-3 Part II line 01100,https://downloads.cms.gov/Files/hcris/,ccn,340173,rn_contract_labor_dpc,blended,contract,62.45,,,1.0,,0.92,High,agency
9f699329-931d-442b-929c-dc2357245bef,09/30/2024,hcris_nmrc,CMS HCRIS Hospital 2552-10 Worksheet S-3 Part II line 01100,https://downloads.cms.gov/Files/hcris/,ccn,200021,rn_contract_labor_dpc,blended,contract,107.05,,,1.0,,0.92,High,agency
f7e68c56-44b3-4eb6-9e57-2ecb259d117a,09/30/2024,hcris_nmrc,CMS HCRIS Hospital 2552-10 Worksheet S-3 Part II line 01100,https://downloads.cms.gov/Files/hcris/,ccn,030114,rn_contract_labor_dpc,blended,contract,75.59,,,1.0,,0.92,High,agency
99599c78-f960-4e85-9b1e-ef0e33f44f3f,09/30/2024,hcris_nmrc,CMS HCRIS Hospital 2552-10 Worksheet S-3 Part II line 01100,https://downloads.cms.gov/Files/hcris/,ccn,230216,rn_contract_labor_dpc,blended,contract,78.68,,,1.0,,0.92,High,agency
feae6786-8bfa-4cc8-85e9-a3727ef2667b,09/30/2024,hcris_nmrc,CMS HCRIS Hospital 2552-10 Worksheet S-3 Part II line 01100,https://downloads.cms.gov/Files/hcris/,ccn,070006,rn_contract_labor_dpc,blended,contract,110.77,,,1.0,,0.92,High,agency
54b0ce18-8f30-42ea-976a-acbffecc80d9,09/30/2024,hcris_nmrc,CMS HCRIS Hospital 2552-10 Worksheet S-3 Part II line 01100,https://downloads.cms.gov/Files/hcris/,ccn,440185,rn_contract_labor_dpc,blended,contract,76.84,,,1.0,,0.92,High,agency
8a842d2d-2fe3-4fcc-bf83-5d28008cbadd,09/30/2024,hcris_nmrc,CMS HCRIS Hospital 2552-10 Worksheet S-3 Part II line 01100,https://downloads.cms.gov/Files/hcris/,ccn,230207,rn_contract_labor_dpc,blended,contract,105.82,,,1.0,,0.92,High,agency
edd223f2-0144-4ee9-b558-62dbfb503701,09/30/2024,hcris_nmrc,CMS HCRIS Hospital 2552-10 Worksheet S-3 Part II line 01100,https://downloads.cms.gov/Files/hcris/,ccn,200033,rn_contract_labor_dpc,blended,contract,87.17,,,1.0,,0.92,High,agency
530b832b-9288-4129-bb3a-c2ee13aeb517,09/30/2024,hcris_nmrc,CMS HCRIS Hospital 2552-10 Worksheet S-3 Part II line 01100,https://downloads.cms.gov/Files/hcris/,ccn,100028,rn_contract_labor_dpc,blended,contract,68.47,,,1.0,,0.92,High,agency
0d835a83-ad44-4d99-abc0-4a8d96ede555,09/30/2024,hcris_nmrc,CMS HCRIS Hospital 2552-10 Worksheet S-3 Part II line 01100,https://downloads.cms.gov/Files/hcris/,ccn,230193,rn_contract_labor_dpc,blended,contract,137.02,,,1.0,,0.92,High,agency
7e56ae84-4572-4df1-a746-276d314edb8d,09/30/2024,hcris_nmrc,CMS HCRIS Hospital 2552-10 Worksheet S-3 Part II line 01100,https://downloads.cms.gov/Files/hcris/,ccn,340188,rn_contract_labor_dpc,blended,contract,114.56,,,1.0,,0.92,High,agency
5d4df4e2-a049-4946-9592-21efaf3d1139,09/30/2024,hcris_nmrc,CMS HCRIS Hospital 2552-10 Worksheet S-3 Part II line 01100,https://downloads.cms.gov/Files/hcris/,ccn,450597,rn_contract_labor_dpc,blended,contract,48.31,,,1.0,,0.92,High,agency
4b06587d-96ad-47d6-8b92-91f378e67528,09/30/2024,hcris_nmrc,CMS HCRIS Hospital 2552-10 Worksheet S-3 Part II line 01100,https://downloads.cms.gov/Files/hcris/,ccn,230227,rn_contract_labor_dpc,blended,contract,77.19,,,1.0,,0.92,High,agency
a3f957e3-64ad-4070-b248-e0c62cbf818f,09/30/2024,hcris_nmrc,CMS HCRIS Hospital 2552-10 Worksheet S-3 Part II line 01100,https://downloads.cms.gov/Files/hcris/,ccn,220063,rn_contract_labor_dpc,blended,contract,107.11,,,1.0,,0.92,High,agency
5d24b0d1-4fd0-42ea-971d-17ede58a95d8,09/30/2024,hcris_nmrc,CMS HCRIS Hospital 2552-10 Worksheet S-3 Part II line 01100,https://downloads.cms.gov/Files/hcris/,ccn,190002,rn_contract_labor_dpc,blended,contract,63.63,,,1.0,,0.92,High,agency
c0be3e90-fb70-48fb-81db-138fc0a70f7c,09/30/2024,hcris_nmrc,CMS HCRIS Hospital 2552-10 Worksheet S-3 Part II line 01100,https://downloads.cms.gov/Files/hcris/,ccn,140113,rn_contract_labor_dpc,blended,contract,65.82,,,1.0,,0.92,High,agency
a2011237-ab78-494c-8d62-4596eeb8d598,09/30/2024,hcris_nmrc,CMS HCRIS Hospital 2552-10 Worksheet S-3 Part II line 01100,https://downloads.cms.gov/Files/hcris/,ccn,010078,rn_contract_labor_dpc,blended,contract,71.41,,,1.0,,0.92,High,agency
87a42b39-2914-4185-b2c0-6eebea78c465,09/30/2024,hcris_nmrc,CMS HCRIS Hospital 2552-10 Worksheet S-3 Part II line 01100,https://downloads.cms.gov/Files/hcris/,ccn,490005,rn_contract_labor_dpc,blended,contract,69.28,,,1.0,,0.92,High,agency
a6714508-813a-4752-beda-c376b8bdcab4,09/30/2024,hcris_nmrc,CMS HCRIS Hospital 2552-10 Worksheet S-3 Part II line 01100,https://downloads.cms.gov/Files/hcris/,ccn,520087,rn_contract_labor_dpc,blended,contract,39.21,,,1.0,,0.92,High,agency
3691a2b3-e5d0-40dd-a502-afa681e47fdd,09/30/2024,hcris_nmrc,CMS HCRIS Hospital 2552-10 Worksheet S-3 Part II line 01100,https://downloads.cms.gov/Files/hcris/,ccn,400016,rn_contract_labor_dpc,blended,contract,29.4,,,1.0,,0.92,High,agency
e4baf990-eb5e-4352-a6f3-17c9a5274da0,09/30/2024,hcris_nmrc,CMS HCRIS Hospital 2552-10 Worksheet S-3 Part II line 01100,https://downloads.cms.gov/Files/hcris/,ccn,050077,rn_contract_labor_dpc,blended,contract,95.65,,,1.0,,0.92,High,agency
c87670ec-7d33-49ef-8a68-3fa54eb437f4,09/30/2024,hcris_nmrc,CMS HCRIS Hospital 2552-10 Worksheet S-3 Part II line 01100,https://downloads.cms.gov/Files/hcris/,ccn,100238,rn_contract_labor_dpc,blended,contract,40.18,,,1.0,,0.92,High,agency
5d20921c-07fe-484b-9887-377a8499648d,09/30/2024,hcris_nmrc,CMS HCRIS Hospital 2552-10 Worksheet S-3 Part II line 01100,https://downloads.cms.gov/Files/hcris/,ccn,100253,rn_contract_labor_dpc,blended,contract,76.38,,,1.0,,0.92,High,agency
77a65ad6-6da4-4274-a917-a980175965d2,09/30/2024,hcris_nmrc,CMS HCRIS Hospital 2552-10 Worksheet S-3 Part II line 01100,https://downloads.cms.gov/Files/hcris/,ccn,180048,rn_contract_labor_dpc,blended,contract,95.9,,,1.0,,0.92,High,agency
65db0009-5d78-42ad-b64f-32361ccee75c,09/30/2024,hcris_nmrc,CMS HCRIS Hospital 2552-10 Worksheet S-3 Part II line 01100,https://downloads.cms.gov/Files/hcris/,ccn,140093,rn_contract_labor_dpc,blended,contract,89.67,,,1.0,,0.92,High,agency
82e3cdb2-14ce-4923-8372-fc7c2a00f1aa,09/30/2024,hcris_nmrc,CMS HCRIS Hospital 2552-10 Worksheet S-3 Part II line 01100,https://downloads.cms.gov/Files/hcris/,ccn,100125,rn_contract_labor_dpc,blended,contract,84.37,,,1.0,,0.92,High,agency
53a03317-3fdf-4aa9-86cd-18ee71b04e8c,09/30/2024,hcris_nmrc,CMS HCRIS Hospital 2552-10 Worksheet S-3 Part II line 01100,https://downloads.cms.gov/Files/hcris/,ccn,300001,rn_contract_labor_dpc,blended,contract,94.45,,,1.0,,0.92,High,agency
fddbb8e2-78bc-4d44-bdc4-a8317cea1096,09/30/2024,hcris_nmrc,CMS HCRIS Hospital 2552-10 Worksheet S-3 Part II line 01100,https://downloads.cms.gov/Files/hcris/,ccn,180044,rn_contract_labor_dpc,blended,contract,84.84,,,1.0,,0.92,High,agency
90d7f306-a898-4051-9327-97d6b960b697,09/30/2024,hcris_nmrc,CMS HCRIS Hospital 2552-10 Worksheet S-3 Part II line 01100,https://downloads.cms.gov/Files/hcris/,ccn,520109,rn_contract_labor_dpc,blended,contract,90.0,,,1.0,,0.92,High,agency
1f316c96-bafb-4471-ae27-051703d7d6f2,09/30/2024,hcris_nmrc,CMS HCRIS Hospital 2552-10 Worksheet S-3 Part II line 01100,https://downloads.cms.gov/Files/hcris/,ccn,010087,rn_contract_labor_dpc,blended,contract,90.89,,,1.0,,0.92,High,agency
c126e284-dc21-4630-9698-55793ebe70ef,09/30/2024,hcris_nmrc,CMS HCRIS Hospital 2552-10 Worksheet S-3 Part II line 01100,https://downloads.cms.gov/Files/hcris/,ccn,180043,rn_contract_labor_dpc,blended,contract,65.05,,,1.0,,0.92,High,agency
160be1b9-fe8c-4461-a40d-e897f0be8f7c,09/30/2024,hcris_nmrc,CMS HCRIS Hospital 2552-10 Worksheet S-3 Part II line 01100,https://downloads.cms.gov/Files/hcris/,ccn,170027,rn_contract_labor_dpc,blended,contract,101.92,,,1.0,,0.92,High,agency
c4179aca-c8e7-4637-b1f4-903049078a09,09/30/2024,hcris_nmrc,CMS HCRIS Hospital 2552-10 Worksheet S-3 Part II line 01100,https://downloads.cms.gov/Files/hcris/,ccn,460042,rn_contract_labor_dpc,blended,contract,76.65,,,1.0,,0.92,High,agency
e2ff4d80-93da-4f3d-a912-8269531a7724,09/30/2024,hcris_nmrc,CMS HCRIS Hospital 2552-10 Worksheet S-3 Part II line 01100,https://downloads.cms.gov/Files/hcris/,ccn,140052,rn_contract_labor_dpc,blended,contract,90.06,,,1.0,,0.92,High,agency
0dbe50ae-228f-4fa3-b75b-07129817bdc0,09/30/2024,hcris_nmrc,CMS HCRIS Hospital 2552-10 Worksheet S-3 Part II line 01100,https://downloads.cms.gov/Files/hcris/,ccn,180056,rn_contract_labor_dpc,blended,contract,96.47,,,1.0,,0.92,High,agency
058be347-ea4a-4605-bad0-954887a5052c,09/30/2024,hcris_nmrc,CMS HCRIS Hospital 2552-10 Worksheet S-3 Part II line 01100,https://downloads.cms.gov/Files/hcris/,ccn,140148,rn_contract_labor_dpc,blended,contract,94.66,,,1.0,,0.92,High,agency
141577fb-9e9e-4c50-b008-96cb15e88ab3,09/30/2024,hcris_nmrc,CMS HCRIS Hospital 2552-10 Worksheet S-3 Part II line 01100,https://downloads.cms.gov/Files/hcris/,ccn,170074,rn_contract_labor_dpc,blended,contract,116.1,,,1.0,,0.92,High,agency
307f6929-364a-40b7-a775-c4df14fe82d3,09/30/2024,hcris_nmrc,CMS HCRIS Hospital 2552-10 Worksheet S-3 Part II line 01100,https://downloads.cms.gov/Files/hcris/,ccn,100359,rn_contract_labor_dpc,blended,contract,103.08,,,1.0,,0.92,High,agency
b884dd58-9bf6-4e4a-b4e6-ca9d90c3184c,09/30/2024,hcris_nmrc,CMS HCRIS Hospital 2552-10 Worksheet S-3 Part II line 01100,https://downloads.cms.gov/Files/hcris/,ccn,140179,rn_contract_labor_dpc,blended,contract,50.87,,,1.0,,0.92,High,agency
359abb4d-0e00-43d5-ab0a-bb76ef8452bf,09/30/2024,hcris_nmrc,CMS HCRIS Hospital 2552-10 Worksheet S-3 Part II line 01100,https://downloads.cms.gov/Files/hcris/,ccn,470005,rn_contract_labor_dpc,blended,contract,79.99,,,1.0,,0.92,High,agency
698526a6-79c8-4502-b801-6e407bc3dc48,09/30/2024,hcris_nmrc,CMS HCRIS Hospital 2552-10 Worksheet S-3 Part II line 01100,https://downloads.cms.gov/Files/hcris/,ccn,010090,rn_contract_labor_dpc,blended,contract,172.01,,,1.0,,0.92,High,agency
359d195a-1b69-4be5-9597-6809c420e086,09/30/2024,hcris_nmrc,CMS HCRIS Hospital 2552-10 Worksheet S-3 Part II line 01100,https://downloads.cms.gov/Files/hcris/,ccn,330273,rn_contract_labor_dpc,blended,contract,104.26,,,1.0,,0.92,High,agency
d867f5e4-6e2f-4872-bad8-8e017843e133,09/30/2024,hcris_nmrc,CMS HCRIS Hospital 2552-10 Worksheet S-3 Part II line 01100,https://downloads.cms.gov/Files/hcris/,ccn,520008,rn_contract_labor_dpc,blended,contract,82.74,,,1.0,,0.92,High,agency
964b0f2b-0c13-402d-9e23-ee1b1dd42c43,09/30/2024,hcris_nmrc,CMS HCRIS Hospital 2552-10 Worksheet S-3 Part II line 01100,https://downloads.cms.gov/Files/hcris/,ccn,053040,rn_contract_labor_dpc,blended,contract,108.94,,,1.0,,0.92,High,agency
354c423d-80ab-4927-a06f-265f90f56b3d,09/30/2024,hcris_nmrc,CMS HCRIS Hospital 2552-10 Worksheet S-3 Part II line 01100,https://downloads.cms.gov/Files/hcris/,ccn,100142,rn_contract_labor_dpc,blended,contract,69.16,,,1.0,,0.92,High,agency
8a8910ef-2fe0-47a4-bea1-b808cd54e34a,09/30/2024,hcris_nmrc,CMS HCRIS Hospital 2552-10 Worksheet S-3 Part II line 01100,https://downloads.cms.gov/Files/hcris/,ccn,130071,rn_contract_labor_dpc,blended,contract,156.24,,,1.0,,0.92,High,agency
913b73e0-f9f8-43b8-921f-70ffc40d36f4,09/30/2024,hcris_nmrc,CMS HCRIS Hospital 2552-10 Worksheet S-3 Part II line 01100,https://downloads.cms.gov/Files/hcris/,ccn,520062,rn_contract_labor_dpc,blended,contract,87.36,,,1.0,,0.92,High,agency
6876e5cc-7f94-47ae-ad74-a6f1fe0f0293,09/30/2024,hcris_nmrc,CMS HCRIS Hospital 2552-10 Worksheet S-3 Part II line 01100,https://downloads.cms.gov/Files/hcris/,ccn,300005,rn_contract_labor_dpc,blended,contract,96.81,,,1.0,,0.92,High,agency
e5a653eb-5277-47b7-9fbc-82cedf4692d3,09/30/2024,hcris_nmrc,CMS HCRIS Hospital 2552-10 Worksheet S-3 Part II line 01100,https://downloads.cms.gov/Files/hcris/,ccn,320018,rn_contract_labor_dpc,blended,contract,83.56,,,1.0,,0.92,High,agency
65d26ce8-9c7d-41e9-9c44-0c7b60ab0438,09/30/2024,hcris_nmrc,CMS HCRIS Hospital 2552-10 Worksheet S-3 Part II line 01100,https://downloads.cms.gov/Files/hcris/,ccn,140213,rn_contract_labor_dpc,blended,contract,99.27,,,1.0,,0.92,High,agency
dece55bc-f4b1-408c-ab04-2d1062a84f13,09/30/2024,hcris_nmrc,CMS HCRIS Hospital 2552-10 Worksheet S-3 Part II line 01100,https://downloads.cms.gov/Files/hcris/,ccn,133028,rn_contract_labor_dpc,blended,contract,69.8,,,1.0,,0.92,High,agency
4ff2adf7-ec0b-4752-8db7-aa2dad8efac8,09/30/2024,hcris_nmrc,CMS HCRIS Hospital 2552-10 Worksheet S-3 Part II line 01100,https://downloads.cms.gov/Files/hcris/,ccn,100315,rn_contract_labor_dpc,blended,contract,84.51,,,1.0,,0.92,High,agency
ecb61838-fd4f-43d6-9913-eb474044ae93,09/30/2024,hcris_nmrc,CMS HCRIS Hospital 2552-10 Worksheet S-3 Part II line 01100,https://downloads.cms.gov/Files/hcris/,ccn,510055,rn_contract_labor_dpc,blended,contract,38.81,,,1.0,,0.92,High,agency
a9247650-3127-4324-ae26-8e98abc5cd12,09/30/2024,hcris_nmrc,CMS HCRIS Hospital 2552-10 Worksheet S-3 Part II line 01100,https://downloads.cms.gov/Files/hcris/,ccn,100175,rn_contract_labor_dpc,blended,contract,73.53,,,1.0,,0.92,High,agency
da5b22ba-fa9c-4e55-a80c-37f092ba53fd,09/30/2024,hcris_nmrc,CMS HCRIS Hospital 2552-10 Worksheet S-3 Part II line 01100,https://downloads.cms.gov/Files/hcris/,ccn,220065,rn_contract_labor_dpc,blended,contract,102.89,,,1.0,,0.92,High,agency
d1678e53-4a6b-489e-be59-e7f243cb54a7,09/30/2024,hcris_nmrc,CMS HCRIS Hospital 2552-10 Worksheet S-3 Part II line 01100,https://downloads.cms.gov/Files/hcris/,ccn,380050,rn_contract_labor_dpc,blended,contract,104.53,,,1.0,,0.92,High,agency
306a02eb-08c3-4c04-8ecd-465cafa04a9e,09/30/2024,hcris_nmrc,CMS HCRIS Hospital 2552-10 Worksheet S-3 Part II line 01100,https://downloads.cms.gov/Files/hcris/,ccn,180079,rn_contract_labor_dpc,blended,contract,84.95,,,1.0,,0.92,High,agency
54948fd2-1374-4333-8de3-ba40fa80c74c,09/30/2024,hcris_nmrc,CMS HCRIS Hospital 2552-10 Worksheet S-3 Part II line 01100,https://downloads.cms.gov/Files/hcris/,ccn,153030,rn_contract_labor_dpc,blended,contract,80.2,,,1.0,,0.92,High,agency
a8c4f568-62d1-49e8-8e02-656b4c7362f5,09/30/2024,hcris_nmrc,CMS HCRIS Hospital 2552-10 Worksheet S-3 Part II line 01100,https://downloads.cms.gov/Files/hcris/,ccn,100135,rn_contract_labor_dpc,blended,contract,85.52,,,1.0,,0.92,High,agency
e237edd5-ede8-4180-9e09-69e5f305e655,09/30/2024,hcris_nmrc,CMS HCRIS Hospital 2552-10 Worksheet S-3 Part II line 01100,https://downloads.cms.gov/Files/hcris/,ccn,050696,rn_contract_labor_dpc,blended,contract,89.45,,,1.0,,0.92,High,agency
da422fa0-c5ba-45ad-aaae-3309ff587b6a,09/30/2024,hcris_nmrc,CMS HCRIS Hospital 2552-10 Worksheet S-3 Part II line 01100,https://downloads.cms.gov/Files/hcris/,ccn,100246,rn_contract_labor_dpc,blended,contract,117.57,,,1.0,,0.92,High,agency
09952785-d920-47e2-913a-61886fed67b9,09/30/2024,hcris_nmrc,CMS HCRIS Hospital 2552-10 Worksheet S-3 Part II line 01100,https://downloads.cms.gov/Files/hcris/,ccn,010073,rn_contract_labor_dpc,blended,contract,40.06,,,1.0,,0.92,High,agency
3b668262-1bdc-4636-be83-9c98117b3531,09/30/2024,hcris_nmrc,CMS HCRIS Hospital 2552-10 Worksheet S-3 Part II line 01100,https://downloads.cms.gov/Files/hcris/,ccn,380005,rn_contract_labor_dpc,blended,contract,92.49,,,1.0,,0.92,High,agency
07967bfe-1682-4eb1-b305-50ea907af1ea,09/30/2024,hcris_nmrc,CMS HCRIS Hospital 2552-10 Worksheet S-3 Part II line 01100,https://downloads.cms.gov/Files/hcris/,ccn,140162,rn_contract_labor_dpc,blended,contract,108.86,,,1.0,,0.92,High,agency
9b75f28c-a6e3-419d-a380-e135a9464f7f,09/30/2024,hcris_nmrc,CMS HCRIS Hospital 2552-10 Worksheet S-3 Part II line 01100,https://downloads.cms.gov/Files/hcris/,ccn,370166,rn_contract_labor_dpc,blended,contract,66.42,,,1.0,,0.92,High,agency
5dbcfdd7-5b57-422b-9ce6-f4a4bef3fffe,09/30/2024,hcris_nmrc,CMS HCRIS Hospital 2552-10 Worksheet S-3 Part II line 01100,https://downloads.cms.gov/Files/hcris/,ccn,470001,rn_contract_labor_dpc,blended,contract,84.5,,,1.0,,0.92,High,agency
5b8cada0-809d-4689-9bf2-c4f70400c229,09/30/2024,hcris_nmrc,CMS HCRIS Hospital 2552-10 Worksheet S-3 Part II line 01100,https://downloads.cms.gov/Files/hcris/,ccn,150075,rn_contract_labor_dpc,blended,contract,77.09,,,1.0,,0.92,High,agency
b19d7640-0771-403c-8ba2-2bb9524fb752,09/30/2024,hcris_nmrc,CMS HCRIS Hospital 2552-10 Worksheet S-3 Part II line 01100,https://downloads.cms.gov/Files/hcris/,ccn,140233,rn_contract_labor_dpc,blended,contract,111.57,,,1.0,,0.92,High,agency
eca78b56-129d-4315-82b0-ecdfbe22aa2e,09/30/2024,hcris_nmrc,CMS HCRIS Hospital 2552-10 Worksheet S-3 Part II line 01100,https://downloads.cms.gov/Files/hcris/,ccn,010112,rn_contract_labor_dpc,blended,contract,69.2,,,1.0,,0.92,High,agency
85a2d2ef-27e8-4775-a6f4-349f0eda9e3b,09/30/2024,hcris_nmrc,CMS HCRIS Hospital 2552-10 Worksheet S-3 Part II line 01100,https://downloads.cms.gov/Files/hcris/,ccn,470011,rn_contract_labor_dpc,blended,contract,65.84,,,1.0,,0.92,High,agency
2866ce07-3c08-4ca8-9669-d169c665fe7e,09/30/2024,hcris_nmrc,CMS HCRIS Hospital 2552-10 Worksheet S-3 Part II line 01100,https://downloads.cms.gov/Files/hcris/,ccn,050026,rn_contract_labor_dpc,blended,contract,140.27,,,1.0,,0.92,High,agency
70818ded-5186-46ef-80a0-a1b2521828c7,09/30/2024,hcris_nmrc,CMS HCRIS Hospital 2552-10 Worksheet S-3 Part II line 01100,https://downloads.cms.gov/Files/hcris/,ccn,010099,rn_contract_labor_dpc,blended,contract,52.85,,,1.0,,0.92,High,agency
2399a941-1be4-4e95-9774-354503e84d42,09/30/2024,hcris_nmrc,CMS HCRIS Hospital 2552-10 Worksheet S-3 Part II line 01100,https://downloads.cms.gov/Files/hcris/,ccn,170012,rn_contract_labor_dpc,blended,contract,135.39,,,1.0,,0.92,High,agency
e7a0be88-338c-4cfa-93f1-2702d9233ff2,09/30/2024,hcris_nmrc,CMS HCRIS Hospital 2552-10 Worksheet S-3 Part II line 01100,https://downloads.cms.gov/Files/hcris/,ccn,520049,rn_contract_labor_dpc,blended,contract,31.81,,,1.0,,0.92,High,agency
30164346-107f-4b30-9e6c-bf5621e7d47b,09/30/2024,hcris_nmrc,CMS HCRIS Hospital 2552-10 Worksheet S-3 Part II line 01100,https://downloads.cms.gov/Files/hcris/,ccn,050503,rn_contract_labor_dpc,blended,contract,105.18,,,1.0,,0.92,High,agency
2d22c9e0-00db-4415-a83f-541776041d3b,09/30/2024,hcris_nmrc,CMS HCRIS Hospital 2552-10 Worksheet S-3 Part II line 01100,https://downloads.cms.gov/Files/hcris/,ccn,470003,rn_contract_labor_dpc,blended,contract,94.01,,,1.0,,0.92,High,agency
1bd1a7ad-9e76-48c9-b9a8-d18fb616145f,09/30/2024,hcris_nmrc,CMS HCRIS Hospital 2552-10 Worksheet S-3 Part II line 01100,https://downloads.cms.gov/Files/hcris/,ccn,190004,rn_contract_labor_dpc,blended,contract,125.43,,,1.0,,0.92,High,agency
95927b37-5c86-4475-8e1d-7129c7304651,09/30/2024,hcris_nmrc,CMS HCRIS Hospital 2552-10 Worksheet S-3 Part II line 01100,https://downloads.cms.gov/Files/hcris/,ccn,330049,rn_contract_labor_dpc,blended,contract,97.79,,,1.0,,0.92,High,agency
ea6d11dd-5924-4200-a595-4d0a385b7b67,09/30/2024,hcris_nmrc,CMS HCRIS Hospital 2552-10 Worksheet S-3 Part II line 01100,https://downloads.cms.gov/Files/hcris/,ccn,140100,rn_contract_labor_dpc,blended,contract,92.2,,,1.0,,0.92,High,agency
41747898-c7eb-4102-b683-947e2866d627,09/30/2024,hcris_nmrc,CMS HCRIS Hospital 2552-10 Worksheet S-3 Part II line 01100,https://downloads.cms.gov/Files/hcris/,ccn,100286,rn_contract_labor_dpc,blended,contract,63.76,,,1.0,,0.92,High,agency
852fc4dc-e3ef-49ee-9345-b063022a886e,09/30/2024,hcris_nmrc,CMS HCRIS Hospital 2552-10 Worksheet S-3 Part II line 01100,https://downloads.cms.gov/Files/hcris/,ccn,140110,rn_contract_labor_dpc,blended,contract,81.84,,,1.0,,0.92,High,agency
4abf0d10-6b3f-4c54-8c13-d6084114b0a6,09/30/2024,hcris_nmrc,CMS HCRIS Hospital 2552-10 Worksheet S-3 Part II line 01100,https://downloads.cms.gov/Files/hcris/,ccn,170208,rn_contract_labor_dpc,blended,contract,76.63,,,1.0,,0.92,High,agency
285c46ca-8252-4b2f-a8c8-acfc4e8aafa0,09/30/2024,hcris_nmrc,CMS HCRIS Hospital 2552-10 Worksheet S-3 Part II line 01100,https://downloads.cms.gov/Files/hcris/,ccn,180027,rn_contract_labor_dpc,blended,contract,130.23,,,1.0,,0.92,High,agency
b5460c4d-6175-4c8f-8e76-2f35ced85025,09/30/2024,hcris_nmrc,CMS HCRIS Hospital 2552-10 Worksheet S-3 Part II line 01100,https://downloads.cms.gov/Files/hcris/,ccn,140015,rn_contract_labor_dpc,blended,contract,80.77,,,1.0,,0.92,High,agency
5b358c1d-2c86-40be-888d-04c2c695c27c,09/30/2024,hcris_nmrc,CMS HCRIS Hospital 2552-10 Worksheet S-3 Part II line 01100,https://downloads.cms.gov/Files/hcris/,ccn,100128,rn_contract_labor_dpc,blended,contract,57.32,,,1.0,,0.92,High,agency
8c5c4556-2c7c-4dba-9837-175f703cc192,09/30/2024,hcris_nmrc,CMS HCRIS Hospital 2552-10 Worksheet S-3 Part II line 01100,https://downloads.cms.gov/Files/hcris/,ccn,170014,rn_contract_labor_dpc,blended,contract,84.12,,,1.0,,0.92,High,agency
db7f579e-9f0d-402d-a1c2-d08e32e7a77e,09/30/2024,hcris_nmrc,CMS HCRIS Hospital 2552-10 Worksheet S-3 Part II line 01100,https://downloads.cms.gov/Files/hcris/,ccn,180024,rn_contract_labor_dpc,blended,contract,77.41,,,1.0,,0.92,High,agency
4f9a9a43-9994-479e-a512-5b3462e6357c,09/30/2024,hcris_nmrc,CMS HCRIS Hospital 2552-10 Worksheet S-3 Part II line 01100,https://downloads.cms.gov/Files/hcris/,ccn,030013,rn_contract_labor_dpc,blended,contract,93.64,,,1.0,,0.92,High,agency
d4696cda-5a7e-47d7-a981-ec34a05c954c,09/30/2024,hcris_nmrc,CMS HCRIS Hospital 2552-10 Worksheet S-3 Part II line 01100,https://downloads.cms.gov/Files/hcris/,ccn,100130,rn_contract_labor_dpc,blended,contract,88.68,,,1.0,,0.92,High,agency
df81c8c6-1597-49c4-b693-faf8022f993a,09/30/2024,hcris_nmrc,CMS HCRIS Hospital 2552-10 Worksheet S-3 Part II line 01100,https://downloads.cms.gov/Files/hcris/,ccn,100249,rn_contract_labor_dpc,blended,contract,149.29,,,1.0,,0.92,High,agency
7fab9e89-ca16-4c56-80bd-9822013b9a81,09/30/2024,hcris_nmrc,CMS HCRIS Hospital 2552-10 Worksheet S-3 Part II line 01100,https://downloads.cms.gov/Files/hcris/,ccn,050100,rn_contract_labor_dpc,blended,contract,101.34,,,1.0,,0.92,High,agency
cc8857b4-dec7-4115-b08d-3fbec0cc2f8b,09/30/2024,hcris_nmrc,CMS HCRIS Hospital 2552-10 Worksheet S-3 Part II line 01100,https://downloads.cms.gov/Files/hcris/,ccn,470024,rn_contract_labor_dpc,blended,contract,83.61,,,1.0,,0.92,High,agency
f2f9d47c-7997-46a8-9d23-d02b96af3829,09/30/2024,hcris_nmrc,CMS HCRIS Hospital 2552-10 Worksheet S-3 Part II line 01100,https://downloads.cms.gov/Files/hcris/,ccn,100296,rn_contract_labor_dpc,blended,contract,93.14,,,1.0,,0.92,High,agency
a1f1ff8c-29ec-4069-aa92-580798b6c7ef,09/30/2024,hcris_nmrc,CMS HCRIS Hospital 2552-10 Worksheet S-3 Part II line 01100,https://downloads.cms.gov/Files/hcris/,ccn,140161,rn_contract_labor_dpc,blended,contract,80.2,,,1.0,,0.92,High,agency
6abf4376-3391-48af-89ca-58bb685ad0b9,09/30/2024,hcris_nmrc,CMS HCRIS Hospital 2552-10 Worksheet S-3 Part II line 01100,https://downloads.cms.gov/Files/hcris/,ccn,150082,rn_contract_labor_dpc,blended,contract,91.3,,,1.0,,0.92,High,agency
5ed03dd7-cee9-41ad-b75f-d7417a5ef559,09/30/2024,hcris_nmrc,CMS HCRIS Hospital 2552-10 Worksheet S-3 Part II line 01100,https://downloads.cms.gov/Files/hcris/,ccn,163027,rn_contract_labor_dpc,blended,contract,80.0,,,1.0,,0.92,High,agency
b3e323c0-34ca-4579-9dd9-c0de0acdd5d6,09/30/2024,hcris_nmrc,CMS HCRIS Hospital 2552-10 Worksheet S-3 Part II line 01100,https://downloads.cms.gov/Files/hcris/,ccn,100177,rn_contract_labor_dpc,blended,contract,109.07,,,1.0,,0.92,High,agency
bba99441-1052-4fba-ad27-0df41c9e579d,09/30/2024,hcris_nmrc,CMS HCRIS Hospital 2552-10 Worksheet S-3 Part II line 01100,https://downloads.cms.gov/Files/hcris/,ccn,180017,rn_contract_labor_dpc,blended,contract,80.65,,,1.0,,0.92,High,agency
1cdde101-279b-4984-897c-276ce46e07e4,09/30/2024,hcris_nmrc,CMS HCRIS Hospital 2552-10 Worksheet S-3 Part II line 01100,https://downloads.cms.gov/Files/hcris/,ccn,380002,rn_contract_labor_dpc,blended,contract,124.44,,,1.0,,0.92,High,agency
0c252e3d-7eeb-4063-83e8-5ba120d4f99c,09/30/2024,hcris_nmrc,CMS HCRIS Hospital 2552-10 Worksheet S-3 Part II line 01100,https://downloads.cms.gov/Files/hcris/,ccn,100316,rn_contract_labor_dpc,blended,contract,87.76,,,1.0,,0.92,High,agency
ef74bb00-ed03-422f-b6cb-c251d30bbdbc,09/30/2024,hcris_nmrc,CMS HCRIS Hospital 2552-10 Worksheet S-3 Part II line 01100,https://downloads.cms.gov/Files/hcris/,ccn,470012,rn_contract_labor_dpc,blended,contract,119.69,,,1.0,,0.92,High,agency
f9d7d480-f5d3-42ab-ab00-d839a8318084,09/30/2024,hcris_nmrc,CMS HCRIS Hospital 2552-10 Worksheet S-3 Part II line 01100,https://downloads.cms.gov/Files/hcris/,ccn,010150,rn_contract_labor_dpc,blended,contract,40.45,,,1.0,,0.92,High,agency
ec8f3d79-509c-4497-8dd4-8ef822fa6c9c,09/30/2024,hcris_nmrc,CMS HCRIS Hospital 2552-10 Worksheet S-3 Part II line 01100,https://downloads.cms.gov/Files/hcris/,ccn,510050,rn_contract_labor_dpc,blended,contract,107.09,,,1.0,,0.92,High,agency
70f9f032-31ba-4aaf-baba-abe42996208b,09/30/2024,hcris_nmrc,CMS HCRIS Hospital 2552-10 Worksheet S-3 Part II line 01100,https://downloads.cms.gov/Files/hcris/,ccn,100154,rn_contract_labor_dpc,blended,contract,102.49,,,1.0,,0.92,High,agency
60d02429-a445-43f4-92ec-55c5cbd6d5d5,09/30/2024,hcris_nmrc,CMS HCRIS Hospital 2552-10 Worksheet S-3 Part II line 01100,https://downloads.cms.gov/Files/hcris/,ccn,260057,rn_contract_labor_dpc,blended,contract,84.25,,,1.0,,0.92,High,agency
9fc7f7e7-e4e1-40e9-8da0-56eda122aa99,09/30/2024,hcris_nmrc,CMS HCRIS Hospital 2552-10 Worksheet S-3 Part II line 01100,https://downloads.cms.gov/Files/hcris/,ccn,180149,rn_contract_labor_dpc,blended,contract,191.1,,,1.0,,0.92,High,agency
ba87fb7c-91f9-44ea-8903-2cd8ed8bccc1,09/30/2024,hcris_nmrc,CMS HCRIS Hospital 2552-10 Worksheet S-3 Part II line 01100,https://downloads.cms.gov/Files/hcris/,ccn,300034,rn_contract_labor_dpc,blended,contract,80.2,,,1.0,,0.92,High,agency
8086f790-ab20-4cf4-bb50-3c275ebf9bf2,09/30/2024,hcris_nmrc,CMS HCRIS Hospital 2552-10 Worksheet S-3 Part II line 01100,https://downloads.cms.gov/Files/hcris/,ccn,420009,rn_contract_labor_dpc,blended,contract,86.6,,,1.0,,0.92,High,agency
68161ef2-d0af-4f02-bd87-8fdbf78b551d,09/30/2024,hcris_nmrc,CMS HCRIS Hospital 2552-10 Worksheet S-3 Part II line 01100,https://downloads.cms.gov/Files/hcris/,ccn,010058,rn_contract_labor_dpc,blended,contract,64.44,,,1.0,,0.92,High,agency
808e3dd9-6279-4812-aeb4-6b593c84daaf,09/30/2024,hcris_nmrc,CMS HCRIS Hospital 2552-10 Worksheet S-3 Part II line 01100,https://downloads.cms.gov/Files/hcris/,ccn,420007,rn_contract_labor_dpc,blended,contract,94.25,,,1.0,,0.92,High,agency
1f5a5231-c4c0-447e-9cdc-3172d64db52e,09/30/2024,hcris_nmrc,CMS HCRIS Hospital 2552-10 Worksheet S-3 Part II line 01100,https://downloads.cms.gov/Files/hcris/,ccn,050169,rn_contract_labor_dpc,blended,contract,98.39,,,1.0,,0.92,High,agency
9a75aa27-82d3-4261-9d95-961cb8af0fc7,09/30/2024,hcris_nmrc,CMS HCRIS Hospital 2552-10 Worksheet S-3 Part II line 01100,https://downloads.cms.gov/Files/hcris/,ccn,420005,rn_contract_labor_dpc,blended,contract,75.19,,,1.0,,0.92,High,agency
b0e2b200-cc0c-496f-b285-f16cc4a35f06,09/30/2024,hcris_nmrc,CMS HCRIS Hospital 2552-10 Worksheet S-3 Part II line 01100,https://downloads.cms.gov/Files/hcris/,ccn,130014,rn_contract_labor_dpc,blended,contract,39.75,,,1.0,,0.92,High,agency
9636e9cd-2da9-47c9-b1a3-bbb1e9626213,09/30/2024,hcris_nmrc,CMS HCRIS Hospital 2552-10 Worksheet S-3 Part II line 01100,https://downloads.cms.gov/Files/hcris/,ccn,330250,rn_contract_labor_dpc,blended,contract,102.05,,,1.0,,0.92,High,agency
db7a8f36-6c61-4920-944c-05596e683b13,09/30/2024,hcris_nmrc,CMS HCRIS Hospital 2552-10 Worksheet S-3 Part II line 01100,https://downloads.cms.gov/Files/hcris/,ccn,300023,rn_contract_labor_dpc,blended,contract,94.41,,,1.0,,0.92,High,agency
8a2f1746-d342-40f5-9421-469c182f1c39,09/30/2024,hcris_nmrc,CMS HCRIS Hospital 2552-10 Worksheet S-3 Part II line 01100,https://downloads.cms.gov/Files/hcris/,ccn,100330,rn_contract_labor_dpc,blended,contract,88.46,,,1.0,,0.92,High,agency
0202e1ab-da98-4bcf-9633-d3bcc62008d6,09/30/2024,hcris_nmrc,CMS HCRIS Hospital 2552-10 Worksheet S-3 Part II line 01100,https://downloads.cms.gov/Files/hcris/,ccn,140294,rn_contract_labor_dpc,blended,contract,105.83,,,1.0,,0.92,High,agency
d71c9dcc-08bd-4eff-9ba1-577166dceddd,09/30/2024,hcris_nmrc,CMS HCRIS Hospital 2552-10 Worksheet S-3 Part II line 01100,https://downloads.cms.gov/Files/hcris/,ccn,010092,rn_contract_labor_dpc,blended,contract,58.53,,,1.0,,0.92,High,agency
28a34e05-66ca-44d6-be91-d4956e740bcd,09/30/2024,hcris_nmrc,CMS HCRIS Hospital 2552-10 Worksheet S-3 Part II line 01100,https://downloads.cms.gov/Files/hcris/,ccn,410013,rn_contract_labor_dpc,blended,contract,95.13,,,1.0,,0.92,High,agency
97ef097b-fd24-4fc5-8135-7e1c104061d1,09/30/2024,hcris_nmrc,CMS HCRIS Hospital 2552-10 Worksheet S-3 Part II line 01100,https://downloads.cms.gov/Files/hcris/,ccn,510029,rn_contract_labor_dpc,blended,contract,89.39,,,1.0,,0.92,High,agency
d89f77e0-3d87-4a6b-b544-9a7c6ca59ce1,09/30/2024,hcris_nmrc,CMS HCRIS Hospital 2552-10 Worksheet S-3 Part II line 01100,https://downloads.cms.gov/Files/hcris/,ccn,520071,rn_contract_labor_dpc,blended,contract,85.63,,,1.0,,0.92,High,agency
76f04188-9feb-4132-84d6-dc63b0b5c73b,09/30/2024,hcris_nmrc,CMS HCRIS Hospital 2552-10 Worksheet S-3 Part II line 01100,https://downloads.cms.gov/Files/hcris/,ccn,140135,rn_contract_labor_dpc,blended,contract,86.22,,,1.0,,0.92,High,agency
88228fab-1ba7-491f-af53-7db77af8dd13,09/30/2024,hcris_nmrc,CMS HCRIS Hospital 2552-10 Worksheet S-3 Part II line 01100,https://downloads.cms.gov/Files/hcris/,ccn,410012,rn_contract_labor_dpc,blended,contract,103.09,,,1.0,,0.92,High,agency
441fb0ad-8460-4a33-a2f7-a3fbb3c540a1,09/30/2024,hcris_nmrc,CMS HCRIS Hospital 2552-10 Worksheet S-3 Part II line 01100,https://downloads.cms.gov/Files/hcris/,ccn,100266,rn_contract_labor_dpc,blended,contract,121.74,,,1.0,,0.92,High,agency
149ae425-46ff-4410-acf4-8e44715bf1a3,09/30/2024,hcris_nmrc,CMS HCRIS Hospital 2552-10 Worksheet S-3 Part II line 01100,https://downloads.cms.gov/Files/hcris/,ccn,170122,rn_contract_labor_dpc,blended,contract,87.79,,,1.0,,0.92,High,agency
c5350214-c9ea-427e-a2ad-229c413f3104,09/30/2024,hcris_nmrc,CMS HCRIS Hospital 2552-10 Worksheet S-3 Part II line 01100,https://downloads.cms.gov/Files/hcris/,ccn,490033,rn_contract_labor_dpc,blended,contract,90.0,,,1.0,,0.92,High,agency
d09f2612-bb57-40b8-836e-d3e72aeeb681,09/30/2024,hcris_nmrc,CMS HCRIS Hospital 2552-10 Worksheet S-3 Part II line 01100,https://downloads.cms.gov/Files/hcris/,ccn,420033,rn_contract_labor_dpc,blended,contract,87.29,,,1.0,,0.92,High,agency
8f5db05f-8752-4ed8-bf55-3ca0dc65a2a8,09/30/2024,hcris_nmrc,CMS HCRIS Hospital 2552-10 Worksheet S-3 Part II line 01100,https://downloads.cms.gov/Files/hcris/,ccn,140067,rn_contract_labor_dpc,blended,contract,102.59,,,1.0,,0.92,High,agency
f630213f-ea18-43e2-b89b-7ff0fecdfab0,09/30/2024,hcris_nmrc,CMS HCRIS Hospital 2552-10 Worksheet S-3 Part II line 01100,https://downloads.cms.gov/Files/hcris/,ccn,510012,rn_contract_labor_dpc,blended,contract,70.44,,,1.0,,0.92,High,agency
b59905a6-e880-48d1-bdf0-4332c2814f4b,09/30/2024,hcris_nmrc,CMS HCRIS Hospital 2552-10 Worksheet S-3 Part II line 01100,https://downloads.cms.gov/Files/hcris/,ccn,050222,rn_contract_labor_dpc,blended,contract,149.79,,,1.0,,0.92,High,agency
39c31042-2844-495b-958c-71089090a80a,09/30/2024,hcris_nmrc,CMS HCRIS Hospital 2552-10 Worksheet S-3 Part II line 01100,https://downloads.cms.gov/Files/hcris/,ccn,490024,rn_contract_labor_dpc,blended,contract,60.45,,,1.0,,0.92,High,agency
854b7cc2-107a-4b4d-99a8-d6dec55277f2,09/30/2024,hcris_nmrc,CMS HCRIS Hospital 2552-10 Worksheet S-3 Part II line 01100,https://downloads.cms.gov/Files/hcris/,ccn,140064,rn_contract_labor_dpc,blended,contract,101.45,,,1.0,,0.92,High,agency
8c052eba-4134-4cb3-bf6a-6a2be456e9cd,09/30/2024,hcris_nmrc,CMS HCRIS Hospital 2552-10 Worksheet S-3 Part II line 01100,https://downloads.cms.gov/Files/hcris/,ccn,100157,rn_contract_labor_dpc,blended,contract,91.08,,,1.0,,0.92,High,agency
6064b739-b866-475a-a3b3-04d0327920ca,09/30/2024,hcris_nmrc,CMS HCRIS Hospital 2552-10 Worksheet S-3 Part II line 01100,https://downloads.cms.gov/Files/hcris/,ccn,140184,rn_contract_labor_dpc,blended,contract,136.87,,,1.0,,0.92,High,agency
52bcfbf4-e6bd-491a-8283-ad47eae3cdcf,09/30/2024,hcris_nmrc,CMS HCRIS Hospital 2552-10 Worksheet S-3 Part II line 01100,https://downloads.cms.gov/Files/hcris/,ccn,260025,rn_contract_labor_dpc,blended,contract,99.84,,,1.0,,0.92,High,agency
025898c6-3294-4c3a-a3c7-6de4b13fb6b2,09/30/2024,hcris_nmrc,CMS HCRIS Hospital 2552-10 Worksheet S-3 Part II line 01100,https://downloads.cms.gov/Files/hcris/,ccn,510007,rn_contract_labor_dpc,blended,contract,42.51,,,1.0,,0.92,High,agency
fec4f271-c378-40da-8acc-481c14e48d81,09/30/2024,hcris_nmrc,CMS HCRIS Hospital 2552-10 Worksheet S-3 Part II line 01100,https://downloads.cms.gov/Files/hcris/,ccn,420020,rn_contract_labor_dpc,blended,contract,90.33,,,1.0,,0.92,High,agency
ea5268fe-c352-4253-b8cd-3d0035b424ca,09/30/2024,hcris_nmrc,CMS HCRIS Hospital 2552-10 Worksheet S-3 Part II line 01100,https://downloads.cms.gov/Files/hcris/,ccn,130002,rn_contract_labor_dpc,blended,contract,130.53,,,1.0,,0.92,High,agency
34f47a24-e069-4401-b63d-d50dadeb9040,09/30/2024,hcris_nmrc,CMS HCRIS Hospital 2552-10 Worksheet S-3 Part II line 01100,https://downloads.cms.gov/Files/hcris/,ccn,260040,rn_contract_labor_dpc,blended,contract,88.07,,,1.0,,0.92,High,agency
01ee1f9f-61bd-4bd7-96b9-d0e66b6e7e92,09/30/2024,hcris_nmrc,CMS HCRIS Hospital 2552-10 Worksheet S-3 Part II line 01100,https://downloads.cms.gov/Files/hcris/,ccn,420018,rn_contract_labor_dpc,blended,contract,87.77,,,1.0,,0.92,High,agency
9372bbcb-9884-4a36-ba0d-15703cf4fadf,09/30/2024,hcris_nmrc,CMS HCRIS Hospital 2552-10 Worksheet S-3 Part II line 01100,https://downloads.cms.gov/Files/hcris/,ccn,420015,rn_contract_labor_dpc,blended,contract,87.17,,,1.0,,0.92,High,agency
7e14fbf8-538d-41dd-8409-8a072ad8a141,09/30/2024,hcris_nmrc,CMS HCRIS Hospital 2552-10 Worksheet S-3 Part II line 01100,https://downloads.cms.gov/Files/hcris/,ccn,010102,rn_contract_labor_dpc,blended,contract,27.55,,,1.0,,0.92,High,agency
e237f222-febd-4a7d-891e-c54a37580cb7,09/30/2024,hcris_nmrc,CMS HCRIS Hospital 2552-10 Worksheet S-3 Part II line 01100,https://downloads.cms.gov/Files/hcris/,ccn,130006,rn_contract_labor_dpc,blended,contract,128.75,,,1.0,,0.92,High,agency
ffa99dc5-f166-4598-b854-ce341c1c8901,09/30/2024,hcris_nmrc,CMS HCRIS Hospital 2552-10 Worksheet S-3 Part II line 01100,https://downloads.cms.gov/Files/hcris/,ccn,100302,rn_contract_labor_dpc,blended,contract,104.85,,,1.0,,0.92,High,agency
c24d5d76-3c2e-4a73-b547-1e37f67c5d1a,09/30/2024,hcris_nmrc,CMS HCRIS Hospital 2552-10 Worksheet S-3 Part II line 01100,https://downloads.cms.gov/Files/hcris/,ccn,010169,rn_contract_labor_dpc,blended,contract,63.94,,,1.0,,0.92,High,agency
60cb2c58-3dcd-4737-892d-39bfebdf6b35,09/30/2024,hcris_nmrc,CMS HCRIS Hospital 2552-10 Worksheet S-3 Part II line 01100,https://downloads.cms.gov/Files/hcris/,ccn,010175,rn_contract_labor_dpc,blended,contract,70.0,,,1.0,,0.92,High,agency
be5e29a9-86b5-46ea-a0b2-b8b204b6a15a,09/30/2024,hcris_nmrc,CMS HCRIS Hospital 2552-10 Worksheet S-3 Part II line 01100,https://downloads.cms.gov/Files/hcris/,ccn,130025,rn_contract_labor_dpc,blended,contract,69.45,,,1.0,,0.92,High,agency
f57342f7-3a1a-4d52-941c-2dd982858762,09/30/2024,hcris_nmrc,CMS HCRIS Hospital 2552-10 Worksheet S-3 Part II line 01100,https://downloads.cms.gov/Files/hcris/,ccn,410007,rn_contract_labor_dpc,blended,contract,110.72,,,1.0,,0.92,High,agency
a9d01153-f8de-4906-a779-2d3054d59c61,09/30/2024,hcris_nmrc,CMS HCRIS Hospital 2552-10 Worksheet S-3 Part II line 01100,https://downloads.cms.gov/Files/hcris/,ccn,180124,rn_contract_labor_dpc,blended,contract,41.33,,,1.0,,0.92,High,agency
6cac9427-c745-401e-b826-e8f95a32fd2b,09/30/2024,hcris_nmrc,CMS HCRIS Hospital 2552-10 Worksheet S-3 Part II line 01100,https://downloads.cms.gov/Files/hcris/,ccn,100168,rn_contract_labor_dpc,blended,contract,92.56,,,1.0,,0.92,High,agency
18076905-0361-4d9c-8bd1-151c819748ed,09/30/2024,hcris_nmrc,CMS HCRIS Hospital 2552-10 Worksheet S-3 Part II line 01100,https://downloads.cms.gov/Files/hcris/,ccn,010120,rn_contract_labor_dpc,blended,contract,235.58,,,1.0,,0.92,High,agency
26a7d7f5-fbaa-4a87-a096-0decc04497f8,09/30/2024,hcris_nmrc,CMS HCRIS Hospital 2552-10 Worksheet S-3 Part II line 01100,https://downloads.cms.gov/Files/hcris/,ccn,410006,rn_contract_labor_dpc,blended,contract,108.68,,,1.0,,0.92,High,agency
997b0d2b-e9a8-4198-89fa-996acafe1d05,09/30/2024,hcris_nmrc,CMS HCRIS Hospital 2552-10 Worksheet S-3 Part II line 01100,https://downloads.cms.gov/Files/hcris/,ccn,300018,rn_contract_labor_dpc,blended,contract,86.15,,,1.0,,0.92,High,agency
9adf9b86-db32-41d9-9872-7dae42882872,09/30/2024,hcris_nmrc,CMS HCRIS Hospital 2552-10 Worksheet S-3 Part II line 01100,https://downloads.cms.gov/Files/hcris/,ccn,010095,rn_contract_labor_dpc,blended,contract,117.54,,,1.0,,0.92,High,agency
c30467dc-94ff-4c68-93b5-557cff2bf8bc,09/30/2024,hcris_nmrc,CMS HCRIS Hospital 2552-10 Worksheet S-3 Part II line 01100,https://downloads.cms.gov/Files/hcris/,ccn,330023,rn_contract_labor_dpc,blended,contract,107.98,,,1.0,,0.92,High,agency
354711cb-4a4b-4ebc-9c8f-9f81236c0d8c,09/30/2024,hcris_nmrc,CMS HCRIS Hospital 2552-10 Worksheet S-3 Part II line 01100,https://downloads.cms.gov/Files/hcris/,ccn,260113,rn_contract_labor_dpc,blended,contract,112.1,,,1.0,,0.92,High,agency
d6fd6605-6860-4a7b-9977-d044c1439640,09/30/2024,hcris_nmrc,CMS HCRIS Hospital 2552-10 Worksheet S-3 Part II line 01100,https://downloads.cms.gov/Files/hcris/,ccn,140206,rn_contract_labor_dpc,blended,contract,98.68,,,1.0,,0.92,High,agency
3f0cacfa-5fe0-4040-9b0a-93a28675b32f,09/30/2024,hcris_nmrc,CMS HCRIS Hospital 2552-10 Worksheet S-3 Part II line 01100,https://downloads.cms.gov/Files/hcris/,ccn,100150,rn_contract_labor_dpc,blended,contract,38.06,,,1.0,,0.92,High,agency
871dd970-f964-4314-8099-2824254beb3a,09/30/2024,hcris_nmrc,CMS HCRIS Hospital 2552-10 Worksheet S-3 Part II line 01100,https://downloads.cms.gov/Files/hcris/,ccn,050471,rn_contract_labor_dpc,blended,contract,94.51,,,1.0,,0.92,High,agency
2f478b7a-cd4a-4ee5-b44c-b858311b19f9,09/30/2024,hcris_nmrc,CMS HCRIS Hospital 2552-10 Worksheet S-3 Part II line 01100,https://downloads.cms.gov/Files/hcris/,ccn,150115,rn_contract_labor_dpc,blended,contract,56.16,,,1.0,,0.92,High,agency
0194f8a2-6a97-457c-8498-6f09cac30849,09/30/2024,hcris_nmrc,CMS HCRIS Hospital 2552-10 Worksheet S-3 Part II line 01100,https://downloads.cms.gov/Files/hcris/,ccn,373034,rn_contract_labor_dpc,blended,contract,73.84,,,1.0,,0.92,High,agency
b62492ac-3da6-4985-9ede-c290e5c2e801,09/30/2024,hcris_nmrc,CMS HCRIS Hospital 2552-10 Worksheet S-3 Part II line 01100,https://downloads.cms.gov/Files/hcris/,ccn,100117,rn_contract_labor_dpc,blended,contract,100.9,,,1.0,,0.92,High,agency
c17e56a2-1ca6-460f-82a0-8e4b09bf410d,09/30/2024,hcris_nmrc,CMS HCRIS Hospital 2552-10 Worksheet S-3 Part II line 01100,https://downloads.cms.gov/Files/hcris/,ccn,410008,rn_contract_labor_dpc,blended,contract,109.38,,,1.0,,0.92,High,agency
6c57bf07-37eb-4899-91fe-2d0bb009de1f,09/30/2024,hcris_nmrc,CMS HCRIS Hospital 2552-10 Worksheet S-3 Part II line 01100,https://downloads.cms.gov/Files/hcris/,ccn,050624,rn_contract_labor_dpc,blended,contract,85.43,,,1.0,,0.92,High,agency
807df51e-5efa-4b37-b563-4305959e0ad6,09/30/2024,hcris_nmrc,CMS HCRIS Hospital 2552-10 Worksheet S-3 Part II line 01100,https://downloads.cms.gov/Files/hcris/,ccn,100314,rn_contract_labor_dpc,blended,contract,100.69,,,1.0,,0.92,High,agency
c131b74a-2229-486b-a969-0e37316b0702,09/30/2024,hcris_nmrc,CMS HCRIS Hospital 2552-10 Worksheet S-3 Part II line 01100,https://downloads.cms.gov/Files/hcris/,ccn,490115,rn_contract_labor_dpc,blended,contract,60.62,,,1.0,,0.92,High,agency
6f2ce498-24b1-4cee-aa79-5d82b19409c7,09/30/2024,hcris_nmrc,CMS HCRIS Hospital 2552-10 Worksheet S-3 Part II line 01100,https://downloads.cms.gov/Files/hcris/,ccn,490042,rn_contract_labor_dpc,blended,contract,70.14,,,1.0,,0.92,High,agency
b029b6df-d997-44a8-8d1c-9bcc677887e1,09/30/2024,hcris_nmrc,CMS HCRIS Hospital 2552-10 Worksheet S-3 Part II line 01100,https://downloads.cms.gov/Files/hcris/,ccn,490089,rn_contract_labor_dpc,blended,contract,57.06,,,1.0,,0.92,High,agency
aacb92a9-8593-41f6-b687-9270a0e7abee,09/30/2024,hcris_nmrc,CMS HCRIS Hospital 2552-10 Worksheet S-3 Part II line 01100,https://downloads.cms.gov/Files/hcris/,ccn,050002,rn_contract_labor_dpc,blended,contract,111.38,,,1.0,,0.92,High,agency
63ecdd60-26f8-4a82-beeb-fb64fb110a60,09/30/2024,hcris_nmrc,CMS HCRIS Hospital 2552-10 Worksheet S-3 Part II line 01100,https://downloads.cms.gov/Files/hcris/,ccn,260094,rn_contract_labor_dpc,blended,contract,81.94,,,1.0,,0.92,High,agency
b3c48288-5a27-4358-bcd8-b5da7c15b161,09/30/2024,hcris_nmrc,CMS HCRIS Hospital 2552-10 Worksheet S-3 Part II line 01100,https://downloads.cms.gov/Files/hcris/,ccn,410009,rn_contract_labor_dpc,blended,contract,91.07,,,1.0,,0.92,High,agency
63a53e55-70a1-4e08-bfb2-2f92ce52cf22,09/30/2024,hcris_nmrc,CMS HCRIS Hospital 2552-10 Worksheet S-3 Part II line 01100,https://downloads.cms.gov/Files/hcris/,ccn,380018,rn_contract_labor_dpc,blended,contract,187.1,,,1.0,,0.92,High,agency
f6206b99-462f-4aa8-b9de-fed51d6bc181,09/30/2024,hcris_nmrc,CMS HCRIS Hospital 2552-10 Worksheet S-3 Part II line 01100,https://downloads.cms.gov/Files/hcris/,ccn,410010,rn_contract_labor_dpc,blended,contract,99.68,,,1.0,,0.92,High,agency
eeee4802-7cc1-4583-8d6e-3855dbb857c2,09/30/2024,hcris_nmrc,CMS HCRIS Hospital 2552-10 Worksheet S-3 Part II line 01100,https://downloads.cms.gov/Files/hcris/,ccn,100260,rn_contract_labor_dpc,blended,contract,67.77,,,1.0,,0.92,High,agency
d26cbbf4-fd88-46d0-9340-ddae0752e8e6,10/02/2024,hcris_nmrc,CMS HCRIS Hospital 2552-10 Worksheet S-3 Part II line 01100,https://downloads.cms.gov/Files/hcris/,ccn,030037,rn_contract_labor_dpc,blended,contract,110.33,,,1.0,,0.92,High,agency
72c1b161-67fc-4a74-a50b-fd0e863962f5,10/02/2024,hcris_nmrc,CMS HCRIS Hospital 2552-10 Worksheet S-3 Part II line 01100,https://downloads.cms.gov/Files/hcris/,ccn,030121,rn_contract_labor_dpc,blended,contract,103.34,,,1.0,,0.92,High,agency
086def07-e28c-4a75-8eef-fb8697838979,10/14/2024,hcris_nmrc,CMS HCRIS Hospital 2552-10 Worksheet S-3 Part II line 01100,https://downloads.cms.gov/Files/hcris/,ccn,050726,rn_contract_labor_dpc,blended,contract,99.67,,,1.0,,0.92,High,agency
1de23300-e938-4ee6-865c-b7d9b2af4a1f,10/16/2024,hcris_nmrc,CMS HCRIS Hospital 2552-10 Worksheet S-3 Part II line 01100,https://downloads.cms.gov/Files/hcris/,ccn,450661,rn_contract_labor_dpc,blended,contract,84.6,,,1.0,,0.92,High,agency
c13f35e8-898c-43f0-abc3-f8c1a6ec54e8,10/16/2024,hcris_nmrc,CMS HCRIS Hospital 2552-10 Worksheet S-3 Part II line 01100,https://downloads.cms.gov/Files/hcris/,ccn,450653,rn_contract_labor_dpc,blended,contract,129.24,,,1.0,,0.92,High,agency
7667c05d-36cb-4aa7-bd70-ae05d546203c,10/22/2024,hcris_nmrc,CMS HCRIS Hospital 2552-10 Worksheet S-3 Part II line 01100,https://downloads.cms.gov/Files/hcris/,ccn,100092,rn_contract_labor_dpc,blended,contract,67.9,,,1.0,,0.92,High,agency
031428f4-eeb0-46a3-b895-200d5e05f561,10/29/2024,hcris_nmrc,CMS HCRIS Hospital 2552-10 Worksheet S-3 Part II line 01100,https://downloads.cms.gov/Files/hcris/,ccn,190160,rn_contract_labor_dpc,blended,contract,128.5,,,1.0,,0.92,High,agency
dcd2087b-ce46-4c8a-be3f-be62771c8959,10/29/2024,hcris_nmrc,CMS HCRIS Hospital 2552-10 Worksheet S-3 Part II line 01100,https://downloads.cms.gov/Files/hcris/,ccn,450518,rn_contract_labor_dpc,blended,contract,100.67,,,1.0,,0.92,High,agency
833c3bf4-d2c6-4d99-b3f6-0280f1d35d88,10/29/2024,hcris_nmrc,CMS HCRIS Hospital 2552-10 Worksheet S-3 Part II line 01100,https://downloads.cms.gov/Files/hcris/,ccn,450035,rn_contract_labor_dpc,blended,contract,104.0,,,1.0,,0.92,High,agency
e0309cb8-f20b-41d7-8fff-98a793b19f3a,10/31/2024,hcris_nmrc,CMS HCRIS Hospital 2552-10 Worksheet S-3 Part II line 01100,https://downloads.cms.gov/Files/hcris/,ccn,340132,rn_contract_labor_dpc,blended,contract,81.45,,,1.0,,0.92,High,agency
f782d4b2-ae38-4885-b2d6-74ea7a7c2cef,10/31/2024,hcris_nmrc,CMS HCRIS Hospital 2552-10 Worksheet S-3 Part II line 01100,https://downloads.cms.gov/Files/hcris/,ccn,100012,rn_contract_labor_dpc,blended,contract,120.0,,,1.0,,0.92,High,agency
e97a4ef3-7b28-4c66-83d4-e1d3171a7fd0,10/31/2024,hcris_nmrc,CMS HCRIS Hospital 2552-10 Worksheet S-3 Part II line 01100,https://downloads.cms.gov/Files/hcris/,ccn,172005,rn_contract_labor_dpc,blended,contract,79.69,,,1.0,,0.92,High,agency
d6cc35c2-c84a-41aa-95d9-e1bedd50ddac,10/31/2024,hcris_nmrc,CMS HCRIS Hospital 2552-10 Worksheet S-3 Part II line 01100,https://downloads.cms.gov/Files/hcris/,ccn,100360,rn_contract_labor_dpc,blended,contract,73.61,,,1.0,,0.92,High,agency
85a95854-3d64-4f76-a0c0-22f1b007a603,10/31/2024,hcris_nmrc,CMS HCRIS Hospital 2552-10 Worksheet S-3 Part II line 01100,https://downloads.cms.gov/Files/hcris/,ccn,100049,rn_contract_labor_dpc,blended,contract,41.95,,,1.0,,0.92,High,agency
6cfe1ed1-a09a-4185-a43d-a7ffca1e3501,10/31/2024,hcris_nmrc,CMS HCRIS Hospital 2552-10 Worksheet S-3 Part II line 01100,https://downloads.cms.gov/Files/hcris/,ccn,312019,rn_contract_labor_dpc,blended,contract,77.96,,,1.0,,0.92,High,agency
7eab823c-70bf-4cfa-b027-6cdec0d90d95,10/31/2024,hcris_nmrc,CMS HCRIS Hospital 2552-10 Worksheet S-3 Part II line 01100,https://downloads.cms.gov/Files/hcris/,ccn,233027,rn_contract_labor_dpc,blended,contract,35.01,,,1.0,,0.92,High,agency
ca20acb5-f084-4ada-97f8-e1711af626e4,10/31/2024,hcris_nmrc,CMS HCRIS Hospital 2552-10 Worksheet S-3 Part II line 01100,https://downloads.cms.gov/Files/hcris/,ccn,490023,rn_contract_labor_dpc,blended,contract,82.77,,,1.0,,0.92,High,agency
37334530-4e44-41cd-bb8b-bbc252a5383c,10/31/2024,hcris_nmrc,CMS HCRIS Hospital 2552-10 Worksheet S-3 Part II line 01100,https://downloads.cms.gov/Files/hcris/,ccn,490145,rn_contract_labor_dpc,blended,contract,182.33,,,1.0,,0.92,High,agency
219505d7-fc28-4f0f-b53b-b063be685c9d,10/31/2024,hcris_nmrc,CMS HCRIS Hospital 2552-10 Worksheet S-3 Part II line 01100,https://downloads.cms.gov/Files/hcris/,ccn,362023,rn_contract_labor_dpc,blended,contract,55.82,,,1.0,,0.92,High,agency
1762a44a-f280-4f46-94ba-0bfd2ee1f122,10/31/2024,hcris_nmrc,CMS HCRIS Hospital 2552-10 Worksheet S-3 Part II line 01100,https://downloads.cms.gov/Files/hcris/,ccn,230071,rn_contract_labor_dpc,blended,contract,179.02,,,1.0,,0.92,High,agency
50bbf99f-1b05-47dd-8f17-51df55d8fe4a,10/31/2024,hcris_nmrc,CMS HCRIS Hospital 2552-10 Worksheet S-3 Part II line 01100,https://downloads.cms.gov/Files/hcris/,ccn,100220,rn_contract_labor_dpc,blended,contract,120.0,,,1.0,,0.92,High,agency
ab0dcf8f-bde4-45b2-809d-5254055c5182,10/31/2024,hcris_nmrc,CMS HCRIS Hospital 2552-10 Worksheet S-3 Part II line 01100,https://downloads.cms.gov/Files/hcris/,ccn,230277,rn_contract_labor_dpc,blended,contract,39.57,,,1.0,,0.92,High,agency
562e7b61-71d9-442e-8072-a89a4141346e,10/31/2024,hcris_nmrc,CMS HCRIS Hospital 2552-10 Worksheet S-3 Part II line 01100,https://downloads.cms.gov/Files/hcris/,ccn,450083,rn_contract_labor_dpc,blended,contract,58.88,,,1.0,,0.92,High,agency
d33259be-7da4-4696-8da2-c913d2474b58,10/31/2024,hcris_nmrc,CMS HCRIS Hospital 2552-10 Worksheet S-3 Part II line 01100,https://downloads.cms.gov/Files/hcris/,ccn,450194,rn_contract_labor_dpc,blended,contract,56.93,,,1.0,,0.92,High,agency
99f319aa-1921-4b92-a43c-589d9ee1b707,10/31/2024,hcris_nmrc,CMS HCRIS Hospital 2552-10 Worksheet S-3 Part II line 01100,https://downloads.cms.gov/Files/hcris/,ccn,522006,rn_contract_labor_dpc,blended,contract,66.24,,,1.0,,0.92,High,agency
131cac5d-a9c4-4d0f-8a04-6089dd8fe472,10/31/2024,hcris_nmrc,CMS HCRIS Hospital 2552-10 Worksheet S-3 Part II line 01100,https://downloads.cms.gov/Files/hcris/,ccn,490111,rn_contract_labor_dpc,blended,contract,62.41,,,1.0,,0.92,High,agency
bcda0b39-4d59-4b3b-8833-0c671469d8af,10/31/2024,hcris_nmrc,CMS HCRIS Hospital 2552-10 Worksheet S-3 Part II line 01100,https://downloads.cms.gov/Files/hcris/,ccn,370039,rn_contract_labor_dpc,blended,contract,125.8,,,1.0,,0.92,High,agency
c5b3a4f6-1d5d-4be3-992f-35b186cee1fa,10/31/2024,hcris_nmrc,CMS HCRIS Hospital 2552-10 Worksheet S-3 Part II line 01100,https://downloads.cms.gov/Files/hcris/,ccn,040022,rn_contract_labor_dpc,blended,contract,69.86,,,1.0,,0.92,High,agency
b2daa1f5-cf7c-44fa-a46a-55d38bc612f4,10/31/2024,hcris_nmrc,CMS HCRIS Hospital 2552-10 Worksheet S-3 Part II line 01100,https://downloads.cms.gov/Files/hcris/,ccn,262013,rn_contract_labor_dpc,blended,contract,82.76,,,1.0,,0.92,High,agency
1e0cd9a8-850c-406b-b34a-1cf18b889bed,10/31/2024,hcris_nmrc,CMS HCRIS Hospital 2552-10 Worksheet S-3 Part II line 01100,https://downloads.cms.gov/Files/hcris/,ccn,260074,rn_contract_labor_dpc,blended,contract,78.97,,,1.0,,0.92,High,agency
86e60152-01f8-486b-9346-fbb16a2b66b2,10/31/2024,hcris_nmrc,CMS HCRIS Hospital 2552-10 Worksheet S-3 Part II line 01100,https://downloads.cms.gov/Files/hcris/,ccn,370097,rn_contract_labor_dpc,blended,contract,92.68,,,1.0,,0.92,High,agency
710781b6-ee03-4fc0-b6a9-ca623a5a15ee,10/31/2024,hcris_nmrc,CMS HCRIS Hospital 2552-10 Worksheet S-3 Part II line 01100,https://downloads.cms.gov/Files/hcris/,ccn,190050,rn_contract_labor_dpc,blended,contract,101.26,,,1.0,,0.92,High,agency
cfef3609-9773-4ce9-8fba-8c789f681371,10/31/2024,hcris_nmrc,CMS HCRIS Hospital 2552-10 Worksheet S-3 Part II line 01100,https://downloads.cms.gov/Files/hcris/,ccn,050254,rn_contract_labor_dpc,blended,contract,103.09,,,1.0,,0.92,High,agency
d351d2b6-24a7-4c64-ba1b-e1ab35169058,10/31/2024,hcris_nmrc,CMS HCRIS Hospital 2552-10 Worksheet S-3 Part II line 01100,https://downloads.cms.gov/Files/hcris/,ccn,442016,rn_contract_labor_dpc,blended,contract,65.54,,,1.0,,0.92,High,agency
076e4cff-b324-4a6d-9ddd-9d5eb8ddcdab,10/31/2024,hcris_nmrc,CMS HCRIS Hospital 2552-10 Worksheet S-3 Part II line 01100,https://downloads.cms.gov/Files/hcris/,ccn,060096,rn_contract_labor_dpc,blended,contract,97.39,,,1.0,,0.92,High,agency
980067ba-2807-412a-ac5f-0224463ad3ec,10/31/2024,hcris_nmrc,CMS HCRIS Hospital 2552-10 Worksheet S-3 Part II line 01100,https://downloads.cms.gov/Files/hcris/,ccn,100244,rn_contract_labor_dpc,blended,contract,120.0,,,1.0,,0.92,High,agency
68fcfb2e-7189-48a0-9008-f957ed9f50a2,10/31/2024,hcris_nmrc,CMS HCRIS Hospital 2552-10 Worksheet S-3 Part II line 01100,https://downloads.cms.gov/Files/hcris/,ccn,112016,rn_contract_labor_dpc,blended,contract,69.99,,,1.0,,0.92,High,agency
92779351-103c-4a82-96f6-42f09b7b3f5f,11/12/2024,hcris_nmrc,CMS HCRIS Hospital 2552-10 Worksheet S-3 Part II line 01100,https://downloads.cms.gov/Files/hcris/,ccn,040015,rn_contract_labor_dpc,blended,contract,56.15,,,1.0,,0.92,High,agency
41e6a6a0-d0a9-410f-828a-157172c243e8,11/30/2024,hcris_nmrc,CMS HCRIS Hospital 2552-10 Worksheet S-3 Part II line 01100,https://downloads.cms.gov/Files/hcris/,ccn,050030,rn_contract_labor_dpc,blended,contract,92.65,,,1.0,,0.92,High,agency
e7bd83d1-d654-4621-b882-b21220d6a339,11/30/2024,hcris_nmrc,CMS HCRIS Hospital 2552-10 Worksheet S-3 Part II line 01100,https://downloads.cms.gov/Files/hcris/,ccn,490069,rn_contract_labor_dpc,blended,contract,59.15,,,1.0,,0.92,High,agency
62c5d386-9140-4fc7-8606-124d2de2d3da,11/30/2024,hcris_nmrc,CMS HCRIS Hospital 2552-10 Worksheet S-3 Part II line 01100,https://downloads.cms.gov/Files/hcris/,ccn,490060,rn_contract_labor_dpc,blended,contract,78.01,,,1.0,,0.92,High,agency
a3c6604c-a195-4ba4-9579-6d73a64abb96,11/30/2024,hcris_nmrc,CMS HCRIS Hospital 2552-10 Worksheet S-3 Part II line 01100,https://downloads.cms.gov/Files/hcris/,ccn,442014,rn_contract_labor_dpc,blended,contract,72.31,,,1.0,,0.92,High,agency
2f8563b8-3f77-4c00-9edc-ab9651a4fab1,11/30/2024,hcris_nmrc,CMS HCRIS Hospital 2552-10 Worksheet S-3 Part II line 01100,https://downloads.cms.gov/Files/hcris/,ccn,370099,rn_contract_labor_dpc,blended,contract,46.15,,,1.0,,0.92,High,agency
0b1af94b-670b-4eca-807d-8fd2cf978fd4,11/30/2024,hcris_nmrc,CMS HCRIS Hospital 2552-10 Worksheet S-3 Part II line 01100,https://downloads.cms.gov/Files/hcris/,ccn,450596,rn_contract_labor_dpc,blended,contract,59.19,,,1.0,,0.92,High,agency
a92fa55e-83ab-47c0-998b-5a2de1d85f81,11/30/2024,hcris_nmrc,CMS HCRIS Hospital 2552-10 Worksheet S-3 Part II line 01100,https://downloads.cms.gov/Files/hcris/,ccn,362027,rn_contract_labor_dpc,blended,contract,58.54,,,1.0,,0.92,High,agency
8d0116b7-2c1d-44c8-81a2-3402dc6ff925,11/30/2024,hcris_nmrc,CMS HCRIS Hospital 2552-10 Worksheet S-3 Part II line 01100,https://downloads.cms.gov/Files/hcris/,ccn,032001,rn_contract_labor_dpc,blended,contract,63.97,,,1.0,,0.92,High,agency
03f31b34-6b95-4b67-a3d4-e25597a097a1,11/30/2024,hcris_nmrc,CMS HCRIS Hospital 2552-10 Worksheet S-3 Part II line 01100,https://downloads.cms.gov/Files/hcris/,ccn,440006,rn_contract_labor_dpc,blended,contract,63.39,,,1.0,,0.92,High,agency
001a2ca3-31fa-4eba-9a66-15c86ef317dc,11/30/2024,hcris_nmrc,CMS HCRIS Hospital 2552-10 Worksheet S-3 Part II line 01100,https://downloads.cms.gov/Files/hcris/,ccn,190053,rn_contract_labor_dpc,blended,contract,90.44,,,1.0,,0.92,High,agency
a9a744a5-b490-4ef8-9ca3-c65394b56308,11/30/2024,hcris_nmrc,CMS HCRIS Hospital 2552-10 Worksheet S-3 Part II line 01100,https://downloads.cms.gov/Files/hcris/,ccn,490059,rn_contract_labor_dpc,blended,contract,58.32,,,1.0,,0.92,High,agency
b7e02813-e527-4d25-a0b2-42c47d14888a,11/30/2024,hcris_nmrc,CMS HCRIS Hospital 2552-10 Worksheet S-3 Part II line 01100,https://downloads.cms.gov/Files/hcris/,ccn,230108,rn_contract_labor_dpc,blended,contract,89.33,,,1.0,,0.92,High,agency
46b06ac9-3038-421c-9133-cae82bc3b435,11/30/2024,hcris_nmrc,CMS HCRIS Hospital 2552-10 Worksheet S-3 Part II line 01100,https://downloads.cms.gov/Files/hcris/,ccn,420023,rn_contract_labor_dpc,blended,contract,60.63,,,1.0,,0.92,High,agency
fdadf2dd-733c-48ef-a94d-3e6b9463254d,11/30/2024,hcris_nmrc,CMS HCRIS Hospital 2552-10 Worksheet S-3 Part II line 01100,https://downloads.cms.gov/Files/hcris/,ccn,140310,rn_contract_labor_dpc,blended,contract,88.78,,,1.0,,0.92,High,agency
6a906f60-f0f6-4dbd-96b8-154120de7fad,11/30/2024,hcris_nmrc,CMS HCRIS Hospital 2552-10 Worksheet S-3 Part II line 01100,https://downloads.cms.gov/Files/hcris/,ccn,440175,rn_contract_labor_dpc,blended,contract,81.17,,,1.0,,0.92,High,agency
afe2b8e8-52de-4306-b66a-d534d6d9cb33,11/30/2024,hcris_nmrc,CMS HCRIS Hospital 2552-10 Worksheet S-3 Part II line 01100,https://downloads.cms.gov/Files/hcris/,ccn,140084,rn_contract_labor_dpc,blended,contract,100.88,,,1.0,,0.92,High,agency
696678c7-a20f-441c-83cb-af3cb5b5f0cc,11/30/2024,hcris_nmrc,CMS HCRIS Hospital 2552-10 Worksheet S-3 Part II line 01100,https://downloads.cms.gov/Files/hcris/,ccn,180019,rn_contract_labor_dpc,blended,contract,86.26,,,1.0,,0.92,High,agency
2932d221-6679-4801-a666-79110e7def19,11/30/2024,hcris_nmrc,CMS HCRIS Hospital 2552-10 Worksheet S-3 Part II line 01100,https://downloads.cms.gov/Files/hcris/,ccn,670043,rn_contract_labor_dpc,blended,contract,72.74,,,1.0,,0.92,High,agency
0cdcac6e-aec4-4546-baf6-e475460f0031,11/30/2024,hcris_nmrc,CMS HCRIS Hospital 2552-10 Worksheet S-3 Part II line 01100,https://downloads.cms.gov/Files/hcris/,ccn,102023,rn_contract_labor_dpc,blended,contract,57.68,,,1.0,,0.92,High,agency
06486371-c4af-480a-a297-aa272610827e,11/30/2024,hcris_nmrc,CMS HCRIS Hospital 2552-10 Worksheet S-3 Part II line 01100,https://downloads.cms.gov/Files/hcris/,ccn,490094,rn_contract_labor_dpc,blended,contract,49.98,,,1.0,,0.92,High,agency
791b9783-209d-492e-af8d-7b5ad162e3f8,11/30/2024,hcris_nmrc,CMS HCRIS Hospital 2552-10 Worksheet S-3 Part II line 01100,https://downloads.cms.gov/Files/hcris/,ccn,490041,rn_contract_labor_dpc,blended,contract,54.08,,,1.0,,0.92,High,agency
2320ea39-9564-4bb0-b834-62e28380786e,11/30/2024,hcris_nmrc,CMS HCRIS Hospital 2552-10 Worksheet S-3 Part II line 01100,https://downloads.cms.gov/Files/hcris/,ccn,490017,rn_contract_labor_dpc,blended,contract,88.35,,,1.0,,0.92,High,agency
18148201-9814-4f67-86a7-f634424507b8,11/30/2024,hcris_nmrc,CMS HCRIS Hospital 2552-10 Worksheet S-3 Part II line 01100,https://downloads.cms.gov/Files/hcris/,ccn,030117,rn_contract_labor_dpc,blended,contract,87.7,,,1.0,,0.92,High,agency
8ce19aee-af8f-487f-843c-8edae9c8f6cd,11/30/2024,hcris_nmrc,CMS HCRIS Hospital 2552-10 Worksheet S-3 Part II line 01100,https://downloads.cms.gov/Files/hcris/,ccn,370183,rn_contract_labor_dpc,blended,contract,156.37,,,1.0,,0.92,High,agency
fdc8adeb-e3ba-4153-b7f5-5d2191d76bcb,11/30/2024,hcris_nmrc,CMS HCRIS Hospital 2552-10 Worksheet S-3 Part II line 01100,https://downloads.cms.gov/Files/hcris/,ccn,490136,rn_contract_labor_dpc,blended,contract,63.66,,,1.0,,0.92,High,agency
bbccbd65-e0ba-4d2e-8321-b5696a9cc998,12/23/2024,hcris_nmrc,CMS HCRIS Hospital 2552-10 Worksheet S-3 Part II line 01100,https://downloads.cms.gov/Files/hcris/,ccn,390104,rn_contract_labor_dpc,blended,contract,88.02,,,1.0,,0.92,High,agency
5d7f43d1-27a8-44de-a1f6-0bb2e900cc2b,12/31/2024,hcris_nmrc,CMS HCRIS Hospital 2552-10 Worksheet S-3 Part II line 01100,https://downloads.cms.gov/Files/hcris/,ccn,670326,rn_contract_labor_dpc,blended,contract,66.86,,,1.0,,0.92,High,agency
db797fac-95a5-414e-9a30-6b9e7a8538bd,12/31/2024,hcris_nmrc,CMS HCRIS Hospital 2552-10 Worksheet S-3 Part II line 01100,https://downloads.cms.gov/Files/hcris/,ccn,203025,rn_contract_labor_dpc,blended,contract,77.82,,,1.0,,0.92,High,agency
fad1fff1-a9ab-4a97-b5d7-87b80beac86d,12/31/2024,hcris_nmrc,CMS HCRIS Hospital 2552-10 Worksheet S-3 Part II line 01100,https://downloads.cms.gov/Files/hcris/,ccn,673031,rn_contract_labor_dpc,blended,contract,64.69,,,1.0,,0.92,High,agency
2a4c7db5-6142-4441-af62-af3473934b22,12/31/2024,hcris_nmrc,CMS HCRIS Hospital 2552-10 Worksheet S-3 Part II line 01100,https://downloads.cms.gov/Files/hcris/,ccn,150168,rn_contract_labor_dpc,blended,contract,80.64,,,1.0,,0.92,High,agency
fc8957c1-5d89-41e7-b2f4-e5a4ec7a1010,12/31/2024,hcris_nmrc,CMS HCRIS Hospital 2552-10 Worksheet S-3 Part II line 01100,https://downloads.cms.gov/Files/hcris/,ccn,103046,rn_contract_labor_dpc,blended,contract,65.59,,,1.0,,0.92,High,agency
d038e551-b52f-4986-b783-89a92b8afa44,12/31/2024,hcris_nmrc,CMS HCRIS Hospital 2552-10 Worksheet S-3 Part II line 01100,https://downloads.cms.gov/Files/hcris/,ccn,160045,rn_contract_labor_dpc,blended,contract,91.7,,,1.0,,0.92,High,agency
a9e298e9-bf71-45f0-b67d-66a4dbacf62e,12/31/2024,hcris_nmrc,CMS HCRIS Hospital 2552-10 Worksheet S-3 Part II line 01100,https://downloads.cms.gov/Files/hcris/,ccn,673027,rn_contract_labor_dpc,blended,contract,68.12,,,1.0,,0.92,High,agency
137df241-2f83-4aff-a78a-175276e11e0c,12/31/2024,hcris_nmrc,CMS HCRIS Hospital 2552-10 Worksheet S-3 Part II line 01100,https://downloads.cms.gov/Files/hcris/,ccn,140181,rn_contract_labor_dpc,blended,contract,99.27,,,1.0,,0.92,High,agency
80344b36-7675-4870-9e58-f3cd3e95cb85,12/31/2024,hcris_nmrc,CMS HCRIS Hospital 2552-10 Worksheet S-3 Part II line 01100,https://downloads.cms.gov/Files/hcris/,ccn,450447,rn_contract_labor_dpc,blended,contract,63.66,,,1.0,,0.92,High,agency
436afec0-6efc-4fb4-a93f-9f4e2e826860,12/31/2024,hcris_nmrc,CMS HCRIS Hospital 2552-10 Worksheet S-3 Part II line 01100,https://downloads.cms.gov/Files/hcris/,ccn,140127,rn_contract_labor_dpc,blended,contract,80.23,,,1.0,,0.92,High,agency
c79d4c3b-8177-4d8b-91ba-7cbccab87a07,12/31/2024,hcris_nmrc,CMS HCRIS Hospital 2552-10 Worksheet S-3 Part II line 01100,https://downloads.cms.gov/Files/hcris/,ccn,110100,rn_contract_labor_dpc,blended,contract,73.23,,,1.0,,0.92,High,agency
e1d93fb2-19c1-4f12-a165-c0df6d8a6a8e,12/31/2024,hcris_nmrc,CMS HCRIS Hospital 2552-10 Worksheet S-3 Part II line 01100,https://downloads.cms.gov/Files/hcris/,ccn,450424,rn_contract_labor_dpc,blended,contract,60.64,,,1.0,,0.92,High,agency
8a2185da-1bbd-43b4-9b52-2b43200df476,12/31/2024,hcris_nmrc,CMS HCRIS Hospital 2552-10 Worksheet S-3 Part II line 01100,https://downloads.cms.gov/Files/hcris/,ccn,490107,rn_contract_labor_dpc,blended,contract,91.21,,,1.0,,0.92,High,agency
f4b61857-34f4-4baa-847a-fc3c9d2aeb9b,12/31/2024,hcris_nmrc,CMS HCRIS Hospital 2552-10 Worksheet S-3 Part II line 01100,https://downloads.cms.gov/Files/hcris/,ccn,140182,rn_contract_labor_dpc,blended,contract,58.93,,,1.0,,0.92,High,agency
5ad702f0-8cac-4a80-a209-5ac06937c106,12/31/2024,hcris_nmrc,CMS HCRIS Hospital 2552-10 Worksheet S-3 Part II line 01100,https://downloads.cms.gov/Files/hcris/,ccn,520083,rn_contract_labor_dpc,blended,contract,70.01,,,1.0,,0.92,High,agency
58e3a0f8-9d48-4552-8efd-6419a79fc41d,12/31/2024,hcris_nmrc,CMS HCRIS Hospital 2552-10 Worksheet S-3 Part II line 01100,https://downloads.cms.gov/Files/hcris/,ccn,110054,rn_contract_labor_dpc,blended,contract,83.32,,,1.0,,0.92,High,agency
ec41cd01-76bc-439d-8b62-356c38816be2,12/31/2024,hcris_nmrc,CMS HCRIS Hospital 2552-10 Worksheet S-3 Part II line 01100,https://downloads.cms.gov/Files/hcris/,ccn,490101,rn_contract_labor_dpc,blended,contract,77.58,,,1.0,,0.92,High,agency
b7bcf230-f135-4639-b606-18f747e4c5ab,12/31/2024,hcris_nmrc,CMS HCRIS Hospital 2552-10 Worksheet S-3 Part II line 01100,https://downloads.cms.gov/Files/hcris/,ccn,160047,rn_contract_labor_dpc,blended,contract,103.22,,,1.0,,0.92,High,agency
6362dd07-4f78-461a-a811-670139eb8e41,12/31/2024,hcris_nmrc,CMS HCRIS Hospital 2552-10 Worksheet S-3 Part II line 01100,https://downloads.cms.gov/Files/hcris/,ccn,010016,rn_contract_labor_dpc,blended,contract,70.31,,,1.0,,0.92,High,agency
36653801-a88b-40f2-a7b0-6863193eb730,12/31/2024,hcris_nmrc,CMS HCRIS Hospital 2552-10 Worksheet S-3 Part II line 01100,https://downloads.cms.gov/Files/hcris/,ccn,450431,rn_contract_labor_dpc,blended,contract,36.89,,,1.0,,0.92,High,agency
23b79cdb-5a09-4e5a-846c-85f400902a19,12/31/2024,hcris_nmrc,CMS HCRIS Hospital 2552-10 Worksheet S-3 Part II line 01100,https://downloads.cms.gov/Files/hcris/,ccn,520076,rn_contract_labor_dpc,blended,contract,83.13,,,1.0,,0.92,High,agency
325eb8e2-f29f-4e98-b73e-d129c439e952,12/31/2024,hcris_nmrc,CMS HCRIS Hospital 2552-10 Worksheet S-3 Part II line 01100,https://downloads.cms.gov/Files/hcris/,ccn,490113,rn_contract_labor_dpc,blended,contract,92.12,,,1.0,,0.92,High,agency
57abfb97-f17f-473c-83cd-55ad4c58ee62,12/31/2024,hcris_nmrc,CMS HCRIS Hospital 2552-10 Worksheet S-3 Part II line 01100,https://downloads.cms.gov/Files/hcris/,ccn,670260,rn_contract_labor_dpc,blended,contract,65.21,,,1.0,,0.92,High,agency
6e6b2242-8b9b-4481-bd68-6a51ee9f949a,12/31/2024,hcris_nmrc,CMS HCRIS Hospital 2552-10 Worksheet S-3 Part II line 01100,https://downloads.cms.gov/Files/hcris/,ccn,150165,rn_contract_labor_dpc,blended,contract,128.98,,,1.0,,0.92,High,agency
8cfe2196-facd-41c9-91cd-6e16ee0fff0e,12/31/2024,hcris_nmrc,CMS HCRIS Hospital 2552-10 Worksheet S-3 Part II line 01100,https://downloads.cms.gov/Files/hcris/,ccn,150167,rn_contract_labor_dpc,blended,contract,86.44,,,1.0,,0.92,High,agency
639fbde0-6144-4294-baee-b57d7c335d73,12/31/2024,hcris_nmrc,CMS HCRIS Hospital 2552-10 Worksheet S-3 Part II line 01100,https://downloads.cms.gov/Files/hcris/,ccn,110069,rn_contract_labor_dpc,blended,contract,100.24,,,1.0,,0.92,High,agency
ce603972-9ecb-43f2-b576-4aca1312ac52,12/31/2024,hcris_nmrc,CMS HCRIS Hospital 2552-10 Worksheet S-3 Part II line 01100,https://downloads.cms.gov/Files/hcris/,ccn,520070,rn_contract_labor_dpc,blended,contract,110.66,,,1.0,,0.92,High,agency
7a826640-244f-495f-906a-82f3219de1f1,12/31/2024,hcris_nmrc,CMS HCRIS Hospital 2552-10 Worksheet S-3 Part II line 01100,https://downloads.cms.gov/Files/hcris/,ccn,500002,rn_contract_labor_dpc,blended,contract,50.99,,,1.0,,0.92,High,agency
8fae181f-cbb6-4d1b-a35c-fca035ec7ec9,12/31/2024,hcris_nmrc,CMS HCRIS Hospital 2552-10 Worksheet S-3 Part II line 01100,https://downloads.cms.gov/Files/hcris/,ccn,520037,rn_contract_labor_dpc,blended,contract,88.59,,,1.0,,0.92,High,agency
d3909fa8-32bb-4b7d-92a4-9726c8adeaac,12/31/2024,hcris_nmrc,CMS HCRIS Hospital 2552-10 Worksheet S-3 Part II line 01100,https://downloads.cms.gov/Files/hcris/,ccn,150177,rn_contract_labor_dpc,blended,contract,148.18,,,1.0,,0.92,High,agency
3096d877-49aa-4003-9c8f-fd606e5e5059,12/31/2024,hcris_nmrc,CMS HCRIS Hospital 2552-10 Worksheet S-3 Part II line 01100,https://downloads.cms.gov/Files/hcris/,ccn,150172,rn_contract_labor_dpc,blended,contract,69.68,,,1.0,,0.92,High,agency
de749523-f17d-4229-b656-d5988435d42b,12/31/2024,hcris_nmrc,CMS HCRIS Hospital 2552-10 Worksheet S-3 Part II line 01100,https://downloads.cms.gov/Files/hcris/,ccn,150183,rn_contract_labor_dpc,blended,contract,66.03,,,1.0,,0.92,High,agency
52a24027-1603-4860-b974-08b43bc9b3f5,12/31/2024,hcris_nmrc,CMS HCRIS Hospital 2552-10 Worksheet S-3 Part II line 01100,https://downloads.cms.gov/Files/hcris/,ccn,670267,rn_contract_labor_dpc,blended,contract,47.62,,,1.0,,0.92,High,agency
268b4245-dc6b-4bb6-8b42-4147f0e0faf6,12/31/2024,hcris_nmrc,CMS HCRIS Hospital 2552-10 Worksheet S-3 Part II line 01100,https://downloads.cms.gov/Files/hcris/,ccn,210017,rn_contract_labor_dpc,blended,contract,95.5,,,1.0,,0.92,High,agency
778b47aa-ee45-4217-b409-a63386a3b397,12/31/2024,hcris_nmrc,CMS HCRIS Hospital 2552-10 Worksheet S-3 Part II line 01100,https://downloads.cms.gov/Files/hcris/,ccn,140160,rn_contract_labor_dpc,blended,contract,76.57,,,1.0,,0.92,High,agency
7b98bd1c-6ae6-42c7-9cab-4408f8e6d912,12/31/2024,hcris_nmrc,CMS HCRIS Hospital 2552-10 Worksheet S-3 Part II line 01100,https://downloads.cms.gov/Files/hcris/,ccn,150193,rn_contract_labor_dpc,blended,contract,73.12,,,1.0,,0.92,High,agency
e9b60dd5-e19b-4895-b616-bfac3a523f2b,12/31/2024,hcris_nmrc,CMS HCRIS Hospital 2552-10 Worksheet S-3 Part II line 01100,https://downloads.cms.gov/Files/hcris/,ccn,492008,rn_contract_labor_dpc,blended,contract,77.33,,,1.0,,0.92,High,agency
22017806-5dfc-4df8-acdd-5623858e2031,12/31/2024,hcris_nmrc,CMS HCRIS Hospital 2552-10 Worksheet S-3 Part II line 01100,https://downloads.cms.gov/Files/hcris/,ccn,210016,rn_contract_labor_dpc,blended,contract,84.19,,,1.0,,0.92,High,agency
4f1e20f2-ada4-4082-9caf-4649ac99c3ab,12/31/2024,hcris_nmrc,CMS HCRIS Hospital 2552-10 Worksheet S-3 Part II line 01100,https://downloads.cms.gov/Files/hcris/,ccn,152014,rn_contract_labor_dpc,blended,contract,75.74,,,1.0,,0.92,High,agency
1a4edfc0-7f44-4a1e-a6f4-c0b2f8c4103b,12/31/2024,hcris_nmrc,CMS HCRIS Hospital 2552-10 Worksheet S-3 Part II line 01100,https://downloads.cms.gov/Files/hcris/,ccn,450484,rn_contract_labor_dpc,blended,contract,68.11,,,1.0,,0.92,High,agency
98370563-a9cc-41ef-9ada-b9e839d93d01,12/31/2024,hcris_nmrc,CMS HCRIS Hospital 2552-10 Worksheet S-3 Part II line 01100,https://downloads.cms.gov/Files/hcris/,ccn,520059,rn_contract_labor_dpc,blended,contract,96.0,,,1.0,,0.92,High,agency
8bd9cd19-8c22-446a-8363-43dff5501d2c,12/31/2024,hcris_nmrc,CMS HCRIS Hospital 2552-10 Worksheet S-3 Part II line 01100,https://downloads.cms.gov/Files/hcris/,ccn,160001,rn_contract_labor_dpc,blended,contract,91.01,,,1.0,,0.92,High,agency
5b2df76a-8916-4ebe-a362-646ad0a2a041,12/31/2024,hcris_nmrc,CMS HCRIS Hospital 2552-10 Worksheet S-3 Part II line 01100,https://downloads.cms.gov/Files/hcris/,ccn,153050,rn_contract_labor_dpc,blended,contract,78.21,,,1.0,,0.92,High,agency
246710cf-4be8-4c3d-a82d-79d35ea85069,12/31/2024,hcris_nmrc,CMS HCRIS Hospital 2552-10 Worksheet S-3 Part II line 01100,https://downloads.cms.gov/Files/hcris/,ccn,153044,rn_contract_labor_dpc,blended,contract,67.59,,,1.0,,0.92,High,agency
43ab4d86-c68d-411c-bac0-1dbf5626e83d,12/31/2024,hcris_nmrc,CMS HCRIS Hospital 2552-10 Worksheet S-3 Part II line 01100,https://downloads.cms.gov/Files/hcris/,ccn,450422,rn_contract_labor_dpc,blended,contract,59.97,,,1.0,,0.92,High,agency
734fab75-1782-4869-b1a4-35837d1c6955,12/31/2024,hcris_nmrc,CMS HCRIS Hospital 2552-10 Worksheet S-3 Part II line 01100,https://downloads.cms.gov/Files/hcris/,ccn,670309,rn_contract_labor_dpc,blended,contract,56.74,,,1.0,,0.92,High,agency
c42bfd5f-e100-43b3-a023-64c617791ce9,12/31/2024,hcris_nmrc,CMS HCRIS Hospital 2552-10 Worksheet S-3 Part II line 01100,https://downloads.cms.gov/Files/hcris/,ccn,490140,rn_contract_labor_dpc,blended,contract,90.86,,,1.0,,0.92,High,agency
aeece6b3-ec35-465c-b2b9-8a50d1bf2772,12/31/2024,hcris_nmrc,CMS HCRIS Hospital 2552-10 Worksheet S-3 Part II line 01100,https://downloads.cms.gov/Files/hcris/,ccn,110079,rn_contract_labor_dpc,blended,contract,51.14,,,1.0,,0.92,High,agency
50892977-51e0-445d-83cb-24158a40205b,12/31/2024,hcris_nmrc,CMS HCRIS Hospital 2552-10 Worksheet S-3 Part II line 01100,https://downloads.cms.gov/Files/hcris/,ccn,153043,rn_contract_labor_dpc,blended,contract,70.91,,,1.0,,0.92,High,agency
22921903-1469-4e32-afb7-77c04a6dfc9c,12/31/2024,hcris_nmrc,CMS HCRIS Hospital 2552-10 Worksheet S-3 Part II line 01100,https://downloads.cms.gov/Files/hcris/,ccn,520057,rn_contract_labor_dpc,blended,contract,68.41,,,1.0,,0.92,High,agency
dd5bfaf8-1349-4371-9e3b-bfa6420972bd,12/31/2024,hcris_nmrc,CMS HCRIS Hospital 2552-10 Worksheet S-3 Part II line 01100,https://downloads.cms.gov/Files/hcris/,ccn,030122,rn_contract_labor_dpc,blended,contract,99.65,,,1.0,,0.92,High,agency
efc90851-6c3e-4793-8d77-fa22bf8d4679,12/31/2024,hcris_nmrc,CMS HCRIS Hospital 2552-10 Worksheet S-3 Part II line 01100,https://downloads.cms.gov/Files/hcris/,ccn,490143,rn_contract_labor_dpc,blended,contract,92.63,,,1.0,,0.92,High,agency
852a7d9a-fbdc-4ba2-bae5-96bab740a13b,12/31/2024,hcris_nmrc,CMS HCRIS Hospital 2552-10 Worksheet S-3 Part II line 01100,https://downloads.cms.gov/Files/hcris/,ccn,140172,rn_contract_labor_dpc,blended,contract,95.32,,,1.0,,0.92,High,agency
ef468819-d9af-4b00-8f9c-adcf571a23b2,12/31/2024,hcris_nmrc,CMS HCRIS Hospital 2552-10 Worksheet S-3 Part II line 01100,https://downloads.cms.gov/Files/hcris/,ccn,490130,rn_contract_labor_dpc,blended,contract,87.36,,,1.0,,0.92,High,agency
37a595e6-58b2-4f02-aaf8-7be1ffd02a97,12/31/2024,hcris_nmrc,CMS HCRIS Hospital 2552-10 Worksheet S-3 Part II line 01100,https://downloads.cms.gov/Files/hcris/,ccn,140158,rn_contract_labor_dpc,blended,contract,95.0,,,1.0,,0.92,High,agency
30fb0c06-c567-41ae-a9c3-4c8e3dc2b7a5,12/31/2024,hcris_nmrc,CMS HCRIS Hospital 2552-10 Worksheet S-3 Part II line 01100,https://downloads.cms.gov/Files/hcris/,ccn,670321,rn_contract_labor_dpc,blended,contract,60.05,,,1.0,,0.92,High,agency
42dd0534-b4cb-4ce7-a0d7-e228bd71c2e5,12/31/2024,hcris_nmrc,CMS HCRIS Hospital 2552-10 Worksheet S-3 Part II line 01100,https://downloads.cms.gov/Files/hcris/,ccn,490119,rn_contract_labor_dpc,blended,contract,80.64,,,1.0,,0.92,High,agency
adf6f4c5-1cbd-46f8-acaa-f02721ba1c24,12/31/2024,hcris_nmrc,CMS HCRIS Hospital 2552-10 Worksheet S-3 Part II line 01100,https://downloads.cms.gov/Files/hcris/,ccn,493029,rn_contract_labor_dpc,blended,contract,78.94,,,1.0,,0.92,High,agency
81ecf703-d4b6-44d2-b414-8e3a28495f29,12/31/2024,hcris_nmrc,CMS HCRIS Hospital 2552-10 Worksheet S-3 Part II line 01100,https://downloads.cms.gov/Files/hcris/,ccn,013028,rn_contract_labor_dpc,blended,contract,89.36,,,1.0,,0.92,High,agency
3bb3516c-d9f9-45b2-aced-ce5d5e524c49,12/31/2024,hcris_nmrc,CMS HCRIS Hospital 2552-10 Worksheet S-3 Part II line 01100,https://downloads.cms.gov/Files/hcris/,ccn,450462,rn_contract_labor_dpc,blended,contract,77.64,,,1.0,,0.92,High,agency
ea942e92-066a-4666-ba99-8b50c8542fae,12/31/2024,hcris_nmrc,CMS HCRIS Hospital 2552-10 Worksheet S-3 Part II line 01100,https://downloads.cms.gov/Files/hcris/,ccn,100299,rn_contract_labor_dpc,blended,contract,63.52,,,1.0,,0.92,High,agency
379daf00-c00a-41b6-ba03-5a52be5dc89f,12/31/2024,hcris_nmrc,CMS HCRIS Hospital 2552-10 Worksheet S-3 Part II line 01100,https://downloads.cms.gov/Files/hcris/,ccn,030130,rn_contract_labor_dpc,blended,contract,102.97,,,1.0,,0.92,High,agency
5cae28b3-4e58-4a3c-bff6-489ae30a5752,12/31/2024,hcris_nmrc,CMS HCRIS Hospital 2552-10 Worksheet S-3 Part II line 01100,https://downloads.cms.gov/Files/hcris/,ccn,150173,rn_contract_labor_dpc,blended,contract,93.46,,,1.0,,0.92,High,agency
94d65650-92de-4235-b29f-7acfe50b434b,12/31/2024,hcris_nmrc,CMS HCRIS Hospital 2552-10 Worksheet S-3 Part II line 01100,https://downloads.cms.gov/Files/hcris/,ccn,520038,rn_contract_labor_dpc,blended,contract,106.65,,,1.0,,0.92,High,agency
12153d49-9521-46dd-9aa0-da4fc5295704,12/31/2024,hcris_nmrc,CMS HCRIS Hospital 2552-10 Worksheet S-3 Part II line 01100,https://downloads.cms.gov/Files/hcris/,ccn,150169,rn_contract_labor_dpc,blended,contract,140.43,,,1.0,,0.92,High,agency
8d33fb7f-ff0f-41f0-904b-aaf1f224db08,12/31/2024,hcris_nmrc,CMS HCRIS Hospital 2552-10 Worksheet S-3 Part II line 01100,https://downloads.cms.gov/Files/hcris/,ccn,110089,rn_contract_labor_dpc,blended,contract,102.43,,,1.0,,0.92,High,agency
4696f5e6-692f-43fc-be3b-64e3b26e2eaa,12/31/2024,hcris_nmrc,CMS HCRIS Hospital 2552-10 Worksheet S-3 Part II line 01100,https://downloads.cms.gov/Files/hcris/,ccn,100014,rn_contract_labor_dpc,blended,contract,79.84,,,1.0,,0.92,High,agency
5513c810-9057-48be-b7cf-4bfd8c6c6393,12/31/2024,hcris_nmrc,CMS HCRIS Hospital 2552-10 Worksheet S-3 Part II line 01100,https://downloads.cms.gov/Files/hcris/,ccn,450469,rn_contract_labor_dpc,blended,contract,43.66,,,1.0,,0.92,High,agency
998386e0-93c0-47f3-80ed-a1872e0cbcc0,12/31/2024,hcris_nmrc,CMS HCRIS Hospital 2552-10 Worksheet S-3 Part II line 01100,https://downloads.cms.gov/Files/hcris/,ccn,490122,rn_contract_labor_dpc,blended,contract,82.62,,,1.0,,0.92,High,agency
8abc0317-a926-41ad-b8eb-00d0b05087ae,12/31/2024,hcris_nmrc,CMS HCRIS Hospital 2552-10 Worksheet S-3 Part II line 01100,https://downloads.cms.gov/Files/hcris/,ccn,670266,rn_contract_labor_dpc,blended,contract,119.57,,,1.0,,0.92,High,agency
f2d96e18-c8af-4fbb-8471-4762d573622e,12/31/2024,hcris_nmrc,CMS HCRIS Hospital 2552-10 Worksheet S-3 Part II line 01100,https://downloads.cms.gov/Files/hcris/,ccn,160013,rn_contract_labor_dpc,blended,contract,100.76,,,1.0,,0.92,High,agency
ec544dab-b85d-4b69-8ff2-a8bd67f7dda9,12/31/2024,hcris_nmrc,CMS HCRIS Hospital 2552-10 Worksheet S-3 Part II line 01100,https://downloads.cms.gov/Files/hcris/,ccn,030123,rn_contract_labor_dpc,blended,contract,118.31,,,1.0,,0.92,High,agency
01579595-1de1-46c1-bd97-9b8263d91a88,12/31/2024,hcris_nmrc,CMS HCRIS Hospital 2552-10 Worksheet S-3 Part II line 01100,https://downloads.cms.gov/Files/hcris/,ccn,493028,rn_contract_labor_dpc,blended,contract,55.9,,,1.0,,0.92,High,agency
ce717342-eb2b-4115-8f94-986cb7c9b7ca,12/31/2024,hcris_nmrc,CMS HCRIS Hospital 2552-10 Worksheet S-3 Part II line 01100,https://downloads.cms.gov/Files/hcris/,ccn,450358,rn_contract_labor_dpc,blended,contract,51.77,,,1.0,,0.92,High,agency
bbae85e8-bd8e-469c-a164-e13cf7a81dc6,12/31/2024,hcris_nmrc,CMS HCRIS Hospital 2552-10 Worksheet S-3 Part II line 01100,https://downloads.cms.gov/Files/hcris/,ccn,110050,rn_contract_labor_dpc,blended,contract,87.32,,,1.0,,0.92,High,agency
77175536-f775-4031-af85-bb55480e71c0,12/31/2024,hcris_nmrc,CMS HCRIS Hospital 2552-10 Worksheet S-3 Part II line 01100,https://downloads.cms.gov/Files/hcris/,ccn,140280,rn_contract_labor_dpc,blended,contract,97.93,,,1.0,,0.92,High,agency
01a310f3-a9f3-42ea-a49b-966a9518fd35,12/31/2024,hcris_nmrc,CMS HCRIS Hospital 2552-10 Worksheet S-3 Part II line 01100,https://downloads.cms.gov/Files/hcris/,ccn,500077,rn_contract_labor_dpc,blended,contract,56.05,,,1.0,,0.92,High,agency
fd2e8d64-2ccc-4968-853f-2c793e9689d1,12/31/2024,hcris_nmrc,CMS HCRIS Hospital 2552-10 Worksheet S-3 Part II line 01100,https://downloads.cms.gov/Files/hcris/,ccn,150045,rn_contract_labor_dpc,blended,contract,66.03,,,1.0,,0.92,High,agency
e073913f-d64e-4768-bef4-438a58a58134,12/31/2024,hcris_nmrc,CMS HCRIS Hospital 2552-10 Worksheet S-3 Part II line 01100,https://downloads.cms.gov/Files/hcris/,ccn,510072,rn_contract_labor_dpc,blended,contract,91.86,,,1.0,,0.92,High,agency
7b0c9c60-be70-45cb-b388-46230a1f09b3,12/31/2024,hcris_nmrc,CMS HCRIS Hospital 2552-10 Worksheet S-3 Part II line 01100,https://downloads.cms.gov/Files/hcris/,ccn,450231,rn_contract_labor_dpc,blended,contract,74.36,,,1.0,,0.92,High,agency
19761bdb-844d-4061-86a5-8a07c2c1373b,12/31/2024,hcris_nmrc,CMS HCRIS Hospital 2552-10 Worksheet S-3 Part II line 01100,https://downloads.cms.gov/Files/hcris/,ccn,500079,rn_contract_labor_dpc,blended,contract,94.53,,,1.0,,0.92,High,agency
f1404919-d411-4d75-ac53-190587c91bce,12/31/2024,hcris_nmrc,CMS HCRIS Hospital 2552-10 Worksheet S-3 Part II line 01100,https://downloads.cms.gov/Files/hcris/,ccn,030155,rn_contract_labor_dpc,blended,contract,88.0,,,1.0,,0.92,High,agency
a69e930e-2c87-447f-a7da-c7629926f280,12/31/2024,hcris_nmrc,CMS HCRIS Hospital 2552-10 Worksheet S-3 Part II line 01100,https://downloads.cms.gov/Files/hcris/,ccn,150042,rn_contract_labor_dpc,blended,contract,59.16,,,1.0,,0.92,High,agency
57e72464-41cc-4a2c-b1ea-9a9826e1fbc9,12/31/2024,hcris_nmrc,CMS HCRIS Hospital 2552-10 Worksheet S-3 Part II line 01100,https://downloads.cms.gov/Files/hcris/,ccn,500084,rn_contract_labor_dpc,blended,contract,103.01,,,1.0,,0.92,High,agency
24f31968-13f9-475c-bf46-2f65654a4de7,12/31/2024,hcris_nmrc,CMS HCRIS Hospital 2552-10 Worksheet S-3 Part II line 01100,https://downloads.cms.gov/Files/hcris/,ccn,150037,rn_contract_labor_dpc,blended,contract,83.55,,,1.0,,0.92,High,agency
8bf980f0-a841-4636-9d5b-d367365d0c2e,12/31/2024,hcris_nmrc,CMS HCRIS Hospital 2552-10 Worksheet S-3 Part II line 01100,https://downloads.cms.gov/Files/hcris/,ccn,140288,rn_contract_labor_dpc,blended,contract,97.3,,,1.0,,0.92,High,agency
159ddd3b-8672-4252-8a49-92979544a4e6,12/31/2024,hcris_nmrc,CMS HCRIS Hospital 2552-10 Worksheet S-3 Part II line 01100,https://downloads.cms.gov/Files/hcris/,ccn,010139,rn_contract_labor_dpc,blended,contract,85.81,,,1.0,,0.92,High,agency
001b68fc-63ec-4bd0-bb64-0ce2abb18629,12/31/2024,hcris_nmrc,CMS HCRIS Hospital 2552-10 Worksheet S-3 Part II line 01100,https://downloads.cms.gov/Files/hcris/,ccn,150035,rn_contract_labor_dpc,blended,contract,74.16,,,1.0,,0.92,High,agency
f85aade3-405f-4f9a-820c-634746e28199,12/31/2024,hcris_nmrc,CMS HCRIS Hospital 2552-10 Worksheet S-3 Part II line 01100,https://downloads.cms.gov/Files/hcris/,ccn,510058,rn_contract_labor_dpc,blended,contract,79.64,,,1.0,,0.92,High,agency
a4febe94-13b4-4274-93eb-f8ba81879f4b,12/31/2024,hcris_nmrc,CMS HCRIS Hospital 2552-10 Worksheet S-3 Part II line 01100,https://downloads.cms.gov/Files/hcris/,ccn,140289,rn_contract_labor_dpc,blended,contract,94.96,,,1.0,,0.92,High,agency
d6b9076e-581e-4fb4-b5b0-7f7faf1a9ed1,12/31/2024,hcris_nmrc,CMS HCRIS Hospital 2552-10 Worksheet S-3 Part II line 01100,https://downloads.cms.gov/Files/hcris/,ccn,140291,rn_contract_labor_dpc,blended,contract,79.07,,,1.0,,0.92,High,agency
2e3a1828-34f9-4616-af35-096abda56e08,12/31/2024,hcris_nmrc,CMS HCRIS Hospital 2552-10 Worksheet S-3 Part II line 01100,https://downloads.cms.gov/Files/hcris/,ccn,500119,rn_contract_labor_dpc,blended,contract,93.55,,,1.0,,0.92,High,agency
5515d62c-ec93-4213-947e-6d2e56c8e9cf,12/31/2024,hcris_nmrc,CMS HCRIS Hospital 2552-10 Worksheet S-3 Part II line 01100,https://downloads.cms.gov/Files/hcris/,ccn,150026,rn_contract_labor_dpc,blended,contract,119.94,,,1.0,,0.92,High,agency
0ba022b2-b239-4d71-91d2-f5e1dba57a5d,12/31/2024,hcris_nmrc,CMS HCRIS Hospital 2552-10 Worksheet S-3 Part II line 01100,https://downloads.cms.gov/Files/hcris/,ccn,010144,rn_contract_labor_dpc,blended,contract,50.41,,,1.0,,0.92,High,agency
bf3a07a2-f288-4109-857a-bd72c7034472,12/31/2024,hcris_nmrc,CMS HCRIS Hospital 2552-10 Worksheet S-3 Part II line 01100,https://downloads.cms.gov/Files/hcris/,ccn,500072,rn_contract_labor_dpc,blended,contract,83.18,,,1.0,,0.92,High,agency
39f9c641-a308-4dd5-a49b-7093e164536a,12/31/2024,hcris_nmrc,CMS HCRIS Hospital 2552-10 Worksheet S-3 Part II line 01100,https://downloads.cms.gov/Files/hcris/,ccn,030154,rn_contract_labor_dpc,blended,contract,92.18,,,1.0,,0.92,High,agency
b7af85d7-68b2-43e1-be6f-edc9b7a9ec6b,12/31/2024,hcris_nmrc,CMS HCRIS Hospital 2552-10 Worksheet S-3 Part II line 01100,https://downloads.cms.gov/Files/hcris/,ccn,110023,rn_contract_labor_dpc,blended,contract,71.5,,,1.0,,0.92,High,agency
8710378a-d6ba-463d-9a00-2b31dfc72bd0,12/31/2024,hcris_nmrc,CMS HCRIS Hospital 2552-10 Worksheet S-3 Part II line 01100,https://downloads.cms.gov/Files/hcris/,ccn,150065,rn_contract_labor_dpc,blended,contract,53.64,,,1.0,,0.92,High,agency
00aec966-bb62-4cae-b245-335d6fb01e96,12/31/2024,hcris_nmrc,CMS HCRIS Hospital 2552-10 Worksheet S-3 Part II line 01100,https://downloads.cms.gov/Files/hcris/,ccn,150061,rn_contract_labor_dpc,blended,contract,98.95,,,1.0,,0.92,High,agency
b3bc5a08-f2d2-41d9-9568-d0846d897bd6,12/31/2024,hcris_nmrc,CMS HCRIS Hospital 2552-10 Worksheet S-3 Part II line 01100,https://downloads.cms.gov/Files/hcris/,ccn,150059,rn_contract_labor_dpc,blended,contract,102.47,,,1.0,,0.92,High,agency
36aa03eb-fcb7-48c7-b29b-95cdbfe23bab,12/31/2024,hcris_nmrc,CMS HCRIS Hospital 2552-10 Worksheet S-3 Part II line 01100,https://downloads.cms.gov/Files/hcris/,ccn,500054,rn_contract_labor_dpc,blended,contract,54.12,,,1.0,,0.92,High,agency
244eda64-c178-43cc-8f30-ab61056c34ab,12/31/2024,hcris_nmrc,CMS HCRIS Hospital 2552-10 Worksheet S-3 Part II line 01100,https://downloads.cms.gov/Files/hcris/,ccn,450253,rn_contract_labor_dpc,blended,contract,30.0,,,1.0,,0.92,High,agency
cb1c976f-4c1a-4d0a-a283-65046a3aa595,12/31/2024,hcris_nmrc,CMS HCRIS Hospital 2552-10 Worksheet S-3 Part II line 01100,https://downloads.cms.gov/Files/hcris/,ccn,150058,rn_contract_labor_dpc,blended,contract,96.74,,,1.0,,0.92,High,agency
24afb616-12a6-4445-bc83-d46d9e15fb6b,12/31/2024,hcris_nmrc,CMS HCRIS Hospital 2552-10 Worksheet S-3 Part II line 01100,https://downloads.cms.gov/Files/hcris/,ccn,500058,rn_contract_labor_dpc,blended,contract,90.88,,,1.0,,0.92,High,agency
5c1219d9-6252-487f-9fd3-b9eddc48e32f,12/31/2024,hcris_nmrc,CMS HCRIS Hospital 2552-10 Worksheet S-3 Part II line 01100,https://downloads.cms.gov/Files/hcris/,ccn,510093,rn_contract_labor_dpc,blended,contract,52.33,,,1.0,,0.92,High,agency
6deed9bf-13c8-4fb8-ba55-578484f11899,12/31/2024,hcris_nmrc,CMS HCRIS Hospital 2552-10 Worksheet S-3 Part II line 01100,https://downloads.cms.gov/Files/hcris/,ccn,150057,rn_contract_labor_dpc,blended,contract,88.06,,,1.0,,0.92,High,agency
d7e79e70-0f85-4c9c-8a6e-275f2eb8803c,12/31/2024,hcris_nmrc,CMS HCRIS Hospital 2552-10 Worksheet S-3 Part II line 01100,https://downloads.cms.gov/Files/hcris/,ccn,673073,rn_contract_labor_dpc,blended,contract,43.67,,,1.0,,0.92,High,agency
f6756343-2abd-4c77-835b-95ef96ce645a,12/31/2024,hcris_nmrc,CMS HCRIS Hospital 2552-10 Worksheet S-3 Part II line 01100,https://downloads.cms.gov/Files/hcris/,ccn,150056,rn_contract_labor_dpc,blended,contract,132.94,,,1.0,,0.92,High,agency
0d000458-76d0-472d-8fa3-e21ee4913214,12/31/2024,hcris_nmrc,CMS HCRIS Hospital 2552-10 Worksheet S-3 Part II line 01100,https://downloads.cms.gov/Files/hcris/,ccn,673074,rn_contract_labor_dpc,blended,contract,67.02,,,1.0,,0.92,High,agency
f84e384b-eeb1-431f-8873-5ece2da2d0f3,12/31/2024,hcris_nmrc,CMS HCRIS Hospital 2552-10 Worksheet S-3 Part II line 01100,https://downloads.cms.gov/Files/hcris/,ccn,150051,rn_contract_labor_dpc,blended,contract,129.11,,,1.0,,0.92,High,agency
fdf91ee6-a460-46f0-a4dc-8e41d4e4104c,12/31/2024,hcris_nmrc,CMS HCRIS Hospital 2552-10 Worksheet S-3 Part II line 01100,https://downloads.cms.gov/Files/hcris/,ccn,500060,rn_contract_labor_dpc,blended,contract,109.02,,,1.0,,0.92,High,agency
68a02845-88b3-4ef9-a0c3-cb4b4826700e,12/31/2024,hcris_nmrc,CMS HCRIS Hospital 2552-10 Worksheet S-3 Part II line 01100,https://downloads.cms.gov/Files/hcris/,ccn,150048,rn_contract_labor_dpc,blended,contract,75.88,,,1.0,,0.92,High,agency
800d293f-8a40-4bd0-8495-1f599208077d,12/31/2024,hcris_nmrc,CMS HCRIS Hospital 2552-10 Worksheet S-3 Part II line 01100,https://downloads.cms.gov/Files/hcris/,ccn,673077,rn_contract_labor_dpc,blended,contract,36.46,,,1.0,,0.92,High,agency
ed158179-59f9-44cb-9501-05ac1e2332e7,12/31/2024,hcris_nmrc,CMS HCRIS Hospital 2552-10 Worksheet S-3 Part II line 01100,https://downloads.cms.gov/Files/hcris/,ccn,150069,rn_contract_labor_dpc,blended,contract,149.8,,,1.0,,0.92,High,agency
7d1add32-63a8-4969-a73d-95923ba02f88,12/31/2024,hcris_nmrc,CMS HCRIS Hospital 2552-10 Worksheet S-3 Part II line 01100,https://downloads.cms.gov/Files/hcris/,ccn,450222,rn_contract_labor_dpc,blended,contract,40.62,,,1.0,,0.92,High,agency
dd7f41e9-c3fe-4a65-a343-89358f4aa646,12/31/2024,hcris_nmrc,CMS HCRIS Hospital 2552-10 Worksheet S-3 Part II line 01100,https://downloads.cms.gov/Files/hcris/,ccn,100258,rn_contract_labor_dpc,blended,contract,58.78,,,1.0,,0.92,High,agency
2b64439b-7f71-4a2c-9a86-9aa135e260b2,12/31/2024,hcris_nmrc,CMS HCRIS Hospital 2552-10 Worksheet S-3 Part II line 01100,https://downloads.cms.gov/Files/hcris/,ccn,503027,rn_contract_labor_dpc,blended,contract,101.15,,,1.0,,0.92,High,agency
6b7db4ab-2dca-4ad4-abf6-ab7d4c574646,12/31/2024,hcris_nmrc,CMS HCRIS Hospital 2552-10 Worksheet S-3 Part II line 01100,https://downloads.cms.gov/Files/hcris/,ccn,150006,rn_contract_labor_dpc,blended,contract,91.11,,,1.0,,0.92,High,agency
511f5cff-cb62-4147-9d73-63a090785cce,12/31/2024,hcris_nmrc,CMS HCRIS Hospital 2552-10 Worksheet S-3 Part II line 01100,https://downloads.cms.gov/Files/hcris/,ccn,510001,rn_contract_labor_dpc,blended,contract,99.14,,,1.0,,0.92,High,agency
85ce87ba-cac1-4f97-b6e8-821512b8d701,12/31/2024,hcris_nmrc,CMS HCRIS Hospital 2552-10 Worksheet S-3 Part II line 01100,https://downloads.cms.gov/Files/hcris/,ccn,150005,rn_contract_labor_dpc,blended,contract,87.28,,,1.0,,0.92,High,agency
cc6c4a8d-6440-491c-ba93-79472230d200,12/31/2024,hcris_nmrc,CMS HCRIS Hospital 2552-10 Worksheet S-3 Part II line 01100,https://downloads.cms.gov/Files/hcris/,ccn,510002,rn_contract_labor_dpc,blended,contract,78.15,,,1.0,,0.92,High,agency
c93db3d4-dfc6-48c9-a741-d4134cb25e60,12/31/2024,hcris_nmrc,CMS HCRIS Hospital 2552-10 Worksheet S-3 Part II line 01100,https://downloads.cms.gov/Files/hcris/,ccn,010125,rn_contract_labor_dpc,blended,contract,207.71,,,1.0,,0.92,High,agency
c2ed9237-01bf-4750-9c08-ed290b7e5915,12/31/2024,hcris_nmrc,CMS HCRIS Hospital 2552-10 Worksheet S-3 Part II line 01100,https://downloads.cms.gov/Files/hcris/,ccn,090001,rn_contract_labor_dpc,blended,contract,52.53,,,1.0,,0.92,High,agency
7f86514c-31ca-448a-851a-a2decde4d37d,12/31/2024,hcris_nmrc,CMS HCRIS Hospital 2552-10 Worksheet S-3 Part II line 01100,https://downloads.cms.gov/Files/hcris/,ccn,100265,rn_contract_labor_dpc,blended,contract,87.48,,,1.0,,0.92,High,agency
e256a57a-84f2-47cd-bfe2-cddb29d8ea15,12/31/2024,hcris_nmrc,CMS HCRIS Hospital 2552-10 Worksheet S-3 Part II line 01100,https://downloads.cms.gov/Files/hcris/,ccn,150002,rn_contract_labor_dpc,blended,contract,97.06,,,1.0,,0.92,High,agency
e7f405a7-c71e-4e2d-bdc4-e17819a8a213,12/31/2024,hcris_nmrc,CMS HCRIS Hospital 2552-10 Worksheet S-3 Part II line 01100,https://downloads.cms.gov/Files/hcris/,ccn,150001,rn_contract_labor_dpc,blended,contract,107.43,,,1.0,,0.92,High,agency
e978bbd6-5d7d-449e-9cc8-5064d313a7e9,12/31/2024,hcris_nmrc,CMS HCRIS Hospital 2552-10 Worksheet S-3 Part II line 01100,https://downloads.cms.gov/Files/hcris/,ccn,510006,rn_contract_labor_dpc,blended,contract,97.93,,,1.0,,0.92,High,agency
5f256c49-d115-4412-a1f1-661b4495dcfd,12/31/2024,hcris_nmrc,CMS HCRIS Hospital 2552-10 Worksheet S-3 Part II line 01100,https://downloads.cms.gov/Files/hcris/,ccn,450209,rn_contract_labor_dpc,blended,contract,48.46,,,1.0,,0.92,High,agency
40556ad6-d410-4ad8-b97b-ffe4dcc5c10f,12/31/2024,hcris_nmrc,CMS HCRIS Hospital 2552-10 Worksheet S-3 Part II line 01100,https://downloads.cms.gov/Files/hcris/,ccn,510024,rn_contract_labor_dpc,blended,contract,58.5,,,1.0,,0.92,High,agency
10b51694-f70d-4d1d-a906-a2b6c41c6177,12/31/2024,hcris_nmrc,CMS HCRIS Hospital 2552-10 Worksheet S-3 Part II line 01100,https://downloads.cms.gov/Files/hcris/,ccn,510008,rn_contract_labor_dpc,blended,contract,117.79,,,1.0,,0.92,High,agency
b3dc8195-4955-4364-8dea-e6ca16d990d3,12/31/2024,hcris_nmrc,CMS HCRIS Hospital 2552-10 Worksheet S-3 Part II line 01100,https://downloads.cms.gov/Files/hcris/,ccn,100268,rn_contract_labor_dpc,blended,contract,78.15,,,1.0,,0.92,High,agency
e5aee00f-e4d8-452f-a7fd-78569397638c,12/31/2024,hcris_nmrc,CMS HCRIS Hospital 2552-10 Worksheet S-3 Part II line 01100,https://downloads.cms.gov/Files/hcris/,ccn,110002,rn_contract_labor_dpc,blended,contract,58.68,,,1.0,,0.92,High,agency
e7f651ae-5666-4816-8f51-56285107b6cc,12/31/2024,hcris_nmrc,CMS HCRIS Hospital 2552-10 Worksheet S-3 Part II line 01100,https://downloads.cms.gov/Files/hcris/,ccn,510022,rn_contract_labor_dpc,blended,contract,66.87,,,1.0,,0.92,High,agency
8b842c09-4225-4015-bea5-fac4e4949368,12/31/2024,hcris_nmrc,CMS HCRIS Hospital 2552-10 Worksheet S-3 Part II line 01100,https://downloads.cms.gov/Files/hcris/,ccn,150007,rn_contract_labor_dpc,blended,contract,106.53,,,1.0,,0.92,High,agency
5ad3bc5c-e7f4-4500-900b-cde000aac2cc,12/31/2024,hcris_nmrc,CMS HCRIS Hospital 2552-10 Worksheet S-3 Part II line 01100,https://downloads.cms.gov/Files/hcris/,ccn,500124,rn_contract_labor_dpc,blended,contract,103.28,,,1.0,,0.92,High,agency
798b4585-fa2e-46b0-a731-301350773c55,12/31/2024,hcris_nmrc,CMS HCRIS Hospital 2552-10 Worksheet S-3 Part II line 01100,https://downloads.cms.gov/Files/hcris/,ccn,143029,rn_contract_labor_dpc,blended,contract,75.85,,,1.0,,0.92,High,agency
25bbc30a-7367-44ca-8461-aa025d2af045,12/31/2024,hcris_nmrc,CMS HCRIS Hospital 2552-10 Worksheet S-3 Part II line 01100,https://downloads.cms.gov/Files/hcris/,ccn,503026,rn_contract_labor_dpc,blended,contract,71.32,,,1.0,,0.92,High,agency
9c29ca04-264d-4cc8-bb8b-24be9a8ad6bc,12/31/2024,hcris_nmrc,CMS HCRIS Hospital 2552-10 Worksheet S-3 Part II line 01100,https://downloads.cms.gov/Files/hcris/,ccn,150024,rn_contract_labor_dpc,blended,contract,42.54,,,1.0,,0.92,High,agency
fad6c04a-944d-408b-b5a5-166d9aadf7ab,12/31/2024,hcris_nmrc,CMS HCRIS Hospital 2552-10 Worksheet S-3 Part II line 01100,https://downloads.cms.gov/Files/hcris/,ccn,500129,rn_contract_labor_dpc,blended,contract,86.7,,,1.0,,0.92,High,agency
336cda8c-fd72-4133-b9ce-a54dfdc8ec59,12/31/2024,hcris_nmrc,CMS HCRIS Hospital 2552-10 Worksheet S-3 Part II line 01100,https://downloads.cms.gov/Files/hcris/,ccn,140292,rn_contract_labor_dpc,blended,contract,95.51,,,1.0,,0.92,High,agency
f6a91bf7-cb45-46b7-a7fc-1a252d471cda,12/31/2024,hcris_nmrc,CMS HCRIS Hospital 2552-10 Worksheet S-3 Part II line 01100,https://downloads.cms.gov/Files/hcris/,ccn,150023,rn_contract_labor_dpc,blended,contract,88.08,,,1.0,,0.92,High,agency
b62fc517-b734-4cf0-9337-0132ca038622,12/31/2024,hcris_nmrc,CMS HCRIS Hospital 2552-10 Worksheet S-3 Part II line 01100,https://downloads.cms.gov/Files/hcris/,ccn,150022,rn_contract_labor_dpc,blended,contract,66.4,,,1.0,,0.92,High,agency
e0a81ded-a5be-4f47-b80c-75b5a0bff3c5,12/31/2024,hcris_nmrc,CMS HCRIS Hospital 2552-10 Worksheet S-3 Part II line 01100,https://downloads.cms.gov/Files/hcris/,ccn,500139,rn_contract_labor_dpc,blended,contract,92.55,,,1.0,,0.92,High,agency
1ca95e9c-fd2c-4b5a-a9f3-42e88f88934a,12/31/2024,hcris_nmrc,CMS HCRIS Hospital 2552-10 Worksheet S-3 Part II line 01100,https://downloads.cms.gov/Files/hcris/,ccn,150021,rn_contract_labor_dpc,blended,contract,96.85,,,1.0,,0.92,High,agency
e21b0c11-06f4-4a21-a9e8-e11738b07bed,12/31/2024,hcris_nmrc,CMS HCRIS Hospital 2552-10 Worksheet S-3 Part II line 01100,https://downloads.cms.gov/Files/hcris/,ccn,673083,rn_contract_labor_dpc,blended,contract,75.48,,,1.0,,0.92,High,agency
4d2a578a-ea93-4bbd-9534-c0e6cca1937a,12/31/2024,hcris_nmrc,CMS HCRIS Hospital 2552-10 Worksheet S-3 Part II line 01100,https://downloads.cms.gov/Files/hcris/,ccn,150018,rn_contract_labor_dpc,blended,contract,87.69,,,1.0,,0.92,High,agency
15d177e7-92dc-412d-85fd-1a350f090c4a,12/31/2024,hcris_nmrc,CMS HCRIS Hospital 2552-10 Worksheet S-3 Part II line 01100,https://downloads.cms.gov/Files/hcris/,ccn,140304,rn_contract_labor_dpc,blended,contract,238.59,,,1.0,,0.92,High,agency
f313b19d-cb27-479f-837d-a152229a2726,12/31/2024,hcris_nmrc,CMS HCRIS Hospital 2552-10 Worksheet S-3 Part II line 01100,https://downloads.cms.gov/Files/hcris/,ccn,150015,rn_contract_labor_dpc,blended,contract,109.81,,,1.0,,0.92,High,agency
06be1b1d-0548-4dc9-ae09-c6d68abb1642,12/31/2024,hcris_nmrc,CMS HCRIS Hospital 2552-10 Worksheet S-3 Part II line 01100,https://downloads.cms.gov/Files/hcris/,ccn,450213,rn_contract_labor_dpc,blended,contract,76.01,,,1.0,,0.92,High,agency
d36aa33d-4d5b-451f-ba15-86fb31bc2eaa,12/31/2024,hcris_nmrc,CMS HCRIS Hospital 2552-10 Worksheet S-3 Part II line 01100,https://downloads.cms.gov/Files/hcris/,ccn,510038,rn_contract_labor_dpc,blended,contract,57.22,,,1.0,,0.92,High,agency
0af2e5a6-b080-4d6d-bd8b-c4a26f064129,12/31/2024,hcris_nmrc,CMS HCRIS Hospital 2552-10 Worksheet S-3 Part II line 01100,https://downloads.cms.gov/Files/hcris/,ccn,500152,rn_contract_labor_dpc,blended,contract,62.54,,,1.0,,0.92,High,agency
6c1cefc4-012e-4a10-9cea-1ff37cc67c6e,12/31/2024,hcris_nmrc,CMS HCRIS Hospital 2552-10 Worksheet S-3 Part II line 01100,https://downloads.cms.gov/Files/hcris/,ccn,100275,rn_contract_labor_dpc,blended,contract,76.13,,,1.0,,0.92,High,agency
85125b3c-1546-439c-9c70-751dbfc9d024,12/31/2024,hcris_nmrc,CMS HCRIS Hospital 2552-10 Worksheet S-3 Part II line 01100,https://downloads.cms.gov/Files/hcris/,ccn,500154,rn_contract_labor_dpc,blended,contract,86.83,,,1.0,,0.92,High,agency
b5cf78e1-3e9f-4b6f-b753-33f04c3bdd15,12/31/2024,hcris_nmrc,CMS HCRIS Hospital 2552-10 Worksheet S-3 Part II line 01100,https://downloads.cms.gov/Files/hcris/,ccn,500053,rn_contract_labor_dpc,blended,contract,80.67,,,1.0,,0.92,High,agency
e3e0e2a0-58d8-4364-ab11-6a3227701614,12/31/2024,hcris_nmrc,CMS HCRIS Hospital 2552-10 Worksheet S-3 Part II line 01100,https://downloads.cms.gov/Files/hcris/,ccn,030152,rn_contract_labor_dpc,blended,contract,96.93,,,1.0,,0.92,High,agency
76135aff-188c-4cfb-a8b5-9c8aa24a3cda,12/31/2024,hcris_nmrc,CMS HCRIS Hospital 2552-10 Worksheet S-3 Part II line 01100,https://downloads.cms.gov/Files/hcris/,ccn,150072,rn_contract_labor_dpc,blended,contract,114.15,,,1.0,,0.92,High,agency
d4201b7f-394d-4bd0-96bb-ed5b2fead4ae,12/31/2024,hcris_nmrc,CMS HCRIS Hospital 2552-10 Worksheet S-3 Part II line 01100,https://downloads.cms.gov/Files/hcris/,ccn,500016,rn_contract_labor_dpc,blended,contract,108.62,,,1.0,,0.92,High,agency
55f39648-8065-4326-bfad-475a97649e0f,12/31/2024,hcris_nmrc,CMS HCRIS Hospital 2552-10 Worksheet S-3 Part II line 01100,https://downloads.cms.gov/Files/hcris/,ccn,100289,rn_contract_labor_dpc,blended,contract,68.25,,,1.0,,0.92,High,agency
21c34d19-4c3d-4725-866a-2577ee1d5b2a,12/31/2024,hcris_nmrc,CMS HCRIS Hospital 2552-10 Worksheet S-3 Part II line 01100,https://downloads.cms.gov/Files/hcris/,ccn,673039,rn_contract_labor_dpc,blended,contract,68.82,,,1.0,,0.92,High,agency
8a621f3f-3257-4b81-a242-af0bb5371e5c,12/31/2024,hcris_nmrc,CMS HCRIS Hospital 2552-10 Worksheet S-3 Part II line 01100,https://downloads.cms.gov/Files/hcris/,ccn,150128,rn_contract_labor_dpc,blended,contract,142.93,,,1.0,,0.92,High,agency
28904d18-f02a-4ca1-98df-e94d7b8a1b8c,12/31/2024,hcris_nmrc,CMS HCRIS Hospital 2552-10 Worksheet S-3 Part II line 01100,https://downloads.cms.gov/Files/hcris/,ccn,150126,rn_contract_labor_dpc,blended,contract,96.09,,,1.0,,0.92,High,agency
4596d0ed-9b0c-4914-bee2-201d7ea20c53,12/31/2024,hcris_nmrc,CMS HCRIS Hospital 2552-10 Worksheet S-3 Part II line 01100,https://downloads.cms.gov/Files/hcris/,ccn,500019,rn_contract_labor_dpc,blended,contract,62.56,,,1.0,,0.92,High,agency
0b3674a6-bed0-4305-8b2b-2233b352465b,12/31/2024,hcris_nmrc,CMS HCRIS Hospital 2552-10 Worksheet S-3 Part II line 01100,https://downloads.cms.gov/Files/hcris/,ccn,140202,rn_contract_labor_dpc,blended,contract,85.74,,,1.0,,0.92,High,agency
9fcabd2b-e53e-4123-8aef-0eaf8d0e3439,12/31/2024,hcris_nmrc,CMS HCRIS Hospital 2552-10 Worksheet S-3 Part II line 01100,https://downloads.cms.gov/Files/hcris/,ccn,500024,rn_contract_labor_dpc,blended,contract,48.7,,,1.0,,0.92,High,agency
99340cf5-0248-4af1-80dc-39fae03c2af6,12/31/2024,hcris_nmrc,CMS HCRIS Hospital 2552-10 Worksheet S-3 Part II line 01100,https://downloads.cms.gov/Files/hcris/,ccn,140208,rn_contract_labor_dpc,blended,contract,60.71,,,1.0,,0.92,High,agency
f2f5d033-14ee-429f-921d-f5fc674c9385,12/31/2024,hcris_nmrc,CMS HCRIS Hospital 2552-10 Worksheet S-3 Part II line 01100,https://downloads.cms.gov/Files/hcris/,ccn,520011,rn_contract_labor_dpc,blended,contract,97.16,,,1.0,,0.92,High,agency
11edb294-7070-4c66-a995-ff6c24c82a43,12/31/2024,hcris_nmrc,CMS HCRIS Hospital 2552-10 Worksheet S-3 Part II line 01100,https://downloads.cms.gov/Files/hcris/,ccn,150113,rn_contract_labor_dpc,blended,contract,105.78,,,1.0,,0.92,High,agency
ecadd331-896c-4e47-a1aa-f9b939d07445,12/31/2024,hcris_nmrc,CMS HCRIS Hospital 2552-10 Worksheet S-3 Part II line 01100,https://downloads.cms.gov/Files/hcris/,ccn,500025,rn_contract_labor_dpc,blended,contract,61.94,,,1.0,,0.92,High,agency
5f2be82c-4256-4761-8a6b-7f57e2a24121,12/31/2024,hcris_nmrc,CMS HCRIS Hospital 2552-10 Worksheet S-3 Part II line 01100,https://downloads.cms.gov/Files/hcris/,ccn,110036,rn_contract_labor_dpc,blended,contract,106.83,,,1.0,,0.92,High,agency
5d57c838-492d-4e99-ab0f-6b36991f56ea,12/31/2024,hcris_nmrc,CMS HCRIS Hospital 2552-10 Worksheet S-3 Part II line 01100,https://downloads.cms.gov/Files/hcris/,ccn,150112,rn_contract_labor_dpc,blended,contract,72.97,,,1.0,,0.92,High,agency
591f0b7f-21d5-469f-aed6-65c80eefd425,12/31/2024,hcris_nmrc,CMS HCRIS Hospital 2552-10 Worksheet S-3 Part II line 01100,https://downloads.cms.gov/Files/hcris/,ccn,140209,rn_contract_labor_dpc,blended,contract,94.43,,,1.0,,0.92,High,agency
54f5c715-b644-435d-a299-97bc984d3ef3,12/31/2024,hcris_nmrc,CMS HCRIS Hospital 2552-10 Worksheet S-3 Part II line 01100,https://downloads.cms.gov/Files/hcris/,ccn,450379,rn_contract_labor_dpc,blended,contract,63.48,,,1.0,,0.92,High,agency
861889b1-b3e1-4e8a-b48b-700f8639e53d,12/31/2024,hcris_nmrc,CMS HCRIS Hospital 2552-10 Worksheet S-3 Part II line 01100,https://downloads.cms.gov/Files/hcris/,ccn,500026,rn_contract_labor_dpc,blended,contract,65.34,,,1.0,,0.92,High,agency
8349420f-1f0e-4835-8fb1-21151603c8e7,12/31/2024,hcris_nmrc,CMS HCRIS Hospital 2552-10 Worksheet S-3 Part II line 01100,https://downloads.cms.gov/Files/hcris/,ccn,150109,rn_contract_labor_dpc,blended,contract,92.62,,,1.0,,0.92,High,agency
e6aa3600-08b8-40ed-8123-9b76bcf15bcb,12/31/2024,hcris_nmrc,CMS HCRIS Hospital 2552-10 Worksheet S-3 Part II line 01100,https://downloads.cms.gov/Files/hcris/,ccn,150146,rn_contract_labor_dpc,blended,contract,109.59,,,1.0,,0.92,High,agency
f4bd6331-fcd0-463d-b4ee-dc8320890965,12/31/2024,hcris_nmrc,CMS HCRIS Hospital 2552-10 Worksheet S-3 Part II line 01100,https://downloads.cms.gov/Files/hcris/,ccn,030136,rn_contract_labor_dpc,blended,contract,93.09,,,1.0,,0.92,High,agency
875228b5-a6b0-4d90-8b77-a71ad23cd4db,12/31/2024,hcris_nmrc,CMS HCRIS Hospital 2552-10 Worksheet S-3 Part II line 01100,https://downloads.cms.gov/Files/hcris/,ccn,150162,rn_contract_labor_dpc,blended,contract,84.82,,,1.0,,0.92,High,agency
e5a36abc-06d1-42e2-9b78-24955da4d86c,12/31/2024,hcris_nmrc,CMS HCRIS Hospital 2552-10 Worksheet S-3 Part II line 01100,https://downloads.cms.gov/Files/hcris/,ccn,520035,rn_contract_labor_dpc,blended,contract,94.91,,,1.0,,0.92,High,agency
87fba8ab-767d-475d-8fff-5dd2d85fbae4,12/31/2024,hcris_nmrc,CMS HCRIS Hospital 2552-10 Worksheet S-3 Part II line 01100,https://downloads.cms.gov/Files/hcris/,ccn,500003,rn_contract_labor_dpc,blended,contract,136.89,,,1.0,,0.92,High,agency
17d68eb7-7e87-407e-b1dd-01b02afa7ced,12/31/2024,hcris_nmrc,CMS HCRIS Hospital 2552-10 Worksheet S-3 Part II line 01100,https://downloads.cms.gov/Files/hcris/,ccn,150161,rn_contract_labor_dpc,blended,contract,131.03,,,1.0,,0.92,High,agency
b4b4dbcd-abe6-4386-bc99-b02ff8e3f6e1,12/31/2024,hcris_nmrc,CMS HCRIS Hospital 2552-10 Worksheet S-3 Part II line 01100,https://downloads.cms.gov/Files/hcris/,ccn,673032,rn_contract_labor_dpc,blended,contract,41.14,,,1.0,,0.92,High,agency
9f64c3d3-da32-4ac4-aa5e-5bc87eb99a9e,12/31/2024,hcris_nmrc,CMS HCRIS Hospital 2552-10 Worksheet S-3 Part II line 01100,https://downloads.cms.gov/Files/hcris/,ccn,010012,rn_contract_labor_dpc,blended,contract,56.0,,,1.0,,0.92,High,agency
b7f1cc2c-6d13-4b11-9dfb-8e463bb10432,12/31/2024,hcris_nmrc,CMS HCRIS Hospital 2552-10 Worksheet S-3 Part II line 01100,https://downloads.cms.gov/Files/hcris/,ccn,100007,rn_contract_labor_dpc,blended,contract,93.51,,,1.0,,0.92,High,agency
e5ddcf4d-8a71-4e92-b83c-cebbf270459e,12/31/2024,hcris_nmrc,CMS HCRIS Hospital 2552-10 Worksheet S-3 Part II line 01100,https://downloads.cms.gov/Files/hcris/,ccn,103052,rn_contract_labor_dpc,blended,contract,41.84,,,1.0,,0.92,High,agency
79dac41d-14f3-4ca7-90c0-c9cbe9e648a5,12/31/2024,hcris_nmrc,CMS HCRIS Hospital 2552-10 Worksheet S-3 Part II line 01100,https://downloads.cms.gov/Files/hcris/,ccn,140185,rn_contract_labor_dpc,blended,contract,66.16,,,1.0,,0.92,High,agency
0e505046-e299-4548-a8d0-dd3d800ea3f0,12/31/2024,hcris_nmrc,CMS HCRIS Hospital 2552-10 Worksheet S-3 Part II line 01100,https://downloads.cms.gov/Files/hcris/,ccn,520034,rn_contract_labor_dpc,blended,contract,97.87,,,1.0,,0.92,High,agency
841a4505-5934-47c8-b4d0-7f5d8f52372d,12/31/2024,hcris_nmrc,CMS HCRIS Hospital 2552-10 Worksheet S-3 Part II line 01100,https://downloads.cms.gov/Files/hcris/,ccn,150160,rn_contract_labor_dpc,blended,contract,58.36,,,1.0,,0.92,High,agency
d665c839-c1fd-4e47-9e22-66ab7f04e52d,12/31/2024,hcris_nmrc,CMS HCRIS Hospital 2552-10 Worksheet S-3 Part II line 01100,https://downloads.cms.gov/Files/hcris/,ccn,150158,rn_contract_labor_dpc,blended,contract,127.8,,,1.0,,0.92,High,agency
f4c14f3a-faa7-4e30-ad77-6539a54406ce,12/31/2024,hcris_nmrc,CMS HCRIS Hospital 2552-10 Worksheet S-3 Part II line 01100,https://downloads.cms.gov/Files/hcris/,ccn,500007,rn_contract_labor_dpc,blended,contract,173.86,,,1.0,,0.92,High,agency
1b0fc9fa-ab03-4e86-a57d-fc3e03834a06,12/31/2024,hcris_nmrc,CMS HCRIS Hospital 2552-10 Worksheet S-3 Part II line 01100,https://downloads.cms.gov/Files/hcris/,ccn,140186,rn_contract_labor_dpc,blended,contract,81.83,,,1.0,,0.92,High,agency
458bdf28-64ac-42f7-9831-7e9d7f72970e,12/31/2024,hcris_nmrc,CMS HCRIS Hospital 2552-10 Worksheet S-3 Part II line 01100,https://downloads.cms.gov/Files/hcris/,ccn,673035,rn_contract_labor_dpc,blended,contract,37.19,,,1.0,,0.92,High,agency
cc2a23f8-8f44-4600-8668-f83bdade7c09,12/31/2024,hcris_nmrc,CMS HCRIS Hospital 2552-10 Worksheet S-3 Part II line 01100,https://downloads.cms.gov/Files/hcris/,ccn,520028,rn_contract_labor_dpc,blended,contract,88.74,,,1.0,,0.92,High,agency
0f6af31c-b1a2-4158-a1e2-016629d44e40,12/31/2024,hcris_nmrc,CMS HCRIS Hospital 2552-10 Worksheet S-3 Part II line 01100,https://downloads.cms.gov/Files/hcris/,ccn,010103,rn_contract_labor_dpc,blended,contract,84.02,,,1.0,,0.92,High,agency
626502fe-6634-40c1-bd4a-a9a8adcc2a22,12/31/2024,hcris_nmrc,CMS HCRIS Hospital 2552-10 Worksheet S-3 Part II line 01100,https://downloads.cms.gov/Files/hcris/,ccn,500014,rn_contract_labor_dpc,blended,contract,55.59,,,1.0,,0.92,High,agency
e289b3b6-9add-4385-8aae-1ec571ef0f8a,12/31/2024,hcris_nmrc,CMS HCRIS Hospital 2552-10 Worksheet S-3 Part II line 01100,https://downloads.cms.gov/Files/hcris/,ccn,150149,rn_contract_labor_dpc,blended,contract,113.55,,,1.0,,0.92,High,agency
1804372f-ae81-4bd3-9c2c-c1e40f66f236,12/31/2024,hcris_nmrc,CMS HCRIS Hospital 2552-10 Worksheet S-3 Part II line 01100,https://downloads.cms.gov/Files/hcris/,ccn,500015,rn_contract_labor_dpc,blended,contract,96.13,,,1.0,,0.92,High,agency
00e5db8f-6c1e-4583-8ee8-b3568e9eaa05,12/31/2024,hcris_nmrc,CMS HCRIS Hospital 2552-10 Worksheet S-3 Part II line 01100,https://downloads.cms.gov/Files/hcris/,ccn,030139,rn_contract_labor_dpc,blended,contract,92.84,,,1.0,,0.92,High,agency
28c7053b-1b5f-4f8a-bbd1-ac470b285e1b,12/31/2024,hcris_nmrc,CMS HCRIS Hospital 2552-10 Worksheet S-3 Part II line 01100,https://downloads.cms.gov/Files/hcris/,ccn,150104,rn_contract_labor_dpc,blended,contract,99.3,,,1.0,,0.92,High,agency
e0f59b8d-70e4-4818-8215-91e4e0cc53ef,12/31/2024,hcris_nmrc,CMS HCRIS Hospital 2552-10 Worksheet S-3 Part II line 01100,https://downloads.cms.gov/Files/hcris/,ccn,673054,rn_contract_labor_dpc,blended,contract,60.4,,,1.0,,0.92,High,agency
dfe114d7-8b53-4867-94f0-41b208cca6c4,12/31/2024,hcris_nmrc,CMS HCRIS Hospital 2552-10 Worksheet S-3 Part II line 01100,https://downloads.cms.gov/Files/hcris/,ccn,450330,rn_contract_labor_dpc,blended,contract,61.49,,,1.0,,0.92,High,agency
a801a14a-b1b2-42ce-90de-2543bc80caa3,12/31/2024,hcris_nmrc,CMS HCRIS Hospital 2552-10 Worksheet S-3 Part II line 01100,https://downloads.cms.gov/Files/hcris/,ccn,030147,rn_contract_labor_dpc,blended,contract,100.54,,,1.0,,0.92,High,agency
a9d40fad-f69c-4714-b8b3-2af89d584ead,12/31/2024,hcris_nmrc,CMS HCRIS Hospital 2552-10 Worksheet S-3 Part II line 01100,https://downloads.cms.gov/Files/hcris/,ccn,500044,rn_contract_labor_dpc,blended,contract,96.03,,,1.0,,0.92,High,agency
88402cab-b1f0-4e2d-b810-1b5e8fb78c28,12/31/2024,hcris_nmrc,CMS HCRIS Hospital 2552-10 Worksheet S-3 Part II line 01100,https://downloads.cms.gov/Files/hcris/,ccn,450324,rn_contract_labor_dpc,blended,contract,100.88,,,1.0,,0.92,High,agency
b3064359-7f86-47d4-b909-9b9c8ff39ae8,12/31/2024,hcris_nmrc,CMS HCRIS Hospital 2552-10 Worksheet S-3 Part II line 01100,https://downloads.cms.gov/Files/hcris/,ccn,450292,rn_contract_labor_dpc,blended,contract,62.66,,,1.0,,0.92,High,agency
8bfc7590-ec9f-47f3-b391-1a99b6c9ed98,12/31/2024,hcris_nmrc,CMS HCRIS Hospital 2552-10 Worksheet S-3 Part II line 01100,https://downloads.cms.gov/Files/hcris/,ccn,103066,rn_contract_labor_dpc,blended,contract,61.45,,,1.0,,0.92,High,agency
5b593e40-c3cf-4550-99fc-ee334e9b9386,12/31/2024,hcris_nmrc,CMS HCRIS Hospital 2552-10 Worksheet S-3 Part II line 01100,https://downloads.cms.gov/Files/hcris/,ccn,213028,rn_contract_labor_dpc,blended,contract,77.64,,,1.0,,0.92,High,agency
42e2de56-24f9-4b0e-90ad-5553399fc702,12/31/2024,hcris_nmrc,CMS HCRIS Hospital 2552-10 Worksheet S-3 Part II line 01100,https://downloads.cms.gov/Files/hcris/,ccn,673060,rn_contract_labor_dpc,blended,contract,40.28,,,1.0,,0.92,High,agency
825960b5-55b1-48f2-b60c-4db2d9951527,12/31/2024,hcris_nmrc,CMS HCRIS Hospital 2552-10 Worksheet S-3 Part II line 01100,https://downloads.cms.gov/Files/hcris/,ccn,140251,rn_contract_labor_dpc,blended,contract,74.54,,,1.0,,0.92,High,agency
ad51a2f9-29f3-41b3-97c3-e01a860fbc03,12/31/2024,hcris_nmrc,CMS HCRIS Hospital 2552-10 Worksheet S-3 Part II line 01100,https://downloads.cms.gov/Files/hcris/,ccn,150074,rn_contract_labor_dpc,blended,contract,156.77,,,1.0,,0.92,High,agency
dde9bae9-333a-41b9-8384-a4629fb7cc11,12/31/2024,hcris_nmrc,CMS HCRIS Hospital 2552-10 Worksheet S-3 Part II line 01100,https://downloads.cms.gov/Files/hcris/,ccn,100284,rn_contract_labor_dpc,blended,contract,47.08,,,1.0,,0.92,High,agency
4e31a7c9-e471-4508-8257-3c9ec852fd71,12/31/2024,hcris_nmrc,CMS HCRIS Hospital 2552-10 Worksheet S-3 Part II line 01100,https://downloads.cms.gov/Files/hcris/,ccn,513030,rn_contract_labor_dpc,blended,contract,73.16,,,1.0,,0.92,High,agency
8e20db1b-30fe-47f8-ba5a-dd92d6f70146,12/31/2024,hcris_nmrc,CMS HCRIS Hospital 2552-10 Worksheet S-3 Part II line 01100,https://downloads.cms.gov/Files/hcris/,ccn,150086,rn_contract_labor_dpc,blended,contract,88.1,,,1.0,,0.92,High,agency
1a3752d6-2708-4685-a07d-87e04c983c02,12/31/2024,hcris_nmrc,CMS HCRIS Hospital 2552-10 Worksheet S-3 Part II line 01100,https://downloads.cms.gov/Files/hcris/,ccn,673052,rn_contract_labor_dpc,blended,contract,72.11,,,1.0,,0.92,High,agency
5c2c831c-cb11-4cd3-b133-4ee0ef806860,12/31/2024,hcris_nmrc,CMS HCRIS Hospital 2552-10 Worksheet S-3 Part II line 01100,https://downloads.cms.gov/Files/hcris/,ccn,500037,rn_contract_labor_dpc,blended,contract,77.75,,,1.0,,0.92,High,agency
8f37e8db-dbec-4ed0-bf39-42d5df5ec0be,12/31/2024,hcris_nmrc,CMS HCRIS Hospital 2552-10 Worksheet S-3 Part II line 01100,https://downloads.cms.gov/Files/hcris/,ccn,500027,rn_contract_labor_dpc,blended,contract,59.25,,,1.0,,0.92,High,agency
e5b422d3-398c-40f6-bebe-7cd98c8a830f,12/31/2024,hcris_nmrc,CMS HCRIS Hospital 2552-10 Worksheet S-3 Part II line 01100,https://downloads.cms.gov/Files/hcris/,ccn,150102,rn_contract_labor_dpc,blended,contract,92.75,,,1.0,,0.92,High,agency
d115ccf4-390e-4405-a01e-24d2641118df,12/31/2024,hcris_nmrc,CMS HCRIS Hospital 2552-10 Worksheet S-3 Part II line 01100,https://downloads.cms.gov/Files/hcris/,ccn,150101,rn_contract_labor_dpc,blended,contract,96.7,,,1.0,,0.92,High,agency
9d95e5a2-76fd-47fe-b179-998580bbc15e,12/31/2024,hcris_nmrc,CMS HCRIS Hospital 2552-10 Worksheet S-3 Part II line 01100,https://downloads.cms.gov/Files/hcris/,ccn,520004,rn_contract_labor_dpc,blended,contract,109.37,,,1.0,,0.92,High,agency
a18f80e3-420c-4904-8dda-2bc856c6703c,12/31/2024,hcris_nmrc,CMS HCRIS Hospital 2552-10 Worksheet S-3 Part II line 01100,https://downloads.cms.gov/Files/hcris/,ccn,500031,rn_contract_labor_dpc,blended,contract,98.64,,,1.0,,0.92,High,agency
5f4e9841-9b33-498f-ac8c-1b82f24ac999,12/31/2024,hcris_nmrc,CMS HCRIS Hospital 2552-10 Worksheet S-3 Part II line 01100,https://downloads.cms.gov/Files/hcris/,ccn,030134,rn_contract_labor_dpc,blended,contract,100.49,,,1.0,,0.92,High,agency
ea474c14-2796-41e1-bff3-69e20511aa91,12/31/2024,hcris_nmrc,CMS HCRIS Hospital 2552-10 Worksheet S-3 Part II line 01100,https://downloads.cms.gov/Files/hcris/,ccn,150097,rn_contract_labor_dpc,blended,contract,85.76,,,1.0,,0.92,High,agency
50398472-d289-4b0e-bfd5-5822722f7322,12/31/2024,hcris_nmrc,CMS HCRIS Hospital 2552-10 Worksheet S-3 Part II line 01100,https://downloads.cms.gov/Files/hcris/,ccn,150091,rn_contract_labor_dpc,blended,contract,84.42,,,1.0,,0.92,High,agency
f2d9ccad-3226-4fdc-8c40-f6fdc4562fb3,12/31/2024,hcris_nmrc,CMS HCRIS Hospital 2552-10 Worksheet S-3 Part II line 01100,https://downloads.cms.gov/Files/hcris/,ccn,500033,rn_contract_labor_dpc,blended,contract,109.65,,,1.0,,0.92,High,agency
314e811d-f91f-4ce2-af65-28289dd090d0,12/31/2024,hcris_nmrc,CMS HCRIS Hospital 2552-10 Worksheet S-3 Part II line 01100,https://downloads.cms.gov/Files/hcris/,ccn,150090,rn_contract_labor_dpc,blended,contract,93.19,,,1.0,,0.92,High,agency
1fa77d9a-b7f6-43f0-ba6b-9f1410a47e38,12/31/2024,hcris_nmrc,CMS HCRIS Hospital 2552-10 Worksheet S-3 Part II line 01100,https://downloads.cms.gov/Files/hcris/,ccn,150089,rn_contract_labor_dpc,blended,contract,121.06,,,1.0,,0.92,High,agency
9e594238-6473-436b-8d26-7bfe21e727f0,12/31/2024,hcris_nmrc,CMS HCRIS Hospital 2552-10 Worksheet S-3 Part II line 01100,https://downloads.cms.gov/Files/hcris/,ccn,210060,rn_contract_labor_dpc,blended,contract,83.25,,,1.0,,0.92,High,agency
69ced375-60de-4e7f-ba1f-8e611c4cd71f,12/31/2024,hcris_nmrc,CMS HCRIS Hospital 2552-10 Worksheet S-3 Part II line 01100,https://downloads.cms.gov/Files/hcris/,ccn,500036,rn_contract_labor_dpc,blended,contract,69.1,,,1.0,,0.92,High,agency
87a48077-ac01-40b9-a594-7df51cb30096,12/31/2024,hcris_nmrc,CMS HCRIS Hospital 2552-10 Worksheet S-3 Part II line 01100,https://downloads.cms.gov/Files/hcris/,ccn,140223,rn_contract_labor_dpc,blended,contract,98.98,,,1.0,,0.92,High,agency
85a3b263-11b8-43fc-9791-4ab41ef5749f,12/31/2024,hcris_nmrc,CMS HCRIS Hospital 2552-10 Worksheet S-3 Part II line 01100,https://downloads.cms.gov/Files/hcris/,ccn,210057,rn_contract_labor_dpc,blended,contract,82.82,,,1.0,,0.92,High,agency
cc27b908-b2c0-4c43-9541-d65aed8a5393,12/31/2024,hcris_nmrc,CMS HCRIS Hospital 2552-10 Worksheet S-3 Part II line 01100,https://downloads.cms.gov/Files/hcris/,ccn,160082,rn_contract_labor_dpc,blended,contract,95.42,,,1.0,,0.92,High,agency
b1eda0f9-8283-40b1-b4c3-c9168ed2ce52,12/31/2024,hcris_nmrc,CMS HCRIS Hospital 2552-10 Worksheet S-3 Part II line 01100,https://downloads.cms.gov/Files/hcris/,ccn,010024,rn_contract_labor_dpc,blended,contract,65.64,,,1.0,,0.92,High,agency
deacc038-8441-44a1-9848-1015534ba5d5,12/31/2024,hcris_nmrc,CMS HCRIS Hospital 2552-10 Worksheet S-3 Part II line 01100,https://downloads.cms.gov/Files/hcris/,ccn,100189,rn_contract_labor_dpc,blended,contract,113.48,,,1.0,,0.92,High,agency
95e90299-4d6e-4ae4-9a19-ac59be962d06,12/31/2024,hcris_nmrc,CMS HCRIS Hospital 2552-10 Worksheet S-3 Part II line 01100,https://downloads.cms.gov/Files/hcris/,ccn,030012,rn_contract_labor_dpc,blended,contract,87.87,,,1.0,,0.92,High,agency
8a6b9e12-2525-4504-8879-40aa84406721,12/31/2024,hcris_nmrc,CMS HCRIS Hospital 2552-10 Worksheet S-3 Part II line 01100,https://downloads.cms.gov/Files/hcris/,ccn,520212,rn_contract_labor_dpc,blended,contract,107.61,,,1.0,,0.92,High,agency
eae637f4-3e44-4995-8294-bc358faec44b,12/31/2024,hcris_nmrc,CMS HCRIS Hospital 2552-10 Worksheet S-3 Part II line 01100,https://downloads.cms.gov/Files/hcris/,ccn,460057,rn_contract_labor_dpc,blended,contract,88.29,,,1.0,,0.92,High,agency
de21b3d1-e97a-46c7-87a5-324a5c56e0da,12/31/2024,hcris_nmrc,CMS HCRIS Hospital 2552-10 Worksheet S-3 Part II line 01100,https://downloads.cms.gov/Files/hcris/,ccn,460058,rn_contract_labor_dpc,blended,contract,105.46,,,1.0,,0.92,High,agency
28818141-0a20-4819-b265-93fb857ab209,12/31/2024,hcris_nmrc,CMS HCRIS Hospital 2552-10 Worksheet S-3 Part II line 01100,https://downloads.cms.gov/Files/hcris/,ccn,140030,rn_contract_labor_dpc,blended,contract,97.13,,,1.0,,0.92,High,agency
9ac80b9f-7f28-49dc-b073-0cfb49ae0509,12/31/2024,hcris_nmrc,CMS HCRIS Hospital 2552-10 Worksheet S-3 Part II line 01100,https://downloads.cms.gov/Files/hcris/,ccn,450853,rn_contract_labor_dpc,blended,contract,127.36,,,1.0,,0.92,High,agency
01e69c9d-5da1-475a-9faf-c18d056887f1,12/31/2024,hcris_nmrc,CMS HCRIS Hospital 2552-10 Worksheet S-3 Part II line 01100,https://downloads.cms.gov/Files/hcris/,ccn,520210,rn_contract_labor_dpc,blended,contract,90.12,,,1.0,,0.92,High,agency
70f9520b-67c7-4857-8a2a-9aea0fe4ecd0,12/31/2024,hcris_nmrc,CMS HCRIS Hospital 2552-10 Worksheet S-3 Part II line 01100,https://downloads.cms.gov/Files/hcris/,ccn,100132,rn_contract_labor_dpc,blended,contract,94.83,,,1.0,,0.92,High,agency
c156d259-3742-4086-85f1-6949536b5b37,12/31/2024,hcris_nmrc,CMS HCRIS Hospital 2552-10 Worksheet S-3 Part II line 01100,https://downloads.cms.gov/Files/hcris/,ccn,463025,rn_contract_labor_dpc,blended,contract,53.52,,,1.0,,0.92,High,agency
24b1b9c2-d81b-42ee-92f3-b51e40d6af80,12/31/2024,hcris_nmrc,CMS HCRIS Hospital 2552-10 Worksheet S-3 Part II line 01100,https://downloads.cms.gov/Files/hcris/,ccn,670060,rn_contract_labor_dpc,blended,contract,73.07,,,1.0,,0.92,High,agency
2fddff92-9c0a-4b74-aeb3-db89775a841a,12/31/2024,hcris_nmrc,CMS HCRIS Hospital 2552-10 Worksheet S-3 Part II line 01100,https://downloads.cms.gov/Files/hcris/,ccn,140034,rn_contract_labor_dpc,blended,contract,66.02,,,1.0,,0.92,High,agency
cb924e70-0fdd-4f9b-a81f-2f67abef5dcd,12/31/2024,hcris_nmrc,CMS HCRIS Hospital 2552-10 Worksheet S-3 Part II line 01100,https://downloads.cms.gov/Files/hcris/,ccn,520208,rn_contract_labor_dpc,blended,contract,100.18,,,1.0,,0.92,High,agency
3c08b5e5-cb6d-434b-9b1f-6b70d9ec14e2,12/31/2024,hcris_nmrc,CMS HCRIS Hospital 2552-10 Worksheet S-3 Part II line 01100,https://downloads.cms.gov/Files/hcris/,ccn,450844,rn_contract_labor_dpc,blended,contract,75.84,,,1.0,,0.92,High,agency
0b12a7ee-da72-40fa-8a22-935c1bbde08c,12/31/2024,hcris_nmrc,CMS HCRIS Hospital 2552-10 Worksheet S-3 Part II line 01100,https://downloads.cms.gov/Files/hcris/,ccn,100069,rn_contract_labor_dpc,blended,contract,79.35,,,1.0,,0.92,High,agency
dd13ccd6-cb5f-4404-a962-b6f8b92454e1,12/31/2024,hcris_nmrc,CMS HCRIS Hospital 2552-10 Worksheet S-3 Part II line 01100,https://downloads.cms.gov/Files/hcris/,ccn,450840,rn_contract_labor_dpc,blended,contract,62.12,,,1.0,,0.92,High,agency
0fd63e7e-22ee-4137-9900-8d8859fa6999,12/31/2024,hcris_nmrc,CMS HCRIS Hospital 2552-10 Worksheet S-3 Part II line 01100,https://downloads.cms.gov/Files/hcris/,ccn,450855,rn_contract_labor_dpc,blended,contract,67.32,,,1.0,,0.92,High,agency
96a087d7-7a0c-4ff3-b0c3-c69153ffe324,12/31/2024,hcris_nmrc,CMS HCRIS Hospital 2552-10 Worksheet S-3 Part II line 01100,https://downloads.cms.gov/Files/hcris/,ccn,100068,rn_contract_labor_dpc,blended,contract,70.03,,,1.0,,0.92,High,agency
5d3ef139-f851-4432-8e21-b2ee4c4394bc,12/31/2024,hcris_nmrc,CMS HCRIS Hospital 2552-10 Worksheet S-3 Part II line 01100,https://downloads.cms.gov/Files/hcris/,ccn,100362,rn_contract_labor_dpc,blended,contract,97.57,,,1.0,,0.92,High,agency
910ab5d4-8df7-48a6-9aa5-6488bd754de6,12/31/2024,hcris_nmrc,CMS HCRIS Hospital 2552-10 Worksheet S-3 Part II line 01100,https://downloads.cms.gov/Files/hcris/,ccn,190114,rn_contract_labor_dpc,blended,contract,166.58,,,1.0,,0.92,High,agency
5edcdbca-57e1-44b8-89f6-c93fddaf277b,12/31/2024,hcris_nmrc,CMS HCRIS Hospital 2552-10 Worksheet S-3 Part II line 01100,https://downloads.cms.gov/Files/hcris/,ccn,030016,rn_contract_labor_dpc,blended,contract,93.98,,,1.0,,0.92,High,agency
55313c5c-6ed0-456c-9d84-b3fd28d1d391,12/31/2024,hcris_nmrc,CMS HCRIS Hospital 2552-10 Worksheet S-3 Part II line 01100,https://downloads.cms.gov/Files/hcris/,ccn,010065,rn_contract_labor_dpc,blended,contract,54.91,,,1.0,,0.92,High,agency
8f84846b-f881-4d92-9636-b426d1e00ba1,12/31/2024,hcris_nmrc,CMS HCRIS Hospital 2552-10 Worksheet S-3 Part II line 01100,https://downloads.cms.gov/Files/hcris/,ccn,670049,rn_contract_labor_dpc,blended,contract,80.0,,,1.0,,0.92,High,agency
798d7ba2-4711-497e-9ff6-686cf7611eab,12/31/2024,hcris_nmrc,CMS HCRIS Hospital 2552-10 Worksheet S-3 Part II line 01100,https://downloads.cms.gov/Files/hcris/,ccn,140012,rn_contract_labor_dpc,blended,contract,91.77,,,1.0,,0.92,High,agency
9c4ba424-a1a0-43cd-b26e-3adc729fad90,12/31/2024,hcris_nmrc,CMS HCRIS Hospital 2552-10 Worksheet S-3 Part II line 01100,https://downloads.cms.gov/Files/hcris/,ccn,140013,rn_contract_labor_dpc,blended,contract,79.34,,,1.0,,0.92,High,agency
1f593ae8-ebc8-4a06-9e17-f615624f9711,12/31/2024,hcris_nmrc,CMS HCRIS Hospital 2552-10 Worksheet S-3 Part II line 01100,https://downloads.cms.gov/Files/hcris/,ccn,010046,rn_contract_labor_dpc,blended,contract,74.19,,,1.0,,0.92,High,agency
c7be9114-d7b2-4481-8fc6-f6f8bd15ce45,12/31/2024,hcris_nmrc,CMS HCRIS Hospital 2552-10 Worksheet S-3 Part II line 01100,https://downloads.cms.gov/Files/hcris/,ccn,460043,rn_contract_labor_dpc,blended,contract,51.35,,,1.0,,0.92,High,agency
e08f4269-2234-46b9-94b6-cdb85ee41251,12/31/2024,hcris_nmrc,CMS HCRIS Hospital 2552-10 Worksheet S-3 Part II line 01100,https://downloads.cms.gov/Files/hcris/,ccn,100127,rn_contract_labor_dpc,blended,contract,69.43,,,1.0,,0.92,High,agency
f2986dea-0adc-47c2-9c35-00fb9c67ca96,12/31/2024,hcris_nmrc,CMS HCRIS Hospital 2552-10 Worksheet S-3 Part II line 01100,https://downloads.cms.gov/Files/hcris/,ccn,030014,rn_contract_labor_dpc,blended,contract,84.01,,,1.0,,0.92,High,agency
fdb84f0a-a2a2-4c71-8333-e4299c4d5e78,12/31/2024,hcris_nmrc,CMS HCRIS Hospital 2552-10 Worksheet S-3 Part II line 01100,https://downloads.cms.gov/Files/hcris/,ccn,180035,rn_contract_labor_dpc,blended,contract,87.27,,,1.0,,0.92,High,agency
31b4982c-d0bd-449a-bae6-ca09d593646d,12/31/2024,hcris_nmrc,CMS HCRIS Hospital 2552-10 Worksheet S-3 Part II line 01100,https://downloads.cms.gov/Files/hcris/,ccn,460044,rn_contract_labor_dpc,blended,contract,100.12,,,1.0,,0.92,High,agency
796ed33b-7755-4456-8a84-bbf762bd4556,12/31/2024,hcris_nmrc,CMS HCRIS Hospital 2552-10 Worksheet S-3 Part II line 01100,https://downloads.cms.gov/Files/hcris/,ccn,450864,rn_contract_labor_dpc,blended,contract,56.92,,,1.0,,0.92,High,agency
b1dd2c10-6ead-4310-9f4d-516e1ac6e2e6,12/31/2024,hcris_nmrc,CMS HCRIS Hospital 2552-10 Worksheet S-3 Part II line 01100,https://downloads.cms.gov/Files/hcris/,ccn,520215,rn_contract_labor_dpc,blended,contract,113.18,,,1.0,,0.92,High,agency
2577f371-d98a-4c9a-afff-4d4faba45ec4,12/31/2024,hcris_nmrc,CMS HCRIS Hospital 2552-10 Worksheet S-3 Part II line 01100,https://downloads.cms.gov/Files/hcris/,ccn,670054,rn_contract_labor_dpc,blended,contract,63.65,,,1.0,,0.92,High,agency
c8faaf30-0d92-411e-8795-110afa6cd10c,12/31/2024,hcris_nmrc,CMS HCRIS Hospital 2552-10 Worksheet S-3 Part II line 01100,https://downloads.cms.gov/Files/hcris/,ccn,520214,rn_contract_labor_dpc,blended,contract,105.66,,,1.0,,0.92,High,agency
b3a4df00-fdd1-4df5-97ee-640ae2615356,12/31/2024,hcris_nmrc,CMS HCRIS Hospital 2552-10 Worksheet S-3 Part II line 01100,https://downloads.cms.gov/Files/hcris/,ccn,450860,rn_contract_labor_dpc,blended,contract,63.38,,,1.0,,0.92,High,agency
08356983-5ba0-4f3e-a139-47bbcb78075a,12/31/2024,hcris_nmrc,CMS HCRIS Hospital 2552-10 Worksheet S-3 Part II line 01100,https://downloads.cms.gov/Files/hcris/,ccn,460052,rn_contract_labor_dpc,blended,contract,64.99,,,1.0,,0.92,High,agency
1e231605-e578-4ed2-b95a-11e5e18d59a5,12/31/2024,hcris_nmrc,CMS HCRIS Hospital 2552-10 Worksheet S-3 Part II line 01100,https://downloads.cms.gov/Files/hcris/,ccn,100072,rn_contract_labor_dpc,blended,contract,68.63,,,1.0,,0.92,High,agency
b0919068-ab76-403b-8770-c8b1526910e2,12/31/2024,hcris_nmrc,CMS HCRIS Hospital 2552-10 Worksheet S-3 Part II line 01100,https://downloads.cms.gov/Files/hcris/,ccn,450856,rn_contract_labor_dpc,blended,contract,79.83,,,1.0,,0.92,High,agency
bc685cac-2f2f-40bf-bf2a-79f6d756ad64,12/31/2024,hcris_nmrc,CMS HCRIS Hospital 2552-10 Worksheet S-3 Part II line 01100,https://downloads.cms.gov/Files/hcris/,ccn,180001,rn_contract_labor_dpc,blended,contract,99.31,,,1.0,,0.92,High,agency
a77e686a-cdcd-470b-8374-6650ced9b763,12/31/2024,hcris_nmrc,CMS HCRIS Hospital 2552-10 Worksheet S-3 Part II line 01100,https://downloads.cms.gov/Files/hcris/,ccn,450834,rn_contract_labor_dpc,blended,contract,139.41,,,1.0,,0.92,High,agency
ca3eac97-cc2e-4e69-9382-0592b0e05181,12/31/2024,hcris_nmrc,CMS HCRIS Hospital 2552-10 Worksheet S-3 Part II line 01100,https://downloads.cms.gov/Files/hcris/,ccn,520207,rn_contract_labor_dpc,blended,contract,93.8,,,1.0,,0.92,High,agency
8280eb42-300b-4242-ab07-13c91cd1bfc3,12/31/2024,hcris_nmrc,CMS HCRIS Hospital 2552-10 Worksheet S-3 Part II line 01100,https://downloads.cms.gov/Files/hcris/,ccn,490004,rn_contract_labor_dpc,blended,contract,88.16,,,1.0,,0.92,High,agency
6988e342-7b22-47ab-a485-32f700a0b46c,12/31/2024,hcris_nmrc,CMS HCRIS Hospital 2552-10 Worksheet S-3 Part II line 01100,https://downloads.cms.gov/Files/hcris/,ccn,030087,rn_contract_labor_dpc,blended,contract,116.82,,,1.0,,0.92,High,agency
b43d535d-8499-424b-aeb6-86e3d18f5e8b,12/31/2024,hcris_nmrc,CMS HCRIS Hospital 2552-10 Worksheet S-3 Part II line 01100,https://downloads.cms.gov/Files/hcris/,ccn,100055,rn_contract_labor_dpc,blended,contract,62.89,,,1.0,,0.92,High,agency
b2c7a1e6-22e7-4196-899b-9e1635a05e71,12/31/2024,hcris_nmrc,CMS HCRIS Hospital 2552-10 Worksheet S-3 Part II line 01100,https://downloads.cms.gov/Files/hcris/,ccn,030006,rn_contract_labor_dpc,blended,contract,106.95,,,1.0,,0.92,High,agency
517036ed-4197-4614-bed4-b97f6dc74cbd,12/31/2024,hcris_nmrc,CMS HCRIS Hospital 2552-10 Worksheet S-3 Part II line 01100,https://downloads.cms.gov/Files/hcris/,ccn,190256,rn_contract_labor_dpc,blended,contract,74.67,,,1.0,,0.92,High,agency
aa8bcec3-1dd1-48b2-ab53-c67013605441,12/31/2024,hcris_nmrc,CMS HCRIS Hospital 2552-10 Worksheet S-3 Part II line 01100,https://downloads.cms.gov/Files/hcris/,ccn,190259,rn_contract_labor_dpc,blended,contract,81.44,,,1.0,,0.92,High,agency
fc70d937-780a-421a-9353-f36ba9849689,12/31/2024,hcris_nmrc,CMS HCRIS Hospital 2552-10 Worksheet S-3 Part II line 01100,https://downloads.cms.gov/Files/hcris/,ccn,670071,rn_contract_labor_dpc,blended,contract,84.06,,,1.0,,0.92,High,agency
e0518514-8b3f-4644-b0c9-7e6a0303ae68,12/31/2024,hcris_nmrc,CMS HCRIS Hospital 2552-10 Worksheet S-3 Part II line 01100,https://downloads.cms.gov/Files/hcris/,ccn,170198,rn_contract_labor_dpc,blended,contract,73.74,,,1.0,,0.92,High,agency
26e320e3-4f1f-4ba4-b826-03ce272c69e3,12/31/2024,hcris_nmrc,CMS HCRIS Hospital 2552-10 Worksheet S-3 Part II line 01100,https://downloads.cms.gov/Files/hcris/,ccn,170197,rn_contract_labor_dpc,blended,contract,56.05,,,1.0,,0.92,High,agency
5d29107d-d5d4-46f8-af51-8244659aeaee,12/31/2024,hcris_nmrc,CMS HCRIS Hospital 2552-10 Worksheet S-3 Part II line 01100,https://downloads.cms.gov/Files/hcris/,ccn,190267,rn_contract_labor_dpc,blended,contract,73.89,,,1.0,,0.92,High,agency
32028ae5-38d2-4b8a-828f-3448a990b577,12/31/2024,hcris_nmrc,CMS HCRIS Hospital 2552-10 Worksheet S-3 Part II line 01100,https://downloads.cms.gov/Files/hcris/,ccn,170196,rn_contract_labor_dpc,blended,contract,50.9,,,1.0,,0.92,High,agency
8382c165-b942-4388-9040-0a0a8429a132,12/31/2024,hcris_nmrc,CMS HCRIS Hospital 2552-10 Worksheet S-3 Part II line 01100,https://downloads.cms.gov/Files/hcris/,ccn,030088,rn_contract_labor_dpc,blended,contract,98.83,,,1.0,,0.92,High,agency
b20ab7be-926c-4465-8fef-70f62702d7a5,12/31/2024,hcris_nmrc,CMS HCRIS Hospital 2552-10 Worksheet S-3 Part II line 01100,https://downloads.cms.gov/Files/hcris/,ccn,670073,rn_contract_labor_dpc,blended,contract,50.17,,,1.0,,0.92,High,agency
23de422e-4c25-4bcf-a970-0422e6ddb3af,12/31/2024,hcris_nmrc,CMS HCRIS Hospital 2552-10 Worksheet S-3 Part II line 01100,https://downloads.cms.gov/Files/hcris/,ccn,490007,rn_contract_labor_dpc,blended,contract,58.47,,,1.0,,0.92,High,agency
45ab1796-d5a3-4761-a2df-e4d9fb0840c6,12/31/2024,hcris_nmrc,CMS HCRIS Hospital 2552-10 Worksheet S-3 Part II line 01100,https://downloads.cms.gov/Files/hcris/,ccn,450808,rn_contract_labor_dpc,blended,contract,63.99,,,1.0,,0.92,High,agency
9cb83c66-3593-49b1-9c88-eaf59cd6b866,12/31/2024,hcris_nmrc,CMS HCRIS Hospital 2552-10 Worksheet S-3 Part II line 01100,https://downloads.cms.gov/Files/hcris/,ccn,190245,rn_contract_labor_dpc,blended,contract,50.0,,,1.0,,0.92,High,agency
42ef4579-16fb-4c87-9ca0-1a9e353eddea,12/31/2024,hcris_nmrc,CMS HCRIS Hospital 2552-10 Worksheet S-3 Part II line 01100,https://downloads.cms.gov/Files/hcris/,ccn,190241,rn_contract_labor_dpc,blended,contract,62.84,,,1.0,,0.92,High,agency
673f364c-47b3-4979-9efe-17a662797731,12/31/2024,hcris_nmrc,CMS HCRIS Hospital 2552-10 Worksheet S-3 Part II line 01100,https://downloads.cms.gov/Files/hcris/,ccn,100057,rn_contract_labor_dpc,blended,contract,72.92,,,1.0,,0.92,High,agency
625799bf-a53c-4fb6-92cf-2c760f95f6f8,12/31/2024,hcris_nmrc,CMS HCRIS Hospital 2552-10 Worksheet S-3 Part II line 01100,https://downloads.cms.gov/Files/hcris/,ccn,100067,rn_contract_labor_dpc,blended,contract,81.84,,,1.0,,0.92,High,agency
f7c16aa6-4c3e-4485-bb3f-6a2afe77246e,12/31/2024,hcris_nmrc,CMS HCRIS Hospital 2552-10 Worksheet S-3 Part II line 01100,https://downloads.cms.gov/Files/hcris/,ccn,670062,rn_contract_labor_dpc,blended,contract,75.44,,,1.0,,0.92,High,agency
8d3eb967-f6de-4689-9cc7-e97c982bef7f,12/31/2024,hcris_nmrc,CMS HCRIS Hospital 2552-10 Worksheet S-3 Part II line 01100,https://downloads.cms.gov/Files/hcris/,ccn,190176,rn_contract_labor_dpc,blended,contract,59.65,,,1.0,,0.92,High,agency
6cb18219-760a-4147-8ae2-7af7db659335,12/31/2024,hcris_nmrc,CMS HCRIS Hospital 2552-10 Worksheet S-3 Part II line 01100,https://downloads.cms.gov/Files/hcris/,ccn,173025,rn_contract_labor_dpc,blended,contract,67.87,,,1.0,,0.92,High,agency
ed219a6a-0d3c-4bbb-8c8f-fad55c8bee04,12/31/2024,hcris_nmrc,CMS HCRIS Hospital 2552-10 Worksheet S-3 Part II line 01100,https://downloads.cms.gov/Files/hcris/,ccn,670067,rn_contract_labor_dpc,blended,contract,57.55,,,1.0,,0.92,High,agency
ac8273d2-ef2b-42a5-8b97-5d78d4911842,12/31/2024,hcris_nmrc,CMS HCRIS Hospital 2552-10 Worksheet S-3 Part II line 01100,https://downloads.cms.gov/Files/hcris/,ccn,172007,rn_contract_labor_dpc,blended,contract,81.96,,,1.0,,0.92,High,agency
0dfae6ab-f01b-476c-8899-c29ffb0b1a2e,12/31/2024,hcris_nmrc,CMS HCRIS Hospital 2552-10 Worksheet S-3 Part II line 01100,https://downloads.cms.gov/Files/hcris/,ccn,100063,rn_contract_labor_dpc,blended,contract,107.25,,,1.0,,0.92,High,agency
57310422-0807-4429-b118-3bfe21bf8c84,12/31/2024,hcris_nmrc,CMS HCRIS Hospital 2552-10 Worksheet S-3 Part II line 01100,https://downloads.cms.gov/Files/hcris/,ccn,140046,rn_contract_labor_dpc,blended,contract,49.55,,,1.0,,0.92,High,agency
f6d14d19-8a97-4b64-a8ed-552f7a2033b1,12/31/2024,hcris_nmrc,CMS HCRIS Hospital 2552-10 Worksheet S-3 Part II line 01100,https://downloads.cms.gov/Files/hcris/,ccn,450869,rn_contract_labor_dpc,blended,contract,128.3,,,1.0,,0.92,High,agency
1fcc57f2-0c5b-43eb-828b-d80ad08611ca,12/31/2024,hcris_nmrc,CMS HCRIS Hospital 2552-10 Worksheet S-3 Part II line 01100,https://downloads.cms.gov/Files/hcris/,ccn,450827,rn_contract_labor_dpc,blended,contract,64.8,,,1.0,,0.92,High,agency
7864932d-1753-4e21-80bf-54df54e83017,12/31/2024,hcris_nmrc,CMS HCRIS Hospital 2552-10 Worksheet S-3 Part II line 01100,https://downloads.cms.gov/Files/hcris/,ccn,190190,rn_contract_labor_dpc,blended,contract,82.7,,,1.0,,0.92,High,agency
efe753bb-30c4-4717-827b-f008f1978118,12/31/2024,hcris_nmrc,CMS HCRIS Hospital 2552-10 Worksheet S-3 Part II line 01100,https://downloads.cms.gov/Files/hcris/,ccn,450822,rn_contract_labor_dpc,blended,contract,28.15,,,1.0,,0.92,High,agency
3feee7d8-456f-4b46-835d-23fdf5596cf3,12/31/2024,hcris_nmrc,CMS HCRIS Hospital 2552-10 Worksheet S-3 Part II line 01100,https://downloads.cms.gov/Files/hcris/,ccn,170204,rn_contract_labor_dpc,blended,contract,59.59,,,1.0,,0.92,High,agency
6270675c-3395-4fb4-a8df-72d1746ff43a,12/31/2024,hcris_nmrc,CMS HCRIS Hospital 2552-10 Worksheet S-3 Part II line 01100,https://downloads.cms.gov/Files/hcris/,ccn,140048,rn_contract_labor_dpc,blended,contract,89.46,,,1.0,,0.92,High,agency
87a0cb1b-cf36-429a-b32f-db4c7cef39a8,12/31/2024,hcris_nmrc,CMS HCRIS Hospital 2552-10 Worksheet S-3 Part II line 01100,https://downloads.cms.gov/Files/hcris/,ccn,670068,rn_contract_labor_dpc,blended,contract,63.74,,,1.0,,0.92,High,agency
b0daa1ea-a807-4abd-9765-204a02fcf1c7,12/31/2024,hcris_nmrc,CMS HCRIS Hospital 2552-10 Worksheet S-3 Part II line 01100,https://downloads.cms.gov/Files/hcris/,ccn,450820,rn_contract_labor_dpc,blended,contract,81.71,,,1.0,,0.92,High,agency
b0b8ac48-828e-46e3-8738-3c17ed45e3a8,12/31/2024,hcris_nmrc,CMS HCRIS Hospital 2552-10 Worksheet S-3 Part II line 01100,https://downloads.cms.gov/Files/hcris/,ccn,520206,rn_contract_labor_dpc,blended,contract,100.22,,,1.0,,0.92,High,agency
b9990c4a-560f-4df1-aff7-456efe8ec19a,12/31/2024,hcris_nmrc,CMS HCRIS Hospital 2552-10 Worksheet S-3 Part II line 01100,https://downloads.cms.gov/Files/hcris/,ccn,670069,rn_contract_labor_dpc,blended,contract,34.65,,,1.0,,0.92,High,agency
5aa690a8-cdb4-45bd-ab2f-7a9b5ab281a5,12/31/2024,hcris_nmrc,CMS HCRIS Hospital 2552-10 Worksheet S-3 Part II line 01100,https://downloads.cms.gov/Files/hcris/,ccn,190088,rn_contract_labor_dpc,blended,contract,71.63,,,1.0,,0.92,High,agency
58983431-917a-4882-97d6-79c59702c12e,12/31/2024,hcris_nmrc,CMS HCRIS Hospital 2552-10 Worksheet S-3 Part II line 01100,https://downloads.cms.gov/Files/hcris/,ccn,180045,rn_contract_labor_dpc,blended,contract,96.19,,,1.0,,0.92,High,agency
349c7cb8-1d6f-4a67-8879-0444e5ebeb1b,12/31/2024,hcris_nmrc,CMS HCRIS Hospital 2552-10 Worksheet S-3 Part II line 01100,https://downloads.cms.gov/Files/hcris/,ccn,180132,rn_contract_labor_dpc,blended,contract,81.64,,,1.0,,0.92,High,agency
eb31cf8c-b6e6-4883-9190-07777a0f3b42,12/31/2024,hcris_nmrc,CMS HCRIS Hospital 2552-10 Worksheet S-3 Part II line 01100,https://downloads.cms.gov/Files/hcris/,ccn,190025,rn_contract_labor_dpc,blended,contract,78.62,,,1.0,,0.92,High,agency
98f29244-aacf-463e-ac0b-2f538877a2c1,12/31/2024,hcris_nmrc,CMS HCRIS Hospital 2552-10 Worksheet S-3 Part II line 01100,https://downloads.cms.gov/Files/hcris/,ccn,190026,rn_contract_labor_dpc,blended,contract,27.22,,,1.0,,0.92,High,agency
0f1501d7-5433-4cc1-aa34-ba789e40a455,12/31/2024,hcris_nmrc,CMS HCRIS Hospital 2552-10 Worksheet S-3 Part II line 01100,https://downloads.cms.gov/Files/hcris/,ccn,100109,rn_contract_labor_dpc,blended,contract,66.72,,,1.0,,0.92,High,agency
0411fa93-58a6-4567-ab28-ab92b8a84b55,12/31/2024,hcris_nmrc,CMS HCRIS Hospital 2552-10 Worksheet S-3 Part II line 01100,https://downloads.cms.gov/Files/hcris/,ccn,450891,rn_contract_labor_dpc,blended,contract,64.41,,,1.0,,0.92,High,agency
804cb9ad-1d49-42dc-be9d-86d64ab0fbff,12/31/2024,hcris_nmrc,CMS HCRIS Hospital 2552-10 Worksheet S-3 Part II line 01100,https://downloads.cms.gov/Files/hcris/,ccn,030062,rn_contract_labor_dpc,blended,contract,85.32,,,1.0,,0.92,High,agency
fbfebe38-3c5b-4b2d-ba3c-89d3f17f4ac7,12/31/2024,hcris_nmrc,CMS HCRIS Hospital 2552-10 Worksheet S-3 Part II line 01100,https://downloads.cms.gov/Files/hcris/,ccn,450890,rn_contract_labor_dpc,blended,contract,45.0,,,1.0,,0.92,High,agency
03e418ac-477b-4d7f-a966-01e122474ee6,12/31/2024,hcris_nmrc,CMS HCRIS Hospital 2552-10 Worksheet S-3 Part II line 01100,https://downloads.cms.gov/Files/hcris/,ccn,030036,rn_contract_labor_dpc,blended,contract,83.27,,,1.0,,0.92,High,agency
68d2984a-722a-4d19-8468-aa8a3a933f44,12/31/2024,hcris_nmrc,CMS HCRIS Hospital 2552-10 Worksheet S-3 Part II line 01100,https://downloads.cms.gov/Files/hcris/,ccn,190034,rn_contract_labor_dpc,blended,contract,48.23,,,1.0,,0.92,High,agency
65a329a5-ae78-46ef-a0fb-90229880e3df,12/31/2024,hcris_nmrc,CMS HCRIS Hospital 2552-10 Worksheet S-3 Part II line 01100,https://downloads.cms.gov/Files/hcris/,ccn,450889,rn_contract_labor_dpc,blended,contract,75.86,,,1.0,,0.92,High,agency
72b38668-0bc6-4d20-a038-22f035bd772e,12/31/2024,hcris_nmrc,CMS HCRIS Hospital 2552-10 Worksheet S-3 Part II line 01100,https://downloads.cms.gov/Files/hcris/,ccn,530008,rn_contract_labor_dpc,blended,contract,88.27,,,1.0,,0.92,High,agency
25dff35b-ac0a-4b28-baba-a910479aa786,12/31/2024,hcris_nmrc,CMS HCRIS Hospital 2552-10 Worksheet S-3 Part II line 01100,https://downloads.cms.gov/Files/hcris/,ccn,130028,rn_contract_labor_dpc,blended,contract,75.01,,,1.0,,0.92,High,agency
26794bc5-7949-4c33-9219-98f8853580dd,12/31/2024,hcris_nmrc,CMS HCRIS Hospital 2552-10 Worksheet S-3 Part II line 01100,https://downloads.cms.gov/Files/hcris/,ccn,130049,rn_contract_labor_dpc,blended,contract,87.24,,,1.0,,0.92,High,agency
67130f16-41ec-4102-85da-3c37dd2aff23,12/31/2024,hcris_nmrc,CMS HCRIS Hospital 2552-10 Worksheet S-3 Part II line 01100,https://downloads.cms.gov/Files/hcris/,ccn,190036,rn_contract_labor_dpc,blended,contract,73.55,,,1.0,,0.92,High,agency
7489b52b-74ec-4213-a4c0-0c9e495d67a4,12/31/2024,hcris_nmrc,CMS HCRIS Hospital 2552-10 Worksheet S-3 Part II line 01100,https://downloads.cms.gov/Files/hcris/,ccn,190039,rn_contract_labor_dpc,blended,contract,65.65,,,1.0,,0.92,High,agency
71e5f02c-5915-4c68-8786-73e6783beab3,12/31/2024,hcris_nmrc,CMS HCRIS Hospital 2552-10 Worksheet S-3 Part II line 01100,https://downloads.cms.gov/Files/hcris/,ccn,030061,rn_contract_labor_dpc,blended,contract,101.11,,,1.0,,0.92,High,agency
0bae11e7-0a37-41d1-a41f-3e0e170336b6,12/31/2024,hcris_nmrc,CMS HCRIS Hospital 2552-10 Worksheet S-3 Part II line 01100,https://downloads.cms.gov/Files/hcris/,ccn,102026,rn_contract_labor_dpc,blended,contract,53.88,,,1.0,,0.92,High,agency
acd5f7fb-e12f-4c06-8da6-2c63ecf93e67,12/31/2024,hcris_nmrc,CMS HCRIS Hospital 2552-10 Worksheet S-3 Part II line 01100,https://downloads.cms.gov/Files/hcris/,ccn,120006,rn_contract_labor_dpc,blended,contract,107.73,,,1.0,,0.92,High,agency
a0f9fbe4-5138-44a6-ac3d-030118f92dfe,12/31/2024,hcris_nmrc,CMS HCRIS Hospital 2552-10 Worksheet S-3 Part II line 01100,https://downloads.cms.gov/Files/hcris/,ccn,030038,rn_contract_labor_dpc,blended,contract,70.96,,,1.0,,0.92,High,agency
bbe8846c-4dd2-469c-93fb-6b368ab88d85,12/31/2024,hcris_nmrc,CMS HCRIS Hospital 2552-10 Worksheet S-3 Part II line 01100,https://downloads.cms.gov/Files/hcris/,ccn,670006,rn_contract_labor_dpc,blended,contract,95.15,,,1.0,,0.92,High,agency
6f73493b-f7d5-4bd2-8bbc-d8414f33c92c,12/31/2024,hcris_nmrc,CMS HCRIS Hospital 2552-10 Worksheet S-3 Part II line 01100,https://downloads.cms.gov/Files/hcris/,ccn,190005,rn_contract_labor_dpc,blended,contract,44.45,,,1.0,,0.92,High,agency
007d4df0-55ed-4d1e-a911-f7546fdf245e,12/31/2024,hcris_nmrc,CMS HCRIS Hospital 2552-10 Worksheet S-3 Part II line 01100,https://downloads.cms.gov/Files/hcris/,ccn,670005,rn_contract_labor_dpc,blended,contract,65.05,,,1.0,,0.92,High,agency
ab340e57-408a-4326-8ece-f1125305a2e8,12/31/2024,hcris_nmrc,CMS HCRIS Hospital 2552-10 Worksheet S-3 Part II line 01100,https://downloads.cms.gov/Files/hcris/,ccn,670008,rn_contract_labor_dpc,blended,contract,88.31,,,1.0,,0.92,High,agency
9791599d-dcba-4af2-8845-05a39e751755,12/31/2024,hcris_nmrc,CMS HCRIS Hospital 2552-10 Worksheet S-3 Part II line 01100,https://downloads.cms.gov/Files/hcris/,ccn,183032,rn_contract_labor_dpc,blended,contract,78.18,,,1.0,,0.92,High,agency
56c9d3c2-5dca-4fd4-a841-d6f83c563f59,12/31/2024,hcris_nmrc,CMS HCRIS Hospital 2552-10 Worksheet S-3 Part II line 01100,https://downloads.cms.gov/Files/hcris/,ccn,183028,rn_contract_labor_dpc,blended,contract,76.34,,,1.0,,0.92,High,agency
1d247855-dab6-42ce-a46b-b9fc1c1d77c0,12/31/2024,hcris_nmrc,CMS HCRIS Hospital 2552-10 Worksheet S-3 Part II line 01100,https://downloads.cms.gov/Files/hcris/,ccn,100105,rn_contract_labor_dpc,blended,contract,68.1,,,1.0,,0.92,High,agency
62afeb7a-1f30-446a-928d-82f4c0dbafca,12/31/2024,hcris_nmrc,CMS HCRIS Hospital 2552-10 Worksheet S-3 Part II line 01100,https://downloads.cms.gov/Files/hcris/,ccn,120011,rn_contract_labor_dpc,blended,contract,92.16,,,1.0,,0.92,High,agency
0e21bcd7-af9c-4c99-9b88-39fac66a7e34,12/31/2024,hcris_nmrc,CMS HCRIS Hospital 2552-10 Worksheet S-3 Part II line 01100,https://downloads.cms.gov/Files/hcris/,ccn,670025,rn_contract_labor_dpc,blended,contract,130.68,,,1.0,,0.92,High,agency
0d209a81-47f8-4e1a-ab4f-8920e5ce59c5,12/31/2024,hcris_nmrc,CMS HCRIS Hospital 2552-10 Worksheet S-3 Part II line 01100,https://downloads.cms.gov/Files/hcris/,ccn,190013,rn_contract_labor_dpc,blended,contract,319.64,,,1.0,,0.92,High,agency
cc15441c-136f-4b0b-ab48-de316a69cce8,12/31/2024,hcris_nmrc,CMS HCRIS Hospital 2552-10 Worksheet S-3 Part II line 01100,https://downloads.cms.gov/Files/hcris/,ccn,190014,rn_contract_labor_dpc,blended,contract,97.35,,,1.0,,0.92,High,agency
c4a497d8-cfcc-4735-a918-0f4a516ae7d0,12/31/2024,hcris_nmrc,CMS HCRIS Hospital 2552-10 Worksheet S-3 Part II line 01100,https://downloads.cms.gov/Files/hcris/,ccn,100107,rn_contract_labor_dpc,blended,contract,65.97,,,1.0,,0.92,High,agency
ec32f1bc-f9b3-41ed-ba17-cb681f3dc992,12/31/2024,hcris_nmrc,CMS HCRIS Hospital 2552-10 Worksheet S-3 Part II line 01100,https://downloads.cms.gov/Files/hcris/,ccn,530012,rn_contract_labor_dpc,blended,contract,108.47,,,1.0,,0.92,High,agency
c968c4fd-3964-4d66-ab12-b0b4e8785876,12/31/2024,hcris_nmrc,CMS HCRIS Hospital 2552-10 Worksheet S-3 Part II line 01100,https://downloads.cms.gov/Files/hcris/,ccn,190270,rn_contract_labor_dpc,blended,contract,91.71,,,1.0,,0.92,High,agency
3fd066c3-fa22-4ed4-a808-a95dd5c1f9c8,12/31/2024,hcris_nmrc,CMS HCRIS Hospital 2552-10 Worksheet S-3 Part II line 01100,https://downloads.cms.gov/Files/hcris/,ccn,460001,rn_contract_labor_dpc,blended,contract,99.34,,,1.0,,0.92,High,agency
26339573-f1f7-48f8-b999-70579ec33a58,12/31/2024,hcris_nmrc,CMS HCRIS Hospital 2552-10 Worksheet S-3 Part II line 01100,https://downloads.cms.gov/Files/hcris/,ccn,180102,rn_contract_labor_dpc,blended,contract,92.17,,,1.0,,0.92,High,agency
37da771d-954e-4371-9849-b3d0c579de80,12/31/2024,hcris_nmrc,CMS HCRIS Hospital 2552-10 Worksheet S-3 Part II line 01100,https://downloads.cms.gov/Files/hcris/,ccn,450876,rn_contract_labor_dpc,blended,contract,64.91,,,1.0,,0.92,High,agency
c6c06c29-e34a-49a4-b1ce-ee545396ae95,12/31/2024,hcris_nmrc,CMS HCRIS Hospital 2552-10 Worksheet S-3 Part II line 01100,https://downloads.cms.gov/Files/hcris/,ccn,460015,rn_contract_labor_dpc,blended,contract,94.05,,,1.0,,0.92,High,agency
68d40864-14dd-4a25-b71f-5532afa444e9,12/31/2024,hcris_nmrc,CMS HCRIS Hospital 2552-10 Worksheet S-3 Part II line 01100,https://downloads.cms.gov/Files/hcris/,ccn,140002,rn_contract_labor_dpc,blended,contract,69.01,,,1.0,,0.92,High,agency
eeec3642-a4b6-4b4b-a505-aaa076c72efa,12/31/2024,hcris_nmrc,CMS HCRIS Hospital 2552-10 Worksheet S-3 Part II line 01100,https://downloads.cms.gov/Files/hcris/,ccn,523028,rn_contract_labor_dpc,blended,contract,43.73,,,1.0,,0.92,High,agency
20bc18f8-6bae-4cfa-8d5c-61e97f2cb14f,12/31/2024,hcris_nmrc,CMS HCRIS Hospital 2552-10 Worksheet S-3 Part II line 01100,https://downloads.cms.gov/Files/hcris/,ccn,010049,rn_contract_labor_dpc,blended,contract,67.1,,,1.0,,0.92,High,agency
473ff60e-feeb-4be8-9bbb-df099d6b7fa7,12/31/2024,hcris_nmrc,CMS HCRIS Hospital 2552-10 Worksheet S-3 Part II line 01100,https://downloads.cms.gov/Files/hcris/,ccn,190060,rn_contract_labor_dpc,blended,contract,64.9,,,1.0,,0.92,High,agency
9ea5271a-0fab-444c-92fb-08adcdcb2f96,12/31/2024,hcris_nmrc,CMS HCRIS Hospital 2552-10 Worksheet S-3 Part II line 01100,https://downloads.cms.gov/Files/hcris/,ccn,450875,rn_contract_labor_dpc,blended,contract,74.19,,,1.0,,0.92,High,agency
42e4477b-f20e-4ae6-9f04-5aad89e8732b,12/31/2024,hcris_nmrc,CMS HCRIS Hospital 2552-10 Worksheet S-3 Part II line 01100,https://downloads.cms.gov/Files/hcris/,ccn,460021,rn_contract_labor_dpc,blended,contract,104.95,,,1.0,,0.92,High,agency
55a036b4-0932-4594-bf26-3a522b961b50,12/31/2024,hcris_nmrc,CMS HCRIS Hospital 2552-10 Worksheet S-3 Part II line 01100,https://downloads.cms.gov/Files/hcris/,ccn,180051,rn_contract_labor_dpc,blended,contract,76.7,,,1.0,,0.92,High,agency
c385206d-4aa7-41bb-ac03-173e14e8957f,12/31/2024,hcris_nmrc,CMS HCRIS Hospital 2552-10 Worksheet S-3 Part II line 01100,https://downloads.cms.gov/Files/hcris/,ccn,523027,rn_contract_labor_dpc,blended,contract,74.65,,,1.0,,0.92,High,agency
384acd88-92b7-4bb5-a565-882deb6bd709,12/31/2024,hcris_nmrc,CMS HCRIS Hospital 2552-10 Worksheet S-3 Part II line 01100,https://downloads.cms.gov/Files/hcris/,ccn,460023,rn_contract_labor_dpc,blended,contract,108.69,,,1.0,,0.92,High,agency
c87e01b8-d890-45d9-ab49-0e2230db4df9,12/31/2024,hcris_nmrc,CMS HCRIS Hospital 2552-10 Worksheet S-3 Part II line 01100,https://downloads.cms.gov/Files/hcris/,ccn,450874,rn_contract_labor_dpc,blended,contract,52.1,,,1.0,,0.92,High,agency
06ca5ef7-987a-4507-ab9f-2f3a115f9c04,12/31/2024,hcris_nmrc,CMS HCRIS Hospital 2552-10 Worksheet S-3 Part II line 01100,https://downloads.cms.gov/Files/hcris/,ccn,140010,rn_contract_labor_dpc,blended,contract,40.87,,,1.0,,0.92,High,agency
e86dcd7a-ca28-44e2-a58b-307742993dd4,12/31/2024,hcris_nmrc,CMS HCRIS Hospital 2552-10 Worksheet S-3 Part II line 01100,https://downloads.cms.gov/Files/hcris/,ccn,460026,rn_contract_labor_dpc,blended,contract,107.46,,,1.0,,0.92,High,agency
d21d38f9-4339-4337-9d64-3c75982e63b8,12/31/2024,hcris_nmrc,CMS HCRIS Hospital 2552-10 Worksheet S-3 Part II line 01100,https://downloads.cms.gov/Files/hcris/,ccn,100075,rn_contract_labor_dpc,blended,contract,99.33,,,1.0,,0.92,High,agency
02a3abfe-0135-4128-a556-c505d97885a7,12/31/2024,hcris_nmrc,CMS HCRIS Hospital 2552-10 Worksheet S-3 Part II line 01100,https://downloads.cms.gov/Files/hcris/,ccn,670047,rn_contract_labor_dpc,blended,contract,72.67,,,1.0,,0.92,High,agency
5d0120ab-b115-4f04-ac8d-e8ab697bb91c,12/31/2024,hcris_nmrc,CMS HCRIS Hospital 2552-10 Worksheet S-3 Part II line 01100,https://downloads.cms.gov/Files/hcris/,ccn,450872,rn_contract_labor_dpc,blended,contract,79.58,,,1.0,,0.92,High,agency
2dd07088-106e-4a2d-ba93-f21ac19a5c38,12/31/2024,hcris_nmrc,CMS HCRIS Hospital 2552-10 Worksheet S-3 Part II line 01100,https://downloads.cms.gov/Files/hcris/,ccn,130074,rn_contract_labor_dpc,blended,contract,64.0,,,1.0,,0.92,High,agency
a97a7a88-d367-4104-acd6-180934e205bf,12/31/2024,hcris_nmrc,CMS HCRIS Hospital 2552-10 Worksheet S-3 Part II line 01100,https://downloads.cms.gov/Files/hcris/,ccn,130073,rn_contract_labor_dpc,blended,contract,91.0,,,1.0,,0.92,High,agency
36e5976c-5692-4d6e-8440-c1a6ccdec368,12/31/2024,hcris_nmrc,CMS HCRIS Hospital 2552-10 Worksheet S-3 Part II line 01100,https://downloads.cms.gov/Files/hcris/,ccn,460014,rn_contract_labor_dpc,blended,contract,29.47,,,1.0,,0.92,High,agency
eddb704e-d93b-47d9-98cc-a22c12aa22d8,12/31/2024,hcris_nmrc,CMS HCRIS Hospital 2552-10 Worksheet S-3 Part II line 01100,https://downloads.cms.gov/Files/hcris/,ccn,100121,rn_contract_labor_dpc,blended,contract,88.17,,,1.0,,0.92,High,agency
51f8f40c-61c5-4f14-a733-4f64f780e3e9,12/31/2024,hcris_nmrc,CMS HCRIS Hospital 2552-10 Worksheet S-3 Part II line 01100,https://downloads.cms.gov/Files/hcris/,ccn,120002,rn_contract_labor_dpc,blended,contract,85.79,,,1.0,,0.92,High,agency
3709d369-0c88-4bf6-b264-83c4fd29fb20,12/31/2024,hcris_nmrc,CMS HCRIS Hospital 2552-10 Worksheet S-3 Part II line 01100,https://downloads.cms.gov/Files/hcris/,ccn,030064,rn_contract_labor_dpc,blended,contract,135.45,,,1.0,,0.92,High,agency
463b522a-774d-4639-9fd6-95a6ec4ec887,12/31/2024,hcris_nmrc,CMS HCRIS Hospital 2552-10 Worksheet S-3 Part II line 01100,https://downloads.cms.gov/Files/hcris/,ccn,130063,rn_contract_labor_dpc,blended,contract,79.0,,,1.0,,0.92,High,agency
1157d4fd-efa0-472e-837d-07fd07ed84a0,12/31/2024,hcris_nmrc,CMS HCRIS Hospital 2552-10 Worksheet S-3 Part II line 01100,https://downloads.cms.gov/Files/hcris/,ccn,460004,rn_contract_labor_dpc,blended,contract,100.14,,,1.0,,0.92,High,agency
31cdc95c-38b6-4014-991c-95f472b8fa26,12/31/2024,hcris_nmrc,CMS HCRIS Hospital 2552-10 Worksheet S-3 Part II line 01100,https://downloads.cms.gov/Files/hcris/,ccn,180088,rn_contract_labor_dpc,blended,contract,82.55,,,1.0,,0.92,High,agency
359e7298-2ece-48eb-9c82-184aa2a5d00c,12/31/2024,hcris_nmrc,CMS HCRIS Hospital 2552-10 Worksheet S-3 Part II line 01100,https://downloads.cms.gov/Files/hcris/,ccn,460006,rn_contract_labor_dpc,blended,contract,71.14,,,1.0,,0.92,High,agency
db8b1b04-5523-4b38-91b9-58db53653fa0,12/31/2024,hcris_nmrc,CMS HCRIS Hospital 2552-10 Worksheet S-3 Part II line 01100,https://downloads.cms.gov/Files/hcris/,ccn,450883,rn_contract_labor_dpc,blended,contract,51.42,,,1.0,,0.92,High,agency
abc84e81-2189-4084-84f7-66712d97a2ab,12/31/2024,hcris_nmrc,CMS HCRIS Hospital 2552-10 Worksheet S-3 Part II line 01100,https://downloads.cms.gov/Files/hcris/,ccn,190040,rn_contract_labor_dpc,blended,contract,73.2,,,1.0,,0.92,High,agency
19213c4a-54b4-4424-b7a8-0772a0c322bf,12/31/2024,hcris_nmrc,CMS HCRIS Hospital 2552-10 Worksheet S-3 Part II line 01100,https://downloads.cms.gov/Files/hcris/,ccn,130065,rn_contract_labor_dpc,blended,contract,83.19,,,1.0,,0.92,High,agency
512a42c2-5e17-480b-970f-351acd952439,12/31/2024,hcris_nmrc,CMS HCRIS Hospital 2552-10 Worksheet S-3 Part II line 01100,https://downloads.cms.gov/Files/hcris/,ccn,190045,rn_contract_labor_dpc,blended,contract,52.54,,,1.0,,0.92,High,agency
c1de0415-b800-4586-821b-e96f5b99c244,12/31/2024,hcris_nmrc,CMS HCRIS Hospital 2552-10 Worksheet S-3 Part II line 01100,https://downloads.cms.gov/Files/hcris/,ccn,130066,rn_contract_labor_dpc,blended,contract,77.73,,,1.0,,0.92,High,agency
1f1359c5-a21e-46b9-b8bd-29d46bf76c64,12/31/2024,hcris_nmrc,CMS HCRIS Hospital 2552-10 Worksheet S-3 Part II line 01100,https://downloads.cms.gov/Files/hcris/,ccn,190046,rn_contract_labor_dpc,blended,contract,51.09,,,1.0,,0.92,High,agency
53bc1dd0-9ed4-4a2d-b528-570984e02b01,12/31/2024,hcris_nmrc,CMS HCRIS Hospital 2552-10 Worksheet S-3 Part II line 01100,https://downloads.cms.gov/Files/hcris/,ccn,030065,rn_contract_labor_dpc,blended,contract,100.9,,,1.0,,0.92,High,agency
8c4d9479-26ce-4007-9dd9-9b3f9e984de2,12/31/2024,hcris_nmrc,CMS HCRIS Hospital 2552-10 Worksheet S-3 Part II line 01100,https://downloads.cms.gov/Files/hcris/,ccn,460010,rn_contract_labor_dpc,blended,contract,47.33,,,1.0,,0.92,High,agency
f8695a56-85af-4a3c-8962-8605b0da4f60,12/31/2024,hcris_nmrc,CMS HCRIS Hospital 2552-10 Worksheet S-3 Part II line 01100,https://downloads.cms.gov/Files/hcris/,ccn,460011,rn_contract_labor_dpc,blended,contract,73.56,,,1.0,,0.92,High,agency
2a68e0a9-99bd-43e5-97f3-110276390991,12/31/2024,hcris_nmrc,CMS HCRIS Hospital 2552-10 Worksheet S-3 Part II line 01100,https://downloads.cms.gov/Files/hcris/,ccn,100118,rn_contract_labor_dpc,blended,contract,92.43,,,1.0,,0.92,High,agency
b93d5153-c7c7-4a92-a44f-84797a5eccbd,12/31/2024,hcris_nmrc,CMS HCRIS Hospital 2552-10 Worksheet S-3 Part II line 01100,https://downloads.cms.gov/Files/hcris/,ccn,460007,rn_contract_labor_dpc,blended,contract,94.25,,,1.0,,0.92,High,agency
05cd1a38-951b-4533-9264-e2d3fe61ace8,12/31/2024,hcris_nmrc,CMS HCRIS Hospital 2552-10 Worksheet S-3 Part II line 01100,https://downloads.cms.gov/Files/hcris/,ccn,170194,rn_contract_labor_dpc,blended,contract,38.64,,,1.0,,0.92,High,agency
031e4224-b76c-4d33-bdb9-750543fc0c44,12/31/2024,hcris_nmrc,CMS HCRIS Hospital 2552-10 Worksheet S-3 Part II line 01100,https://downloads.cms.gov/Files/hcris/,ccn,030002,rn_contract_labor_dpc,blended,contract,99.4,,,1.0,,0.92,High,agency
b15f1fe2-ac3f-4c00-bf6e-e8e35f497499,12/31/2024,hcris_nmrc,CMS HCRIS Hospital 2552-10 Worksheet S-3 Part II line 01100,https://downloads.cms.gov/Files/hcris/,ccn,450774,rn_contract_labor_dpc,blended,contract,56.79,,,1.0,,0.92,High,agency
e0c06345-fd99-4df5-93f7-62d6c14b7cb5,12/31/2024,hcris_nmrc,CMS HCRIS Hospital 2552-10 Worksheet S-3 Part II line 01100,https://downloads.cms.gov/Files/hcris/,ccn,030111,rn_contract_labor_dpc,blended,contract,52.4,,,1.0,,0.92,High,agency
28fa408d-1a2d-45e7-ae58-65f2287a56fe,12/31/2024,hcris_nmrc,CMS HCRIS Hospital 2552-10 Worksheet S-3 Part II line 01100,https://downloads.cms.gov/Files/hcris/,ccn,520102,rn_contract_labor_dpc,blended,contract,98.5,,,1.0,,0.92,High,agency
5ca8b1ee-f9f3-46bc-b4a4-e8c1dfc22ce0,12/31/2024,hcris_nmrc,CMS HCRIS Hospital 2552-10 Worksheet S-3 Part II line 01100,https://downloads.cms.gov/Files/hcris/,ccn,670122,rn_contract_labor_dpc,blended,contract,96.33,,,1.0,,0.92,High,agency
bd4aacf0-9942-425e-8fcf-2f24a33e2c3f,12/31/2024,hcris_nmrc,CMS HCRIS Hospital 2552-10 Worksheet S-3 Part II line 01100,https://downloads.cms.gov/Files/hcris/,ccn,490063,rn_contract_labor_dpc,blended,contract,92.29,,,1.0,,0.92,High,agency
6fe47885-9669-4d21-b724-52a3b083abe4,12/31/2024,hcris_nmrc,CMS HCRIS Hospital 2552-10 Worksheet S-3 Part II line 01100,https://downloads.cms.gov/Files/hcris/,ccn,110129,rn_contract_labor_dpc,blended,contract,97.89,,,1.0,,0.92,High,agency
e61563b7-ab26-4df3-87d1-20e232aa65e9,12/31/2024,hcris_nmrc,CMS HCRIS Hospital 2552-10 Worksheet S-3 Part II line 01100,https://downloads.cms.gov/Files/hcris/,ccn,490066,rn_contract_labor_dpc,blended,contract,89.84,,,1.0,,0.92,High,agency
3c588cfa-dc59-4105-b78d-2a08f3c456df,12/31/2024,hcris_nmrc,CMS HCRIS Hospital 2552-10 Worksheet S-3 Part II line 01100,https://downloads.cms.gov/Files/hcris/,ccn,100035,rn_contract_labor_dpc,blended,contract,82.96,,,1.0,,0.92,High,agency
2e2cb5d9-a568-4df2-af1b-c4323945e6f0,12/31/2024,hcris_nmrc,CMS HCRIS Hospital 2552-10 Worksheet S-3 Part II line 01100,https://downloads.cms.gov/Files/hcris/,ccn,030112,rn_contract_labor_dpc,blended,contract,55.87,,,1.0,,0.92,High,agency
58e57e35-4da7-4e22-bdcf-92cb971b8599,12/31/2024,hcris_nmrc,CMS HCRIS Hospital 2552-10 Worksheet S-3 Part II line 01100,https://downloads.cms.gov/Files/hcris/,ccn,163026,rn_contract_labor_dpc,blended,contract,86.2,,,1.0,,0.92,High,agency
21343f90-2ab9-4f77-af69-27e2afd1a063,12/31/2024,hcris_nmrc,CMS HCRIS Hospital 2552-10 Worksheet S-3 Part II line 01100,https://downloads.cms.gov/Files/hcris/,ccn,450644,rn_contract_labor_dpc,blended,contract,70.68,,,1.0,,0.92,High,agency
33e4de1c-9464-45b7-8f54-699feb95845c,12/31/2024,hcris_nmrc,CMS HCRIS Hospital 2552-10 Worksheet S-3 Part II line 01100,https://downloads.cms.gov/Files/hcris/,ccn,010089,rn_contract_labor_dpc,blended,contract,80.7,,,1.0,,0.92,High,agency
2f071415-aba9-4669-b314-8ad76d65b1a3,12/31/2024,hcris_nmrc,CMS HCRIS Hospital 2552-10 Worksheet S-3 Part II line 01100,https://downloads.cms.gov/Files/hcris/,ccn,020006,rn_contract_labor_dpc,blended,contract,89.25,,,1.0,,0.92,High,agency
5a2ab4cc-4728-462f-a60d-510a70e7e6ab,12/31/2024,hcris_nmrc,CMS HCRIS Hospital 2552-10 Worksheet S-3 Part II line 01100,https://downloads.cms.gov/Files/hcris/,ccn,170009,rn_contract_labor_dpc,blended,contract,64.48,,,1.0,,0.92,High,agency
0ffd0344-a97a-4bed-873e-9c404c0b5bc3,12/31/2024,hcris_nmrc,CMS HCRIS Hospital 2552-10 Worksheet S-3 Part II line 01100,https://downloads.cms.gov/Files/hcris/,ccn,140103,rn_contract_labor_dpc,blended,contract,95.27,,,1.0,,0.92,High,agency
f6b7d8be-42a8-4a1f-b433-9512bc5f6b8f,12/31/2024,hcris_nmrc,CMS HCRIS Hospital 2552-10 Worksheet S-3 Part II line 01100,https://downloads.cms.gov/Files/hcris/,ccn,140091,rn_contract_labor_dpc,blended,contract,95.14,,,1.0,,0.92,High,agency
4352157f-5eaa-4221-9832-d85728049710,12/31/2024,hcris_nmrc,CMS HCRIS Hospital 2552-10 Worksheet S-3 Part II line 01100,https://downloads.cms.gov/Files/hcris/,ccn,110150,rn_contract_labor_dpc,blended,contract,70.21,,,1.0,,0.92,High,agency
18b5b3e4-c563-4050-b5b6-cc3a61d1b306,12/31/2024,hcris_nmrc,CMS HCRIS Hospital 2552-10 Worksheet S-3 Part II line 01100,https://downloads.cms.gov/Files/hcris/,ccn,490050,rn_contract_labor_dpc,blended,contract,60.83,,,1.0,,0.92,High,agency
b70cd447-d0ab-493e-af89-aaf6421178b4,12/31/2024,hcris_nmrc,CMS HCRIS Hospital 2552-10 Worksheet S-3 Part II line 01100,https://downloads.cms.gov/Files/hcris/,ccn,030108,rn_contract_labor_dpc,blended,contract,56.7,,,1.0,,0.92,High,agency
4c97c1c9-3256-4ede-a70b-49d94514eb71,12/31/2024,hcris_nmrc,CMS HCRIS Hospital 2552-10 Worksheet S-3 Part II line 01100,https://downloads.cms.gov/Files/hcris/,ccn,100319,rn_contract_labor_dpc,blended,contract,53.89,,,1.0,,0.92,High,agency
3a22f222-b81c-424b-9831-ccc4da513c30,12/31/2024,hcris_nmrc,CMS HCRIS Hospital 2552-10 Worksheet S-3 Part II line 01100,https://downloads.cms.gov/Files/hcris/,ccn,490052,rn_contract_labor_dpc,blended,contract,95.16,,,1.0,,0.92,High,agency
c8b3e573-2017-449d-989a-00f41ec69fa1,12/31/2024,hcris_nmrc,CMS HCRIS Hospital 2552-10 Worksheet S-3 Part II line 01100,https://downloads.cms.gov/Files/hcris/,ccn,100176,rn_contract_labor_dpc,blended,contract,54.51,,,1.0,,0.92,High,agency
3fdda0ae-771b-46fc-8e2b-5b141c0b64f0,12/31/2024,hcris_nmrc,CMS HCRIS Hospital 2552-10 Worksheet S-3 Part II line 01100,https://downloads.cms.gov/Files/hcris/,ccn,490057,rn_contract_labor_dpc,blended,contract,95.52,,,1.0,,0.92,High,agency
0aa6948c-43c5-4b71-a415-ff9d031dd7e9,12/31/2024,hcris_nmrc,CMS HCRIS Hospital 2552-10 Worksheet S-3 Part II line 01100,https://downloads.cms.gov/Files/hcris/,ccn,193099,rn_contract_labor_dpc,blended,contract,69.76,,,1.0,,0.92,High,agency
1cdae3dc-8bd0-49b5-9d51-13c3f554e015,12/31/2024,hcris_nmrc,CMS HCRIS Hospital 2552-10 Worksheet S-3 Part II line 01100,https://downloads.cms.gov/Files/hcris/,ccn,140101,rn_contract_labor_dpc,blended,contract,75.83,,,1.0,,0.92,High,agency
4e93a906-5db5-446a-9f12-31c2aba158a3,12/31/2024,hcris_nmrc,CMS HCRIS Hospital 2552-10 Worksheet S-3 Part II line 01100,https://downloads.cms.gov/Files/hcris/,ccn,450656,rn_contract_labor_dpc,blended,contract,48.17,,,1.0,,0.92,High,agency
2285ec6e-8a1a-4781-b334-7f842d9d26de,12/31/2024,hcris_nmrc,CMS HCRIS Hospital 2552-10 Worksheet S-3 Part II line 01100,https://downloads.cms.gov/Files/hcris/,ccn,670120,rn_contract_labor_dpc,blended,contract,59.21,,,1.0,,0.92,High,agency
d6fe4c25-23c1-4746-b967-78f73f5c368c,12/31/2024,hcris_nmrc,CMS HCRIS Hospital 2552-10 Worksheet S-3 Part II line 01100,https://downloads.cms.gov/Files/hcris/,ccn,490046,rn_contract_labor_dpc,blended,contract,57.59,,,1.0,,0.92,High,agency
5aff9544-fd92-4ea6-b2dc-5f8cba4ff2e7,12/31/2024,hcris_nmrc,CMS HCRIS Hospital 2552-10 Worksheet S-3 Part II line 01100,https://downloads.cms.gov/Files/hcris/,ccn,100034,rn_contract_labor_dpc,blended,contract,86.3,,,1.0,,0.92,High,agency
4828f492-b70e-45fb-8e3b-8d974b8f1c9f,12/31/2024,hcris_nmrc,CMS HCRIS Hospital 2552-10 Worksheet S-3 Part II line 01100,https://downloads.cms.gov/Files/hcris/,ccn,140120,rn_contract_labor_dpc,blended,contract,73.55,,,1.0,,0.92,High,agency
27c16af9-8b36-4dda-af85-d94ed29a731f,12/31/2024,hcris_nmrc,CMS HCRIS Hospital 2552-10 Worksheet S-3 Part II line 01100,https://downloads.cms.gov/Files/hcris/,ccn,520089,rn_contract_labor_dpc,blended,contract,88.63,,,1.0,,0.92,High,agency
ed115da7-05b8-416e-b8f6-9309d76b10c5,12/31/2024,hcris_nmrc,CMS HCRIS Hospital 2552-10 Worksheet S-3 Part II line 01100,https://downloads.cms.gov/Files/hcris/,ccn,490090,rn_contract_labor_dpc,blended,contract,98.5,,,1.0,,0.92,High,agency
c2eee1b3-37cc-41f7-a209-93765d03c4ec,12/31/2024,hcris_nmrc,CMS HCRIS Hospital 2552-10 Worksheet S-3 Part II line 01100,https://downloads.cms.gov/Files/hcris/,ccn,110107,rn_contract_labor_dpc,blended,contract,67.16,,,1.0,,0.92,High,agency
5eb25ff6-01d6-4310-b431-d9ed21701524,12/31/2024,hcris_nmrc,CMS HCRIS Hospital 2552-10 Worksheet S-3 Part II line 01100,https://downloads.cms.gov/Files/hcris/,ccn,160110,rn_contract_labor_dpc,blended,contract,90.87,,,1.0,,0.92,High,agency
48e6dcc2-3c01-4f5c-b3e1-70f7b35b5b60,12/31/2024,hcris_nmrc,CMS HCRIS Hospital 2552-10 Worksheet S-3 Part II line 01100,https://downloads.cms.gov/Files/hcris/,ccn,140122,rn_contract_labor_dpc,blended,contract,87.41,,,1.0,,0.92,High,agency
a64269f8-4534-4268-9c28-5924730e4d47,12/31/2024,hcris_nmrc,CMS HCRIS Hospital 2552-10 Worksheet S-3 Part II line 01100,https://downloads.cms.gov/Files/hcris/,ccn,200031,rn_contract_labor_dpc,blended,contract,103.92,,,1.0,,0.92,High,agency
5222e013-ee5a-4d76-ac6a-dd057321b029,12/31/2024,hcris_nmrc,CMS HCRIS Hospital 2552-10 Worksheet S-3 Part II line 01100,https://downloads.cms.gov/Files/hcris/,ccn,520088,rn_contract_labor_dpc,blended,contract,94.16,,,1.0,,0.92,High,agency
e7e4b64c-1055-4f77-99c5-6f28b54bc8d4,12/31/2024,hcris_nmrc,CMS HCRIS Hospital 2552-10 Worksheet S-3 Part II line 01100,https://downloads.cms.gov/Files/hcris/,ccn,490092,rn_contract_labor_dpc,blended,contract,93.55,,,1.0,,0.92,High,agency
61de1672-23ef-4e71-b141-2c3d75b7fa90,12/31/2024,hcris_nmrc,CMS HCRIS Hospital 2552-10 Worksheet S-3 Part II line 01100,https://downloads.cms.gov/Files/hcris/,ccn,160104,rn_contract_labor_dpc,blended,contract,93.52,,,1.0,,0.92,High,agency
8b7ff143-8b3c-4046-80e0-4f33d2ca6376,12/31/2024,hcris_nmrc,CMS HCRIS Hospital 2552-10 Worksheet S-3 Part II line 01100,https://downloads.cms.gov/Files/hcris/,ccn,030115,rn_contract_labor_dpc,blended,contract,102.64,,,1.0,,0.92,High,agency
42bcbf0b-4ea5-40c6-a1b9-541fb1ad01c4,12/31/2024,hcris_nmrc,CMS HCRIS Hospital 2552-10 Worksheet S-3 Part II line 01100,https://downloads.cms.gov/Files/hcris/,ccn,200034,rn_contract_labor_dpc,blended,contract,83.79,,,1.0,,0.92,High,agency
75fcac9a-e831-4639-a692-2bb65629f589,12/31/2024,hcris_nmrc,CMS HCRIS Hospital 2552-10 Worksheet S-3 Part II line 01100,https://downloads.cms.gov/Files/hcris/,ccn,490093,rn_contract_labor_dpc,blended,contract,94.41,,,1.0,,0.92,High,agency
fa783fcd-279f-4d3a-b7ed-fe51bf01b4ab,12/31/2024,hcris_nmrc,CMS HCRIS Hospital 2552-10 Worksheet S-3 Part II line 01100,https://downloads.cms.gov/Files/hcris/,ccn,670136,rn_contract_labor_dpc,blended,contract,132.14,,,1.0,,0.92,High,agency
c1af9347-1a08-4fa7-8041-694fa0ee99b7,12/31/2024,hcris_nmrc,CMS HCRIS Hospital 2552-10 Worksheet S-3 Part II line 01100,https://downloads.cms.gov/Files/hcris/,ccn,490097,rn_contract_labor_dpc,blended,contract,51.27,,,1.0,,0.92,High,agency
24c5458c-243c-41fd-81d5-984aea7ca756,12/31/2024,hcris_nmrc,CMS HCRIS Hospital 2552-10 Worksheet S-3 Part II line 01100,https://downloads.cms.gov/Files/hcris/,ccn,140125,rn_contract_labor_dpc,blended,contract,71.99,,,1.0,,0.92,High,agency
5adeed1c-986b-460b-9ad8-9f4b5fab2100,12/31/2024,hcris_nmrc,CMS HCRIS Hospital 2552-10 Worksheet S-3 Part II line 01100,https://downloads.cms.gov/Files/hcris/,ccn,103044,rn_contract_labor_dpc,blended,contract,85.72,,,1.0,,0.92,High,agency
ff041259-0bd1-4fa7-80f5-7172ce9d4949,12/31/2024,hcris_nmrc,CMS HCRIS Hospital 2552-10 Worksheet S-3 Part II line 01100,https://downloads.cms.gov/Files/hcris/,ccn,450617,rn_contract_labor_dpc,blended,contract,196.86,,,1.0,,0.92,High,agency
9a203fff-e6b3-4407-a44c-3d2e04935822,12/31/2024,hcris_nmrc,CMS HCRIS Hospital 2552-10 Worksheet S-3 Part II line 01100,https://downloads.cms.gov/Files/hcris/,ccn,200020,rn_contract_labor_dpc,blended,contract,81.98,,,1.0,,0.92,High,agency
3cdc15b8-6718-4634-83f7-bc2c9277e2b9,12/31/2024,hcris_nmrc,CMS HCRIS Hospital 2552-10 Worksheet S-3 Part II line 01100,https://downloads.cms.gov/Files/hcris/,ccn,160117,rn_contract_labor_dpc,blended,contract,98.74,,,1.0,,0.92,High,agency
eb86440f-cf7f-4731-81ee-de83594c8752,12/31/2024,hcris_nmrc,CMS HCRIS Hospital 2552-10 Worksheet S-3 Part II line 01100,https://downloads.cms.gov/Files/hcris/,ccn,450643,rn_contract_labor_dpc,blended,contract,148.34,,,1.0,,0.92,High,agency
4b683ad9-28ea-40a8-8dfc-81721277b49c,12/31/2024,hcris_nmrc,CMS HCRIS Hospital 2552-10 Worksheet S-3 Part II line 01100,https://downloads.cms.gov/Files/hcris/,ccn,163025,rn_contract_labor_dpc,blended,contract,62.34,,,1.0,,0.92,High,agency
d4d0d124-f2c1-4a3c-aa4e-bf65c5081e29,12/31/2024,hcris_nmrc,CMS HCRIS Hospital 2552-10 Worksheet S-3 Part II line 01100,https://downloads.cms.gov/Files/hcris/,ccn,520100,rn_contract_labor_dpc,blended,contract,81.15,,,1.0,,0.92,High,agency
3fd2dd59-77ca-4dd8-94f5-e6cdac516615,12/31/2024,hcris_nmrc,CMS HCRIS Hospital 2552-10 Worksheet S-3 Part II line 01100,https://downloads.cms.gov/Files/hcris/,ccn,490067,rn_contract_labor_dpc,blended,contract,91.77,,,1.0,,0.92,High,agency
95fa807c-1ea5-4aa6-91f5-142036634997,12/31/2024,hcris_nmrc,CMS HCRIS Hospital 2552-10 Worksheet S-3 Part II line 01100,https://downloads.cms.gov/Files/hcris/,ccn,200001,rn_contract_labor_dpc,blended,contract,78.82,,,1.0,,0.92,High,agency
1d444617-5072-4a2d-a454-544353acf042,12/31/2024,hcris_nmrc,CMS HCRIS Hospital 2552-10 Worksheet S-3 Part II line 01100,https://downloads.cms.gov/Files/hcris/,ccn,162003,rn_contract_labor_dpc,blended,contract,86.65,,,1.0,,0.92,High,agency
b48c7c12-e848-4454-956a-8a0526fc7f3e,12/31/2024,hcris_nmrc,CMS HCRIS Hospital 2552-10 Worksheet S-3 Part II line 01100,https://downloads.cms.gov/Files/hcris/,ccn,140114,rn_contract_labor_dpc,blended,contract,95.5,,,1.0,,0.92,High,agency
ac8c235c-ab10-45a3-868e-bf9ed34d587e,12/31/2024,hcris_nmrc,CMS HCRIS Hospital 2552-10 Worksheet S-3 Part II line 01100,https://downloads.cms.gov/Files/hcris/,ccn,020001,rn_contract_labor_dpc,blended,contract,70.37,,,1.0,,0.92,High,agency
14f3c330-e26b-47b0-ab31-588fa4b3bd8c,12/31/2024,hcris_nmrc,CMS HCRIS Hospital 2552-10 Worksheet S-3 Part II line 01100,https://downloads.cms.gov/Files/hcris/,ccn,490077,rn_contract_labor_dpc,blended,contract,92.88,,,1.0,,0.92,High,agency
02cc0225-1974-4111-91ee-06e4add944b1,12/31/2024,hcris_nmrc,CMS HCRIS Hospital 2552-10 Worksheet S-3 Part II line 01100,https://downloads.cms.gov/Files/hcris/,ccn,160147,rn_contract_labor_dpc,blended,contract,98.43,,,1.0,,0.92,High,agency
c88e439a-8dbc-43ca-b776-d4dc8099eabc,12/31/2024,hcris_nmrc,CMS HCRIS Hospital 2552-10 Worksheet S-3 Part II line 01100,https://downloads.cms.gov/Files/hcris/,ccn,160146,rn_contract_labor_dpc,blended,contract,100.82,,,1.0,,0.92,High,agency
f96f8c34-e575-404b-b877-04708b7af2fe,12/31/2024,hcris_nmrc,CMS HCRIS Hospital 2552-10 Worksheet S-3 Part II line 01100,https://downloads.cms.gov/Files/hcris/,ccn,110113,rn_contract_labor_dpc,blended,contract,76.53,,,1.0,,0.92,High,agency
bc079e7a-c8d7-48b8-89ef-0813435bdeb2,12/31/2024,hcris_nmrc,CMS HCRIS Hospital 2552-10 Worksheet S-3 Part II line 01100,https://downloads.cms.gov/Files/hcris/,ccn,520095,rn_contract_labor_dpc,blended,contract,97.22,,,1.0,,0.92,High,agency
267c3cb3-dfcf-4531-ae3f-8b881cfdbd7a,12/31/2024,hcris_nmrc,CMS HCRIS Hospital 2552-10 Worksheet S-3 Part II line 01100,https://downloads.cms.gov/Files/hcris/,ccn,490088,rn_contract_labor_dpc,blended,contract,105.01,,,1.0,,0.92,High,agency
2a7c54dc-1e8c-4e28-9259-0a7e34efdae2,12/31/2024,hcris_nmrc,CMS HCRIS Hospital 2552-10 Worksheet S-3 Part II line 01100,https://downloads.cms.gov/Files/hcris/,ccn,490075,rn_contract_labor_dpc,blended,contract,79.14,,,1.0,,0.92,High,agency
60b969d5-eefa-41e6-bf0f-1489c55667da,12/31/2024,hcris_nmrc,CMS HCRIS Hospital 2552-10 Worksheet S-3 Part II line 01100,https://downloads.cms.gov/Files/hcris/,ccn,170186,rn_contract_labor_dpc,blended,contract,47.45,,,1.0,,0.92,High,agency
c9ec9cc7-5cb0-4be8-8e34-e62fc96821c4,12/31/2024,hcris_nmrc,CMS HCRIS Hospital 2552-10 Worksheet S-3 Part II line 01100,https://downloads.cms.gov/Files/hcris/,ccn,520198,rn_contract_labor_dpc,blended,contract,113.09,,,1.0,,0.92,High,agency
603d1480-451d-4442-a2c7-91000e0f3983,12/31/2024,hcris_nmrc,CMS HCRIS Hospital 2552-10 Worksheet S-3 Part II line 01100,https://downloads.cms.gov/Files/hcris/,ccn,030093,rn_contract_labor_dpc,blended,contract,96.1,,,1.0,,0.92,High,agency
0e1a8475-2580-4155-9753-af42123dda08,12/31/2024,hcris_nmrc,CMS HCRIS Hospital 2552-10 Worksheet S-3 Part II line 01100,https://downloads.cms.gov/Files/hcris/,ccn,100151,rn_contract_labor_dpc,blended,contract,67.18,,,1.0,,0.92,High,agency
04924bad-a73b-4811-b7c9-cfea58a6f275,12/31/2024,hcris_nmrc,CMS HCRIS Hospital 2552-10 Worksheet S-3 Part II line 01100,https://downloads.cms.gov/Files/hcris/,ccn,170185,rn_contract_labor_dpc,blended,contract,78.06,,,1.0,,0.92,High,agency
ef0a6088-aa04-47a9-98da-fb18c96fcc32,12/31/2024,hcris_nmrc,CMS HCRIS Hospital 2552-10 Worksheet S-3 Part II line 01100,https://downloads.cms.gov/Files/hcris/,ccn,490021,rn_contract_labor_dpc,blended,contract,95.85,,,1.0,,0.92,High,agency
7c9b116a-230d-402f-86ed-3f5f232329bb,12/31/2024,hcris_nmrc,CMS HCRIS Hospital 2552-10 Worksheet S-3 Part II line 01100,https://downloads.cms.gov/Files/hcris/,ccn,490022,rn_contract_labor_dpc,blended,contract,101.63,,,1.0,,0.92,High,agency
f8447e70-af2a-4c7d-9adf-092e7c0415a0,12/31/2024,hcris_nmrc,CMS HCRIS Hospital 2552-10 Worksheet S-3 Part II line 01100,https://downloads.cms.gov/Files/hcris/,ccn,450709,rn_contract_labor_dpc,blended,contract,125.72,,,1.0,,0.92,High,agency
4eb85ed4-b67d-47d4-84fa-3e7ad2ab1786,12/31/2024,hcris_nmrc,CMS HCRIS Hospital 2552-10 Worksheet S-3 Part II line 01100,https://downloads.cms.gov/Files/hcris/,ccn,170146,rn_contract_labor_dpc,blended,contract,70.8,,,1.0,,0.92,High,agency
46788fc3-d9d3-474c-bf53-bb838faef477,12/31/2024,hcris_nmrc,CMS HCRIS Hospital 2552-10 Worksheet S-3 Part II line 01100,https://downloads.cms.gov/Files/hcris/,ccn,520193,rn_contract_labor_dpc,blended,contract,95.01,,,1.0,,0.92,High,agency
f75a36d4-c4a2-4c84-a35f-f4b5f4869c93,12/31/2024,hcris_nmrc,CMS HCRIS Hospital 2552-10 Worksheet S-3 Part II line 01100,https://downloads.cms.gov/Files/hcris/,ccn,140065,rn_contract_labor_dpc,blended,contract,92.05,,,1.0,,0.92,High,agency
3d47e286-c20b-4fe4-afed-a15442960421,12/31/2024,hcris_nmrc,CMS HCRIS Hospital 2552-10 Worksheet S-3 Part II line 01100,https://downloads.cms.gov/Files/hcris/,ccn,450730,rn_contract_labor_dpc,blended,contract,60.15,,,1.0,,0.92,High,agency
f2174a7b-cca7-4d3b-ba3c-b9d3af208f11,12/31/2024,hcris_nmrc,CMS HCRIS Hospital 2552-10 Worksheet S-3 Part II line 01100,https://downloads.cms.gov/Files/hcris/,ccn,670078,rn_contract_labor_dpc,blended,contract,40.54,,,1.0,,0.92,High,agency
183e772c-dd8a-4c35-a697-abf5a3dd9e06,12/31/2024,hcris_nmrc,CMS HCRIS Hospital 2552-10 Worksheet S-3 Part II line 01100,https://downloads.cms.gov/Files/hcris/,ccn,190313,rn_contract_labor_dpc,blended,contract,75.36,,,1.0,,0.92,High,agency
cff16ca7-ca02-477a-9497-d1766ce65dfe,12/31/2024,hcris_nmrc,CMS HCRIS Hospital 2552-10 Worksheet S-3 Part II line 01100,https://downloads.cms.gov/Files/hcris/,ccn,030089,rn_contract_labor_dpc,blended,contract,98.89,,,1.0,,0.92,High,agency
6b6e3a32-53d5-4598-9d42-28933158add8,12/31/2024,hcris_nmrc,CMS HCRIS Hospital 2552-10 Worksheet S-3 Part II line 01100,https://downloads.cms.gov/Files/hcris/,ccn,190278,rn_contract_labor_dpc,blended,contract,75.0,,,1.0,,0.92,High,agency
59d71552-2043-4511-854e-b9ef2b9f17ce,12/31/2024,hcris_nmrc,CMS HCRIS Hospital 2552-10 Worksheet S-3 Part II line 01100,https://downloads.cms.gov/Files/hcris/,ccn,450771,rn_contract_labor_dpc,blended,contract,70.58,,,1.0,,0.92,High,agency
eb54e6e0-9407-4852-9953-eef3a371531a,12/31/2024,hcris_nmrc,CMS HCRIS Hospital 2552-10 Worksheet S-3 Part II line 01100,https://downloads.cms.gov/Files/hcris/,ccn,100052,rn_contract_labor_dpc,blended,contract,79.0,,,1.0,,0.92,High,agency
c4f44831-a580-4068-a1dd-3f8f3181183d,12/31/2024,hcris_nmrc,CMS HCRIS Hospital 2552-10 Worksheet S-3 Part II line 01100,https://downloads.cms.gov/Files/hcris/,ccn,190300,rn_contract_labor_dpc,blended,contract,39.79,,,1.0,,0.92,High,agency
3410b41e-e777-4162-9f8e-7575847df84a,12/31/2024,hcris_nmrc,CMS HCRIS Hospital 2552-10 Worksheet S-3 Part II line 01100,https://downloads.cms.gov/Files/hcris/,ccn,520205,rn_contract_labor_dpc,blended,contract,60.06,,,1.0,,0.92,High,agency
533c8745-8bc6-4ee4-b2c3-c824b20de769,12/31/2024,hcris_nmrc,CMS HCRIS Hospital 2552-10 Worksheet S-3 Part II line 01100,https://downloads.cms.gov/Files/hcris/,ccn,490013,rn_contract_labor_dpc,blended,contract,87.56,,,1.0,,0.92,High,agency
657de597-8c7f-4d9c-8336-8db26166b90b,12/31/2024,hcris_nmrc,CMS HCRIS Hospital 2552-10 Worksheet S-3 Part II line 01100,https://downloads.cms.gov/Files/hcris/,ccn,170190,rn_contract_labor_dpc,blended,contract,78.98,,,1.0,,0.92,High,agency
acb5ad05-239f-4721-aa04-7753156a5646,12/31/2024,hcris_nmrc,CMS HCRIS Hospital 2552-10 Worksheet S-3 Part II line 01100,https://downloads.cms.gov/Files/hcris/,ccn,450747,rn_contract_labor_dpc,blended,contract,55.66,,,1.0,,0.92,High,agency
208be9b9-905c-49b3-9183-ac65e6de4f0c,12/31/2024,hcris_nmrc,CMS HCRIS Hospital 2552-10 Worksheet S-3 Part II line 01100,https://downloads.cms.gov/Files/hcris/,ccn,170137,rn_contract_labor_dpc,blended,contract,101.16,,,1.0,,0.92,High,agency
5f26273c-26e3-4938-b5d1-7d05422da52d,12/31/2024,hcris_nmrc,CMS HCRIS Hospital 2552-10 Worksheet S-3 Part II line 01100,https://downloads.cms.gov/Files/hcris/,ccn,520202,rn_contract_labor_dpc,blended,contract,77.31,,,1.0,,0.92,High,agency
ff28b423-57c9-40cb-ba83-2c858ccf573c,12/31/2024,hcris_nmrc,CMS HCRIS Hospital 2552-10 Worksheet S-3 Part II line 01100,https://downloads.cms.gov/Files/hcris/,ccn,030092,rn_contract_labor_dpc,blended,contract,80.97,,,1.0,,0.92,High,agency
c71fe7bd-93ac-48d7-b61b-fdc29792bccd,12/31/2024,hcris_nmrc,CMS HCRIS Hospital 2552-10 Worksheet S-3 Part II line 01100,https://downloads.cms.gov/Files/hcris/,ccn,170188,rn_contract_labor_dpc,blended,contract,133.55,,,1.0,,0.92,High,agency
c8cef4c5-df4e-4fe7-b33d-844d4acbc083,12/31/2024,hcris_nmrc,CMS HCRIS Hospital 2552-10 Worksheet S-3 Part II line 01100,https://downloads.cms.gov/Files/hcris/,ccn,490018,rn_contract_labor_dpc,blended,contract,59.32,,,1.0,,0.92,High,agency
c0409cdb-6c39-495c-9923-8660ee449c02,12/31/2024,hcris_nmrc,CMS HCRIS Hospital 2552-10 Worksheet S-3 Part II line 01100,https://downloads.cms.gov/Files/hcris/,ccn,670077,rn_contract_labor_dpc,blended,contract,91.31,,,1.0,,0.92,High,agency
ec0afc0e-5c20-4160-a286-de9721e598a1,12/31/2024,hcris_nmrc,CMS HCRIS Hospital 2552-10 Worksheet S-3 Part II line 01100,https://downloads.cms.gov/Files/hcris/,ccn,170187,rn_contract_labor_dpc,blended,contract,83.94,,,1.0,,0.92,High,agency
529ca2db-c16c-4508-aa8b-aeabfae2c090,12/31/2024,hcris_nmrc,CMS HCRIS Hospital 2552-10 Worksheet S-3 Part II line 01100,https://downloads.cms.gov/Files/hcris/,ccn,190303,rn_contract_labor_dpc,blended,contract,144.06,,,1.0,,0.92,High,agency
ef4ec462-512b-4986-be75-a3ea74f87f5e,12/31/2024,hcris_nmrc,CMS HCRIS Hospital 2552-10 Worksheet S-3 Part II line 01100,https://downloads.cms.gov/Files/hcris/,ccn,010086,rn_contract_labor_dpc,blended,contract,70.68,,,1.0,,0.92,High,agency
1e65b67a-51a7-4469-9329-a1211a4d6214,12/31/2024,hcris_nmrc,CMS HCRIS Hospital 2552-10 Worksheet S-3 Part II line 01100,https://downloads.cms.gov/Files/hcris/,ccn,520189,rn_contract_labor_dpc,blended,contract,89.96,,,1.0,,0.92,High,agency
8267877e-b433-409c-93d7-0606e101c7da,12/31/2024,hcris_nmrc,CMS HCRIS Hospital 2552-10 Worksheet S-3 Part II line 01100,https://downloads.cms.gov/Files/hcris/,ccn,490037,rn_contract_labor_dpc,blended,contract,89.24,,,1.0,,0.92,High,agency
4fc37368-a5f9-46ba-aeac-c757ca76882b,12/31/2024,hcris_nmrc,CMS HCRIS Hospital 2552-10 Worksheet S-3 Part II line 01100,https://downloads.cms.gov/Files/hcris/,ccn,490043,rn_contract_labor_dpc,blended,contract,75.99,,,1.0,,0.92,High,agency
018b3737-c536-426d-aa34-7efdfc7590b3,12/31/2024,hcris_nmrc,CMS HCRIS Hospital 2552-10 Worksheet S-3 Part II line 01100,https://downloads.cms.gov/Files/hcris/,ccn,193031,rn_contract_labor_dpc,blended,contract,47.01,,,1.0,,0.92,High,agency
284bca51-af21-4e4a-8b95-f6fe08e37c98,12/31/2024,hcris_nmrc,CMS HCRIS Hospital 2552-10 Worksheet S-3 Part II line 01100,https://downloads.cms.gov/Files/hcris/,ccn,100044,rn_contract_labor_dpc,blended,contract,62.05,,,1.0,,0.92,High,agency
ce921a63-a1b0-46ef-93ae-a5c9b3509b88,12/31/2024,hcris_nmrc,CMS HCRIS Hospital 2552-10 Worksheet S-3 Part II line 01100,https://downloads.cms.gov/Files/hcris/,ccn,450677,rn_contract_labor_dpc,blended,contract,71.01,,,1.0,,0.92,High,agency
d85c0b0a-53f3-4522-a7ce-cadc1f12b9a1,12/31/2024,hcris_nmrc,CMS HCRIS Hospital 2552-10 Worksheet S-3 Part II line 01100,https://downloads.cms.gov/Files/hcris/,ccn,030105,rn_contract_labor_dpc,blended,contract,108.61,,,1.0,,0.92,High,agency
2dcf0da6-f361-4412-9e9f-4e6393f76855,12/31/2024,hcris_nmrc,CMS HCRIS Hospital 2552-10 Worksheet S-3 Part II line 01100,https://downloads.cms.gov/Files/hcris/,ccn,490044,rn_contract_labor_dpc,blended,contract,93.83,,,1.0,,0.92,High,agency
32ad122c-dd84-4912-aba5-18a40b4ba1e4,12/31/2024,hcris_nmrc,CMS HCRIS Hospital 2552-10 Worksheet S-3 Part II line 01100,https://downloads.cms.gov/Files/hcris/,ccn,170068,rn_contract_labor_dpc,blended,contract,82.58,,,1.0,,0.92,High,agency
5c5dd21b-ff93-45f3-965d-3738eded7b6f,12/31/2024,hcris_nmrc,CMS HCRIS Hospital 2552-10 Worksheet S-3 Part II line 01100,https://downloads.cms.gov/Files/hcris/,ccn,110165,rn_contract_labor_dpc,blended,contract,69.39,,,1.0,,0.92,High,agency
b34c9f7a-0cfe-4978-b81c-8e442b657b51,12/31/2024,hcris_nmrc,CMS HCRIS Hospital 2552-10 Worksheet S-3 Part II line 01100,https://downloads.cms.gov/Files/hcris/,ccn,100173,rn_contract_labor_dpc,blended,contract,45.97,,,1.0,,0.92,High,agency
79154706-e264-4e7f-b764-40e8530c49c5,12/31/2024,hcris_nmrc,CMS HCRIS Hospital 2552-10 Worksheet S-3 Part II line 01100,https://downloads.cms.gov/Files/hcris/,ccn,520113,rn_contract_labor_dpc,blended,contract,95.22,,,1.0,,0.92,High,agency
098c4e13-5ee1-40d3-a956-b2ef79dfd2af,12/31/2024,hcris_nmrc,CMS HCRIS Hospital 2552-10 Worksheet S-3 Part II line 01100,https://downloads.cms.gov/Files/hcris/,ccn,020012,rn_contract_labor_dpc,blended,contract,160.28,,,1.0,,0.92,High,agency
06d5ce4b-44b6-48ea-8ed7-7cacd521d1b4,12/31/2024,hcris_nmrc,CMS HCRIS Hospital 2552-10 Worksheet S-3 Part II line 01100,https://downloads.cms.gov/Files/hcris/,ccn,670107,rn_contract_labor_dpc,blended,contract,76.94,,,1.0,,0.92,High,agency
f3f48548-90c0-453b-95fc-373545e28226,12/31/2024,hcris_nmrc,CMS HCRIS Hospital 2552-10 Worksheet S-3 Part II line 01100,https://downloads.cms.gov/Files/hcris/,ccn,100043,rn_contract_labor_dpc,blended,contract,97.6,,,1.0,,0.92,High,agency
a13eebe2-a577-4d43-b682-4d63efff7b25,12/31/2024,hcris_nmrc,CMS HCRIS Hospital 2552-10 Worksheet S-3 Part II line 01100,https://downloads.cms.gov/Files/hcris/,ccn,030107,rn_contract_labor_dpc,blended,contract,53.65,,,1.0,,0.92,High,agency
80c1809c-6eac-4051-af1c-6961fc3e2373,12/31/2024,hcris_nmrc,CMS HCRIS Hospital 2552-10 Worksheet S-3 Part II line 01100,https://downloads.cms.gov/Files/hcris/,ccn,670102,rn_contract_labor_dpc,blended,contract,28.44,,,1.0,,0.92,High,agency
fc1007c3-64fe-46a2-93b0-ec2e69d33d6a,12/31/2024,hcris_nmrc,CMS HCRIS Hospital 2552-10 Worksheet S-3 Part II line 01100,https://downloads.cms.gov/Files/hcris/,ccn,170104,rn_contract_labor_dpc,blended,contract,86.38,,,1.0,,0.92,High,agency
3a3cdbda-fcc6-4227-9e33-85fb4b66a7fa,12/31/2024,hcris_nmrc,CMS HCRIS Hospital 2552-10 Worksheet S-3 Part II line 01100,https://downloads.cms.gov/Files/hcris/,ccn,450684,rn_contract_labor_dpc,blended,contract,94.57,,,1.0,,0.92,High,agency
e2627eaa-854e-4e4d-bf14-0df37cce030a,12/31/2024,hcris_nmrc,CMS HCRIS Hospital 2552-10 Worksheet S-3 Part II line 01100,https://downloads.cms.gov/Files/hcris/,ccn,170120,rn_contract_labor_dpc,blended,contract,88.41,,,1.0,,0.92,High,agency
8e74f601-38d0-4e50-8d55-36548035f8ea,12/31/2024,hcris_nmrc,CMS HCRIS Hospital 2552-10 Worksheet S-3 Part II line 01100,https://downloads.cms.gov/Files/hcris/,ccn,100046,rn_contract_labor_dpc,blended,contract,68.26,,,1.0,,0.92,High,agency
49df9ee4-4537-4499-9dc6-6170549c4942,12/31/2024,hcris_nmrc,CMS HCRIS Hospital 2552-10 Worksheet S-3 Part II line 01100,https://downloads.cms.gov/Files/hcris/,ccn,140077,rn_contract_labor_dpc,blended,contract,73.38,,,1.0,,0.92,High,agency
02ede98b-2b25-46c8-a5a6-bf0e2e095653,12/31/2024,hcris_nmrc,CMS HCRIS Hospital 2552-10 Worksheet S-3 Part II line 01100,https://downloads.cms.gov/Files/hcris/,ccn,100166,rn_contract_labor_dpc,blended,contract,107.61,,,1.0,,0.92,High,agency
2b212757-ef33-4b08-b0c1-9486afc778a8,12/31/2024,hcris_nmrc,CMS HCRIS Hospital 2552-10 Worksheet S-3 Part II line 01100,https://downloads.cms.gov/Files/hcris/,ccn,170123,rn_contract_labor_dpc,blended,contract,37.1,,,1.0,,0.92,High,agency
e1ba6136-0e4e-4cfd-a245-e7eb52a941c4,12/31/2024,hcris_nmrc,CMS HCRIS Hospital 2552-10 Worksheet S-3 Part II line 01100,https://downloads.cms.gov/Files/hcris/,ccn,140082,rn_contract_labor_dpc,blended,contract,102.99,,,1.0,,0.92,High,agency
d555f9b4-ce36-493b-b34a-436b53c854c8,12/31/2024,hcris_nmrc,CMS HCRIS Hospital 2552-10 Worksheet S-3 Part II line 01100,https://downloads.cms.gov/Files/hcris/,ccn,100045,rn_contract_labor_dpc,blended,contract,69.44,,,1.0,,0.92,High,agency
560415a0-7126-4a5f-ac31-2f534e365413,12/31/2024,hcris_nmrc,CMS HCRIS Hospital 2552-10 Worksheet S-3 Part II line 01100,https://downloads.cms.gov/Files/hcris/,ccn,490040,rn_contract_labor_dpc,blended,contract,81.1,,,1.0,,0.92,High,agency
4fed69ae-fe96-492e-9cbe-bfffaec13e86,12/31/2024,hcris_nmrc,CMS HCRIS Hospital 2552-10 Worksheet S-3 Part II line 01100,https://downloads.cms.gov/Files/hcris/,ccn,520139,rn_contract_labor_dpc,blended,contract,94.53,,,1.0,,0.92,High,agency
c8377c7a-3a62-4b5a-ac30-1e14bffd1b2d,12/31/2024,hcris_nmrc,CMS HCRIS Hospital 2552-10 Worksheet S-3 Part II line 01100,https://downloads.cms.gov/Files/hcris/,ccn,450686,rn_contract_labor_dpc,blended,contract,52.35,,,1.0,,0.92,High,agency
b571d084-7b0a-4f69-ba49-0143aea17147,12/31/2024,hcris_nmrc,CMS HCRIS Hospital 2552-10 Worksheet S-3 Part II line 01100,https://downloads.cms.gov/Files/hcris/,ccn,030103,rn_contract_labor_dpc,blended,contract,79.57,,,1.0,,0.92,High,agency
cd7ed1c7-482f-41eb-beee-8e42968e5e42,12/31/2024,hcris_nmrc,CMS HCRIS Hospital 2552-10 Worksheet S-3 Part II line 01100,https://downloads.cms.gov/Files/hcris/,ccn,520138,rn_contract_labor_dpc,blended,contract,94.45,,,1.0,,0.92,High,agency
eb61a793-c19e-446b-9b8b-9f57726ea125,12/31/2024,hcris_nmrc,CMS HCRIS Hospital 2552-10 Worksheet S-3 Part II line 01100,https://downloads.cms.gov/Files/hcris/,ccn,110190,rn_contract_labor_dpc,blended,contract,60.46,,,1.0,,0.92,High,agency
4e77f68c-6e4d-4b57-9ddc-2b2172451bfb,12/31/2024,hcris_nmrc,CMS HCRIS Hospital 2552-10 Worksheet S-3 Part II line 01100,https://downloads.cms.gov/Files/hcris/,ccn,450688,rn_contract_labor_dpc,blended,contract,61.47,,,1.0,,0.92,High,agency
0c0aac01-7ef8-45ef-844f-2502ea5e6328,12/31/2024,hcris_nmrc,CMS HCRIS Hospital 2552-10 Worksheet S-3 Part II line 01100,https://downloads.cms.gov/Files/hcris/,ccn,510013,rn_contract_labor_dpc,blended,contract,105.61,,,1.0,,0.92,High,agency
403a68ea-549e-4606-8118-905c254234e4,12/31/2024,hcris_nmrc,CMS HCRIS Hospital 2552-10 Worksheet S-3 Part II line 01100,https://downloads.cms.gov/Files/hcris/,ccn,360084,rn_contract_labor_dpc,blended,contract,52.0,,,1.0,,0.92,High,agency
207787a6-1707-4bd1-b9dd-b46cac137552,12/31/2024,hcris_nmrc,CMS HCRIS Hospital 2552-10 Worksheet S-3 Part II line 01100,https://downloads.cms.gov/Files/hcris/,ccn,310032,rn_contract_labor_dpc,blended,contract,77.82,,,1.0,,0.92,High,agency
127407cc-1d9b-4eee-8228-448375639ad7,12/31/2024,hcris_nmrc,CMS HCRIS Hospital 2552-10 Worksheet S-3 Part II line 01100,https://downloads.cms.gov/Files/hcris/,ccn,310048,rn_contract_labor_dpc,blended,contract,122.3,,,1.0,,0.92,High,agency
c229de1d-096a-41c1-820a-66213b071bb2,12/31/2024,hcris_nmrc,CMS HCRIS Hospital 2552-10 Worksheet S-3 Part II line 01100,https://downloads.cms.gov/Files/hcris/,ccn,050076,rn_contract_labor_dpc,blended,contract,102.81,,,1.0,,0.92,High,agency
74c515b9-9ab2-4fed-8d1c-1a32cc25fd37,12/31/2024,hcris_nmrc,CMS HCRIS Hospital 2552-10 Worksheet S-3 Part II line 01100,https://downloads.cms.gov/Files/hcris/,ccn,310047,rn_contract_labor_dpc,blended,contract,87.64,,,1.0,,0.92,High,agency
297312df-340e-4f22-a62a-96f3d96886de,12/31/2024,hcris_nmrc,CMS HCRIS Hospital 2552-10 Worksheet S-3 Part II line 01100,https://downloads.cms.gov/Files/hcris/,ccn,310045,rn_contract_labor_dpc,blended,contract,94.16,,,1.0,,0.92,High,agency
abcb36f2-52ac-47e8-abd1-fbc236e3f313,12/31/2024,hcris_nmrc,CMS HCRIS Hospital 2552-10 Worksheet S-3 Part II line 01100,https://downloads.cms.gov/Files/hcris/,ccn,310044,rn_contract_labor_dpc,blended,contract,92.26,,,1.0,,0.92,High,agency
0f4fc470-9507-46c2-a093-4862dc3cc408,12/31/2024,hcris_nmrc,CMS HCRIS Hospital 2552-10 Worksheet S-3 Part II line 01100,https://downloads.cms.gov/Files/hcris/,ccn,050075,rn_contract_labor_dpc,blended,contract,111.01,,,1.0,,0.92,High,agency
93c2ba02-c519-4887-991d-f0af03c49128,12/31/2024,hcris_nmrc,CMS HCRIS Hospital 2552-10 Worksheet S-3 Part II line 01100,https://downloads.cms.gov/Files/hcris/,ccn,310041,rn_contract_labor_dpc,blended,contract,116.9,,,1.0,,0.92,High,agency
6aa33895-673f-45bf-973d-4876fe228d9e,12/31/2024,hcris_nmrc,CMS HCRIS Hospital 2552-10 Worksheet S-3 Part II line 01100,https://downloads.cms.gov/Files/hcris/,ccn,310040,rn_contract_labor_dpc,blended,contract,64.46,,,1.0,,0.92,High,agency
2b47671d-b88c-4acc-826f-4e1bd2a4d302,12/31/2024,hcris_nmrc,CMS HCRIS Hospital 2552-10 Worksheet S-3 Part II line 01100,https://downloads.cms.gov/Files/hcris/,ccn,310039,rn_contract_labor_dpc,blended,contract,127.91,,,1.0,,0.92,High,agency
62f98a4f-3c49-452b-b5f2-e9eb9c41df53,12/31/2024,hcris_nmrc,CMS HCRIS Hospital 2552-10 Worksheet S-3 Part II line 01100,https://downloads.cms.gov/Files/hcris/,ccn,050073,rn_contract_labor_dpc,blended,contract,112.64,,,1.0,,0.92,High,agency
03319564-2017-4f24-acd3-5ee102783178,12/31/2024,hcris_nmrc,CMS HCRIS Hospital 2552-10 Worksheet S-3 Part II line 01100,https://downloads.cms.gov/Files/hcris/,ccn,310038,rn_contract_labor_dpc,blended,contract,77.37,,,1.0,,0.92,High,agency
c2abd3c4-5ac0-47c6-a124-e0ff883ac6ea,12/31/2024,hcris_nmrc,CMS HCRIS Hospital 2552-10 Worksheet S-3 Part II line 01100,https://downloads.cms.gov/Files/hcris/,ccn,310034,rn_contract_labor_dpc,blended,contract,96.22,,,1.0,,0.92,High,agency
a24a9dcf-207d-41b7-83be-433974002bfa,12/31/2024,hcris_nmrc,CMS HCRIS Hospital 2552-10 Worksheet S-3 Part II line 01100,https://downloads.cms.gov/Files/hcris/,ccn,050739,rn_contract_labor_dpc,blended,contract,86.76,,,1.0,,0.92,High,agency
d67165a1-6c21-4b34-af4c-5ebb44c3a72d,12/31/2024,hcris_nmrc,CMS HCRIS Hospital 2552-10 Worksheet S-3 Part II line 01100,https://downloads.cms.gov/Files/hcris/,ccn,310031,rn_contract_labor_dpc,blended,contract,81.81,,,1.0,,0.92,High,agency
e99faf3f-3c56-4c79-a77a-9b4e8b1e01eb,12/31/2024,hcris_nmrc,CMS HCRIS Hospital 2552-10 Worksheet S-3 Part II line 01100,https://downloads.cms.gov/Files/hcris/,ccn,310029,rn_contract_labor_dpc,blended,contract,106.1,,,1.0,,0.92,High,agency
3297280b-0af4-4c46-ae41-6ee9fa49bb64,12/31/2024,hcris_nmrc,CMS HCRIS Hospital 2552-10 Worksheet S-3 Part II line 01100,https://downloads.cms.gov/Files/hcris/,ccn,310050,rn_contract_labor_dpc,blended,contract,84.94,,,1.0,,0.92,High,agency
9f819a5c-b7c5-49a4-bb25-27a6acba497e,12/31/2024,hcris_nmrc,CMS HCRIS Hospital 2552-10 Worksheet S-3 Part II line 01100,https://downloads.cms.gov/Files/hcris/,ccn,310051,rn_contract_labor_dpc,blended,contract,101.33,,,1.0,,0.92,High,agency
11ed695c-f5e3-4e6e-b2a5-5e173d34b278,12/31/2024,hcris_nmrc,CMS HCRIS Hospital 2552-10 Worksheet S-3 Part II line 01100,https://downloads.cms.gov/Files/hcris/,ccn,310052,rn_contract_labor_dpc,blended,contract,103.78,,,1.0,,0.92,High,agency
8832ec79-e5d7-4118-95db-7cd79e67d76e,12/31/2024,hcris_nmrc,CMS HCRIS Hospital 2552-10 Worksheet S-3 Part II line 01100,https://downloads.cms.gov/Files/hcris/,ccn,310054,rn_contract_labor_dpc,blended,contract,89.48,,,1.0,,0.92,High,agency
61ed637e-094c-4d73-9396-766308389eaf,12/31/2024,hcris_nmrc,CMS HCRIS Hospital 2552-10 Worksheet S-3 Part II line 01100,https://downloads.cms.gov/Files/hcris/,ccn,050089,rn_contract_labor_dpc,blended,contract,136.72,,,1.0,,0.92,High,agency
1f572c13-7262-4d35-827c-c41614d59297,12/31/2024,hcris_nmrc,CMS HCRIS Hospital 2552-10 Worksheet S-3 Part II line 01100,https://downloads.cms.gov/Files/hcris/,ccn,310084,rn_contract_labor_dpc,blended,contract,122.86,,,1.0,,0.92,High,agency
afb52049-9763-467a-94f3-dd2299175384,12/31/2024,hcris_nmrc,CMS HCRIS Hospital 2552-10 Worksheet S-3 Part II line 01100,https://downloads.cms.gov/Files/hcris/,ccn,310083,rn_contract_labor_dpc,blended,contract,102.27,,,1.0,,0.92,High,agency
fbff6994-836a-4ebc-bda4-c3abb513830e,12/31/2024,hcris_nmrc,CMS HCRIS Hospital 2552-10 Worksheet S-3 Part II line 01100,https://downloads.cms.gov/Files/hcris/,ccn,050723,rn_contract_labor_dpc,blended,contract,103.06,,,1.0,,0.92,High,agency
6f3364c2-e0b1-4bec-b413-dcbb94f63eba,12/31/2024,hcris_nmrc,CMS HCRIS Hospital 2552-10 Worksheet S-3 Part II line 01100,https://downloads.cms.gov/Files/hcris/,ccn,310076,rn_contract_labor_dpc,blended,contract,78.95,,,1.0,,0.92,High,agency
242d5854-f0c6-4eaa-a932-6bcf31f46dc4,12/31/2024,hcris_nmrc,CMS HCRIS Hospital 2552-10 Worksheet S-3 Part II line 01100,https://downloads.cms.gov/Files/hcris/,ccn,310075,rn_contract_labor_dpc,blended,contract,111.62,,,1.0,,0.92,High,agency
9d41fe9f-f00d-4a36-86eb-be544649f273,12/31/2024,hcris_nmrc,CMS HCRIS Hospital 2552-10 Worksheet S-3 Part II line 01100,https://downloads.cms.gov/Files/hcris/,ccn,310074,rn_contract_labor_dpc,blended,contract,108.54,,,1.0,,0.92,High,agency
875d21a6-2533-4b22-b463-e8f2e844baa9,12/31/2024,hcris_nmrc,CMS HCRIS Hospital 2552-10 Worksheet S-3 Part II line 01100,https://downloads.cms.gov/Files/hcris/,ccn,050072,rn_contract_labor_dpc,blended,contract,112.82,,,1.0,,0.92,High,agency
021c0459-2713-4737-a0b0-979c1e721b34,12/31/2024,hcris_nmrc,CMS HCRIS Hospital 2552-10 Worksheet S-3 Part II line 01100,https://downloads.cms.gov/Files/hcris/,ccn,310073,rn_contract_labor_dpc,blended,contract,97.15,,,1.0,,0.92,High,agency
9b75505d-7461-4903-8eaf-6438d78a5183,12/31/2024,hcris_nmrc,CMS HCRIS Hospital 2552-10 Worksheet S-3 Part II line 01100,https://downloads.cms.gov/Files/hcris/,ccn,310070,rn_contract_labor_dpc,blended,contract,97.71,,,1.0,,0.92,High,agency
7b79d6f9-80c0-4ca7-937e-f41bd87d629e,12/31/2024,hcris_nmrc,CMS HCRIS Hospital 2552-10 Worksheet S-3 Part II line 01100,https://downloads.cms.gov/Files/hcris/,ccn,310069,rn_contract_labor_dpc,blended,contract,91.9,,,1.0,,0.92,High,agency
4c7fc8f3-ac74-425e-9986-403bccdf78db,12/31/2024,hcris_nmrc,CMS HCRIS Hospital 2552-10 Worksheet S-3 Part II line 01100,https://downloads.cms.gov/Files/hcris/,ccn,310064,rn_contract_labor_dpc,blended,contract,362.58,,,1.0,,0.92,High,agency
6e4eb3a2-56e2-4527-986f-c22244c9fa0e,12/31/2024,hcris_nmrc,CMS HCRIS Hospital 2552-10 Worksheet S-3 Part II line 01100,https://downloads.cms.gov/Files/hcris/,ccn,310061,rn_contract_labor_dpc,blended,contract,108.68,,,1.0,,0.92,High,agency
7ac4c0cd-e792-4c45-9a35-086c350792ee,12/31/2024,hcris_nmrc,CMS HCRIS Hospital 2552-10 Worksheet S-3 Part II line 01100,https://downloads.cms.gov/Files/hcris/,ccn,310058,rn_contract_labor_dpc,blended,contract,103.92,,,1.0,,0.92,High,agency
dbe88a89-4261-41ff-a40d-87eb201dad3b,12/31/2024,hcris_nmrc,CMS HCRIS Hospital 2552-10 Worksheet S-3 Part II line 01100,https://downloads.cms.gov/Files/hcris/,ccn,310057,rn_contract_labor_dpc,blended,contract,105.4,,,1.0,,0.92,High,agency
0d3ec27f-34b7-4d62-be42-b35fe8b05aba,12/31/2024,hcris_nmrc,CMS HCRIS Hospital 2552-10 Worksheet S-3 Part II line 01100,https://downloads.cms.gov/Files/hcris/,ccn,050078,rn_contract_labor_dpc,blended,contract,64.43,,,1.0,,0.92,High,agency
8037accc-6417-4ffa-afd3-e3b4d2e5108d,12/31/2024,hcris_nmrc,CMS HCRIS Hospital 2552-10 Worksheet S-3 Part II line 01100,https://downloads.cms.gov/Files/hcris/,ccn,390180,rn_contract_labor_dpc,blended,contract,109.75,,,1.0,,0.92,High,agency
ec54575b-d4a6-4b3a-ad2d-032fdb718982,12/31/2024,hcris_nmrc,CMS HCRIS Hospital 2552-10 Worksheet S-3 Part II line 01100,https://downloads.cms.gov/Files/hcris/,ccn,310028,rn_contract_labor_dpc,blended,contract,69.82,,,1.0,,0.92,High,agency
2d1ed170-926b-48ee-9327-540834f04d74,12/31/2024,hcris_nmrc,CMS HCRIS Hospital 2552-10 Worksheet S-3 Part II line 01100,https://downloads.cms.gov/Files/hcris/,ccn,310027,rn_contract_labor_dpc,blended,contract,121.22,,,1.0,,0.92,High,agency
55d1861a-6bbc-4e23-94f2-93a166a0036e,12/31/2024,hcris_nmrc,CMS HCRIS Hospital 2552-10 Worksheet S-3 Part II line 01100,https://downloads.cms.gov/Files/hcris/,ccn,050071,rn_contract_labor_dpc,blended,contract,115.33,,,1.0,,0.92,High,agency
fad28ade-56a9-483a-bec1-f525d34dda87,12/31/2024,hcris_nmrc,CMS HCRIS Hospital 2552-10 Worksheet S-3 Part II line 01100,https://downloads.cms.gov/Files/hcris/,ccn,310003,rn_contract_labor_dpc,blended,contract,92.98,,,1.0,,0.92,High,agency
ac703c07-2902-4555-b42c-d2e149e95e04,12/31/2024,hcris_nmrc,CMS HCRIS Hospital 2552-10 Worksheet S-3 Part II line 01100,https://downloads.cms.gov/Files/hcris/,ccn,050747,rn_contract_labor_dpc,blended,contract,97.0,,,1.0,,0.92,High,agency
fa96d34b-2a9e-4530-84ea-1e14444810aa,12/31/2024,hcris_nmrc,CMS HCRIS Hospital 2552-10 Worksheet S-3 Part II line 01100,https://downloads.cms.gov/Files/hcris/,ccn,390316,rn_contract_labor_dpc,blended,contract,95.01,,,1.0,,0.92,High,agency
89b2ab41-e783-4f1f-8895-c345f5df5e5e,12/31/2024,hcris_nmrc,CMS HCRIS Hospital 2552-10 Worksheet S-3 Part II line 01100,https://downloads.cms.gov/Files/hcris/,ccn,310002,rn_contract_labor_dpc,blended,contract,106.27,,,1.0,,0.92,High,agency
c92d58e7-659e-48a3-9855-45ee7a28f9a6,12/31/2024,hcris_nmrc,CMS HCRIS Hospital 2552-10 Worksheet S-3 Part II line 01100,https://downloads.cms.gov/Files/hcris/,ccn,310001,rn_contract_labor_dpc,blended,contract,95.83,,,1.0,,0.92,High,agency
104a1c0c-d142-4985-a991-e51cda3860dd,12/31/2024,hcris_nmrc,CMS HCRIS Hospital 2552-10 Worksheet S-3 Part II line 01100,https://downloads.cms.gov/Files/hcris/,ccn,390322,rn_contract_labor_dpc,blended,contract,75.6,,,1.0,,0.92,High,agency
cc921714-8047-40c1-b7f5-8bd0f70647fe,12/31/2024,hcris_nmrc,CMS HCRIS Hospital 2552-10 Worksheet S-3 Part II line 01100,https://downloads.cms.gov/Files/hcris/,ccn,050748,rn_contract_labor_dpc,blended,contract,106.6,,,1.0,,0.92,High,agency
a1d07c95-11b7-467e-afeb-1323067d60cb,12/31/2024,hcris_nmrc,CMS HCRIS Hospital 2552-10 Worksheet S-3 Part II line 01100,https://downloads.cms.gov/Files/hcris/,ccn,310005,rn_contract_labor_dpc,blended,contract,95.39,,,1.0,,0.92,High,agency
c318177a-48b8-49fd-a4c8-99fa92734ac4,12/31/2024,hcris_nmrc,CMS HCRIS Hospital 2552-10 Worksheet S-3 Part II line 01100,https://downloads.cms.gov/Files/hcris/,ccn,303027,rn_contract_labor_dpc,blended,contract,84.81,,,1.0,,0.92,High,agency
975e8ef9-7d3e-4893-b41d-9c80fc871939,12/31/2024,hcris_nmrc,CMS HCRIS Hospital 2552-10 Worksheet S-3 Part II line 01100,https://downloads.cms.gov/Files/hcris/,ccn,050755,rn_contract_labor_dpc,blended,contract,51.32,,,1.0,,0.92,High,agency
db7b0428-eb77-48bb-abf4-a67722710029,12/31/2024,hcris_nmrc,CMS HCRIS Hospital 2552-10 Worksheet S-3 Part II line 01100,https://downloads.cms.gov/Files/hcris/,ccn,390323,rn_contract_labor_dpc,blended,contract,65.16,,,1.0,,0.92,High,agency
e903b1f6-0684-45b1-811c-9747c249019d,12/31/2024,hcris_nmrc,CMS HCRIS Hospital 2552-10 Worksheet S-3 Part II line 01100,https://downloads.cms.gov/Files/hcris/,ccn,050058,rn_contract_labor_dpc,blended,contract,113.9,,,1.0,,0.92,High,agency
eeeae599-6996-41be-9dbe-f77bde486ba6,12/31/2024,hcris_nmrc,CMS HCRIS Hospital 2552-10 Worksheet S-3 Part II line 01100,https://downloads.cms.gov/Files/hcris/,ccn,050758,rn_contract_labor_dpc,blended,contract,85.81,,,1.0,,0.92,High,agency
052c5d70-0c45-4d38-8a96-02c2c9bc7de0,12/31/2024,hcris_nmrc,CMS HCRIS Hospital 2552-10 Worksheet S-3 Part II line 01100,https://downloads.cms.gov/Files/hcris/,ccn,300011,rn_contract_labor_dpc,blended,contract,90.65,,,1.0,,0.92,High,agency
573d5a51-7835-4b5f-8620-94a219844301,12/31/2024,hcris_nmrc,CMS HCRIS Hospital 2552-10 Worksheet S-3 Part II line 01100,https://downloads.cms.gov/Files/hcris/,ccn,050760,rn_contract_labor_dpc,blended,contract,110.34,,,1.0,,0.92,High,agency
2b721de6-f422-48a3-95fa-c7752174abcd,12/31/2024,hcris_nmrc,CMS HCRIS Hospital 2552-10 Worksheet S-3 Part II line 01100,https://downloads.cms.gov/Files/hcris/,ccn,050761,rn_contract_labor_dpc,blended,contract,64.72,,,1.0,,0.92,High,agency
3fb5a013-b763-4a8e-8d08-54a3a8d11953,12/31/2024,hcris_nmrc,CMS HCRIS Hospital 2552-10 Worksheet S-3 Part II line 01100,https://downloads.cms.gov/Files/hcris/,ccn,050063,rn_contract_labor_dpc,blended,contract,100.27,,,1.0,,0.92,High,agency
bdc2015b-2143-423f-893f-56a18b7a517a,12/31/2024,hcris_nmrc,CMS HCRIS Hospital 2552-10 Worksheet S-3 Part II line 01100,https://downloads.cms.gov/Files/hcris/,ccn,310092,rn_contract_labor_dpc,blended,contract,93.83,,,1.0,,0.92,High,agency
6fb5653d-c59d-404b-81d3-8ec27431916a,12/31/2024,hcris_nmrc,CMS HCRIS Hospital 2552-10 Worksheet S-3 Part II line 01100,https://downloads.cms.gov/Files/hcris/,ccn,310006,rn_contract_labor_dpc,blended,contract,82.39,,,1.0,,0.92,High,agency
ad0ff916-83dc-44e3-a1f7-a64957cc3f73,12/31/2024,hcris_nmrc,CMS HCRIS Hospital 2552-10 Worksheet S-3 Part II line 01100,https://downloads.cms.gov/Files/hcris/,ccn,310008,rn_contract_labor_dpc,blended,contract,98.0,,,1.0,,0.92,High,agency
40c705e9-5244-49e5-8ebf-6de66d41052e,12/31/2024,hcris_nmrc,CMS HCRIS Hospital 2552-10 Worksheet S-3 Part II line 01100,https://downloads.cms.gov/Files/hcris/,ccn,310025,rn_contract_labor_dpc,blended,contract,98.42,,,1.0,,0.92,High,agency
d4e29dda-04e1-48c4-8c2e-1e0a8812c31d,12/31/2024,hcris_nmrc,CMS HCRIS Hospital 2552-10 Worksheet S-3 Part II line 01100,https://downloads.cms.gov/Files/hcris/,ccn,310024,rn_contract_labor_dpc,blended,contract,118.27,,,1.0,,0.92,High,agency
bb1cf864-9496-4609-99f7-7038d9166936,12/31/2024,hcris_nmrc,CMS HCRIS Hospital 2552-10 Worksheet S-3 Part II line 01100,https://downloads.cms.gov/Files/hcris/,ccn,310022,rn_contract_labor_dpc,blended,contract,106.36,,,1.0,,0.92,High,agency
a58eda3d-73a4-4b27-a2d0-ea1ea8d3c57c,12/31/2024,hcris_nmrc,CMS HCRIS Hospital 2552-10 Worksheet S-3 Part II line 01100,https://downloads.cms.gov/Files/hcris/,ccn,050744,rn_contract_labor_dpc,blended,contract,97.0,,,1.0,,0.92,High,agency
63b39b97-712b-419b-8aad-c55fed3e0d41,12/31/2024,hcris_nmrc,CMS HCRIS Hospital 2552-10 Worksheet S-3 Part II line 01100,https://downloads.cms.gov/Files/hcris/,ccn,050070,rn_contract_labor_dpc,blended,contract,106.98,,,1.0,,0.92,High,agency
386e8da6-7feb-426e-97f8-bf9a146f6553,12/31/2024,hcris_nmrc,CMS HCRIS Hospital 2552-10 Worksheet S-3 Part II line 01100,https://downloads.cms.gov/Files/hcris/,ccn,310019,rn_contract_labor_dpc,blended,contract,108.32,,,1.0,,0.92,High,agency
e9c16518-c5b0-468d-9659-3cf0c35fe9e0,12/31/2024,hcris_nmrc,CMS HCRIS Hospital 2552-10 Worksheet S-3 Part II line 01100,https://downloads.cms.gov/Files/hcris/,ccn,310017,rn_contract_labor_dpc,blended,contract,95.38,,,1.0,,0.92,High,agency
4204323f-f641-4d6d-b946-eddea95328d4,12/31/2024,hcris_nmrc,CMS HCRIS Hospital 2552-10 Worksheet S-3 Part II line 01100,https://downloads.cms.gov/Files/hcris/,ccn,390307,rn_contract_labor_dpc,blended,contract,127.49,,,1.0,,0.92,High,agency
36fbed90-1f98-4b00-b431-1b4747200bfc,12/31/2024,hcris_nmrc,CMS HCRIS Hospital 2552-10 Worksheet S-3 Part II line 01100,https://downloads.cms.gov/Files/hcris/,ccn,310016,rn_contract_labor_dpc,blended,contract,106.6,,,1.0,,0.92,High,agency
d90b6368-6523-4123-a90d-800017a32242,12/31/2024,hcris_nmrc,CMS HCRIS Hospital 2552-10 Worksheet S-3 Part II line 01100,https://downloads.cms.gov/Files/hcris/,ccn,310014,rn_contract_labor_dpc,blended,contract,103.13,,,1.0,,0.92,High,agency
f25a20d7-bb7f-4d28-95ef-955ff9775d70,12/31/2024,hcris_nmrc,CMS HCRIS Hospital 2552-10 Worksheet S-3 Part II line 01100,https://downloads.cms.gov/Files/hcris/,ccn,050745,rn_contract_labor_dpc,blended,contract,97.0,,,1.0,,0.92,High,agency
7b5488ea-ab4c-44a1-8429-319766a3d91e,12/31/2024,hcris_nmrc,CMS HCRIS Hospital 2552-10 Worksheet S-3 Part II line 01100,https://downloads.cms.gov/Files/hcris/,ccn,310012,rn_contract_labor_dpc,blended,contract,91.82,,,1.0,,0.92,High,agency
c6b32d7f-c269-4c95-8bea-32d7599d9d05,12/31/2024,hcris_nmrc,CMS HCRIS Hospital 2552-10 Worksheet S-3 Part II line 01100,https://downloads.cms.gov/Files/hcris/,ccn,310011,rn_contract_labor_dpc,blended,contract,98.32,,,1.0,,0.92,High,agency
d957c4c6-6f98-485c-bdb3-ee70ca26c3e7,12/31/2024,hcris_nmrc,CMS HCRIS Hospital 2552-10 Worksheet S-3 Part II line 01100,https://downloads.cms.gov/Files/hcris/,ccn,050746,rn_contract_labor_dpc,blended,contract,97.0,,,1.0,,0.92,High,agency
b12eb30b-db67-4162-a3b3-973a5d35501a,12/31/2024,hcris_nmrc,CMS HCRIS Hospital 2552-10 Worksheet S-3 Part II line 01100,https://downloads.cms.gov/Files/hcris/,ccn,390304,rn_contract_labor_dpc,blended,contract,80.08,,,1.0,,0.92,High,agency
d8a3e3ab-4f4a-4b90-a7e2-60b2bc6053d9,12/31/2024,hcris_nmrc,CMS HCRIS Hospital 2552-10 Worksheet S-3 Part II line 01100,https://downloads.cms.gov/Files/hcris/,ccn,310009,rn_contract_labor_dpc,blended,contract,112.65,,,1.0,,0.92,High,agency
3acd6256-4874-48d2-8394-efa651a7539a,12/31/2024,hcris_nmrc,CMS HCRIS Hospital 2552-10 Worksheet S-3 Part II line 01100,https://downloads.cms.gov/Files/hcris/,ccn,310015,rn_contract_labor_dpc,blended,contract,102.54,,,1.0,,0.92,High,agency
2c2d43d5-efee-4d1d-a788-b3c401705dc3,12/31/2024,hcris_nmrc,CMS HCRIS Hospital 2552-10 Worksheet S-3 Part II line 01100,https://downloads.cms.gov/Files/hcris/,ccn,310096,rn_contract_labor_dpc,blended,contract,82.07,,,1.0,,0.92,High,agency
bfb2bc7d-b47d-45e4-9997-44649339d576,12/31/2024,hcris_nmrc,CMS HCRIS Hospital 2552-10 Worksheet S-3 Part II line 01100,https://downloads.cms.gov/Files/hcris/,ccn,310108,rn_contract_labor_dpc,blended,contract,98.31,,,1.0,,0.92,High,agency
63cec21a-30bc-4d6e-a1e4-27ab677afa16,12/31/2024,hcris_nmrc,CMS HCRIS Hospital 2552-10 Worksheet S-3 Part II line 01100,https://downloads.cms.gov/Files/hcris/,ccn,330013,rn_contract_labor_dpc,blended,contract,103.52,,,1.0,,0.92,High,agency
2c49e4af-ab0e-4a7f-a865-afa445928755,12/31/2024,hcris_nmrc,CMS HCRIS Hospital 2552-10 Worksheet S-3 Part II line 01100,https://downloads.cms.gov/Files/hcris/,ccn,330009,rn_contract_labor_dpc,blended,contract,115.08,,,1.0,,0.92,High,agency
95e2e3fc-9074-4f6e-a806-496dc597e235,12/31/2024,hcris_nmrc,CMS HCRIS Hospital 2552-10 Worksheet S-3 Part II line 01100,https://downloads.cms.gov/Files/hcris/,ccn,330005,rn_contract_labor_dpc,blended,contract,60.78,,,1.0,,0.92,High,agency
bc5a5ae9-fb26-4470-9ecc-e8f1e01f70bc,12/31/2024,hcris_nmrc,CMS HCRIS Hospital 2552-10 Worksheet S-3 Part II line 01100,https://downloads.cms.gov/Files/hcris/,ccn,323027,rn_contract_labor_dpc,blended,contract,56.14,,,1.0,,0.92,High,agency
5b7f2c92-80b7-4c2c-af97-9b0dc4cf248a,12/31/2024,hcris_nmrc,CMS HCRIS Hospital 2552-10 Worksheet S-3 Part II line 01100,https://downloads.cms.gov/Files/hcris/,ccn,320091,rn_contract_labor_dpc,blended,contract,64.91,,,1.0,,0.92,High,agency
84e96e65-710c-4709-9853-b3ed879dcd83,12/31/2024,hcris_nmrc,CMS HCRIS Hospital 2552-10 Worksheet S-3 Part II line 01100,https://downloads.cms.gov/Files/hcris/,ccn,320090,rn_contract_labor_dpc,blended,contract,100.63,,,1.0,,0.92,High,agency
64df810e-1451-416e-a585-eb94183bffcd,12/31/2024,hcris_nmrc,CMS HCRIS Hospital 2552-10 Worksheet S-3 Part II line 01100,https://downloads.cms.gov/Files/hcris/,ccn,050121,rn_contract_labor_dpc,blended,contract,99.87,,,1.0,,0.92,High,agency
5e126af2-2e07-4379-a0a1-5b9973a9d9ea,12/31/2024,hcris_nmrc,CMS HCRIS Hospital 2552-10 Worksheet S-3 Part II line 01100,https://downloads.cms.gov/Files/hcris/,ccn,390041,rn_contract_labor_dpc,blended,contract,90.51,,,1.0,,0.92,High,agency
03ac770e-e0a0-453a-9a83-172902d50c65,12/31/2024,hcris_nmrc,CMS HCRIS Hospital 2552-10 Worksheet S-3 Part II line 01100,https://downloads.cms.gov/Files/hcris/,ccn,320086,rn_contract_labor_dpc,blended,contract,67.33,,,1.0,,0.92,High,agency
59a315ab-cb42-41de-8af0-e0e2f594d15e,12/31/2024,hcris_nmrc,CMS HCRIS Hospital 2552-10 Worksheet S-3 Part II line 01100,https://downloads.cms.gov/Files/hcris/,ccn,050641,rn_contract_labor_dpc,blended,contract,90.97,,,1.0,,0.92,High,agency
39656546-30cc-4028-8fc0-9b98bb5b885a,12/31/2024,hcris_nmrc,CMS HCRIS Hospital 2552-10 Worksheet S-3 Part II line 01100,https://downloads.cms.gov/Files/hcris/,ccn,050116,rn_contract_labor_dpc,blended,contract,123.95,,,1.0,,0.92,High,agency
003f6d1e-bf84-4374-8e56-2bdfe3a28017,12/31/2024,hcris_nmrc,CMS HCRIS Hospital 2552-10 Worksheet S-3 Part II line 01100,https://downloads.cms.gov/Files/hcris/,ccn,050663,rn_contract_labor_dpc,blended,contract,122.31,,,1.0,,0.92,High,agency
4aafe718-ba35-4a90-8eb9-2845aba9e191,12/31/2024,hcris_nmrc,CMS HCRIS Hospital 2552-10 Worksheet S-3 Part II line 01100,https://downloads.cms.gov/Files/hcris/,ccn,050126,rn_contract_labor_dpc,blended,contract,107.88,,,1.0,,0.92,High,agency
37ddb38e-f372-45f7-8c8e-5a29252ad205,12/31/2024,hcris_nmrc,CMS HCRIS Hospital 2552-10 Worksheet S-3 Part II line 01100,https://downloads.cms.gov/Files/hcris/,ccn,330014,rn_contract_labor_dpc,blended,contract,130.89,,,1.0,,0.92,High,agency
cc93fec9-ff25-43d5-9c91-ec6e70a1c030,12/31/2024,hcris_nmrc,CMS HCRIS Hospital 2552-10 Worksheet S-3 Part II line 01100,https://downloads.cms.gov/Files/hcris/,ccn,330019,rn_contract_labor_dpc,blended,contract,107.28,,,1.0,,0.92,High,agency
61c6deda-8029-4ea2-917e-1b28318d0d80,12/31/2024,hcris_nmrc,CMS HCRIS Hospital 2552-10 Worksheet S-3 Part II line 01100,https://downloads.cms.gov/Files/hcris/,ccn,050127,rn_contract_labor_dpc,blended,contract,111.66,,,1.0,,0.92,High,agency
f8c2af61-0bda-4362-bdb8-c58c5a2ef06d,12/31/2024,hcris_nmrc,CMS HCRIS Hospital 2552-10 Worksheet S-3 Part II line 01100,https://downloads.cms.gov/Files/hcris/,ccn,380082,rn_contract_labor_dpc,blended,contract,52.36,,,1.0,,0.92,High,agency
e8819e0d-6ea9-4a64-91f6-9ae1d6baebad,12/31/2024,hcris_nmrc,CMS HCRIS Hospital 2552-10 Worksheet S-3 Part II line 01100,https://downloads.cms.gov/Files/hcris/,ccn,330055,rn_contract_labor_dpc,blended,contract,108.87,,,1.0,,0.92,High,agency
d3a2ee35-87cf-4e23-905c-626abd4c860f,12/31/2024,hcris_nmrc,CMS HCRIS Hospital 2552-10 Worksheet S-3 Part II line 01100,https://downloads.cms.gov/Files/hcris/,ccn,330046,rn_contract_labor_dpc,blended,contract,104.45,,,1.0,,0.92,High,agency
da423bcc-86ba-4cd5-ab3f-f7afd2db474c,12/31/2024,hcris_nmrc,CMS HCRIS Hospital 2552-10 Worksheet S-3 Part II line 01100,https://downloads.cms.gov/Files/hcris/,ccn,380091,rn_contract_labor_dpc,blended,contract,68.52,,,1.0,,0.92,High,agency
fa4b666d-29e4-4fd9-ba12-a052006e1432,12/31/2024,hcris_nmrc,CMS HCRIS Hospital 2552-10 Worksheet S-3 Part II line 01100,https://downloads.cms.gov/Files/hcris/,ccn,330045,rn_contract_labor_dpc,blended,contract,63.43,,,1.0,,0.92,High,agency
af87281b-b0a7-4ee1-a87d-bf7da739026a,12/31/2024,hcris_nmrc,CMS HCRIS Hospital 2552-10 Worksheet S-3 Part II line 01100,https://downloads.cms.gov/Files/hcris/,ccn,330044,rn_contract_labor_dpc,blended,contract,101.12,,,1.0,,0.92,High,agency
77dcad4b-d632-4fbf-a1d4-e42e48e51125,12/31/2024,hcris_nmrc,CMS HCRIS Hospital 2552-10 Worksheet S-3 Part II line 01100,https://downloads.cms.gov/Files/hcris/,ccn,330043,rn_contract_labor_dpc,blended,contract,134.02,,,1.0,,0.92,High,agency
ee19e959-ac82-4c9f-87a4-cec3279e3f97,12/31/2024,hcris_nmrc,CMS HCRIS Hospital 2552-10 Worksheet S-3 Part II line 01100,https://downloads.cms.gov/Files/hcris/,ccn,050674,rn_contract_labor_dpc,blended,contract,113.64,,,1.0,,0.92,High,agency
e3de1771-aa89-439f-8964-470cc2033dc8,12/31/2024,hcris_nmrc,CMS HCRIS Hospital 2552-10 Worksheet S-3 Part II line 01100,https://downloads.cms.gov/Files/hcris/,ccn,380103,rn_contract_labor_dpc,blended,contract,62.14,,,1.0,,0.92,High,agency
11467881-f3a4-4ec1-bbf7-35a896ca631c,12/31/2024,hcris_nmrc,CMS HCRIS Hospital 2552-10 Worksheet S-3 Part II line 01100,https://downloads.cms.gov/Files/hcris/,ccn,330033,rn_contract_labor_dpc,blended,contract,85.41,,,1.0,,0.92,High,agency
5103d542-7605-4183-b9ac-b7260b55ef4c,12/31/2024,hcris_nmrc,CMS HCRIS Hospital 2552-10 Worksheet S-3 Part II line 01100,https://downloads.cms.gov/Files/hcris/,ccn,330030,rn_contract_labor_dpc,blended,contract,98.58,,,1.0,,0.92,High,agency
3e3ae565-0f7c-4707-aadb-1d52293589c5,12/31/2024,hcris_nmrc,CMS HCRIS Hospital 2552-10 Worksheet S-3 Part II line 01100,https://downloads.cms.gov/Files/hcris/,ccn,330028,rn_contract_labor_dpc,blended,contract,44.43,,,1.0,,0.92,High,agency
2589fda0-cc49-449c-b0ad-56cba1947cce,12/31/2024,hcris_nmrc,CMS HCRIS Hospital 2552-10 Worksheet S-3 Part II line 01100,https://downloads.cms.gov/Files/hcris/,ccn,050608,rn_contract_labor_dpc,blended,contract,107.73,,,1.0,,0.92,High,agency
156e1a1d-7300-43fa-971b-6db02aebb25d,12/31/2024,hcris_nmrc,CMS HCRIS Hospital 2552-10 Worksheet S-3 Part II line 01100,https://downloads.cms.gov/Files/hcris/,ccn,330027,rn_contract_labor_dpc,blended,contract,105.27,,,1.0,,0.92,High,agency
1a4dd06a-55bb-4e51-adae-1c2bba9696e4,12/31/2024,hcris_nmrc,CMS HCRIS Hospital 2552-10 Worksheet S-3 Part II line 01100,https://downloads.cms.gov/Files/hcris/,ccn,330024,rn_contract_labor_dpc,blended,contract,81.04,,,1.0,,0.92,High,agency
6754c160-add9-4cf3-8311-890864908574,12/31/2024,hcris_nmrc,CMS HCRIS Hospital 2552-10 Worksheet S-3 Part II line 01100,https://downloads.cms.gov/Files/hcris/,ccn,050609,rn_contract_labor_dpc,blended,contract,101.14,,,1.0,,0.92,High,agency
53ff1c30-4e14-41a2-96de-090ec90dee96,12/31/2024,hcris_nmrc,CMS HCRIS Hospital 2552-10 Worksheet S-3 Part II line 01100,https://downloads.cms.gov/Files/hcris/,ccn,050604,rn_contract_labor_dpc,blended,contract,104.23,,,1.0,,0.92,High,agency
aeb7e999-f1a9-4555-9e70-1584fc313d03,12/31/2024,hcris_nmrc,CMS HCRIS Hospital 2552-10 Worksheet S-3 Part II line 01100,https://downloads.cms.gov/Files/hcris/,ccn,320033,rn_contract_labor_dpc,blended,contract,83.89,,,1.0,,0.92,High,agency
3b99f3b9-d3c9-4122-b073-9515b4deded5,12/31/2024,hcris_nmrc,CMS HCRIS Hospital 2552-10 Worksheet S-3 Part II line 01100,https://downloads.cms.gov/Files/hcris/,ccn,050677,rn_contract_labor_dpc,blended,contract,99.46,,,1.0,,0.92,High,agency
a0168b0b-4721-403c-a59d-f5adc4170958,12/31/2024,hcris_nmrc,CMS HCRIS Hospital 2552-10 Worksheet S-3 Part II line 01100,https://downloads.cms.gov/Files/hcris/,ccn,320022,rn_contract_labor_dpc,blended,contract,102.39,,,1.0,,0.92,High,agency
d1b45a3f-036b-429b-819c-688fa72a04dc,12/31/2024,hcris_nmrc,CMS HCRIS Hospital 2552-10 Worksheet S-3 Part II line 01100,https://downloads.cms.gov/Files/hcris/,ccn,050701,rn_contract_labor_dpc,blended,contract,119.31,,,1.0,,0.92,High,agency
27c05f37-d333-498c-90a0-22a90d94a340,12/31/2024,hcris_nmrc,CMS HCRIS Hospital 2552-10 Worksheet S-3 Part II line 01100,https://downloads.cms.gov/Files/hcris/,ccn,313032,rn_contract_labor_dpc,blended,contract,77.7,,,1.0,,0.92,High,agency
29f9f61e-3b4a-4ba4-8445-0f4202667ba4,12/31/2024,hcris_nmrc,CMS HCRIS Hospital 2552-10 Worksheet S-3 Part II line 01100,https://downloads.cms.gov/Files/hcris/,ccn,313029,rn_contract_labor_dpc,blended,contract,85.45,,,1.0,,0.92,High,agency
af88e3fc-1625-49c3-a2d4-6966be6fe3ce,12/31/2024,hcris_nmrc,CMS HCRIS Hospital 2552-10 Worksheet S-3 Part II line 01100,https://downloads.cms.gov/Files/hcris/,ccn,050704,rn_contract_labor_dpc,blended,contract,101.95,,,1.0,,0.92,High,agency
801e3afa-9e38-44db-b45a-a975d9614947,12/31/2024,hcris_nmrc,CMS HCRIS Hospital 2552-10 Worksheet S-3 Part II line 01100,https://downloads.cms.gov/Files/hcris/,ccn,313025,rn_contract_labor_dpc,blended,contract,67.76,,,1.0,,0.92,High,agency
2810e532-bab8-4d0f-9e21-825c1fe7efff,12/31/2024,hcris_nmrc,CMS HCRIS Hospital 2552-10 Worksheet S-3 Part II line 01100,https://downloads.cms.gov/Files/hcris/,ccn,050099,rn_contract_labor_dpc,blended,contract,95.58,,,1.0,,0.92,High,agency
e7057227-4926-4d83-b1f2-7a80f6c6e4c3,12/31/2024,hcris_nmrc,CMS HCRIS Hospital 2552-10 Worksheet S-3 Part II line 01100,https://downloads.cms.gov/Files/hcris/,ccn,050708,rn_contract_labor_dpc,blended,contract,109.98,,,1.0,,0.92,High,agency
ce9b49d3-6bcd-4aa3-935b-3dc2636b0332,12/31/2024,hcris_nmrc,CMS HCRIS Hospital 2552-10 Worksheet S-3 Part II line 01100,https://downloads.cms.gov/Files/hcris/,ccn,050697,rn_contract_labor_dpc,blended,contract,85.05,,,1.0,,0.92,High,agency
bf193296-faf9-4686-a957-e0e55f042ffe,12/31/2024,hcris_nmrc,CMS HCRIS Hospital 2552-10 Worksheet S-3 Part II line 01100,https://downloads.cms.gov/Files/hcris/,ccn,310118,rn_contract_labor_dpc,blended,contract,79.24,,,1.0,,0.92,High,agency
d6d6343d-a6b2-4a02-a1aa-d3d92986d476,12/31/2024,hcris_nmrc,CMS HCRIS Hospital 2552-10 Worksheet S-3 Part II line 01100,https://downloads.cms.gov/Files/hcris/,ccn,050709,rn_contract_labor_dpc,blended,contract,83.62,,,1.0,,0.92,High,agency
b053839b-a244-41a7-a3dd-ba796794b988,12/31/2024,hcris_nmrc,CMS HCRIS Hospital 2552-10 Worksheet S-3 Part II line 01100,https://downloads.cms.gov/Files/hcris/,ccn,310113,rn_contract_labor_dpc,blended,contract,100.17,,,1.0,,0.92,High,agency
dd5f788f-22cc-4357-b933-830a9b5761dc,12/31/2024,hcris_nmrc,CMS HCRIS Hospital 2552-10 Worksheet S-3 Part II line 01100,https://downloads.cms.gov/Files/hcris/,ccn,050091,rn_contract_labor_dpc,blended,contract,101.13,,,1.0,,0.92,High,agency
11ef1972-c797-4ccc-9dc4-f69060642ca0,12/31/2024,hcris_nmrc,CMS HCRIS Hospital 2552-10 Worksheet S-3 Part II line 01100,https://downloads.cms.gov/Files/hcris/,ccn,310112,rn_contract_labor_dpc,blended,contract,100.82,,,1.0,,0.92,High,agency
4237afd2-5328-4c47-92d1-685887573dce,12/31/2024,hcris_nmrc,CMS HCRIS Hospital 2552-10 Worksheet S-3 Part II line 01100,https://downloads.cms.gov/Files/hcris/,ccn,050710,rn_contract_labor_dpc,blended,contract,103.22,,,1.0,,0.92,High,agency
bd382457-8531-48f5-bed6-4c019d9a0408,12/31/2024,hcris_nmrc,CMS HCRIS Hospital 2552-10 Worksheet S-3 Part II line 01100,https://downloads.cms.gov/Files/hcris/,ccn,310111,rn_contract_labor_dpc,blended,contract,93.63,,,1.0,,0.92,High,agency
54ca0b0d-c4de-4e7e-880e-886c60fbc2a1,12/31/2024,hcris_nmrc,CMS HCRIS Hospital 2552-10 Worksheet S-3 Part II line 01100,https://downloads.cms.gov/Files/hcris/,ccn,310110,rn_contract_labor_dpc,blended,contract,118.42,,,1.0,,0.92,High,agency
345e1adc-44f9-4214-bf48-6c514fee417c,12/31/2024,hcris_nmrc,CMS HCRIS Hospital 2552-10 Worksheet S-3 Part II line 01100,https://downloads.cms.gov/Files/hcris/,ccn,310115,rn_contract_labor_dpc,blended,contract,88.5,,,1.0,,0.92,High,agency
00008fee-d6f8-4c31-bfd7-1a654d72db4b,12/31/2024,hcris_nmrc,CMS HCRIS Hospital 2552-10 Worksheet S-3 Part II line 01100,https://downloads.cms.gov/Files/hcris/,ccn,390070,rn_contract_labor_dpc,blended,contract,78.45,,,1.0,,0.92,High,agency
953d6d13-cb23-4869-823c-bb1ed1225562,12/31/2024,hcris_nmrc,CMS HCRIS Hospital 2552-10 Worksheet S-3 Part II line 01100,https://downloads.cms.gov/Files/hcris/,ccn,320021,rn_contract_labor_dpc,blended,contract,98.23,,,1.0,,0.92,High,agency
327bc881-6ae5-4389-b53c-8ab371853caa,12/31/2024,hcris_nmrc,CMS HCRIS Hospital 2552-10 Worksheet S-3 Part II line 01100,https://downloads.cms.gov/Files/hcris/,ccn,320011,rn_contract_labor_dpc,blended,contract,94.1,,,1.0,,0.92,High,agency
c2a257a1-27bd-4cba-b955-d93f949eba15,12/31/2024,hcris_nmrc,CMS HCRIS Hospital 2552-10 Worksheet S-3 Part II line 01100,https://downloads.cms.gov/Files/hcris/,ccn,050684,rn_contract_labor_dpc,blended,contract,97.0,,,1.0,,0.92,High,agency
a3cfcbdd-f1dc-46be-98eb-25b58f126ce4,12/31/2024,hcris_nmrc,CMS HCRIS Hospital 2552-10 Worksheet S-3 Part II line 01100,https://downloads.cms.gov/Files/hcris/,ccn,050686,rn_contract_labor_dpc,blended,contract,94.27,,,1.0,,0.92,High,agency
8a10478c-201d-45ab-853f-1f435a0b10c3,12/31/2024,hcris_nmrc,CMS HCRIS Hospital 2552-10 Worksheet S-3 Part II line 01100,https://downloads.cms.gov/Files/hcris/,ccn,050104,rn_contract_labor_dpc,blended,contract,88.69,,,1.0,,0.92,High,agency
3f707737-5af0-46c3-9655-361b91beb517,12/31/2024,hcris_nmrc,CMS HCRIS Hospital 2552-10 Worksheet S-3 Part II line 01100,https://downloads.cms.gov/Files/hcris/,ccn,050690,rn_contract_labor_dpc,blended,contract,103.12,,,1.0,,0.92,High,agency
1dfb89bd-dfb7-4bc0-9170-73a02d4926a8,12/31/2024,hcris_nmrc,CMS HCRIS Hospital 2552-10 Worksheet S-3 Part II line 01100,https://downloads.cms.gov/Files/hcris/,ccn,050103,rn_contract_labor_dpc,blended,contract,103.56,,,1.0,,0.92,High,agency
fb70b567-81e5-4924-8888-d325d4915417,12/31/2024,hcris_nmrc,CMS HCRIS Hospital 2552-10 Worksheet S-3 Part II line 01100,https://downloads.cms.gov/Files/hcris/,ccn,314018,rn_contract_labor_dpc,blended,contract,62.48,,,1.0,,0.92,High,agency
d7d0f160-682c-41bd-95ff-55d157ee660d,12/31/2024,hcris_nmrc,CMS HCRIS Hospital 2552-10 Worksheet S-3 Part II line 01100,https://downloads.cms.gov/Files/hcris/,ccn,390116,rn_contract_labor_dpc,blended,contract,72.27,,,1.0,,0.92,High,agency
59354117-f5ba-45d4-bb25-fce525b343f7,12/31/2024,hcris_nmrc,CMS HCRIS Hospital 2552-10 Worksheet S-3 Part II line 01100,https://downloads.cms.gov/Files/hcris/,ccn,314023,rn_contract_labor_dpc,blended,contract,54.71,,,1.0,,0.92,High,agency
85ddf06f-a1d0-41d1-bcd9-3be683372f29,12/31/2024,hcris_nmrc,CMS HCRIS Hospital 2552-10 Worksheet S-3 Part II line 01100,https://downloads.cms.gov/Files/hcris/,ccn,330056,rn_contract_labor_dpc,blended,contract,166.48,,,1.0,,0.92,High,agency
4b407b9f-e32f-497c-b3e9-b5eb3fdecffd,12/31/2024,hcris_nmrc,CMS HCRIS Hospital 2552-10 Worksheet S-3 Part II line 01100,https://downloads.cms.gov/Files/hcris/,ccn,390430,rn_contract_labor_dpc,blended,contract,49.28,,,1.0,,0.92,High,agency
e9412d4d-df04-48c4-9ed5-d02b39b1fbcf,12/31/2024,hcris_nmrc,CMS HCRIS Hospital 2552-10 Worksheet S-3 Part II line 01100,https://downloads.cms.gov/Files/hcris/,ccn,053031,rn_contract_labor_dpc,blended,contract,100.23,,,1.0,,0.92,High,agency
926653f8-2d5f-4576-a84f-7d8b19031853,12/31/2024,hcris_nmrc,CMS HCRIS Hospital 2552-10 Worksheet S-3 Part II line 01100,https://downloads.cms.gov/Files/hcris/,ccn,260180,rn_contract_labor_dpc,blended,contract,94.45,,,1.0,,0.92,High,agency
07ddd6de-d549-4070-a6ac-f86166d05e90,12/31/2024,hcris_nmrc,CMS HCRIS Hospital 2552-10 Worksheet S-3 Part II line 01100,https://downloads.cms.gov/Files/hcris/,ccn,053034,rn_contract_labor_dpc,blended,contract,97.11,,,1.0,,0.92,High,agency
257f9635-3538-4fab-adab-21d46826b618,12/31/2024,hcris_nmrc,CMS HCRIS Hospital 2552-10 Worksheet S-3 Part II line 01100,https://downloads.cms.gov/Files/hcris/,ccn,050013,rn_contract_labor_dpc,blended,contract,99.2,,,1.0,,0.92,High,agency
a1088a13-c805-4783-905e-102d4298a9d7,12/31/2024,hcris_nmrc,CMS HCRIS Hospital 2552-10 Worksheet S-3 Part II line 01100,https://downloads.cms.gov/Files/hcris/,ccn,053039,rn_contract_labor_dpc,blended,contract,66.98,,,1.0,,0.92,High,agency
25037f50-9ba8-44f4-b733-785d32b22c21,12/31/2024,hcris_nmrc,CMS HCRIS Hospital 2552-10 Worksheet S-3 Part II line 01100,https://downloads.cms.gov/Files/hcris/,ccn,260163,rn_contract_labor_dpc,blended,contract,88.47,,,1.0,,0.92,High,agency
7a10c40c-edcd-47e3-83dd-e47a8c2748a3,12/31/2024,hcris_nmrc,CMS HCRIS Hospital 2552-10 Worksheet S-3 Part II line 01100,https://downloads.cms.gov/Files/hcris/,ccn,260162,rn_contract_labor_dpc,blended,contract,94.78,,,1.0,,0.92,High,agency
78c0cac1-b57d-4c80-8024-c9f03554c720,12/31/2024,hcris_nmrc,CMS HCRIS Hospital 2552-10 Worksheet S-3 Part II line 01100,https://downloads.cms.gov/Files/hcris/,ccn,260160,rn_contract_labor_dpc,blended,contract,73.31,,,1.0,,0.92,High,agency
e91403dc-a88f-4141-8802-27165184a9d9,12/31/2024,hcris_nmrc,CMS HCRIS Hospital 2552-10 Worksheet S-3 Part II line 01100,https://downloads.cms.gov/Files/hcris/,ccn,400132,rn_contract_labor_dpc,blended,contract,25.47,,,1.0,,0.92,High,agency
9e1699b7-9311-458d-a007-a313758ac7f9,12/31/2024,hcris_nmrc,CMS HCRIS Hospital 2552-10 Worksheet S-3 Part II line 01100,https://downloads.cms.gov/Files/hcris/,ccn,260191,rn_contract_labor_dpc,blended,contract,83.42,,,1.0,,0.92,High,agency
15e2b1e6-4f8f-4841-a9db-aeedfb8855a2,12/31/2024,hcris_nmrc,CMS HCRIS Hospital 2552-10 Worksheet S-3 Part II line 01100,https://downloads.cms.gov/Files/hcris/,ccn,400120,rn_contract_labor_dpc,blended,contract,27.58,,,1.0,,0.92,High,agency
267a039b-b7de-4510-9dc4-ce473243bcfb,12/31/2024,hcris_nmrc,CMS HCRIS Hospital 2552-10 Worksheet S-3 Part II line 01100,https://downloads.cms.gov/Files/hcris/,ccn,260193,rn_contract_labor_dpc,blended,contract,76.53,,,1.0,,0.92,High,agency
094fed54-755a-4cc1-b642-a03b98ebb704,12/31/2024,hcris_nmrc,CMS HCRIS Hospital 2552-10 Worksheet S-3 Part II line 01100,https://downloads.cms.gov/Files/hcris/,ccn,400118,rn_contract_labor_dpc,blended,contract,28.32,,,1.0,,0.92,High,agency
5acb87f5-f54f-4dbd-9fa0-256a0a391f06,12/31/2024,hcris_nmrc,CMS HCRIS Hospital 2552-10 Worksheet S-3 Part II line 01100,https://downloads.cms.gov/Files/hcris/,ccn,263032,rn_contract_labor_dpc,blended,contract,34.26,,,1.0,,0.92,High,agency
e21a76b8-b186-4458-a912-d97d6a2d2a25,12/31/2024,hcris_nmrc,CMS HCRIS Hospital 2552-10 Worksheet S-3 Part II line 01100,https://downloads.cms.gov/Files/hcris/,ccn,050024,rn_contract_labor_dpc,blended,contract,78.89,,,1.0,,0.92,High,agency
8eb19847-fba5-4976-b5be-fe5ddefc4fa9,12/31/2024,hcris_nmrc,CMS HCRIS Hospital 2552-10 Worksheet S-3 Part II line 01100,https://downloads.cms.gov/Files/hcris/,ccn,263029,rn_contract_labor_dpc,blended,contract,55.84,,,1.0,,0.92,High,agency
b559f34a-07ad-4195-9eb0-56519b881368,12/31/2024,hcris_nmrc,CMS HCRIS Hospital 2552-10 Worksheet S-3 Part II line 01100,https://downloads.cms.gov/Files/hcris/,ccn,400114,rn_contract_labor_dpc,blended,contract,39.94,,,1.0,,0.92,High,agency
f1bf3059-ba73-4dcf-b968-527fe649c2cf,12/31/2024,hcris_nmrc,CMS HCRIS Hospital 2552-10 Worksheet S-3 Part II line 01100,https://downloads.cms.gov/Files/hcris/,ccn,260219,rn_contract_labor_dpc,blended,contract,59.98,,,1.0,,0.92,High,agency
9e75e33b-55be-45fe-9f74-e69e4c74000a,12/31/2024,hcris_nmrc,CMS HCRIS Hospital 2552-10 Worksheet S-3 Part II line 01100,https://downloads.cms.gov/Files/hcris/,ccn,400115,rn_contract_labor_dpc,blended,contract,37.57,,,1.0,,0.92,High,agency
4f37fa78-ecfd-458d-b9ef-a7957cf033cc,12/31/2024,hcris_nmrc,CMS HCRIS Hospital 2552-10 Worksheet S-3 Part II line 01100,https://downloads.cms.gov/Files/hcris/,ccn,260216,rn_contract_labor_dpc,blended,contract,89.11,,,1.0,,0.92,High,agency
6b564bcb-7314-4ec4-875a-31a82ad6288d,12/31/2024,hcris_nmrc,CMS HCRIS Hospital 2552-10 Worksheet S-3 Part II line 01100,https://downloads.cms.gov/Files/hcris/,ccn,400117,rn_contract_labor_dpc,blended,contract,51.35,,,1.0,,0.92,High,agency
018cd7e8-8ca5-4c56-8d8d-9131898112d4,12/31/2024,hcris_nmrc,CMS HCRIS Hospital 2552-10 Worksheet S-3 Part II line 01100,https://downloads.cms.gov/Files/hcris/,ccn,260214,rn_contract_labor_dpc,blended,contract,81.43,,,1.0,,0.92,High,agency
707f7977-a837-4602-912d-1a87c4b9187f,12/31/2024,hcris_nmrc,CMS HCRIS Hospital 2552-10 Worksheet S-3 Part II line 01100,https://downloads.cms.gov/Files/hcris/,ccn,260200,rn_contract_labor_dpc,blended,contract,25.17,,,1.0,,0.92,High,agency
ce1ec1bb-629a-44b2-a8ad-ad7845518de4,12/31/2024,hcris_nmrc,CMS HCRIS Hospital 2552-10 Worksheet S-3 Part II line 01100,https://downloads.cms.gov/Files/hcris/,ccn,260138,rn_contract_labor_dpc,blended,contract,66.03,,,1.0,,0.92,High,agency
99eea3ea-f2bf-48d1-a850-c6aecfa1c139,12/31/2024,hcris_nmrc,CMS HCRIS Hospital 2552-10 Worksheet S-3 Part II line 01100,https://downloads.cms.gov/Files/hcris/,ccn,260119,rn_contract_labor_dpc,blended,contract,74.72,,,1.0,,0.92,High,agency
2e592261-1961-4260-93ae-063e00649c32,12/31/2024,hcris_nmrc,CMS HCRIS Hospital 2552-10 Worksheet S-3 Part II line 01100,https://downloads.cms.gov/Files/hcris/,ccn,260068,rn_contract_labor_dpc,blended,contract,120.43,,,1.0,,0.92,High,agency
89e638e6-3994-4c94-af8a-25697f7c0c8e,12/31/2024,hcris_nmrc,CMS HCRIS Hospital 2552-10 Worksheet S-3 Part II line 01100,https://downloads.cms.gov/Files/hcris/,ccn,060004,rn_contract_labor_dpc,blended,contract,101.17,,,1.0,,0.92,High,agency
48b8091e-ae14-4243-b326-d93d3a9e3553,12/31/2024,hcris_nmrc,CMS HCRIS Hospital 2552-10 Worksheet S-3 Part II line 01100,https://downloads.cms.gov/Files/hcris/,ccn,260062,rn_contract_labor_dpc,blended,contract,72.46,,,1.0,,0.92,High,agency
7d4fb1d0-a87b-44dc-ac61-15a7629c1bf0,12/31/2024,hcris_nmrc,CMS HCRIS Hospital 2552-10 Worksheet S-3 Part II line 01100,https://downloads.cms.gov/Files/hcris/,ccn,060006,rn_contract_labor_dpc,blended,contract,94.17,,,1.0,,0.92,High,agency
85139ba9-f16f-4091-8446-040f82c4e0ad,12/31/2024,hcris_nmrc,CMS HCRIS Hospital 2552-10 Worksheet S-3 Part II line 01100,https://downloads.cms.gov/Files/hcris/,ccn,420011,rn_contract_labor_dpc,blended,contract,38.48,,,1.0,,0.92,High,agency
d1b768d8-e2cf-4fe9-a90b-15cddc4eb215,12/31/2024,hcris_nmrc,CMS HCRIS Hospital 2552-10 Worksheet S-3 Part II line 01100,https://downloads.cms.gov/Files/hcris/,ccn,260034,rn_contract_labor_dpc,blended,contract,74.95,,,1.0,,0.92,High,agency
09caaa47-c59a-4c97-804f-cefc6db13517,12/31/2024,hcris_nmrc,CMS HCRIS Hospital 2552-10 Worksheet S-3 Part II line 01100,https://downloads.cms.gov/Files/hcris/,ccn,060009,rn_contract_labor_dpc,blended,contract,101.91,,,1.0,,0.92,High,agency
df3ca929-d439-4904-84ed-7f9fca00258a,12/31/2024,hcris_nmrc,CMS HCRIS Hospital 2552-10 Worksheet S-3 Part II line 01100,https://downloads.cms.gov/Files/hcris/,ccn,260027,rn_contract_labor_dpc,blended,contract,53.64,,,1.0,,0.92,High,agency
7fa3dbb6-18cd-492b-9ec2-9e4cef0f3ec4,12/31/2024,hcris_nmrc,CMS HCRIS Hospital 2552-10 Worksheet S-3 Part II line 01100,https://downloads.cms.gov/Files/hcris/,ccn,260024,rn_contract_labor_dpc,blended,contract,30.0,,,1.0,,0.92,High,agency
fd9a9daf-6617-4f0e-bdbd-f43eb474ce42,12/31/2024,hcris_nmrc,CMS HCRIS Hospital 2552-10 Worksheet S-3 Part II line 01100,https://downloads.cms.gov/Files/hcris/,ccn,060011,rn_contract_labor_dpc,blended,contract,64.64,,,1.0,,0.92,High,agency
4351db11-0926-4d6b-804d-61f871aaac5b,12/31/2024,hcris_nmrc,CMS HCRIS Hospital 2552-10 Worksheet S-3 Part II line 01100,https://downloads.cms.gov/Files/hcris/,ccn,420027,rn_contract_labor_dpc,blended,contract,53.87,,,1.0,,0.92,High,agency
1dcf2f04-3a75-479a-94f7-746c8ca3e1e7,12/31/2024,hcris_nmrc,CMS HCRIS Hospital 2552-10 Worksheet S-3 Part II line 01100,https://downloads.cms.gov/Files/hcris/,ccn,420030,rn_contract_labor_dpc,blended,contract,46.87,,,1.0,,0.92,High,agency
56a8b11c-944d-4be0-82a5-3d7ca9fb9089,12/31/2024,hcris_nmrc,CMS HCRIS Hospital 2552-10 Worksheet S-3 Part II line 01100,https://downloads.cms.gov/Files/hcris/,ccn,260017,rn_contract_labor_dpc,blended,contract,76.34,,,1.0,,0.92,High,agency
82a78c5d-ee61-4551-98de-753bed4e3947,12/31/2024,hcris_nmrc,CMS HCRIS Hospital 2552-10 Worksheet S-3 Part II line 01100,https://downloads.cms.gov/Files/hcris/,ccn,260032,rn_contract_labor_dpc,blended,contract,81.71,,,1.0,,0.92,High,agency
87239a30-2c6a-4734-88db-898aab475ccd,12/31/2024,hcris_nmrc,CMS HCRIS Hospital 2552-10 Worksheet S-3 Part II line 01100,https://downloads.cms.gov/Files/hcris/,ccn,413025,rn_contract_labor_dpc,blended,contract,87.12,,,1.0,,0.92,High,agency
86a6f33f-7f65-47bb-aae8-6b16b5692a1c,12/31/2024,hcris_nmrc,CMS HCRIS Hospital 2552-10 Worksheet S-3 Part II line 01100,https://downloads.cms.gov/Files/hcris/,ccn,060003,rn_contract_labor_dpc,blended,contract,64.2,,,1.0,,0.92,High,agency
2bfe4656-3536-4867-806e-57081f330a04,12/31/2024,hcris_nmrc,CMS HCRIS Hospital 2552-10 Worksheet S-3 Part II line 01100,https://downloads.cms.gov/Files/hcris/,ccn,053043,rn_contract_labor_dpc,blended,contract,40.58,,,1.0,,0.92,High,agency
afd2b02c-9f71-47a8-b85c-cb4398111346,12/31/2024,hcris_nmrc,CMS HCRIS Hospital 2552-10 Worksheet S-3 Part II line 01100,https://downloads.cms.gov/Files/hcris/,ccn,260110,rn_contract_labor_dpc,blended,contract,76.66,,,1.0,,0.92,High,agency
fb1f76d9-001a-4d6e-9345-28d73c97237b,12/31/2024,hcris_nmrc,CMS HCRIS Hospital 2552-10 Worksheet S-3 Part II line 01100,https://downloads.cms.gov/Files/hcris/,ccn,410004,rn_contract_labor_dpc,blended,contract,96.63,,,1.0,,0.92,High,agency
ca2c9713-ca31-4450-9cab-fd20655c19f9,12/31/2024,hcris_nmrc,CMS HCRIS Hospital 2552-10 Worksheet S-3 Part II line 01100,https://downloads.cms.gov/Files/hcris/,ccn,053046,rn_contract_labor_dpc,blended,contract,104.52,,,1.0,,0.92,High,agency
2529c4aa-59f4-4d70-a220-17f811c99dcd,12/31/2024,hcris_nmrc,CMS HCRIS Hospital 2552-10 Worksheet S-3 Part II line 01100,https://downloads.cms.gov/Files/hcris/,ccn,260108,rn_contract_labor_dpc,blended,contract,88.89,,,1.0,,0.92,High,agency
9771c085-c2cb-4703-b730-42091eec0444,12/31/2024,hcris_nmrc,CMS HCRIS Hospital 2552-10 Worksheet S-3 Part II line 01100,https://downloads.cms.gov/Files/hcris/,ccn,410005,rn_contract_labor_dpc,blended,contract,97.14,,,1.0,,0.92,High,agency
f96a41c6-50ca-4816-a010-ab0dc759ec8c,12/31/2024,hcris_nmrc,CMS HCRIS Hospital 2552-10 Worksheet S-3 Part II line 01100,https://downloads.cms.gov/Files/hcris/,ccn,260105,rn_contract_labor_dpc,blended,contract,59.23,,,1.0,,0.92,High,agency
17f21dce-f77f-4e14-9ecb-6c167cee629a,12/31/2024,hcris_nmrc,CMS HCRIS Hospital 2552-10 Worksheet S-3 Part II line 01100,https://downloads.cms.gov/Files/hcris/,ccn,043037,rn_contract_labor_dpc,blended,contract,78.98,,,1.0,,0.92,High,agency
a3504e20-be59-4601-9ba1-8b08e9489d62,12/31/2024,hcris_nmrc,CMS HCRIS Hospital 2552-10 Worksheet S-3 Part II line 01100,https://downloads.cms.gov/Files/hcris/,ccn,260104,rn_contract_labor_dpc,blended,contract,53.81,,,1.0,,0.92,High,agency
db386581-d74b-44ac-868f-ffcf7e18a8c8,12/31/2024,hcris_nmrc,CMS HCRIS Hospital 2552-10 Worksheet S-3 Part II line 01100,https://downloads.cms.gov/Files/hcris/,ccn,260091,rn_contract_labor_dpc,blended,contract,77.78,,,1.0,,0.92,High,agency
c11eb359-4b23-42a2-95a3-f355fe5b6a56,12/31/2024,hcris_nmrc,CMS HCRIS Hospital 2552-10 Worksheet S-3 Part II line 01100,https://downloads.cms.gov/Files/hcris/,ccn,260085,rn_contract_labor_dpc,blended,contract,74.62,,,1.0,,0.92,High,agency
cc3665a8-8982-473c-a1ca-6f80a5c068d1,12/31/2024,hcris_nmrc,CMS HCRIS Hospital 2552-10 Worksheet S-3 Part II line 01100,https://downloads.cms.gov/Files/hcris/,ccn,410011,rn_contract_labor_dpc,blended,contract,88.86,,,1.0,,0.92,High,agency
6e440d15-947b-43ed-aac4-b12d4ca18c03,12/31/2024,hcris_nmrc,CMS HCRIS Hospital 2552-10 Worksheet S-3 Part II line 01100,https://downloads.cms.gov/Files/hcris/,ccn,060001,rn_contract_labor_dpc,blended,contract,95.85,,,1.0,,0.92,High,agency
a237f0fa-deb7-448a-9436-914dcb9a043d,12/31/2024,hcris_nmrc,CMS HCRIS Hospital 2552-10 Worksheet S-3 Part II line 01100,https://downloads.cms.gov/Files/hcris/,ccn,043038,rn_contract_labor_dpc,blended,contract,85.19,,,1.0,,0.92,High,agency
4176350e-e682-4960-888d-95aadcd0cee6,12/31/2024,hcris_nmrc,CMS HCRIS Hospital 2552-10 Worksheet S-3 Part II line 01100,https://downloads.cms.gov/Files/hcris/,ccn,260081,rn_contract_labor_dpc,blended,contract,31.98,,,1.0,,0.92,High,agency
414ed5d2-3036-44b8-b482-1008efc9b551,12/31/2024,hcris_nmrc,CMS HCRIS Hospital 2552-10 Worksheet S-3 Part II line 01100,https://downloads.cms.gov/Files/hcris/,ccn,260078,rn_contract_labor_dpc,blended,contract,117.78,,,1.0,,0.92,High,agency
b6eb1ddb-cca8-42d1-ac9d-6327656d0427,12/31/2024,hcris_nmrc,CMS HCRIS Hospital 2552-10 Worksheet S-3 Part II line 01100,https://downloads.cms.gov/Files/hcris/,ccn,260097,rn_contract_labor_dpc,blended,contract,85.77,,,1.0,,0.92,High,agency
4876984a-d87c-4ab2-9b84-d58dbbd158a1,12/31/2024,hcris_nmrc,CMS HCRIS Hospital 2552-10 Worksheet S-3 Part II line 01100,https://downloads.cms.gov/Files/hcris/,ccn,050763,rn_contract_labor_dpc,blended,contract,92.2,,,1.0,,0.92,High,agency
0c7ebb27-31d1-4b34-9b6c-8071bd0728ac,12/31/2024,hcris_nmrc,CMS HCRIS Hospital 2552-10 Worksheet S-3 Part II line 01100,https://downloads.cms.gov/Files/hcris/,ccn,290019,rn_contract_labor_dpc,blended,contract,102.02,,,1.0,,0.92,High,agency
2055cdee-3398-4297-9500-d2266a9a795b,12/31/2024,hcris_nmrc,CMS HCRIS Hospital 2552-10 Worksheet S-3 Part II line 01100,https://downloads.cms.gov/Files/hcris/,ccn,290009,rn_contract_labor_dpc,blended,contract,92.11,,,1.0,,0.92,High,agency
75d980be-e007-4d79-877d-60b1c7cb8e88,12/31/2024,hcris_nmrc,CMS HCRIS Hospital 2552-10 Worksheet S-3 Part II line 01100,https://downloads.cms.gov/Files/hcris/,ccn,393054,rn_contract_labor_dpc,blended,contract,72.58,,,1.0,,0.92,High,agency
491c1152-3a30-4e63-be2f-79ba7364db58,12/31/2024,hcris_nmrc,CMS HCRIS Hospital 2552-10 Worksheet S-3 Part II line 01100,https://downloads.cms.gov/Files/hcris/,ccn,393055,rn_contract_labor_dpc,blended,contract,68.37,,,1.0,,0.92,High,agency
59ca46cb-d626-4002-be21-5d46f07abdd5,12/31/2024,hcris_nmrc,CMS HCRIS Hospital 2552-10 Worksheet S-3 Part II line 01100,https://downloads.cms.gov/Files/hcris/,ccn,050771,rn_contract_labor_dpc,blended,contract,89.05,,,1.0,,0.92,High,agency
5e0bd608-f4c7-417d-b8cd-c56a26a2d8a0,12/31/2024,hcris_nmrc,CMS HCRIS Hospital 2552-10 Worksheet S-3 Part II line 01100,https://downloads.cms.gov/Files/hcris/,ccn,290001,rn_contract_labor_dpc,blended,contract,89.14,,,1.0,,0.92,High,agency
5d1248fd-5daf-4d07-96f8-130ef1609b1c,12/31/2024,hcris_nmrc,CMS HCRIS Hospital 2552-10 Worksheet S-3 Part II line 01100,https://downloads.cms.gov/Files/hcris/,ccn,050772,rn_contract_labor_dpc,blended,contract,120.49,,,1.0,,0.92,High,agency
cbf3c141-a668-4439-ae32-a49860fbba88,12/31/2024,hcris_nmrc,CMS HCRIS Hospital 2552-10 Worksheet S-3 Part II line 01100,https://downloads.cms.gov/Files/hcris/,ccn,050775,rn_contract_labor_dpc,blended,contract,130.59,,,1.0,,0.92,High,agency
b27052b5-6c2e-4b75-a74f-7419f268d3b2,12/31/2024,hcris_nmrc,CMS HCRIS Hospital 2552-10 Worksheet S-3 Part II line 01100,https://downloads.cms.gov/Files/hcris/,ccn,280139,rn_contract_labor_dpc,blended,contract,97.14,,,1.0,,0.92,High,agency
50690293-f5de-4375-b91b-d7c36957e01d,12/31/2024,hcris_nmrc,CMS HCRIS Hospital 2552-10 Worksheet S-3 Part II line 01100,https://downloads.cms.gov/Files/hcris/,ccn,280134,rn_contract_labor_dpc,blended,contract,133.52,,,1.0,,0.92,High,agency
b21bd256-67d0-4661-a608-ad68d6433c3a,12/31/2024,hcris_nmrc,CMS HCRIS Hospital 2552-10 Worksheet S-3 Part II line 01100,https://downloads.cms.gov/Files/hcris/,ccn,280133,rn_contract_labor_dpc,blended,contract,60.58,,,1.0,,0.92,High,agency
ed0b4ab0-6a68-4cb7-b8d5-125e97ac7e79,12/31/2024,hcris_nmrc,CMS HCRIS Hospital 2552-10 Worksheet S-3 Part II line 01100,https://downloads.cms.gov/Files/hcris/,ccn,050776,rn_contract_labor_dpc,blended,contract,68.44,,,1.0,,0.92,High,agency
8b997f51-551e-4947-a53e-00db12d00fcf,12/31/2024,hcris_nmrc,CMS HCRIS Hospital 2552-10 Worksheet S-3 Part II line 01100,https://downloads.cms.gov/Files/hcris/,ccn,290021,rn_contract_labor_dpc,blended,contract,113.8,,,1.0,,0.92,High,agency
84b348b0-6a3d-42c9-a77b-84ec8842db93,12/31/2024,hcris_nmrc,CMS HCRIS Hospital 2552-10 Worksheet S-3 Part II line 01100,https://downloads.cms.gov/Files/hcris/,ccn,290032,rn_contract_labor_dpc,blended,contract,47.29,,,1.0,,0.92,High,agency
6c339d8f-a0f9-4890-8621-4f877cc23ff9,12/31/2024,hcris_nmrc,CMS HCRIS Hospital 2552-10 Worksheet S-3 Part II line 01100,https://downloads.cms.gov/Files/hcris/,ccn,290039,rn_contract_labor_dpc,blended,contract,75.96,,,1.0,,0.92,High,agency
41f5ba31-1f46-470f-8803-a5293a66e3cb,12/31/2024,hcris_nmrc,CMS HCRIS Hospital 2552-10 Worksheet S-3 Part II line 01100,https://downloads.cms.gov/Files/hcris/,ccn,293026,rn_contract_labor_dpc,blended,contract,79.54,,,1.0,,0.92,High,agency
4c1ba925-b882-4102-90e4-a9ecb741df8f,12/31/2024,hcris_nmrc,CMS HCRIS Hospital 2552-10 Worksheet S-3 Part II line 01100,https://downloads.cms.gov/Files/hcris/,ccn,050764,rn_contract_labor_dpc,blended,contract,95.88,,,1.0,,0.92,High,agency
3c818b29-8d8f-4585-8daa-fb42077e4de7,12/31/2024,hcris_nmrc,CMS HCRIS Hospital 2552-10 Worksheet S-3 Part II line 01100,https://downloads.cms.gov/Files/hcris/,ccn,290058,rn_contract_labor_dpc,blended,contract,107.82,,,1.0,,0.92,High,agency
242ec7fe-b863-4e93-8ee1-5586a36b9dfd,12/31/2024,hcris_nmrc,CMS HCRIS Hospital 2552-10 Worksheet S-3 Part II line 01100,https://downloads.cms.gov/Files/hcris/,ccn,290057,rn_contract_labor_dpc,blended,contract,132.66,,,1.0,,0.92,High,agency
ffe5c410-3f06-43f6-8365-6a075408e950,12/31/2024,hcris_nmrc,CMS HCRIS Hospital 2552-10 Worksheet S-3 Part II line 01100,https://downloads.cms.gov/Files/hcris/,ccn,050765,rn_contract_labor_dpc,blended,contract,96.31,,,1.0,,0.92,High,agency
f16d8d9f-b282-4cdf-b516-a7059a155555,12/31/2024,hcris_nmrc,CMS HCRIS Hospital 2552-10 Worksheet S-3 Part II line 01100,https://downloads.cms.gov/Files/hcris/,ccn,290049,rn_contract_labor_dpc,blended,contract,82.1,,,1.0,,0.92,High,agency
954ec680-a47b-4bc3-90ec-cfa4c4e3487e,12/31/2024,hcris_nmrc,CMS HCRIS Hospital 2552-10 Worksheet S-3 Part II line 01100,https://downloads.cms.gov/Files/hcris/,ccn,290046,rn_contract_labor_dpc,blended,contract,111.72,,,1.0,,0.92,High,agency
c13d5852-da77-4bd9-9516-d2cb868ea614,12/31/2024,hcris_nmrc,CMS HCRIS Hospital 2552-10 Worksheet S-3 Part II line 01100,https://downloads.cms.gov/Files/hcris/,ccn,050767,rn_contract_labor_dpc,blended,contract,113.35,,,1.0,,0.92,High,agency
0fec2558-edf7-43a2-8af9-31d9bd4d1d03,12/31/2024,hcris_nmrc,CMS HCRIS Hospital 2552-10 Worksheet S-3 Part II line 01100,https://downloads.cms.gov/Files/hcris/,ccn,290042,rn_contract_labor_dpc,blended,contract,63.44,,,1.0,,0.92,High,agency
c542c380-6aa1-4c6a-82d1-4f21b92068b1,12/31/2024,hcris_nmrc,CMS HCRIS Hospital 2552-10 Worksheet S-3 Part II line 01100,https://downloads.cms.gov/Files/hcris/,ccn,290041,rn_contract_labor_dpc,blended,contract,120.72,,,1.0,,0.92,High,agency
b6c69140-d9e9-4881-98ec-bf0e7287089b,12/31/2024,hcris_nmrc,CMS HCRIS Hospital 2552-10 Worksheet S-3 Part II line 01100,https://downloads.cms.gov/Files/hcris/,ccn,290054,rn_contract_labor_dpc,blended,contract,126.64,,,1.0,,0.92,High,agency
296eb74c-1597-4804-99be-3dbd9128efd6,12/31/2024,hcris_nmrc,CMS HCRIS Hospital 2552-10 Worksheet S-3 Part II line 01100,https://downloads.cms.gov/Files/hcris/,ccn,280131,rn_contract_labor_dpc,blended,contract,72.37,,,1.0,,0.92,High,agency
5120401d-0c94-498e-91f8-3097275e75d0,12/31/2024,hcris_nmrc,CMS HCRIS Hospital 2552-10 Worksheet S-3 Part II line 01100,https://downloads.cms.gov/Files/hcris/,ccn,273025,rn_contract_labor_dpc,blended,contract,78.34,,,1.0,,0.92,High,agency
b65ae478-1ae1-44e9-901d-934b847ff68e,12/31/2024,hcris_nmrc,CMS HCRIS Hospital 2552-10 Worksheet S-3 Part II line 01100,https://downloads.cms.gov/Files/hcris/,ccn,400087,rn_contract_labor_dpc,blended,contract,26.62,,,1.0,,0.92,High,agency
96c8bdf7-2e11-4624-a0a3-c009b50e7901,12/31/2024,hcris_nmrc,CMS HCRIS Hospital 2552-10 Worksheet S-3 Part II line 01100,https://downloads.cms.gov/Files/hcris/,ccn,050784,rn_contract_labor_dpc,blended,contract,101.17,,,1.0,,0.92,High,agency
f814f78e-4ac2-45d9-8f5b-5ed1effac281,12/31/2024,hcris_nmrc,CMS HCRIS Hospital 2552-10 Worksheet S-3 Part II line 01100,https://downloads.cms.gov/Files/hcris/,ccn,270086,rn_contract_labor_dpc,blended,contract,88.03,,,1.0,,0.92,High,agency
1d0d1a32-5da2-4794-ac8a-0591fd4ff5f0,12/31/2024,hcris_nmrc,CMS HCRIS Hospital 2552-10 Worksheet S-3 Part II line 01100,https://downloads.cms.gov/Files/hcris/,ccn,270057,rn_contract_labor_dpc,blended,contract,93.5,,,1.0,,0.92,High,agency
def2bc20-f31d-46aa-aa33-178a26b66da5,12/31/2024,hcris_nmrc,CMS HCRIS Hospital 2552-10 Worksheet S-3 Part II line 01100,https://downloads.cms.gov/Files/hcris/,ccn,050785,rn_contract_labor_dpc,blended,contract,98.99,,,1.0,,0.92,High,agency
e1dd959a-ced6-4a7d-b5cb-780c6d9f0f2a,12/31/2024,hcris_nmrc,CMS HCRIS Hospital 2552-10 Worksheet S-3 Part II line 01100,https://downloads.cms.gov/Files/hcris/,ccn,270051,rn_contract_labor_dpc,blended,contract,104.61,,,1.0,,0.92,High,agency
9fb1b42d-945f-4cc4-843f-61d2dce71676,12/31/2024,hcris_nmrc,CMS HCRIS Hospital 2552-10 Worksheet S-3 Part II line 01100,https://downloads.cms.gov/Files/hcris/,ccn,270049,rn_contract_labor_dpc,blended,contract,76.13,,,1.0,,0.92,High,agency
0e06a7fb-0340-4a3c-9176-68beffd248b6,12/31/2024,hcris_nmrc,CMS HCRIS Hospital 2552-10 Worksheet S-3 Part II line 01100,https://downloads.cms.gov/Files/hcris/,ccn,400103,rn_contract_labor_dpc,blended,contract,40.69,,,1.0,,0.92,High,agency
7508f69e-52b2-4956-8f94-b68d31886c89,12/31/2024,hcris_nmrc,CMS HCRIS Hospital 2552-10 Worksheet S-3 Part II line 01100,https://downloads.cms.gov/Files/hcris/,ccn,270023,rn_contract_labor_dpc,blended,contract,89.5,,,1.0,,0.92,High,agency
4ef877fc-7d39-4878-9991-fbe5a359d7ca,12/31/2024,hcris_nmrc,CMS HCRIS Hospital 2552-10 Worksheet S-3 Part II line 01100,https://downloads.cms.gov/Files/hcris/,ccn,270017,rn_contract_labor_dpc,blended,contract,91.65,,,1.0,,0.92,High,agency
3e2841d2-8cb1-4b20-a8aa-48bba6d65ff3,12/31/2024,hcris_nmrc,CMS HCRIS Hospital 2552-10 Worksheet S-3 Part II line 01100,https://downloads.cms.gov/Files/hcris/,ccn,050855,rn_contract_labor_dpc,blended,contract,97.56,,,1.0,,0.92,High,agency
36aeab65-f4ee-48ca-9753-a1a8c6739f32,12/31/2024,hcris_nmrc,CMS HCRIS Hospital 2552-10 Worksheet S-3 Part II line 01100,https://downloads.cms.gov/Files/hcris/,ccn,270014,rn_contract_labor_dpc,blended,contract,54.91,,,1.0,,0.92,High,agency
bbad29f0-bb63-4757-9797-c8bac8320670,12/31/2024,hcris_nmrc,CMS HCRIS Hospital 2552-10 Worksheet S-3 Part II line 01100,https://downloads.cms.gov/Files/hcris/,ccn,270004,rn_contract_labor_dpc,blended,contract,83.69,,,1.0,,0.92,High,agency
62d52fbb-5a28-401c-bfc9-42a0718d54e7,12/31/2024,hcris_nmrc,CMS HCRIS Hospital 2552-10 Worksheet S-3 Part II line 01100,https://downloads.cms.gov/Files/hcris/,ccn,400044,rn_contract_labor_dpc,blended,contract,46.31,,,1.0,,0.92,High,agency
0c747bc5-b64d-44bd-b390-d57f9a1738aa,12/31/2024,hcris_nmrc,CMS HCRIS Hospital 2552-10 Worksheet S-3 Part II line 01100,https://downloads.cms.gov/Files/hcris/,ccn,280129,rn_contract_labor_dpc,blended,contract,73.53,,,1.0,,0.92,High,agency
2bb91689-180f-471f-9552-ff042659e2df,12/31/2024,hcris_nmrc,CMS HCRIS Hospital 2552-10 Worksheet S-3 Part II line 01100,https://downloads.cms.gov/Files/hcris/,ccn,050777,rn_contract_labor_dpc,blended,contract,113.14,,,1.0,,0.92,High,agency
9394e4ad-cd7e-4b22-98b5-bc1ed180815a,12/31/2024,hcris_nmrc,CMS HCRIS Hospital 2552-10 Worksheet S-3 Part II line 01100,https://downloads.cms.gov/Files/hcris/,ccn,280125,rn_contract_labor_dpc,blended,contract,81.13,,,1.0,,0.92,High,agency
65999445-7cca-457a-9b8a-208792158249,12/31/2024,hcris_nmrc,CMS HCRIS Hospital 2552-10 Worksheet S-3 Part II line 01100,https://downloads.cms.gov/Files/hcris/,ccn,280077,rn_contract_labor_dpc,blended,contract,96.04,,,1.0,,0.92,High,agency
3515523a-c0f5-4a23-89a1-2132cb9ea043,12/31/2024,hcris_nmrc,CMS HCRIS Hospital 2552-10 Worksheet S-3 Part II line 01100,https://downloads.cms.gov/Files/hcris/,ccn,280065,rn_contract_labor_dpc,blended,contract,90.6,,,1.0,,0.92,High,agency
6c4e400c-7ddf-4806-beb0-dfe2b449ba33,12/31/2024,hcris_nmrc,CMS HCRIS Hospital 2552-10 Worksheet S-3 Part II line 01100,https://downloads.cms.gov/Files/hcris/,ccn,050036,rn_contract_labor_dpc,blended,contract,107.31,,,1.0,,0.92,High,agency
35b25b93-4a02-4d99-928b-d086ec0182c5,12/31/2024,hcris_nmrc,CMS HCRIS Hospital 2552-10 Worksheet S-3 Part II line 01100,https://downloads.cms.gov/Files/hcris/,ccn,400019,rn_contract_labor_dpc,blended,contract,36.87,,,1.0,,0.92,High,agency
de101592-7aba-49e8-a158-7d9f2c3659f3,12/31/2024,hcris_nmrc,CMS HCRIS Hospital 2552-10 Worksheet S-3 Part II line 01100,https://downloads.cms.gov/Files/hcris/,ccn,050780,rn_contract_labor_dpc,blended,contract,101.25,,,1.0,,0.92,High,agency
1dadc311-8e98-465f-8d0a-14be6d600550,12/31/2024,hcris_nmrc,CMS HCRIS Hospital 2552-10 Worksheet S-3 Part II line 01100,https://downloads.cms.gov/Files/hcris/,ccn,280040,rn_contract_labor_dpc,blended,contract,106.18,,,1.0,,0.92,High,agency
5a47d594-1202-494f-a4ac-d7390968c14b,12/31/2024,hcris_nmrc,CMS HCRIS Hospital 2552-10 Worksheet S-3 Part II line 01100,https://downloads.cms.gov/Files/hcris/,ccn,400022,rn_contract_labor_dpc,blended,contract,40.69,,,1.0,,0.92,High,agency
3e11f0ee-30c1-418a-ab6f-11eb6ebfe0a7,12/31/2024,hcris_nmrc,CMS HCRIS Hospital 2552-10 Worksheet S-3 Part II line 01100,https://downloads.cms.gov/Files/hcris/,ccn,400032,rn_contract_labor_dpc,blended,contract,40.69,,,1.0,,0.92,High,agency
ba59941e-6e7e-4757-b33b-4d83adf15480,12/31/2024,hcris_nmrc,CMS HCRIS Hospital 2552-10 Worksheet S-3 Part II line 01100,https://downloads.cms.gov/Files/hcris/,ccn,280061,rn_contract_labor_dpc,blended,contract,92.23,,,1.0,,0.92,High,agency
d1c90045-c545-4863-bed2-aec51e24a988,12/31/2024,hcris_nmrc,CMS HCRIS Hospital 2552-10 Worksheet S-3 Part II line 01100,https://downloads.cms.gov/Files/hcris/,ccn,380075,rn_contract_labor_dpc,blended,contract,68.06,,,1.0,,0.92,High,agency
8bd54f75-f6f7-4582-a763-619c17c8f188,12/31/2024,hcris_nmrc,CMS HCRIS Hospital 2552-10 Worksheet S-3 Part II line 01100,https://downloads.cms.gov/Files/hcris/,ccn,380071,rn_contract_labor_dpc,blended,contract,86.68,,,1.0,,0.92,High,agency
5f1a127b-5eef-48ca-8af2-60a9fc06105d,12/31/2024,hcris_nmrc,CMS HCRIS Hospital 2552-10 Worksheet S-3 Part II line 01100,https://downloads.cms.gov/Files/hcris/,ccn,050367,rn_contract_labor_dpc,blended,contract,72.15,,,1.0,,0.92,High,agency
23b7ba12-71c7-4ff8-8d21-8ea9192d6d43,12/31/2024,hcris_nmrc,CMS HCRIS Hospital 2552-10 Worksheet S-3 Part II line 01100,https://downloads.cms.gov/Files/hcris/,ccn,360276,rn_contract_labor_dpc,blended,contract,85.75,,,1.0,,0.92,High,agency
338e20c8-6f60-4557-8980-553481ed1934,12/31/2024,hcris_nmrc,CMS HCRIS Hospital 2552-10 Worksheet S-3 Part II line 01100,https://downloads.cms.gov/Files/hcris/,ccn,340141,rn_contract_labor_dpc,blended,contract,57.46,,,1.0,,0.92,High,agency
8b748cbb-2eb1-47df-95d6-e5984a3ba8e8,12/31/2024,hcris_nmrc,CMS HCRIS Hospital 2552-10 Worksheet S-3 Part II line 01100,https://downloads.cms.gov/Files/hcris/,ccn,360351,rn_contract_labor_dpc,blended,contract,69.6,,,1.0,,0.92,High,agency
237bc21b-a32f-468c-86b7-1d0c238d066d,12/31/2024,hcris_nmrc,CMS HCRIS Hospital 2552-10 Worksheet S-3 Part II line 01100,https://downloads.cms.gov/Files/hcris/,ccn,340130,rn_contract_labor_dpc,blended,contract,88.53,,,1.0,,0.92,High,agency
95fc377a-5ddd-42d6-93d5-95f933bd09be,12/31/2024,hcris_nmrc,CMS HCRIS Hospital 2552-10 Worksheet S-3 Part II line 01100,https://downloads.cms.gov/Files/hcris/,ccn,360355,rn_contract_labor_dpc,blended,contract,86.93,,,1.0,,0.92,High,agency
0623cdc1-74eb-4441-94c0-e414bee65d7f,12/31/2024,hcris_nmrc,CMS HCRIS Hospital 2552-10 Worksheet S-3 Part II line 01100,https://downloads.cms.gov/Files/hcris/,ccn,340123,rn_contract_labor_dpc,blended,contract,200.0,,,1.0,,0.92,High,agency
8b26f703-19f3-47ed-a46e-4c83aebc4544,12/31/2024,hcris_nmrc,CMS HCRIS Hospital 2552-10 Worksheet S-3 Part II line 01100,https://downloads.cms.gov/Files/hcris/,ccn,360359,rn_contract_labor_dpc,blended,contract,63.54,,,1.0,,0.92,High,agency
05252a5a-a0da-4aa7-8ff7-f35366cf648f,12/31/2024,hcris_nmrc,CMS HCRIS Hospital 2552-10 Worksheet S-3 Part II line 01100,https://downloads.cms.gov/Files/hcris/,ccn,360360,rn_contract_labor_dpc,blended,contract,111.25,,,1.0,,0.92,High,agency
b924b370-c05c-4d19-9b60-01cc3d9a3dce,12/31/2024,hcris_nmrc,CMS HCRIS Hospital 2552-10 Worksheet S-3 Part II line 01100,https://downloads.cms.gov/Files/hcris/,ccn,340119,rn_contract_labor_dpc,blended,contract,84.33,,,1.0,,0.92,High,agency
78e3a08b-e624-4b02-9bc0-ca0b08e645c3,12/31/2024,hcris_nmrc,CMS HCRIS Hospital 2552-10 Worksheet S-3 Part II line 01100,https://downloads.cms.gov/Files/hcris/,ccn,050239,rn_contract_labor_dpc,blended,contract,101.07,,,1.0,,0.92,High,agency
c9cd3c9b-fec9-4c66-8197-1d17aaec7605,12/31/2024,hcris_nmrc,CMS HCRIS Hospital 2552-10 Worksheet S-3 Part II line 01100,https://downloads.cms.gov/Files/hcris/,ccn,050382,rn_contract_labor_dpc,blended,contract,92.63,,,1.0,,0.92,High,agency
c2b3983b-72d1-49da-8356-48327d785cf9,12/31/2024,hcris_nmrc,CMS HCRIS Hospital 2552-10 Worksheet S-3 Part II line 01100,https://downloads.cms.gov/Files/hcris/,ccn,360364,rn_contract_labor_dpc,blended,contract,98.55,,,1.0,,0.92,High,agency
039b512e-8dd0-47d4-8de9-0f465d709a91,12/31/2024,hcris_nmrc,CMS HCRIS Hospital 2552-10 Worksheet S-3 Part II line 01100,https://downloads.cms.gov/Files/hcris/,ccn,360270,rn_contract_labor_dpc,blended,contract,68.29,,,1.0,,0.92,High,agency
4fa2530a-225e-410b-b25d-0c080125ed5b,12/31/2024,hcris_nmrc,CMS HCRIS Hospital 2552-10 Worksheet S-3 Part II line 01100,https://downloads.cms.gov/Files/hcris/,ccn,340145,rn_contract_labor_dpc,blended,contract,92.55,,,1.0,,0.92,High,agency
844bcd20-daa9-4f0a-9193-4e08e8dcf28b,12/31/2024,hcris_nmrc,CMS HCRIS Hospital 2552-10 Worksheet S-3 Part II line 01100,https://downloads.cms.gov/Files/hcris/,ccn,050360,rn_contract_labor_dpc,blended,contract,76.97,,,1.0,,0.92,High,agency
1dc12688-fd6a-498f-83d3-6029ed5bcec2,12/31/2024,hcris_nmrc,CMS HCRIS Hospital 2552-10 Worksheet S-3 Part II line 01100,https://downloads.cms.gov/Files/hcris/,ccn,360263,rn_contract_labor_dpc,blended,contract,30.75,,,1.0,,0.92,High,agency
c34c9302-cfaa-4580-8dbc-d631001a1a6f,12/31/2024,hcris_nmrc,CMS HCRIS Hospital 2552-10 Worksheet S-3 Part II line 01100,https://downloads.cms.gov/Files/hcris/,ccn,050257,rn_contract_labor_dpc,blended,contract,99.97,,,1.0,,0.92,High,agency
1ab20582-c85a-4ad0-a4bd-5800cb60293c,12/31/2024,hcris_nmrc,CMS HCRIS Hospital 2552-10 Worksheet S-3 Part II line 01100,https://downloads.cms.gov/Files/hcris/,ccn,360230,rn_contract_labor_dpc,blended,contract,87.4,,,1.0,,0.92,High,agency
dc869d04-5f02-4586-9bf1-3da6d87da66b,12/31/2024,hcris_nmrc,CMS HCRIS Hospital 2552-10 Worksheet S-3 Part II line 01100,https://downloads.cms.gov/Files/hcris/,ccn,340183,rn_contract_labor_dpc,blended,contract,51.7,,,1.0,,0.92,High,agency
970ed8cd-4fdf-475d-a1b0-13de03b5debd,12/31/2024,hcris_nmrc,CMS HCRIS Hospital 2552-10 Worksheet S-3 Part II line 01100,https://downloads.cms.gov/Files/hcris/,ccn,360234,rn_contract_labor_dpc,blended,contract,85.99,,,1.0,,0.92,High,agency
a2842eb8-65b6-4384-ac97-ec6ce1690798,12/31/2024,hcris_nmrc,CMS HCRIS Hospital 2552-10 Worksheet S-3 Part II line 01100,https://downloads.cms.gov/Files/hcris/,ccn,050352,rn_contract_labor_dpc,blended,contract,103.33,,,1.0,,0.92,High,agency
739042d3-babb-4486-821a-e97002e09659,12/31/2024,hcris_nmrc,CMS HCRIS Hospital 2552-10 Worksheet S-3 Part II line 01100,https://downloads.cms.gov/Files/hcris/,ccn,340171,rn_contract_labor_dpc,blended,contract,50.57,,,1.0,,0.92,High,agency
e8eed453-c3c4-40b9-9d6f-0875d2f73f0f,12/31/2024,hcris_nmrc,CMS HCRIS Hospital 2552-10 Worksheet S-3 Part II line 01100,https://downloads.cms.gov/Files/hcris/,ccn,360236,rn_contract_labor_dpc,blended,contract,92.28,,,1.0,,0.92,High,agency
7b18baa7-872f-4fab-beca-a131dcf939fa,12/31/2024,hcris_nmrc,CMS HCRIS Hospital 2552-10 Worksheet S-3 Part II line 01100,https://downloads.cms.gov/Files/hcris/,ccn,340113,rn_contract_labor_dpc,blended,contract,87.23,,,1.0,,0.92,High,agency
d304a0ce-46f6-4c29-b87c-b9b008c64d84,12/31/2024,hcris_nmrc,CMS HCRIS Hospital 2552-10 Worksheet S-3 Part II line 01100,https://downloads.cms.gov/Files/hcris/,ccn,360239,rn_contract_labor_dpc,blended,contract,119.1,,,1.0,,0.92,High,agency
c4d0b368-02a6-4201-8f7a-230297bbc3ce,12/31/2024,hcris_nmrc,CMS HCRIS Hospital 2552-10 Worksheet S-3 Part II line 01100,https://downloads.cms.gov/Files/hcris/,ccn,050353,rn_contract_labor_dpc,blended,contract,61.32,,,1.0,,0.92,High,agency
2e9d296d-5437-4884-a11d-c85608591a93,12/31/2024,hcris_nmrc,CMS HCRIS Hospital 2552-10 Worksheet S-3 Part II line 01100,https://downloads.cms.gov/Files/hcris/,ccn,340158,rn_contract_labor_dpc,blended,contract,50.68,,,1.0,,0.92,High,agency
ebd27c40-7743-4deb-be9a-b2b4d571a6d5,12/31/2024,hcris_nmrc,CMS HCRIS Hospital 2552-10 Worksheet S-3 Part II line 01100,https://downloads.cms.gov/Files/hcris/,ccn,360259,rn_contract_labor_dpc,blended,contract,91.81,,,1.0,,0.92,High,agency
56813ce2-295c-498a-a26d-9f4ccf9bc845,12/31/2024,hcris_nmrc,CMS HCRIS Hospital 2552-10 Worksheet S-3 Part II line 01100,https://downloads.cms.gov/Files/hcris/,ccn,050357,rn_contract_labor_dpc,blended,contract,108.92,,,1.0,,0.92,High,agency
eca5b822-f04a-4ec7-ab91-a4d6ac2bd831,12/31/2024,hcris_nmrc,CMS HCRIS Hospital 2552-10 Worksheet S-3 Part II line 01100,https://downloads.cms.gov/Files/hcris/,ccn,340148,rn_contract_labor_dpc,blended,contract,47.14,,,1.0,,0.92,High,agency
a0dfe16d-589e-40af-bd6d-5cb09bce698e,12/31/2024,hcris_nmrc,CMS HCRIS Hospital 2552-10 Worksheet S-3 Part II line 01100,https://downloads.cms.gov/Files/hcris/,ccn,340166,rn_contract_labor_dpc,blended,contract,89.77,,,1.0,,0.92,High,agency
2a5a449f-2412-4911-ae06-0f2064c46653,12/31/2024,hcris_nmrc,CMS HCRIS Hospital 2552-10 Worksheet S-3 Part II line 01100,https://downloads.cms.gov/Files/hcris/,ccn,050390,rn_contract_labor_dpc,blended,contract,97.0,,,1.0,,0.92,High,agency
854f6a06-5a61-4fed-9cad-d3c0b3524431,12/31/2024,hcris_nmrc,CMS HCRIS Hospital 2552-10 Worksheet S-3 Part II line 01100,https://downloads.cms.gov/Files/hcris/,ccn,340109,rn_contract_labor_dpc,blended,contract,99.74,,,1.0,,0.92,High,agency
e8bccb9d-abda-4edc-9d9f-34f5ad1aa8fa,12/31/2024,hcris_nmrc,CMS HCRIS Hospital 2552-10 Worksheet S-3 Part II line 01100,https://downloads.cms.gov/Files/hcris/,ccn,360367,rn_contract_labor_dpc,blended,contract,68.29,,,1.0,,0.92,High,agency
e91ca588-3ace-4ec7-91e5-80738c2c6627,12/31/2024,hcris_nmrc,CMS HCRIS Hospital 2552-10 Worksheet S-3 Part II line 01100,https://downloads.cms.gov/Files/hcris/,ccn,363036,rn_contract_labor_dpc,blended,contract,80.73,,,1.0,,0.92,High,agency
b174aacc-1ef9-421d-b3f4-804fba3c5823,12/31/2024,hcris_nmrc,CMS HCRIS Hospital 2552-10 Worksheet S-3 Part II line 01100,https://downloads.cms.gov/Files/hcris/,ccn,363039,rn_contract_labor_dpc,blended,contract,54.22,,,1.0,,0.92,High,agency
638a75dd-2678-4e44-b219-8d169191444e,12/31/2024,hcris_nmrc,CMS HCRIS Hospital 2552-10 Worksheet S-3 Part II line 01100,https://downloads.cms.gov/Files/hcris/,ccn,050425,rn_contract_labor_dpc,blended,contract,109.05,,,1.0,,0.92,High,agency
6d5adb18-b34f-4893-984f-3c18cb33bfea,12/31/2024,hcris_nmrc,CMS HCRIS Hospital 2552-10 Worksheet S-3 Part II line 01100,https://downloads.cms.gov/Files/hcris/,ccn,050232,rn_contract_labor_dpc,blended,contract,117.06,,,1.0,,0.92,High,agency
3e893f49-0b96-43b5-b0d9-96e49038b603,12/31/2024,hcris_nmrc,CMS HCRIS Hospital 2552-10 Worksheet S-3 Part II line 01100,https://downloads.cms.gov/Files/hcris/,ccn,050231,rn_contract_labor_dpc,blended,contract,86.3,,,1.0,,0.92,High,agency
c797c13a-250b-4edb-9b8f-b4c58f0d781e,12/31/2024,hcris_nmrc,CMS HCRIS Hospital 2552-10 Worksheet S-3 Part II line 01100,https://downloads.cms.gov/Files/hcris/,ccn,050426,rn_contract_labor_dpc,blended,contract,130.66,,,1.0,,0.92,High,agency
6bf8adec-8b8d-4a9a-a8b6-e8c84ff259c6,12/31/2024,hcris_nmrc,CMS HCRIS Hospital 2552-10 Worksheet S-3 Part II line 01100,https://downloads.cms.gov/Files/hcris/,ccn,340023,rn_contract_labor_dpc,blended,contract,111.35,,,1.0,,0.92,High,agency
d4cff30f-83cb-49d0-be1e-488e19647801,12/31/2024,hcris_nmrc,CMS HCRIS Hospital 2552-10 Worksheet S-3 Part II line 01100,https://downloads.cms.gov/Files/hcris/,ccn,340047,rn_contract_labor_dpc,blended,contract,80.67,,,1.0,,0.92,High,agency
2a88471c-5370-482f-8507-9839e0763a16,12/31/2024,hcris_nmrc,CMS HCRIS Hospital 2552-10 Worksheet S-3 Part II line 01100,https://downloads.cms.gov/Files/hcris/,ccn,340021,rn_contract_labor_dpc,blended,contract,84.56,,,1.0,,0.92,High,agency
79a60aa9-a731-4a53-b9ef-52002cf5b2ed,12/31/2024,hcris_nmrc,CMS HCRIS Hospital 2552-10 Worksheet S-3 Part II line 01100,https://downloads.cms.gov/Files/hcris/,ccn,050230,rn_contract_labor_dpc,blended,contract,83.09,,,1.0,,0.92,High,agency
e7110820-2c15-4890-add7-2f28911ddafc,12/31/2024,hcris_nmrc,CMS HCRIS Hospital 2552-10 Worksheet S-3 Part II line 01100,https://downloads.cms.gov/Files/hcris/,ccn,340015,rn_contract_labor_dpc,blended,contract,56.31,,,1.0,,0.92,High,agency
4d050488-56f7-42af-b337-fce5c65c3f4f,12/31/2024,hcris_nmrc,CMS HCRIS Hospital 2552-10 Worksheet S-3 Part II line 01100,https://downloads.cms.gov/Files/hcris/,ccn,340014,rn_contract_labor_dpc,blended,contract,56.92,,,1.0,,0.92,High,agency
f3eee7dd-c03b-48b6-9190-51e332aa9a91,12/31/2024,hcris_nmrc,CMS HCRIS Hospital 2552-10 Worksheet S-3 Part II line 01100,https://downloads.cms.gov/Files/hcris/,ccn,340004,rn_contract_labor_dpc,blended,contract,79.78,,,1.0,,0.92,High,agency
e93533d5-ee5f-4042-b03c-3b6e9718ace9,12/31/2024,hcris_nmrc,CMS HCRIS Hospital 2552-10 Worksheet S-3 Part II line 01100,https://downloads.cms.gov/Files/hcris/,ccn,340001,rn_contract_labor_dpc,blended,contract,90.17,,,1.0,,0.92,High,agency
c8aa9317-257e-4ffb-9c08-8c9a5ab0abcd,12/31/2024,hcris_nmrc,CMS HCRIS Hospital 2552-10 Worksheet S-3 Part II line 01100,https://downloads.cms.gov/Files/hcris/,ccn,340020,rn_contract_labor_dpc,blended,contract,32.98,,,1.0,,0.92,High,agency
55cc9e7b-4a88-445c-9f47-99696380ccdb,12/31/2024,hcris_nmrc,CMS HCRIS Hospital 2552-10 Worksheet S-3 Part II line 01100,https://downloads.cms.gov/Files/hcris/,ccn,340049,rn_contract_labor_dpc,blended,contract,84.07,,,1.0,,0.92,High,agency
df8717d7-4b8b-4771-89de-7300fa513315,12/31/2024,hcris_nmrc,CMS HCRIS Hospital 2552-10 Worksheet S-3 Part II line 01100,https://downloads.cms.gov/Files/hcris/,ccn,050235,rn_contract_labor_dpc,blended,contract,65.95,,,1.0,,0.92,High,agency
41ac4d17-516a-411d-b7f6-db1aad5330a8,12/31/2024,hcris_nmrc,CMS HCRIS Hospital 2552-10 Worksheet S-3 Part II line 01100,https://downloads.cms.gov/Files/hcris/,ccn,360368,rn_contract_labor_dpc,blended,contract,110.92,,,1.0,,0.92,High,agency
8c6e7e3d-b533-41e0-ab9b-893abff89882,12/31/2024,hcris_nmrc,CMS HCRIS Hospital 2552-10 Worksheet S-3 Part II line 01100,https://downloads.cms.gov/Files/hcris/,ccn,340098,rn_contract_labor_dpc,blended,contract,44.17,,,1.0,,0.92,High,agency
12e916ff-29a9-455c-9d7b-effb8eb7b091,12/31/2024,hcris_nmrc,CMS HCRIS Hospital 2552-10 Worksheet S-3 Part II line 01100,https://downloads.cms.gov/Files/hcris/,ccn,360374,rn_contract_labor_dpc,blended,contract,51.25,,,1.0,,0.92,High,agency
8c45c686-de22-4a41-9b7b-860a6993668f,12/31/2024,hcris_nmrc,CMS HCRIS Hospital 2552-10 Worksheet S-3 Part II line 01100,https://downloads.cms.gov/Files/hcris/,ccn,050394,rn_contract_labor_dpc,blended,contract,142.3,,,1.0,,0.92,High,agency
40b2d5fb-862f-4209-a205-6140bf9a4cd4,12/31/2024,hcris_nmrc,CMS HCRIS Hospital 2552-10 Worksheet S-3 Part II line 01100,https://downloads.cms.gov/Files/hcris/,ccn,340096,rn_contract_labor_dpc,blended,contract,74.22,,,1.0,,0.92,High,agency
bdc85bfe-6ea8-49d7-a8eb-27593b2051b6,12/31/2024,hcris_nmrc,CMS HCRIS Hospital 2552-10 Worksheet S-3 Part II line 01100,https://downloads.cms.gov/Files/hcris/,ccn,050396,rn_contract_labor_dpc,blended,contract,104.38,,,1.0,,0.92,High,agency
9a517ff3-d808-41f5-9d0b-2e990885e7d5,12/31/2024,hcris_nmrc,CMS HCRIS Hospital 2552-10 Worksheet S-3 Part II line 01100,https://downloads.cms.gov/Files/hcris/,ccn,340085,rn_contract_labor_dpc,blended,contract,57.39,,,1.0,,0.92,High,agency
19daf2cd-091f-458c-b272-8c91994d0c9b,12/31/2024,hcris_nmrc,CMS HCRIS Hospital 2552-10 Worksheet S-3 Part II line 01100,https://downloads.cms.gov/Files/hcris/,ccn,363033,rn_contract_labor_dpc,blended,contract,83.79,,,1.0,,0.92,High,agency
eee07f38-018d-43eb-a18d-9e7b698760f3,12/31/2024,hcris_nmrc,CMS HCRIS Hospital 2552-10 Worksheet S-3 Part II line 01100,https://downloads.cms.gov/Files/hcris/,ccn,340084,rn_contract_labor_dpc,blended,contract,94.4,,,1.0,,0.92,High,agency
f60622bd-afe2-41ae-8a75-14b83a9b191f,12/31/2024,hcris_nmrc,CMS HCRIS Hospital 2552-10 Worksheet S-3 Part II line 01100,https://downloads.cms.gov/Files/hcris/,ccn,050411,rn_contract_labor_dpc,blended,contract,101.7,,,1.0,,0.92,High,agency
48d1012e-3e3a-468b-a5ba-ffbddb571e63,12/31/2024,hcris_nmrc,CMS HCRIS Hospital 2552-10 Worksheet S-3 Part II line 01100,https://downloads.cms.gov/Files/hcris/,ccn,340064,rn_contract_labor_dpc,blended,contract,74.15,,,1.0,,0.92,High,agency
a91ef620-da91-4299-9262-22e7501f2de4,12/31/2024,hcris_nmrc,CMS HCRIS Hospital 2552-10 Worksheet S-3 Part II line 01100,https://downloads.cms.gov/Files/hcris/,ccn,050236,rn_contract_labor_dpc,blended,contract,103.29,,,1.0,,0.92,High,agency
bda497a7-7d3c-448d-bc47-b9093d7c611c,12/31/2024,hcris_nmrc,CMS HCRIS Hospital 2552-10 Worksheet S-3 Part II line 01100,https://downloads.cms.gov/Files/hcris/,ccn,340053,rn_contract_labor_dpc,blended,contract,49.95,,,1.0,,0.92,High,agency
84962a20-81f3-4245-8967-edc0ba4b80d8,12/31/2024,hcris_nmrc,CMS HCRIS Hospital 2552-10 Worksheet S-3 Part II line 01100,https://downloads.cms.gov/Files/hcris/,ccn,362036,rn_contract_labor_dpc,blended,contract,69.99,,,1.0,,0.92,High,agency
fdd04290-498c-4956-8590-693ac4b1d9d6,12/31/2024,hcris_nmrc,CMS HCRIS Hospital 2552-10 Worksheet S-3 Part II line 01100,https://downloads.cms.gov/Files/hcris/,ccn,050407,rn_contract_labor_dpc,blended,contract,130.38,,,1.0,,0.92,High,agency
db4492d5-c789-4172-9e99-158545891738,12/31/2024,hcris_nmrc,CMS HCRIS Hospital 2552-10 Worksheet S-3 Part II line 01100,https://downloads.cms.gov/Files/hcris/,ccn,050224,rn_contract_labor_dpc,blended,contract,154.46,,,1.0,,0.92,High,agency
e16a7bcc-ddbc-4387-bb21-5ca8ff391356,12/31/2024,hcris_nmrc,CMS HCRIS Hospital 2552-10 Worksheet S-3 Part II line 01100,https://downloads.cms.gov/Files/hcris/,ccn,340190,rn_contract_labor_dpc,blended,contract,45.56,,,1.0,,0.92,High,agency
b15461cc-e3db-4ea0-a2d7-2e8500225c27,12/31/2024,hcris_nmrc,CMS HCRIS Hospital 2552-10 Worksheet S-3 Part II line 01100,https://downloads.cms.gov/Files/hcris/,ccn,360197,rn_contract_labor_dpc,blended,contract,93.11,,,1.0,,0.92,High,agency
01cc2730-a954-42ab-82c0-156e9920907d,12/31/2024,hcris_nmrc,CMS HCRIS Hospital 2552-10 Worksheet S-3 Part II line 01100,https://downloads.cms.gov/Files/hcris/,ccn,360096,rn_contract_labor_dpc,blended,contract,60.73,,,1.0,,0.92,High,agency
8ac6512d-df96-4576-b809-f5c053430b17,12/31/2024,hcris_nmrc,CMS HCRIS Hospital 2552-10 Worksheet S-3 Part II line 01100,https://downloads.cms.gov/Files/hcris/,ccn,360064,rn_contract_labor_dpc,blended,contract,85.26,,,1.0,,0.92,High,agency
0bc0ffd9-7aef-45a1-a875-bf3abcaea30b,12/31/2024,hcris_nmrc,CMS HCRIS Hospital 2552-10 Worksheet S-3 Part II line 01100,https://downloads.cms.gov/Files/hcris/,ccn,360059,rn_contract_labor_dpc,blended,contract,37.0,,,1.0,,0.92,High,agency
eea655b7-cc91-4d59-8d10-0f995d2cabfb,12/31/2024,hcris_nmrc,CMS HCRIS Hospital 2552-10 Worksheet S-3 Part II line 01100,https://downloads.cms.gov/Files/hcris/,ccn,360098,rn_contract_labor_dpc,blended,contract,74.73,,,1.0,,0.92,High,agency
e622d5fa-492b-4eed-bba5-49158304906e,12/31/2024,hcris_nmrc,CMS HCRIS Hospital 2552-10 Worksheet S-3 Part II line 01100,https://downloads.cms.gov/Files/hcris/,ccn,050290,rn_contract_labor_dpc,blended,contract,61.58,,,1.0,,0.92,High,agency
16732b07-a758-48ae-8d67-c37badfd46ec,12/31/2024,hcris_nmrc,CMS HCRIS Hospital 2552-10 Worksheet S-3 Part II line 01100,https://downloads.cms.gov/Files/hcris/,ccn,360056,rn_contract_labor_dpc,blended,contract,89.29,,,1.0,,0.92,High,agency
b75f0d05-c883-43e3-90ab-41262b6b6206,12/31/2024,hcris_nmrc,CMS HCRIS Hospital 2552-10 Worksheet S-3 Part II line 01100,https://downloads.cms.gov/Files/hcris/,ccn,360107,rn_contract_labor_dpc,blended,contract,75.32,,,1.0,,0.92,High,agency
9178c5b4-9f7f-4ddf-b5a3-a252995e32a2,12/31/2024,hcris_nmrc,CMS HCRIS Hospital 2552-10 Worksheet S-3 Part II line 01100,https://downloads.cms.gov/Files/hcris/,ccn,360109,rn_contract_labor_dpc,blended,contract,63.26,,,1.0,,0.92,High,agency
236ce745-b48e-4fdb-8f58-8b76578fa764,12/31/2024,hcris_nmrc,CMS HCRIS Hospital 2552-10 Worksheet S-3 Part II line 01100,https://downloads.cms.gov/Files/hcris/,ccn,360112,rn_contract_labor_dpc,blended,contract,88.46,,,1.0,,0.92,High,agency
5a83c3de-f03b-493a-86d2-85a10bab4329,12/31/2024,hcris_nmrc,CMS HCRIS Hospital 2552-10 Worksheet S-3 Part II line 01100,https://downloads.cms.gov/Files/hcris/,ccn,360051,rn_contract_labor_dpc,blended,contract,87.2,,,1.0,,0.92,High,agency
58f19a69-3f72-42c8-979b-59b42c5c7ff2,12/31/2024,hcris_nmrc,CMS HCRIS Hospital 2552-10 Worksheet S-3 Part II line 01100,https://downloads.cms.gov/Files/hcris/,ccn,360121,rn_contract_labor_dpc,blended,contract,88.06,,,1.0,,0.92,High,agency
1e001a8a-0a13-418a-ac75-0c143dd5ddc4,12/31/2024,hcris_nmrc,CMS HCRIS Hospital 2552-10 Worksheet S-3 Part II line 01100,https://downloads.cms.gov/Files/hcris/,ccn,360123,rn_contract_labor_dpc,blended,contract,59.64,,,1.0,,0.92,High,agency
20214dd7-bfb7-4c3c-a249-edc1e4df2bbb,12/31/2024,hcris_nmrc,CMS HCRIS Hospital 2552-10 Worksheet S-3 Part II line 01100,https://downloads.cms.gov/Files/hcris/,ccn,360041,rn_contract_labor_dpc,blended,contract,62.42,,,1.0,,0.92,High,agency
d5a496ba-0ff9-4093-9288-059a2d9ec171,12/31/2024,hcris_nmrc,CMS HCRIS Hospital 2552-10 Worksheet S-3 Part II line 01100,https://downloads.cms.gov/Files/hcris/,ccn,360065,rn_contract_labor_dpc,blended,contract,90.23,,,1.0,,0.92,High,agency
4cdffa52-4242-4486-aecd-6bbfe960dbd2,12/31/2024,hcris_nmrc,CMS HCRIS Hospital 2552-10 Worksheet S-3 Part II line 01100,https://downloads.cms.gov/Files/hcris/,ccn,360066,rn_contract_labor_dpc,blended,contract,90.92,,,1.0,,0.92,High,agency
bfa998a2-9811-4a89-90dc-836d61d2451a,12/31/2024,hcris_nmrc,CMS HCRIS Hospital 2552-10 Worksheet S-3 Part II line 01100,https://downloads.cms.gov/Files/hcris/,ccn,360086,rn_contract_labor_dpc,blended,contract,87.59,,,1.0,,0.92,High,agency
0b14bed0-b742-4e2f-a3d4-2d04df141fc4,12/31/2024,hcris_nmrc,CMS HCRIS Hospital 2552-10 Worksheet S-3 Part II line 01100,https://downloads.cms.gov/Files/hcris/,ccn,360082,rn_contract_labor_dpc,blended,contract,98.35,,,1.0,,0.92,High,agency
fc2f3b1b-dd22-4ded-b4ee-c1dd9ae22219,12/31/2024,hcris_nmrc,CMS HCRIS Hospital 2552-10 Worksheet S-3 Part II line 01100,https://downloads.cms.gov/Files/hcris/,ccn,360079,rn_contract_labor_dpc,blended,contract,112.92,,,1.0,,0.92,High,agency
1bfa8f87-a654-43bc-9295-ca02fb42ae5c,12/31/2024,hcris_nmrc,CMS HCRIS Hospital 2552-10 Worksheet S-3 Part II line 01100,https://downloads.cms.gov/Files/hcris/,ccn,360087,rn_contract_labor_dpc,blended,contract,94.46,,,1.0,,0.92,High,agency
70556a6b-38c3-4ddd-b1d2-df1dcf5300af,12/31/2024,hcris_nmrc,CMS HCRIS Hospital 2552-10 Worksheet S-3 Part II line 01100,https://downloads.cms.gov/Files/hcris/,ccn,360078,rn_contract_labor_dpc,blended,contract,65.84,,,1.0,,0.92,High,agency
4a75f685-ab9e-4534-9416-83f9cf7d59e3,12/31/2024,hcris_nmrc,CMS HCRIS Hospital 2552-10 Worksheet S-3 Part II line 01100,https://downloads.cms.gov/Files/hcris/,ccn,360077,rn_contract_labor_dpc,blended,contract,89.97,,,1.0,,0.92,High,agency
9cd84897-78f9-497b-8fbf-f421292bca6f,12/31/2024,hcris_nmrc,CMS HCRIS Hospital 2552-10 Worksheet S-3 Part II line 01100,https://downloads.cms.gov/Files/hcris/,ccn,360089,rn_contract_labor_dpc,blended,contract,56.94,,,1.0,,0.92,High,agency
4d1d8585-5b7d-4246-98ee-d0c813fc0610,12/31/2024,hcris_nmrc,CMS HCRIS Hospital 2552-10 Worksheet S-3 Part II line 01100,https://downloads.cms.gov/Files/hcris/,ccn,360040,rn_contract_labor_dpc,blended,contract,97.45,,,1.0,,0.92,High,agency
d2ca60bf-4075-4c92-a5db-3eb698efb671,12/31/2024,hcris_nmrc,CMS HCRIS Hospital 2552-10 Worksheet S-3 Part II line 01100,https://downloads.cms.gov/Files/hcris/,ccn,360076,rn_contract_labor_dpc,blended,contract,86.05,,,1.0,,0.92,High,agency
effa83ad-add6-49be-ac2d-009025c01ce9,12/31/2024,hcris_nmrc,CMS HCRIS Hospital 2552-10 Worksheet S-3 Part II line 01100,https://downloads.cms.gov/Files/hcris/,ccn,360072,rn_contract_labor_dpc,blended,contract,98.75,,,1.0,,0.92,High,agency
d61602d8-e093-4b85-a431-40a3f7f13290,12/31/2024,hcris_nmrc,CMS HCRIS Hospital 2552-10 Worksheet S-3 Part II line 01100,https://downloads.cms.gov/Files/hcris/,ccn,360070,rn_contract_labor_dpc,blended,contract,91.5,,,1.0,,0.92,High,agency
bbe24565-353a-4b9b-a547-bee6ef1146f5,12/31/2024,hcris_nmrc,CMS HCRIS Hospital 2552-10 Worksheet S-3 Part II line 01100,https://downloads.cms.gov/Files/hcris/,ccn,360092,rn_contract_labor_dpc,blended,contract,89.02,,,1.0,,0.92,High,agency
75046316-b350-4e14-97d5-3fec6a038352,12/31/2024,hcris_nmrc,CMS HCRIS Hospital 2552-10 Worksheet S-3 Part II line 01100,https://downloads.cms.gov/Files/hcris/,ccn,050301,rn_contract_labor_dpc,blended,contract,97.56,,,1.0,,0.92,High,agency
f1c1b26d-9ef6-4943-b441-7fb7047a9604,12/31/2024,hcris_nmrc,CMS HCRIS Hospital 2552-10 Worksheet S-3 Part II line 01100,https://downloads.cms.gov/Files/hcris/,ccn,360095,rn_contract_labor_dpc,blended,contract,77.61,,,1.0,,0.92,High,agency
8e1c47e0-d66f-45f3-9c83-69d520f39997,12/31/2024,hcris_nmrc,CMS HCRIS Hospital 2552-10 Worksheet S-3 Part II line 01100,https://downloads.cms.gov/Files/hcris/,ccn,360075,rn_contract_labor_dpc,blended,contract,47.65,,,1.0,,0.92,High,agency
43a3e353-03e4-40e2-bfb1-41e0a338389f,12/31/2024,hcris_nmrc,CMS HCRIS Hospital 2552-10 Worksheet S-3 Part II line 01100,https://downloads.cms.gov/Files/hcris/,ccn,360125,rn_contract_labor_dpc,blended,contract,104.33,,,1.0,,0.92,High,agency
062faf92-be53-4dab-b34b-777662e5b7ca,12/31/2024,hcris_nmrc,CMS HCRIS Hospital 2552-10 Worksheet S-3 Part II line 01100,https://downloads.cms.gov/Files/hcris/,ccn,360036,rn_contract_labor_dpc,blended,contract,89.12,,,1.0,,0.92,High,agency
92e6b106-576d-45c5-b0c5-f1aea790479f,12/31/2024,hcris_nmrc,CMS HCRIS Hospital 2552-10 Worksheet S-3 Part II line 01100,https://downloads.cms.gov/Files/hcris/,ccn,050278,rn_contract_labor_dpc,blended,contract,59.95,,,1.0,,0.92,High,agency
0488277b-c49e-40cc-be93-7d776a9ed88c,12/31/2024,hcris_nmrc,CMS HCRIS Hospital 2552-10 Worksheet S-3 Part II line 01100,https://downloads.cms.gov/Files/hcris/,ccn,360159,rn_contract_labor_dpc,blended,contract,84.94,,,1.0,,0.92,High,agency
59e8d8b1-9bc5-4d38-9fc4-0a9d61be9cc8,12/31/2024,hcris_nmrc,CMS HCRIS Hospital 2552-10 Worksheet S-3 Part II line 01100,https://downloads.cms.gov/Files/hcris/,ccn,360161,rn_contract_labor_dpc,blended,contract,84.58,,,1.0,,0.92,High,agency
39cf3fa9-7357-433d-90cd-e872e9226e4d,12/31/2024,hcris_nmrc,CMS HCRIS Hospital 2552-10 Worksheet S-3 Part II line 01100,https://downloads.cms.gov/Files/hcris/,ccn,360002,rn_contract_labor_dpc,blended,contract,64.76,,,1.0,,0.92,High,agency
b3b73b6a-0046-49d9-8e3e-ce08fbe1deef,12/31/2024,hcris_nmrc,CMS HCRIS Hospital 2552-10 Worksheet S-3 Part II line 01100,https://downloads.cms.gov/Files/hcris/,ccn,050335,rn_contract_labor_dpc,blended,contract,103.09,,,1.0,,0.92,High,agency
5d50094c-6fc1-4830-96ef-d889fef5a6ff,12/31/2024,hcris_nmrc,CMS HCRIS Hospital 2552-10 Worksheet S-3 Part II line 01100,https://downloads.cms.gov/Files/hcris/,ccn,360001,rn_contract_labor_dpc,blended,contract,95.27,,,1.0,,0.92,High,agency
cb37ff21-3156-4b7e-81fa-00c27e57228a,12/31/2024,hcris_nmrc,CMS HCRIS Hospital 2552-10 Worksheet S-3 Part II line 01100,https://downloads.cms.gov/Files/hcris/,ccn,360155,rn_contract_labor_dpc,blended,contract,86.78,,,1.0,,0.92,High,agency
2aa7f76c-61fc-4aa7-b12e-bffd0163ea52,12/31/2024,hcris_nmrc,CMS HCRIS Hospital 2552-10 Worksheet S-3 Part II line 01100,https://downloads.cms.gov/Files/hcris/,ccn,360172,rn_contract_labor_dpc,blended,contract,68.47,,,1.0,,0.92,High,agency
cf3ddf2b-13d1-4d61-b00c-cb33e6367baa,12/31/2024,hcris_nmrc,CMS HCRIS Hospital 2552-10 Worksheet S-3 Part II line 01100,https://downloads.cms.gov/Files/hcris/,ccn,050336,rn_contract_labor_dpc,blended,contract,99.08,,,1.0,,0.92,High,agency
a6b68cd4-9073-46e0-8fe0-fff96a4663b3,12/31/2024,hcris_nmrc,CMS HCRIS Hospital 2552-10 Worksheet S-3 Part II line 01100,https://downloads.cms.gov/Files/hcris/,ccn,350019,rn_contract_labor_dpc,blended,contract,93.52,,,1.0,,0.92,High,agency
4dbdb784-f5b8-40c2-ab47-620f65e1ea79,12/31/2024,hcris_nmrc,CMS HCRIS Hospital 2552-10 Worksheet S-3 Part II line 01100,https://downloads.cms.gov/Files/hcris/,ccn,350015,rn_contract_labor_dpc,blended,contract,93.32,,,1.0,,0.92,High,agency
e5cff2fb-82dc-4673-a949-423902c23f04,12/31/2024,hcris_nmrc,CMS HCRIS Hospital 2552-10 Worksheet S-3 Part II line 01100,https://downloads.cms.gov/Files/hcris/,ccn,360175,rn_contract_labor_dpc,blended,contract,148.77,,,1.0,,0.92,High,agency
5330fa64-9734-4d7d-9541-531df328113c,12/31/2024,hcris_nmrc,CMS HCRIS Hospital 2552-10 Worksheet S-3 Part II line 01100,https://downloads.cms.gov/Files/hcris/,ccn,350011,rn_contract_labor_dpc,blended,contract,74.68,,,1.0,,0.92,High,agency
fc714b91-f40d-4117-8395-5103aa8abf71,12/31/2024,hcris_nmrc,CMS HCRIS Hospital 2552-10 Worksheet S-3 Part II line 01100,https://downloads.cms.gov/Files/hcris/,ccn,360180,rn_contract_labor_dpc,blended,contract,96.7,,,1.0,,0.92,High,agency
560bb0ca-b35c-4cfd-a2c8-0fe61c295bb9,12/31/2024,hcris_nmrc,CMS HCRIS Hospital 2552-10 Worksheet S-3 Part II line 01100,https://downloads.cms.gov/Files/hcris/,ccn,360189,rn_contract_labor_dpc,blended,contract,68.35,,,1.0,,0.92,High,agency
7181b1ee-6bdf-44d5-ac55-a6c99836ccdb,12/31/2024,hcris_nmrc,CMS HCRIS Hospital 2552-10 Worksheet S-3 Part II line 01100,https://downloads.cms.gov/Files/hcris/,ccn,360174,rn_contract_labor_dpc,blended,contract,65.2,,,1.0,,0.92,High,agency
547717c2-1ba2-4823-a6d6-465cb3744556,12/31/2024,hcris_nmrc,CMS HCRIS Hospital 2552-10 Worksheet S-3 Part II line 01100,https://downloads.cms.gov/Files/hcris/,ccn,340195,rn_contract_labor_dpc,blended,contract,46.69,,,1.0,,0.92,High,agency
45b04e96-6726-4953-b09a-fefcb3b67786,12/31/2024,hcris_nmrc,CMS HCRIS Hospital 2552-10 Worksheet S-3 Part II line 01100,https://downloads.cms.gov/Files/hcris/,ccn,360009,rn_contract_labor_dpc,blended,contract,90.61,,,1.0,,0.92,High,agency
1a173be1-de23-4df1-aa51-fe6a84706479,12/31/2024,hcris_nmrc,CMS HCRIS Hospital 2552-10 Worksheet S-3 Part II line 01100,https://downloads.cms.gov/Files/hcris/,ccn,360150,rn_contract_labor_dpc,blended,contract,83.91,,,1.0,,0.92,High,agency
6fcd0e58-3cf5-44e3-9716-af61c95d1ec8,12/31/2024,hcris_nmrc,CMS HCRIS Hospital 2552-10 Worksheet S-3 Part II line 01100,https://downloads.cms.gov/Files/hcris/,ccn,360131,rn_contract_labor_dpc,blended,contract,92.55,,,1.0,,0.92,High,agency
a791d106-496c-4746-a94b-093fbf5b7a84,12/31/2024,hcris_nmrc,CMS HCRIS Hospital 2552-10 Worksheet S-3 Part II line 01100,https://downloads.cms.gov/Files/hcris/,ccn,360132,rn_contract_labor_dpc,blended,contract,102.19,,,1.0,,0.92,High,agency
3e0e3479-a338-43b0-b011-8166bdb1f6c5,12/31/2024,hcris_nmrc,CMS HCRIS Hospital 2552-10 Worksheet S-3 Part II line 01100,https://downloads.cms.gov/Files/hcris/,ccn,360032,rn_contract_labor_dpc,blended,contract,49.42,,,1.0,,0.92,High,agency
6faead5b-0cc9-4022-bd75-73f3702f858b,12/31/2024,hcris_nmrc,CMS HCRIS Hospital 2552-10 Worksheet S-3 Part II line 01100,https://downloads.cms.gov/Files/hcris/,ccn,360133,rn_contract_labor_dpc,blended,contract,112.8,,,1.0,,0.92,High,agency
e350b297-acd0-4019-8c6f-6de6fd933624,12/31/2024,hcris_nmrc,CMS HCRIS Hospital 2552-10 Worksheet S-3 Part II line 01100,https://downloads.cms.gov/Files/hcris/,ccn,360027,rn_contract_labor_dpc,blended,contract,82.59,,,1.0,,0.92,High,agency
f846dc0d-5427-4678-a73a-494734f08d85,12/31/2024,hcris_nmrc,CMS HCRIS Hospital 2552-10 Worksheet S-3 Part II line 01100,https://downloads.cms.gov/Files/hcris/,ccn,360026,rn_contract_labor_dpc,blended,contract,110.65,,,1.0,,0.92,High,agency
91fb151e-3e00-4789-9a17-5b555f88b42f,12/31/2024,hcris_nmrc,CMS HCRIS Hospital 2552-10 Worksheet S-3 Part II line 01100,https://downloads.cms.gov/Files/hcris/,ccn,360137,rn_contract_labor_dpc,blended,contract,80.83,,,1.0,,0.92,High,agency
b2720965-f8cf-4508-a287-508d8992a833,12/31/2024,hcris_nmrc,CMS HCRIS Hospital 2552-10 Worksheet S-3 Part II line 01100,https://downloads.cms.gov/Files/hcris/,ccn,360010,rn_contract_labor_dpc,blended,contract,97.18,,,1.0,,0.92,High,agency
1cc1196c-5a77-4af2-80be-e8dcefceb78e,12/31/2024,hcris_nmrc,CMS HCRIS Hospital 2552-10 Worksheet S-3 Part II line 01100,https://downloads.cms.gov/Files/hcris/,ccn,360025,rn_contract_labor_dpc,blended,contract,94.67,,,1.0,,0.92,High,agency
5fd4ec1a-fa01-4e48-9ffa-eda5da2b9772,12/31/2024,hcris_nmrc,CMS HCRIS Hospital 2552-10 Worksheet S-3 Part II line 01100,https://downloads.cms.gov/Files/hcris/,ccn,360020,rn_contract_labor_dpc,blended,contract,82.36,,,1.0,,0.92,High,agency
2d280be6-2059-4069-9917-5893324337ea,12/31/2024,hcris_nmrc,CMS HCRIS Hospital 2552-10 Worksheet S-3 Part II line 01100,https://downloads.cms.gov/Files/hcris/,ccn,360144,rn_contract_labor_dpc,blended,contract,95.23,,,1.0,,0.92,High,agency
f47e9262-f3d7-4f7e-b69d-fce90509a8ad,12/31/2024,hcris_nmrc,CMS HCRIS Hospital 2552-10 Worksheet S-3 Part II line 01100,https://downloads.cms.gov/Files/hcris/,ccn,360016,rn_contract_labor_dpc,blended,contract,92.13,,,1.0,,0.92,High,agency
a2fca803-32a7-4d0c-9942-27b5e52250a5,12/31/2024,hcris_nmrc,CMS HCRIS Hospital 2552-10 Worksheet S-3 Part II line 01100,https://downloads.cms.gov/Files/hcris/,ccn,360145,rn_contract_labor_dpc,blended,contract,64.93,,,1.0,,0.92,High,agency
a1e01b07-eb42-4ad2-ad4f-d13d25b03c31,12/31/2024,hcris_nmrc,CMS HCRIS Hospital 2552-10 Worksheet S-3 Part II line 01100,https://downloads.cms.gov/Files/hcris/,ccn,360013,rn_contract_labor_dpc,blended,contract,77.53,,,1.0,,0.92,High,agency
2b7fb6bf-f304-4465-9a46-2fe75a559768,12/31/2024,hcris_nmrc,CMS HCRIS Hospital 2552-10 Worksheet S-3 Part II line 01100,https://downloads.cms.gov/Files/hcris/,ccn,360148,rn_contract_labor_dpc,blended,contract,59.53,,,1.0,,0.92,High,agency
1e487034-9bd0-4ffd-b995-e43bea413cf9,12/31/2024,hcris_nmrc,CMS HCRIS Hospital 2552-10 Worksheet S-3 Part II line 01100,https://downloads.cms.gov/Files/hcris/,ccn,050329,rn_contract_labor_dpc,blended,contract,92.34,,,1.0,,0.92,High,agency
119875f6-f648-40ac-b039-08275f1067e4,12/31/2024,hcris_nmrc,CMS HCRIS Hospital 2552-10 Worksheet S-3 Part II line 01100,https://downloads.cms.gov/Files/hcris/,ccn,360143,rn_contract_labor_dpc,blended,contract,97.15,,,1.0,,0.92,High,agency
a53fe3bd-6a47-4110-a978-6fee8c7441d5,12/31/2024,hcris_nmrc,CMS HCRIS Hospital 2552-10 Worksheet S-3 Part II line 01100,https://downloads.cms.gov/Files/hcris/,ccn,370026,rn_contract_labor_dpc,blended,contract,80.8,,,1.0,,0.92,High,agency
478d09f5-e0f6-4bec-b1fd-c8509070bb7f,12/31/2024,hcris_nmrc,CMS HCRIS Hospital 2552-10 Worksheet S-3 Part II line 01100,https://downloads.cms.gov/Files/hcris/,ccn,050455,rn_contract_labor_dpc,blended,contract,102.46,,,1.0,,0.92,High,agency
0fbef86c-2ab8-4c0e-9db8-aa762d758f48,12/31/2024,hcris_nmrc,CMS HCRIS Hospital 2552-10 Worksheet S-3 Part II line 01100,https://downloads.cms.gov/Files/hcris/,ccn,370037,rn_contract_labor_dpc,blended,contract,67.07,,,1.0,,0.92,High,agency
edb7ea1d-80cb-4b8b-876f-d05e8ac1002b,12/31/2024,hcris_nmrc,CMS HCRIS Hospital 2552-10 Worksheet S-3 Part II line 01100,https://downloads.cms.gov/Files/hcris/,ccn,330166,rn_contract_labor_dpc,blended,contract,96.01,,,1.0,,0.92,High,agency
a738021b-0732-4daa-954e-752d75b7e980,12/31/2024,hcris_nmrc,CMS HCRIS Hospital 2552-10 Worksheet S-3 Part II line 01100,https://downloads.cms.gov/Files/hcris/,ccn,380001,rn_contract_labor_dpc,blended,contract,109.49,,,1.0,,0.92,High,agency
6fe99c7d-6f58-4f52-a3b3-075dd094db90,12/31/2024,hcris_nmrc,CMS HCRIS Hospital 2552-10 Worksheet S-3 Part II line 01100,https://downloads.cms.gov/Files/hcris/,ccn,050561,rn_contract_labor_dpc,blended,contract,99.93,,,1.0,,0.92,High,agency
d20d1183-9d07-493a-aff5-73fd8ff0086b,12/31/2024,hcris_nmrc,CMS HCRIS Hospital 2552-10 Worksheet S-3 Part II line 01100,https://downloads.cms.gov/Files/hcris/,ccn,050140,rn_contract_labor_dpc,blended,contract,99.03,,,1.0,,0.92,High,agency
5e7a7243-a360-4da1-99bd-8e2ea1f6ae0d,12/31/2024,hcris_nmrc,CMS HCRIS Hospital 2552-10 Worksheet S-3 Part II line 01100,https://downloads.cms.gov/Files/hcris/,ccn,330162,rn_contract_labor_dpc,blended,contract,111.74,,,1.0,,0.92,High,agency
8c1e750d-5a37-4d9a-a9a3-f76cb09c6b08,12/31/2024,hcris_nmrc,CMS HCRIS Hospital 2552-10 Worksheet S-3 Part II line 01100,https://downloads.cms.gov/Files/hcris/,ccn,330160,rn_contract_labor_dpc,blended,contract,109.29,,,1.0,,0.92,High,agency
1d8b20a0-a4a9-41bc-89f3-3ffe3a05f151,12/31/2024,hcris_nmrc,CMS HCRIS Hospital 2552-10 Worksheet S-3 Part II line 01100,https://downloads.cms.gov/Files/hcris/,ccn,330158,rn_contract_labor_dpc,blended,contract,129.3,,,1.0,,0.92,High,agency
d40a5146-6a8a-41dd-adaf-e32c97e1706d,12/31/2024,hcris_nmrc,CMS HCRIS Hospital 2552-10 Worksheet S-3 Part II line 01100,https://downloads.cms.gov/Files/hcris/,ccn,330157,rn_contract_labor_dpc,blended,contract,96.16,,,1.0,,0.92,High,agency
d381a75a-0b8a-42b3-a3e4-98803c4134c9,12/31/2024,hcris_nmrc,CMS HCRIS Hospital 2552-10 Worksheet S-3 Part II line 01100,https://downloads.cms.gov/Files/hcris/,ccn,380004,rn_contract_labor_dpc,blended,contract,51.9,,,1.0,,0.92,High,agency
625d520c-15d9-4a77-a2f3-95148bb4213e,12/31/2024,hcris_nmrc,CMS HCRIS Hospital 2552-10 Worksheet S-3 Part II line 01100,https://downloads.cms.gov/Files/hcris/,ccn,050139,rn_contract_labor_dpc,blended,contract,102.81,,,1.0,,0.92,High,agency
c15217e5-0566-4217-bd87-5f6c7047f00a,12/31/2024,hcris_nmrc,CMS HCRIS Hospital 2552-10 Worksheet S-3 Part II line 01100,https://downloads.cms.gov/Files/hcris/,ccn,050138,rn_contract_labor_dpc,blended,contract,104.45,,,1.0,,0.92,High,agency
83e4426d-27b3-4c34-a621-9ece456b9cbd,12/31/2024,hcris_nmrc,CMS HCRIS Hospital 2552-10 Worksheet S-3 Part II line 01100,https://downloads.cms.gov/Files/hcris/,ccn,380014,rn_contract_labor_dpc,blended,contract,89.99,,,1.0,,0.92,High,agency
95ab314e-1e8d-4287-b4b1-dbe90b00d4f1,12/31/2024,hcris_nmrc,CMS HCRIS Hospital 2552-10 Worksheet S-3 Part II line 01100,https://downloads.cms.gov/Files/hcris/,ccn,330169,rn_contract_labor_dpc,blended,contract,110.42,,,1.0,,0.92,High,agency
98d634fc-5127-4a53-b3f5-7a9e2f35c9d4,12/31/2024,hcris_nmrc,CMS HCRIS Hospital 2552-10 Worksheet S-3 Part II line 01100,https://downloads.cms.gov/Files/hcris/,ccn,373036,rn_contract_labor_dpc,blended,contract,53.73,,,1.0,,0.92,High,agency
7aa8bb4f-6a0e-4158-b45a-bc9de2337848,12/31/2024,hcris_nmrc,CMS HCRIS Hospital 2552-10 Worksheet S-3 Part II line 01100,https://downloads.cms.gov/Files/hcris/,ccn,050145,rn_contract_labor_dpc,blended,contract,109.8,,,1.0,,0.92,High,agency
a41cf981-c89f-47eb-86da-57223e307ce3,12/31/2024,hcris_nmrc,CMS HCRIS Hospital 2552-10 Worksheet S-3 Part II line 01100,https://downloads.cms.gov/Files/hcris/,ccn,330181,rn_contract_labor_dpc,blended,contract,105.78,,,1.0,,0.92,High,agency
340626c6-bbd3-4e07-8e9c-ac47b92a8d52,12/31/2024,hcris_nmrc,CMS HCRIS Hospital 2552-10 Worksheet S-3 Part II line 01100,https://downloads.cms.gov/Files/hcris/,ccn,330198,rn_contract_labor_dpc,blended,contract,73.76,,,1.0,,0.92,High,agency
75a00a79-f978-414c-b3a8-3e1f663549c5,12/31/2024,hcris_nmrc,CMS HCRIS Hospital 2552-10 Worksheet S-3 Part II line 01100,https://downloads.cms.gov/Files/hcris/,ccn,050543,rn_contract_labor_dpc,blended,contract,82.99,,,1.0,,0.92,High,agency
d6a42745-7fb3-44bc-89fc-c05b40f602da,12/31/2024,hcris_nmrc,CMS HCRIS Hospital 2552-10 Worksheet S-3 Part II line 01100,https://downloads.cms.gov/Files/hcris/,ccn,330197,rn_contract_labor_dpc,blended,contract,119.93,,,1.0,,0.92,High,agency
5e28eb4b-a560-4f1a-8cc5-31e4aafeed99,12/31/2024,hcris_nmrc,CMS HCRIS Hospital 2552-10 Worksheet S-3 Part II line 01100,https://downloads.cms.gov/Files/hcris/,ccn,050150,rn_contract_labor_dpc,blended,contract,123.74,,,1.0,,0.92,High,agency
87a1f4cc-deb1-4424-852b-aaf69b7818ed,12/31/2024,hcris_nmrc,CMS HCRIS Hospital 2552-10 Worksheet S-3 Part II line 01100,https://downloads.cms.gov/Files/hcris/,ccn,330195,rn_contract_labor_dpc,blended,contract,105.59,,,1.0,,0.92,High,agency
f0f85909-0de8-41e3-b584-8046be1caa9d,12/31/2024,hcris_nmrc,CMS HCRIS Hospital 2552-10 Worksheet S-3 Part II line 01100,https://downloads.cms.gov/Files/hcris/,ccn,370240,rn_contract_labor_dpc,blended,contract,82.88,,,1.0,,0.92,High,agency
3df26086-a203-47ec-a7cf-b5bc75645743,12/31/2024,hcris_nmrc,CMS HCRIS Hospital 2552-10 Worksheet S-3 Part II line 01100,https://downloads.cms.gov/Files/hcris/,ccn,050149,rn_contract_labor_dpc,blended,contract,121.92,,,1.0,,0.92,High,agency
f4c36f15-560a-4481-add6-e277d47947fa,12/31/2024,hcris_nmrc,CMS HCRIS Hospital 2552-10 Worksheet S-3 Part II line 01100,https://downloads.cms.gov/Files/hcris/,ccn,330194,rn_contract_labor_dpc,blended,contract,105.78,,,1.0,,0.92,High,agency
229fcf37-88ff-4dbe-ba82-bd6be2b19458,12/31/2024,hcris_nmrc,CMS HCRIS Hospital 2552-10 Worksheet S-3 Part II line 01100,https://downloads.cms.gov/Files/hcris/,ccn,330191,rn_contract_labor_dpc,blended,contract,90.78,,,1.0,,0.92,High,agency
8ae7b533-a128-4a5e-a278-e496e11809ff,12/31/2024,hcris_nmrc,CMS HCRIS Hospital 2552-10 Worksheet S-3 Part II line 01100,https://downloads.cms.gov/Files/hcris/,ccn,050549,rn_contract_labor_dpc,blended,contract,83.63,,,1.0,,0.92,High,agency
dc1b1782-b718-49f5-86d3-95f5c6aa8b98,12/31/2024,hcris_nmrc,CMS HCRIS Hospital 2552-10 Worksheet S-3 Part II line 01100,https://downloads.cms.gov/Files/hcris/,ccn,330188,rn_contract_labor_dpc,blended,contract,103.41,,,1.0,,0.92,High,agency
f35e272d-0653-4596-82a0-9c50076621a9,12/31/2024,hcris_nmrc,CMS HCRIS Hospital 2552-10 Worksheet S-3 Part II line 01100,https://downloads.cms.gov/Files/hcris/,ccn,330185,rn_contract_labor_dpc,blended,contract,104.66,,,1.0,,0.92,High,agency
76b7c7d3-e5af-4693-9814-df66abbd2b12,12/31/2024,hcris_nmrc,CMS HCRIS Hospital 2552-10 Worksheet S-3 Part II line 01100,https://downloads.cms.gov/Files/hcris/,ccn,330184,rn_contract_labor_dpc,blended,contract,98.51,,,1.0,,0.92,High,agency
bd84e691-bcea-4809-bf94-b30ec5c69985,12/31/2024,hcris_nmrc,CMS HCRIS Hospital 2552-10 Worksheet S-3 Part II line 01100,https://downloads.cms.gov/Files/hcris/,ccn,330182,rn_contract_labor_dpc,blended,contract,86.99,,,1.0,,0.92,High,agency
f18bae9d-9a2c-4035-8a49-05af181c815e,12/31/2024,hcris_nmrc,CMS HCRIS Hospital 2552-10 Worksheet S-3 Part II line 01100,https://downloads.cms.gov/Files/hcris/,ccn,373033,rn_contract_labor_dpc,blended,contract,53.56,,,1.0,,0.92,High,agency
4889e7a7-4160-45a9-8a1f-01010f89c572,12/31/2024,hcris_nmrc,CMS HCRIS Hospital 2552-10 Worksheet S-3 Part II line 01100,https://downloads.cms.gov/Files/hcris/,ccn,330193,rn_contract_labor_dpc,blended,contract,131.65,,,1.0,,0.92,High,agency
7dac030b-4379-4f15-bac0-44b1254dd208,12/31/2024,hcris_nmrc,CMS HCRIS Hospital 2552-10 Worksheet S-3 Part II line 01100,https://downloads.cms.gov/Files/hcris/,ccn,380020,rn_contract_labor_dpc,blended,contract,93.29,,,1.0,,0.92,High,agency
7809a95e-b1ef-4852-bf4e-1bc95ab7b027,12/31/2024,hcris_nmrc,CMS HCRIS Hospital 2552-10 Worksheet S-3 Part II line 01100,https://downloads.cms.gov/Files/hcris/,ccn,330126,rn_contract_labor_dpc,blended,contract,103.28,,,1.0,,0.92,High,agency
620ae65b-6199-4e0c-ac4e-52c352e02dfb,12/31/2024,hcris_nmrc,CMS HCRIS Hospital 2552-10 Worksheet S-3 Part II line 01100,https://downloads.cms.gov/Files/hcris/,ccn,330125,rn_contract_labor_dpc,blended,contract,109.73,,,1.0,,0.92,High,agency
af0be5f9-0981-4e4c-a3cc-a14ec1045cfb,12/31/2024,hcris_nmrc,CMS HCRIS Hospital 2552-10 Worksheet S-3 Part II line 01100,https://downloads.cms.gov/Files/hcris/,ccn,330090,rn_contract_labor_dpc,blended,contract,92.97,,,1.0,,0.92,High,agency
3759e5c0-0704-41f5-b693-ef77eaa70361,12/31/2024,hcris_nmrc,CMS HCRIS Hospital 2552-10 Worksheet S-3 Part II line 01100,https://downloads.cms.gov/Files/hcris/,ccn,050588,rn_contract_labor_dpc,blended,contract,91.71,,,1.0,,0.92,High,agency
285b4864-9c18-4838-9cad-af189881a86a,12/31/2024,hcris_nmrc,CMS HCRIS Hospital 2552-10 Worksheet S-3 Part II line 01100,https://downloads.cms.gov/Files/hcris/,ccn,330086,rn_contract_labor_dpc,blended,contract,88.2,,,1.0,,0.92,High,agency
421125ea-fe6d-4cf4-8b08-aee15cd1f248,12/31/2024,hcris_nmrc,CMS HCRIS Hospital 2552-10 Worksheet S-3 Part II line 01100,https://downloads.cms.gov/Files/hcris/,ccn,330085,rn_contract_labor_dpc,blended,contract,103.61,,,1.0,,0.92,High,agency
69456e09-c6f9-496f-892e-6d886d1b1dda,12/31/2024,hcris_nmrc,CMS HCRIS Hospital 2552-10 Worksheet S-3 Part II line 01100,https://downloads.cms.gov/Files/hcris/,ccn,380056,rn_contract_labor_dpc,blended,contract,88.81,,,1.0,,0.92,High,agency
f07cbc90-2f9d-4844-930e-03449f14d4a6,12/31/2024,hcris_nmrc,CMS HCRIS Hospital 2552-10 Worksheet S-3 Part II line 01100,https://downloads.cms.gov/Files/hcris/,ccn,050590,rn_contract_labor_dpc,blended,contract,139.32,,,1.0,,0.92,High,agency
03282a99-1653-417d-aab1-bb1b6bda38f0,12/31/2024,hcris_nmrc,CMS HCRIS Hospital 2552-10 Worksheet S-3 Part II line 01100,https://downloads.cms.gov/Files/hcris/,ccn,380047,rn_contract_labor_dpc,blended,contract,93.64,,,1.0,,0.92,High,agency
47fae5b3-a11f-44f0-be23-cc68b033629d,12/31/2024,hcris_nmrc,CMS HCRIS Hospital 2552-10 Worksheet S-3 Part II line 01100,https://downloads.cms.gov/Files/hcris/,ccn,380060,rn_contract_labor_dpc,blended,contract,94.07,,,1.0,,0.92,High,agency
0b164612-ebec-4bc3-85ce-c139f52dc8c7,12/31/2024,hcris_nmrc,CMS HCRIS Hospital 2552-10 Worksheet S-3 Part II line 01100,https://downloads.cms.gov/Files/hcris/,ccn,330073,rn_contract_labor_dpc,blended,contract,84.04,,,1.0,,0.92,High,agency
b62f1963-e9ac-4b77-8d4d-ac14561ee22c,12/31/2024,hcris_nmrc,CMS HCRIS Hospital 2552-10 Worksheet S-3 Part II line 01100,https://downloads.cms.gov/Files/hcris/,ccn,380061,rn_contract_labor_dpc,blended,contract,52.52,,,1.0,,0.92,High,agency
bb8f57dd-9d66-42c0-b9dd-f087a7ed9db6,12/31/2024,hcris_nmrc,CMS HCRIS Hospital 2552-10 Worksheet S-3 Part II line 01100,https://downloads.cms.gov/Files/hcris/,ccn,050597,rn_contract_labor_dpc,blended,contract,86.15,,,1.0,,0.92,High,agency
ec58e89c-5edf-4381-8aef-4580e0a87910,12/31/2024,hcris_nmrc,CMS HCRIS Hospital 2552-10 Worksheet S-3 Part II line 01100,https://downloads.cms.gov/Files/hcris/,ccn,330059,rn_contract_labor_dpc,blended,contract,101.7,,,1.0,,0.92,High,agency
4e19d13e-1a8a-4855-8502-8a81a26e1464,12/31/2024,hcris_nmrc,CMS HCRIS Hospital 2552-10 Worksheet S-3 Part II line 01100,https://downloads.cms.gov/Files/hcris/,ccn,330078,rn_contract_labor_dpc,blended,contract,45.64,,,1.0,,0.92,High,agency
d3f5d707-66bc-41af-861f-0a4367ec48d2,12/31/2024,hcris_nmrc,CMS HCRIS Hospital 2552-10 Worksheet S-3 Part II line 01100,https://downloads.cms.gov/Files/hcris/,ccn,050133,rn_contract_labor_dpc,blended,contract,102.79,,,1.0,,0.92,High,agency
7884652a-b869-47a5-bc74-4c5f622cce39,12/31/2024,hcris_nmrc,CMS HCRIS Hospital 2552-10 Worksheet S-3 Part II line 01100,https://downloads.cms.gov/Files/hcris/,ccn,050586,rn_contract_labor_dpc,blended,contract,86.75,,,1.0,,0.92,High,agency
7254bd76-741e-4b27-800c-e7bc218def8b,12/31/2024,hcris_nmrc,CMS HCRIS Hospital 2552-10 Worksheet S-3 Part II line 01100,https://downloads.cms.gov/Files/hcris/,ccn,050137,rn_contract_labor_dpc,blended,contract,104.72,,,1.0,,0.92,High,agency
a5d28757-e6d4-4752-9412-a8e2e18aef24,12/31/2024,hcris_nmrc,CMS HCRIS Hospital 2552-10 Worksheet S-3 Part II line 01100,https://downloads.cms.gov/Files/hcris/,ccn,380022,rn_contract_labor_dpc,blended,contract,106.11,,,1.0,,0.92,High,agency
75a280d4-b049-4310-91e5-e331dc15e124,12/31/2024,hcris_nmrc,CMS HCRIS Hospital 2552-10 Worksheet S-3 Part II line 01100,https://downloads.cms.gov/Files/hcris/,ccn,330119,rn_contract_labor_dpc,blended,contract,120.31,,,1.0,,0.92,High,agency
85395775-384e-462e-a23b-4e6496e5adb9,12/31/2024,hcris_nmrc,CMS HCRIS Hospital 2552-10 Worksheet S-3 Part II line 01100,https://downloads.cms.gov/Files/hcris/,ccn,330115,rn_contract_labor_dpc,blended,contract,104.92,,,1.0,,0.92,High,agency
b0d91726-f73e-4f38-b1c8-c1bd055ac925,12/31/2024,hcris_nmrc,CMS HCRIS Hospital 2552-10 Worksheet S-3 Part II line 01100,https://downloads.cms.gov/Files/hcris/,ccn,330111,rn_contract_labor_dpc,blended,contract,44.46,,,1.0,,0.92,High,agency
8089c9be-2ea2-4ffc-8ff1-34a1d6ce63bd,12/31/2024,hcris_nmrc,CMS HCRIS Hospital 2552-10 Worksheet S-3 Part II line 01100,https://downloads.cms.gov/Files/hcris/,ccn,330107,rn_contract_labor_dpc,blended,contract,80.92,,,1.0,,0.92,High,agency
a356eeb8-3501-44a5-9fec-92d1a8fc07bb,12/31/2024,hcris_nmrc,CMS HCRIS Hospital 2552-10 Worksheet S-3 Part II line 01100,https://downloads.cms.gov/Files/hcris/,ccn,050580,rn_contract_labor_dpc,blended,contract,85.74,,,1.0,,0.92,High,agency
b7438bfc-c849-4d7c-911d-c31904017328,12/31/2024,hcris_nmrc,CMS HCRIS Hospital 2552-10 Worksheet S-3 Part II line 01100,https://downloads.cms.gov/Files/hcris/,ccn,330094,rn_contract_labor_dpc,blended,contract,92.0,,,1.0,,0.92,High,agency
cb5efb62-3330-4a2c-b1a1-cfe9382dd970,12/31/2024,hcris_nmrc,CMS HCRIS Hospital 2552-10 Worksheet S-3 Part II line 01100,https://downloads.cms.gov/Files/hcris/,ccn,330106,rn_contract_labor_dpc,blended,contract,110.88,,,1.0,,0.92,High,agency
d0bcb033-0d01-406f-b6b9-f730fdc4e2ba,12/31/2024,hcris_nmrc,CMS HCRIS Hospital 2552-10 Worksheet S-3 Part II line 01100,https://downloads.cms.gov/Files/hcris/,ccn,330103,rn_contract_labor_dpc,blended,contract,84.13,,,1.0,,0.92,High,agency
63363de9-89eb-46e6-bae2-78a05bc84a8f,12/31/2024,hcris_nmrc,CMS HCRIS Hospital 2552-10 Worksheet S-3 Part II line 01100,https://downloads.cms.gov/Files/hcris/,ccn,050135,rn_contract_labor_dpc,blended,contract,110.94,,,1.0,,0.92,High,agency
1a119fe5-ea67-41c4-9c2a-1715deab26c5,12/31/2024,hcris_nmrc,CMS HCRIS Hospital 2552-10 Worksheet S-3 Part II line 01100,https://downloads.cms.gov/Files/hcris/,ccn,330102,rn_contract_labor_dpc,blended,contract,93.78,,,1.0,,0.92,High,agency
ca563d04-1f42-42c0-ab64-e19a3a067645,12/31/2024,hcris_nmrc,CMS HCRIS Hospital 2552-10 Worksheet S-3 Part II line 01100,https://downloads.cms.gov/Files/hcris/,ccn,380037,rn_contract_labor_dpc,blended,contract,58.25,,,1.0,,0.92,High,agency
e7463b99-89cb-473d-8c87-c0e9922a3398,12/31/2024,hcris_nmrc,CMS HCRIS Hospital 2552-10 Worksheet S-3 Part II line 01100,https://downloads.cms.gov/Files/hcris/,ccn,330101,rn_contract_labor_dpc,blended,contract,121.13,,,1.0,,0.92,High,agency
f473f9e3-a828-484c-93d7-823aafd70a16,12/31/2024,hcris_nmrc,CMS HCRIS Hospital 2552-10 Worksheet S-3 Part II line 01100,https://downloads.cms.gov/Files/hcris/,ccn,380038,rn_contract_labor_dpc,blended,contract,56.32,,,1.0,,0.92,High,agency
bf1a8780-3790-4600-8ee2-bad1c27b6d36,12/31/2024,hcris_nmrc,CMS HCRIS Hospital 2552-10 Worksheet S-3 Part II line 01100,https://downloads.cms.gov/Files/hcris/,ccn,330104,rn_contract_labor_dpc,blended,contract,103.67,,,1.0,,0.92,High,agency
99846ef9-0aa6-4908-a382-49e873b68e42,12/31/2024,hcris_nmrc,CMS HCRIS Hospital 2552-10 Worksheet S-3 Part II line 01100,https://downloads.cms.gov/Files/hcris/,ccn,050152,rn_contract_labor_dpc,blended,contract,98.19,,,1.0,,0.92,High,agency
b454b707-93d7-4884-aaf3-351b5ffd2bb2,12/31/2024,hcris_nmrc,CMS HCRIS Hospital 2552-10 Worksheet S-3 Part II line 01100,https://downloads.cms.gov/Files/hcris/,ccn,330203,rn_contract_labor_dpc,blended,contract,82.19,,,1.0,,0.92,High,agency
425fe197-5676-4bfe-95b9-bcbca1b46c09,12/31/2024,hcris_nmrc,CMS HCRIS Hospital 2552-10 Worksheet S-3 Part II line 01100,https://downloads.cms.gov/Files/hcris/,ccn,050541,rn_contract_labor_dpc,blended,contract,110.98,,,1.0,,0.92,High,agency
a9f2237e-5795-46e3-9f53-8ad4a47ab90d,12/31/2024,hcris_nmrc,CMS HCRIS Hospital 2552-10 Worksheet S-3 Part II line 01100,https://downloads.cms.gov/Files/hcris/,ccn,330350,rn_contract_labor_dpc,blended,contract,78.27,,,1.0,,0.92,High,agency
41302c69-45a3-4251-8e2e-c77feac8a471,12/31/2024,hcris_nmrc,CMS HCRIS Hospital 2552-10 Worksheet S-3 Part II line 01100,https://downloads.cms.gov/Files/hcris/,ccn,330332,rn_contract_labor_dpc,blended,contract,159.67,,,1.0,,0.92,High,agency
49d0a136-2141-4429-a82d-dea0f56f7c79,12/31/2024,hcris_nmrc,CMS HCRIS Hospital 2552-10 Worksheet S-3 Part II line 01100,https://downloads.cms.gov/Files/hcris/,ccn,050180,rn_contract_labor_dpc,blended,contract,102.9,,,1.0,,0.92,High,agency
3af62c51-4a50-4f41-9fdb-127a5d987672,12/31/2024,hcris_nmrc,CMS HCRIS Hospital 2552-10 Worksheet S-3 Part II line 01100,https://downloads.cms.gov/Files/hcris/,ccn,330307,rn_contract_labor_dpc,blended,contract,74.19,,,1.0,,0.92,High,agency
be91f7ec-c942-4c85-8267-5c141eca6e9d,12/31/2024,hcris_nmrc,CMS HCRIS Hospital 2552-10 Worksheet S-3 Part II line 01100,https://downloads.cms.gov/Files/hcris/,ccn,330304,rn_contract_labor_dpc,blended,contract,97.07,,,1.0,,0.92,High,agency
810bccae-4568-4ee7-9edc-ab7ab5468289,12/31/2024,hcris_nmrc,CMS HCRIS Hospital 2552-10 Worksheet S-3 Part II line 01100,https://downloads.cms.gov/Files/hcris/,ccn,050496,rn_contract_labor_dpc,blended,contract,93.35,,,1.0,,0.92,High,agency
ebba7897-ead2-4bd8-b11d-e876c8ca891b,12/31/2024,hcris_nmrc,CMS HCRIS Hospital 2552-10 Worksheet S-3 Part II line 01100,https://downloads.cms.gov/Files/hcris/,ccn,330286,rn_contract_labor_dpc,blended,contract,125.49,,,1.0,,0.92,High,agency
c03b0c64-18ed-4181-9185-3797fac3e20c,12/31/2024,hcris_nmrc,CMS HCRIS Hospital 2552-10 Worksheet S-3 Part II line 01100,https://downloads.cms.gov/Files/hcris/,ccn,050179,rn_contract_labor_dpc,blended,contract,57.95,,,1.0,,0.92,High,agency
2c39d3b8-d28c-4169-ad43-51e2de2af973,12/31/2024,hcris_nmrc,CMS HCRIS Hospital 2552-10 Worksheet S-3 Part II line 01100,https://downloads.cms.gov/Files/hcris/,ccn,330276,rn_contract_labor_dpc,blended,contract,81.93,,,1.0,,0.92,High,agency
537d95e2-e107-4ab4-9bbe-35b38d669831,12/31/2024,hcris_nmrc,CMS HCRIS Hospital 2552-10 Worksheet S-3 Part II line 01100,https://downloads.cms.gov/Files/hcris/,ccn,050510,rn_contract_labor_dpc,blended,contract,111.17,,,1.0,,0.92,High,agency
56a2990f-ef87-4972-a283-456e042d29a2,12/31/2024,hcris_nmrc,CMS HCRIS Hospital 2552-10 Worksheet S-3 Part II line 01100,https://downloads.cms.gov/Files/hcris/,ccn,330267,rn_contract_labor_dpc,blended,contract,104.49,,,1.0,,0.92,High,agency
c044f108-e00a-43cc-b197-5e4c6d966385,12/31/2024,hcris_nmrc,CMS HCRIS Hospital 2552-10 Worksheet S-3 Part II line 01100,https://downloads.cms.gov/Files/hcris/,ccn,330265,rn_contract_labor_dpc,blended,contract,79.51,,,1.0,,0.92,High,agency
86d4de79-7681-4626-9812-d6526d2e13c3,12/31/2024,hcris_nmrc,CMS HCRIS Hospital 2552-10 Worksheet S-3 Part II line 01100,https://downloads.cms.gov/Files/hcris/,ccn,050512,rn_contract_labor_dpc,blended,contract,112.54,,,1.0,,0.92,High,agency
34a801cb-cd1a-4c38-967e-fc3ad42b6166,12/31/2024,hcris_nmrc,CMS HCRIS Hospital 2552-10 Worksheet S-3 Part II line 01100,https://downloads.cms.gov/Files/hcris/,ccn,330279,rn_contract_labor_dpc,blended,contract,84.73,,,1.0,,0.92,High,agency
34c78181-f3a3-4bb2-b8ce-1aa908d756be,12/31/2024,hcris_nmrc,CMS HCRIS Hospital 2552-10 Worksheet S-3 Part II line 01100,https://downloads.cms.gov/Files/hcris/,ccn,330264,rn_contract_labor_dpc,blended,contract,112.31,,,1.0,,0.92,High,agency
7c0a1b33-805e-4800-9794-1a607dd17c47,12/31/2024,hcris_nmrc,CMS HCRIS Hospital 2552-10 Worksheet S-3 Part II line 01100,https://downloads.cms.gov/Files/hcris/,ccn,330386,rn_contract_labor_dpc,blended,contract,87.08,,,1.0,,0.92,High,agency
fd8af860-da22-4487-a1b2-cedb5efe8ac5,12/31/2024,hcris_nmrc,CMS HCRIS Hospital 2552-10 Worksheet S-3 Part II line 01100,https://downloads.cms.gov/Files/hcris/,ccn,330393,rn_contract_labor_dpc,blended,contract,110.17,,,1.0,,0.92,High,agency
c3145e1c-343a-4222-bf73-66892d6c7e2e,12/31/2024,hcris_nmrc,CMS HCRIS Hospital 2552-10 Worksheet S-3 Part II line 01100,https://downloads.cms.gov/Files/hcris/,ccn,050204,rn_contract_labor_dpc,blended,contract,153.04,,,1.0,,0.92,High,agency
6508b28f-1bb7-4c5d-9037-adebbdffe784,12/31/2024,hcris_nmrc,CMS HCRIS Hospital 2552-10 Worksheet S-3 Part II line 01100,https://downloads.cms.gov/Files/hcris/,ccn,370049,rn_contract_labor_dpc,blended,contract,89.12,,,1.0,,0.92,High,agency
ce9c7c87-4d87-403a-bfa3-902d4a8446e7,12/31/2024,hcris_nmrc,CMS HCRIS Hospital 2552-10 Worksheet S-3 Part II line 01100,https://downloads.cms.gov/Files/hcris/,ccn,050468,rn_contract_labor_dpc,blended,contract,87.8,,,1.0,,0.92,High,agency
e4e20324-4524-4b78-9212-f99d2088c412,12/31/2024,hcris_nmrc,CMS HCRIS Hospital 2552-10 Worksheet S-3 Part II line 01100,https://downloads.cms.gov/Files/hcris/,ccn,050197,rn_contract_labor_dpc,blended,contract,106.91,,,1.0,,0.92,High,agency
a08d1957-429e-4def-b3d0-cbb54983afc6,12/31/2024,hcris_nmrc,CMS HCRIS Hospital 2552-10 Worksheet S-3 Part II line 01100,https://downloads.cms.gov/Files/hcris/,ccn,370054,rn_contract_labor_dpc,blended,contract,62.2,,,1.0,,0.92,High,agency
ab03853e-498a-46ba-af4d-89b71677c6c2,12/31/2024,hcris_nmrc,CMS HCRIS Hospital 2552-10 Worksheet S-3 Part II line 01100,https://downloads.cms.gov/Files/hcris/,ccn,370094,rn_contract_labor_dpc,blended,contract,69.42,,,1.0,,0.92,High,agency
c0fea612-9f30-43d4-8666-f5fa474d6a03,12/31/2024,hcris_nmrc,CMS HCRIS Hospital 2552-10 Worksheet S-3 Part II line 01100,https://downloads.cms.gov/Files/hcris/,ccn,370149,rn_contract_labor_dpc,blended,contract,202.36,,,1.0,,0.92,High,agency
a4ee1f47-2fc8-44e3-aa55-3d2e972ed240,12/31/2024,hcris_nmrc,CMS HCRIS Hospital 2552-10 Worksheet S-3 Part II line 01100,https://downloads.cms.gov/Files/hcris/,ccn,050194,rn_contract_labor_dpc,blended,contract,127.86,,,1.0,,0.92,High,agency
7d9022f4-9451-400d-b21a-0ef54981f06e,12/31/2024,hcris_nmrc,CMS HCRIS Hospital 2552-10 Worksheet S-3 Part II line 01100,https://downloads.cms.gov/Files/hcris/,ccn,330410,rn_contract_labor_dpc,blended,contract,44.58,,,1.0,,0.92,High,agency
bcc2fece-b6f7-40e5-b552-3ae77db9c54d,12/31/2024,hcris_nmrc,CMS HCRIS Hospital 2552-10 Worksheet S-3 Part II line 01100,https://downloads.cms.gov/Files/hcris/,ccn,050192,rn_contract_labor_dpc,blended,contract,99.28,,,1.0,,0.92,High,agency
efefec9e-ac57-4ee8-b653-250bb07edab7,12/31/2024,hcris_nmrc,CMS HCRIS Hospital 2552-10 Worksheet S-3 Part II line 01100,https://downloads.cms.gov/Files/hcris/,ccn,330401,rn_contract_labor_dpc,blended,contract,61.43,,,1.0,,0.92,High,agency
b04b7886-dde9-4e6e-b4fe-81b7dab031be,12/31/2024,hcris_nmrc,CMS HCRIS Hospital 2552-10 Worksheet S-3 Part II line 01100,https://downloads.cms.gov/Files/hcris/,ccn,330399,rn_contract_labor_dpc,blended,contract,99.02,,,1.0,,0.92,High,agency
480f965f-b1e9-48b4-9937-04dd38918918,12/31/2024,hcris_nmrc,CMS HCRIS Hospital 2552-10 Worksheet S-3 Part II line 01100,https://downloads.cms.gov/Files/hcris/,ccn,330395,rn_contract_labor_dpc,blended,contract,119.55,,,1.0,,0.92,High,agency
6099cf68-b4a8-4392-987f-a10a2a873737,12/31/2024,hcris_nmrc,CMS HCRIS Hospital 2552-10 Worksheet S-3 Part II line 01100,https://downloads.cms.gov/Files/hcris/,ccn,330394,rn_contract_labor_dpc,blended,contract,82.09,,,1.0,,0.92,High,agency
de246791-14d0-4069-9c50-7ffb0dd1c14e,12/31/2024,hcris_nmrc,CMS HCRIS Hospital 2552-10 Worksheet S-3 Part II line 01100,https://downloads.cms.gov/Files/hcris/,ccn,260011,rn_contract_labor_dpc,blended,contract,59.33,,,1.0,,0.92,High,agency
a95c3c67-79cb-4555-b029-1713b87ec0d2,12/31/2024,hcris_nmrc,CMS HCRIS Hospital 2552-10 Worksheet S-3 Part II line 01100,https://downloads.cms.gov/Files/hcris/,ccn,330261,rn_contract_labor_dpc,blended,contract,117.57,,,1.0,,0.92,High,agency
b7618395-af27-4822-90ba-d7bb226d0e49,12/31/2024,hcris_nmrc,CMS HCRIS Hospital 2552-10 Worksheet S-3 Part II line 01100,https://downloads.cms.gov/Files/hcris/,ccn,370192,rn_contract_labor_dpc,blended,contract,66.54,,,1.0,,0.92,High,agency
161f6e69-7fa0-4c85-8461-e5cd40497e8f,12/31/2024,hcris_nmrc,CMS HCRIS Hospital 2552-10 Worksheet S-3 Part II line 01100,https://downloads.cms.gov/Files/hcris/,ccn,370216,rn_contract_labor_dpc,blended,contract,72.09,,,1.0,,0.92,High,agency
8d8a5bc0-6206-497e-83f5-12b6f63a16f5,12/31/2024,hcris_nmrc,CMS HCRIS Hospital 2552-10 Worksheet S-3 Part II line 01100,https://downloads.cms.gov/Files/hcris/,ccn,330221,rn_contract_labor_dpc,blended,contract,133.43,,,1.0,,0.92,High,agency
3ea17363-a93a-4b4c-8c2f-077b1b3fb0d4,12/31/2024,hcris_nmrc,CMS HCRIS Hospital 2552-10 Worksheet S-3 Part II line 01100,https://downloads.cms.gov/Files/hcris/,ccn,330219,rn_contract_labor_dpc,blended,contract,36.82,,,1.0,,0.92,High,agency
443ffbc7-c7af-41d0-845b-7dc515daf2ce,12/31/2024,hcris_nmrc,CMS HCRIS Hospital 2552-10 Worksheet S-3 Part II line 01100,https://downloads.cms.gov/Files/hcris/,ccn,370220,rn_contract_labor_dpc,blended,contract,56.46,,,1.0,,0.92,High,agency
42a871a2-04ae-48fc-a1cd-1bf5437b093c,12/31/2024,hcris_nmrc,CMS HCRIS Hospital 2552-10 Worksheet S-3 Part II line 01100,https://downloads.cms.gov/Files/hcris/,ccn,330218,rn_contract_labor_dpc,blended,contract,69.33,,,1.0,,0.92,High,agency
895b0c22-16f2-4e1b-8757-e3fc94ee74bf,12/31/2024,hcris_nmrc,CMS HCRIS Hospital 2552-10 Worksheet S-3 Part II line 01100,https://downloads.cms.gov/Files/hcris/,ccn,050526,rn_contract_labor_dpc,blended,contract,86.05,,,1.0,,0.92,High,agency
6879f176-92eb-4a80-8906-6a141ae19313,12/31/2024,hcris_nmrc,CMS HCRIS Hospital 2552-10 Worksheet S-3 Part II line 01100,https://downloads.cms.gov/Files/hcris/,ccn,330215,rn_contract_labor_dpc,blended,contract,109.54,,,1.0,,0.92,High,agency
e5b925ba-ce54-4e96-a55f-1115d2a5c311,12/31/2024,hcris_nmrc,CMS HCRIS Hospital 2552-10 Worksheet S-3 Part II line 01100,https://downloads.cms.gov/Files/hcris/,ccn,050158,rn_contract_labor_dpc,blended,contract,72.53,,,1.0,,0.92,High,agency
769a3b0c-d965-42a4-b901-c2dbd3cc8371,12/31/2024,hcris_nmrc,CMS HCRIS Hospital 2552-10 Worksheet S-3 Part II line 01100,https://downloads.cms.gov/Files/hcris/,ccn,370225,rn_contract_labor_dpc,blended,contract,104.97,,,1.0,,0.92,High,agency
c4c27174-abb5-4423-8a1f-c135cd272f09,12/31/2024,hcris_nmrc,CMS HCRIS Hospital 2552-10 Worksheet S-3 Part II line 01100,https://downloads.cms.gov/Files/hcris/,ccn,330208,rn_contract_labor_dpc,blended,contract,127.92,,,1.0,,0.92,High,agency
3cbac303-cc04-4ca7-8e71-88c0f9b9d211,12/31/2024,hcris_nmrc,CMS HCRIS Hospital 2552-10 Worksheet S-3 Part II line 01100,https://downloads.cms.gov/Files/hcris/,ccn,330205,rn_contract_labor_dpc,blended,contract,85.3,,,1.0,,0.92,High,agency
895f6c13-3337-48bc-8cb5-13da5779e37a,12/31/2024,hcris_nmrc,CMS HCRIS Hospital 2552-10 Worksheet S-3 Part II line 01100,https://downloads.cms.gov/Files/hcris/,ccn,370222,rn_contract_labor_dpc,blended,contract,90.53,,,1.0,,0.92,High,agency
ae66b86b-8a8e-4353-bab9-ac0701639dda,12/31/2024,hcris_nmrc,CMS HCRIS Hospital 2552-10 Worksheet S-3 Part II line 01100,https://downloads.cms.gov/Files/hcris/,ccn,330259,rn_contract_labor_dpc,blended,contract,99.16,,,1.0,,0.92,High,agency
3428bac2-c881-4a3c-a712-b431b0a32571,12/31/2024,hcris_nmrc,CMS HCRIS Hospital 2552-10 Worksheet S-3 Part II line 01100,https://downloads.cms.gov/Files/hcris/,ccn,370215,rn_contract_labor_dpc,blended,contract,84.88,,,1.0,,0.92,High,agency
99fa5c57-8b31-419d-99b1-4ebb2fc81ec5,12/31/2024,hcris_nmrc,CMS HCRIS Hospital 2552-10 Worksheet S-3 Part II line 01100,https://downloads.cms.gov/Files/hcris/,ccn,330226,rn_contract_labor_dpc,blended,contract,101.49,,,1.0,,0.92,High,agency
a2e84387-9cd3-41ba-b192-c957eb7870c2,12/31/2024,hcris_nmrc,CMS HCRIS Hospital 2552-10 Worksheet S-3 Part II line 01100,https://downloads.cms.gov/Files/hcris/,ccn,050515,rn_contract_labor_dpc,blended,contract,99.4,,,1.0,,0.92,High,agency
da4647e3-f585-4cc9-ac9b-87146605235a,12/31/2024,hcris_nmrc,CMS HCRIS Hospital 2552-10 Worksheet S-3 Part II line 01100,https://downloads.cms.gov/Files/hcris/,ccn,330246,rn_contract_labor_dpc,blended,contract,174.39,,,1.0,,0.92,High,agency
2439e8b4-406c-44a7-bb9b-eb6846458b44,12/31/2024,hcris_nmrc,CMS HCRIS Hospital 2552-10 Worksheet S-3 Part II line 01100,https://downloads.cms.gov/Files/hcris/,ccn,330241,rn_contract_labor_dpc,blended,contract,124.15,,,1.0,,0.92,High,agency
cf519635-fe9e-4f99-ada5-117a3a991649,12/31/2024,hcris_nmrc,CMS HCRIS Hospital 2552-10 Worksheet S-3 Part II line 01100,https://downloads.cms.gov/Files/hcris/,ccn,370201,rn_contract_labor_dpc,blended,contract,69.41,,,1.0,,0.92,High,agency
ab79666b-37d8-4145-a01b-c473017b297c,12/31/2024,hcris_nmrc,CMS HCRIS Hospital 2552-10 Worksheet S-3 Part II line 01100,https://downloads.cms.gov/Files/hcris/,ccn,370202,rn_contract_labor_dpc,blended,contract,137.04,,,1.0,,0.92,High,agency
50cd93f9-a12d-427f-880e-827569e55df6,12/31/2024,hcris_nmrc,CMS HCRIS Hospital 2552-10 Worksheet S-3 Part II line 01100,https://downloads.cms.gov/Files/hcris/,ccn,370203,rn_contract_labor_dpc,blended,contract,58.31,,,1.0,,0.92,High,agency
c9876a27-25e9-4156-85b7-fc71330bf6b8,12/31/2024,hcris_nmrc,CMS HCRIS Hospital 2552-10 Worksheet S-3 Part II line 01100,https://downloads.cms.gov/Files/hcris/,ccn,330224,rn_contract_labor_dpc,blended,contract,74.55,,,1.0,,0.92,High,agency
8e4167e0-8932-451a-bdd1-0b3f3ede7e4f,12/31/2024,hcris_nmrc,CMS HCRIS Hospital 2552-10 Worksheet S-3 Part II line 01100,https://downloads.cms.gov/Files/hcris/,ccn,370206,rn_contract_labor_dpc,blended,contract,74.95,,,1.0,,0.92,High,agency
ac3a90c8-d37d-4634-b6d8-859aeaf2132e,12/31/2024,hcris_nmrc,CMS HCRIS Hospital 2552-10 Worksheet S-3 Part II line 01100,https://downloads.cms.gov/Files/hcris/,ccn,330235,rn_contract_labor_dpc,blended,contract,112.08,,,1.0,,0.92,High,agency
b60b6aad-2ae9-47e1-8564-2cba9fa03f10,12/31/2024,hcris_nmrc,CMS HCRIS Hospital 2552-10 Worksheet S-3 Part II line 01100,https://downloads.cms.gov/Files/hcris/,ccn,370210,rn_contract_labor_dpc,blended,contract,82.48,,,1.0,,0.92,High,agency
9fce8508-683b-4016-9f59-e672f89960a7,12/31/2024,hcris_nmrc,CMS HCRIS Hospital 2552-10 Worksheet S-3 Part II line 01100,https://downloads.cms.gov/Files/hcris/,ccn,330234,rn_contract_labor_dpc,blended,contract,105.11,,,1.0,,0.92,High,agency
90226fa1-4495-4dce-83f9-f87b78d4cd14,12/31/2024,hcris_nmrc,CMS HCRIS Hospital 2552-10 Worksheet S-3 Part II line 01100,https://downloads.cms.gov/Files/hcris/,ccn,330233,rn_contract_labor_dpc,blended,contract,114.06,,,1.0,,0.92,High,agency
539f94a2-04a1-417f-b9af-4f157f637093,12/31/2024,hcris_nmrc,CMS HCRIS Hospital 2552-10 Worksheet S-3 Part II line 01100,https://downloads.cms.gov/Files/hcris/,ccn,370212,rn_contract_labor_dpc,blended,contract,75.32,,,1.0,,0.92,High,agency
219662d6-41e5-41aa-8309-e5eca80af706,12/31/2024,hcris_nmrc,CMS HCRIS Hospital 2552-10 Worksheet S-3 Part II line 01100,https://downloads.cms.gov/Files/hcris/,ccn,330229,rn_contract_labor_dpc,blended,contract,107.49,,,1.0,,0.92,High,agency
f8eba060-106e-42f1-8489-52252ba89b89,12/31/2024,hcris_nmrc,CMS HCRIS Hospital 2552-10 Worksheet S-3 Part II line 01100,https://downloads.cms.gov/Files/hcris/,ccn,050517,rn_contract_labor_dpc,blended,contract,97.0,,,1.0,,0.92,High,agency
038e484f-a95d-41b2-b218-0d9e593e70de,12/31/2024,hcris_nmrc,CMS HCRIS Hospital 2552-10 Worksheet S-3 Part II line 01100,https://downloads.cms.gov/Files/hcris/,ccn,260005,rn_contract_labor_dpc,blended,contract,48.67,,,1.0,,0.92,High,agency
47f88a8e-44db-4872-8fb3-6cb06b2aa9a5,12/31/2024,hcris_nmrc,CMS HCRIS Hospital 2552-10 Worksheet S-3 Part II line 01100,https://downloads.cms.gov/Files/hcris/,ccn,440081,rn_contract_labor_dpc,blended,contract,88.97,,,1.0,,0.92,High,agency
8fef313d-5552-4164-9945-70b7a25228ac,12/31/2024,hcris_nmrc,CMS HCRIS Hospital 2552-10 Worksheet S-3 Part II line 01100,https://downloads.cms.gov/Files/hcris/,ccn,240213,rn_contract_labor_dpc,blended,contract,91.08,,,1.0,,0.92,High,agency
c43b0381-5a64-4f71-990e-8cd51d8e9beb,12/31/2024,hcris_nmrc,CMS HCRIS Hospital 2552-10 Worksheet S-3 Part II line 01100,https://downloads.cms.gov/Files/hcris/,ccn,060075,rn_contract_labor_dpc,blended,contract,83.39,,,1.0,,0.92,High,agency
f81c6a2e-298b-48bf-a34b-81a82433ca40,12/31/2024,hcris_nmrc,CMS HCRIS Hospital 2552-10 Worksheet S-3 Part II line 01100,https://downloads.cms.gov/Files/hcris/,ccn,450064,rn_contract_labor_dpc,blended,contract,107.64,,,1.0,,0.92,High,agency
7d795e66-5a11-4cfa-b3cb-6be625ea31bb,12/31/2024,hcris_nmrc,CMS HCRIS Hospital 2552-10 Worksheet S-3 Part II line 01100,https://downloads.cms.gov/Files/hcris/,ccn,240210,rn_contract_labor_dpc,blended,contract,89.33,,,1.0,,0.92,High,agency
66f46ee2-5927-402b-b100-1fef219a5370,12/31/2024,hcris_nmrc,CMS HCRIS Hospital 2552-10 Worksheet S-3 Part II line 01100,https://downloads.cms.gov/Files/hcris/,ccn,230020,rn_contract_labor_dpc,blended,contract,79.0,,,1.0,,0.92,High,agency
7fb65dfa-ac1d-48b1-8e43-8d50c00b4880,12/31/2024,hcris_nmrc,CMS HCRIS Hospital 2552-10 Worksheet S-3 Part II line 01100,https://downloads.cms.gov/Files/hcris/,ccn,240207,rn_contract_labor_dpc,blended,contract,87.48,,,1.0,,0.92,High,agency
323da02f-71ab-4291-bbfd-a0caa16625f5,12/31/2024,hcris_nmrc,CMS HCRIS Hospital 2552-10 Worksheet S-3 Part II line 01100,https://downloads.cms.gov/Files/hcris/,ccn,060076,rn_contract_labor_dpc,blended,contract,103.24,,,1.0,,0.92,High,agency
315d01f2-2755-42ad-a4f7-9f06ad6c24df,12/31/2024,hcris_nmrc,CMS HCRIS Hospital 2552-10 Worksheet S-3 Part II line 01100,https://downloads.cms.gov/Files/hcris/,ccn,440218,rn_contract_labor_dpc,blended,contract,61.43,,,1.0,,0.92,High,agency
0566638b-3ac3-4f3d-8c92-a77db59188f5,12/31/2024,hcris_nmrc,CMS HCRIS Hospital 2552-10 Worksheet S-3 Part II line 01100,https://downloads.cms.gov/Files/hcris/,ccn,240187,rn_contract_labor_dpc,blended,contract,84.66,,,1.0,,0.92,High,agency
0c557606-daf0-49d7-bf8b-92cb3d80f1d8,12/31/2024,hcris_nmrc,CMS HCRIS Hospital 2552-10 Worksheet S-3 Part II line 01100,https://downloads.cms.gov/Files/hcris/,ccn,240166,rn_contract_labor_dpc,blended,contract,77.55,,,1.0,,0.92,High,agency
5cb1dd8f-0e46-4ac0-8a39-9ce87eff2f8f,12/31/2024,hcris_nmrc,CMS HCRIS Hospital 2552-10 Worksheet S-3 Part II line 01100,https://downloads.cms.gov/Files/hcris/,ccn,230022,rn_contract_labor_dpc,blended,contract,85.0,,,1.0,,0.92,High,agency
dc1bd7e8-2a65-4d82-b921-7428bd44fdae,12/31/2024,hcris_nmrc,CMS HCRIS Hospital 2552-10 Worksheet S-3 Part II line 01100,https://downloads.cms.gov/Files/hcris/,ccn,240141,rn_contract_labor_dpc,blended,contract,86.38,,,1.0,,0.92,High,agency
c805db41-90fd-4ee0-b54a-3be63f0559db,12/31/2024,hcris_nmrc,CMS HCRIS Hospital 2552-10 Worksheet S-3 Part II line 01100,https://downloads.cms.gov/Files/hcris/,ccn,230024,rn_contract_labor_dpc,blended,contract,42.01,,,1.0,,0.92,High,agency
b02ae952-13b4-49a6-9c61-ed017204326b,12/31/2024,hcris_nmrc,CMS HCRIS Hospital 2552-10 Worksheet S-3 Part II line 01100,https://downloads.cms.gov/Files/hcris/,ccn,430027,rn_contract_labor_dpc,blended,contract,150.0,,,1.0,,0.92,High,agency
76554d3f-5198-4213-b9d3-9dab1a4f01bb,12/31/2024,hcris_nmrc,CMS HCRIS Hospital 2552-10 Worksheet S-3 Part II line 01100,https://downloads.cms.gov/Files/hcris/,ccn,240115,rn_contract_labor_dpc,blended,contract,74.13,,,1.0,,0.92,High,agency
a403fc1c-5afd-47da-91cd-95043e4d440a,12/31/2024,hcris_nmrc,CMS HCRIS Hospital 2552-10 Worksheet S-3 Part II line 01100,https://downloads.cms.gov/Files/hcris/,ccn,240106,rn_contract_labor_dpc,blended,contract,54.91,,,1.0,,0.92,High,agency
6cbf38bd-2ad3-447f-bbdb-6c67a27688b7,12/31/2024,hcris_nmrc,CMS HCRIS Hospital 2552-10 Worksheet S-3 Part II line 01100,https://downloads.cms.gov/Files/hcris/,ccn,240104,rn_contract_labor_dpc,blended,contract,80.3,,,1.0,,0.92,High,agency
2070fb9b-e5e6-48f6-ac78-7cabcb4936d5,12/31/2024,hcris_nmrc,CMS HCRIS Hospital 2552-10 Worksheet S-3 Part II line 01100,https://downloads.cms.gov/Files/hcris/,ccn,230144,rn_contract_labor_dpc,blended,contract,45.78,,,1.0,,0.92,High,agency
54c10d97-2464-4239-93c2-ff9391732f24,12/31/2024,hcris_nmrc,CMS HCRIS Hospital 2552-10 Worksheet S-3 Part II line 01100,https://downloads.cms.gov/Files/hcris/,ccn,230146,rn_contract_labor_dpc,blended,contract,90.7,,,1.0,,0.92,High,agency
0a934f5f-aa63-42f4-963b-8dd1a7138ccf,12/31/2024,hcris_nmrc,CMS HCRIS Hospital 2552-10 Worksheet S-3 Part II line 01100,https://downloads.cms.gov/Files/hcris/,ccn,240080,rn_contract_labor_dpc,blended,contract,47.75,,,1.0,,0.92,High,agency
88b2af64-d910-46ae-864d-03f778b5b3e7,12/31/2024,hcris_nmrc,CMS HCRIS Hospital 2552-10 Worksheet S-3 Part II line 01100,https://downloads.cms.gov/Files/hcris/,ccn,430090,rn_contract_labor_dpc,blended,contract,72.02,,,1.0,,0.92,High,agency
fb992c98-edb3-46fd-9072-fcf58249e57d,12/31/2024,hcris_nmrc,CMS HCRIS Hospital 2552-10 Worksheet S-3 Part II line 01100,https://downloads.cms.gov/Files/hcris/,ccn,230035,rn_contract_labor_dpc,blended,contract,70.3,,,1.0,,0.92,High,agency
8bce2777-3c8f-4b66-99eb-599fc3e3550c,12/31/2024,hcris_nmrc,CMS HCRIS Hospital 2552-10 Worksheet S-3 Part II line 01100,https://downloads.cms.gov/Files/hcris/,ccn,430008,rn_contract_labor_dpc,blended,contract,68.56,,,1.0,,0.92,High,agency
a012f5fd-5a99-4217-b4b5-71e83591485a,12/31/2024,hcris_nmrc,CMS HCRIS Hospital 2552-10 Worksheet S-3 Part II line 01100,https://downloads.cms.gov/Files/hcris/,ccn,230151,rn_contract_labor_dpc,blended,contract,93.0,,,1.0,,0.92,High,agency
f84d64bc-2435-40bf-b493-bbbca4fae3f4,12/31/2024,hcris_nmrc,CMS HCRIS Hospital 2552-10 Worksheet S-3 Part II line 01100,https://downloads.cms.gov/Files/hcris/,ccn,240093,rn_contract_labor_dpc,blended,contract,102.84,,,1.0,,0.92,High,agency
6dfd1626-4048-45f7-b795-817918c7fe5b,12/31/2024,hcris_nmrc,CMS HCRIS Hospital 2552-10 Worksheet S-3 Part II line 01100,https://downloads.cms.gov/Files/hcris/,ccn,230031,rn_contract_labor_dpc,blended,contract,85.02,,,1.0,,0.92,High,agency
d27257a5-ec18-4240-960c-79c1954afdcb,12/31/2024,hcris_nmrc,CMS HCRIS Hospital 2552-10 Worksheet S-3 Part II line 01100,https://downloads.cms.gov/Files/hcris/,ccn,240100,rn_contract_labor_dpc,blended,contract,94.39,,,1.0,,0.92,High,agency
91eb4e49-257d-4d55-b726-32d96e19fc16,12/31/2024,hcris_nmrc,CMS HCRIS Hospital 2552-10 Worksheet S-3 Part II line 01100,https://downloads.cms.gov/Files/hcris/,ccn,040114,rn_contract_labor_dpc,blended,contract,52.46,,,1.0,,0.92,High,agency
56748cae-d763-4224-83cd-9770bc370588,12/31/2024,hcris_nmrc,CMS HCRIS Hospital 2552-10 Worksheet S-3 Part II line 01100,https://downloads.cms.gov/Files/hcris/,ccn,430089,rn_contract_labor_dpc,blended,contract,101.44,,,1.0,,0.92,High,agency
65d1004a-189e-4860-a07b-dbb899ac8181,12/31/2024,hcris_nmrc,CMS HCRIS Hospital 2552-10 Worksheet S-3 Part II line 01100,https://downloads.cms.gov/Files/hcris/,ccn,430091,rn_contract_labor_dpc,blended,contract,55.04,,,1.0,,0.92,High,agency
623c59ec-a1dc-457f-9876-a51bac850be5,12/31/2024,hcris_nmrc,CMS HCRIS Hospital 2552-10 Worksheet S-3 Part II line 01100,https://downloads.cms.gov/Files/hcris/,ccn,240214,rn_contract_labor_dpc,blended,contract,87.83,,,1.0,,0.92,High,agency
2ba7b3d6-d078-43ae-b656-ab4a15e6bc54,12/31/2024,hcris_nmrc,CMS HCRIS Hospital 2552-10 Worksheet S-3 Part II line 01100,https://downloads.cms.gov/Files/hcris/,ccn,060071,rn_contract_labor_dpc,blended,contract,92.7,,,1.0,,0.92,High,agency
943079b2-a075-4c8e-972f-9754d1a337e0,12/31/2024,hcris_nmrc,CMS HCRIS Hospital 2552-10 Worksheet S-3 Part II line 01100,https://downloads.cms.gov/Files/hcris/,ccn,040018,rn_contract_labor_dpc,blended,contract,105.64,,,1.0,,0.92,High,agency
93f46c3c-5e58-4c66-8db8-ff2a4b66af51,12/31/2024,hcris_nmrc,CMS HCRIS Hospital 2552-10 Worksheet S-3 Part II line 01100,https://downloads.cms.gov/Files/hcris/,ccn,060028,rn_contract_labor_dpc,blended,contract,107.55,,,1.0,,0.92,High,agency
0e7fbc58-23d4-4084-807d-1f785f48e32f,12/31/2024,hcris_nmrc,CMS HCRIS Hospital 2552-10 Worksheet S-3 Part II line 01100,https://downloads.cms.gov/Files/hcris/,ccn,450090,rn_contract_labor_dpc,blended,contract,77.54,,,1.0,,0.92,High,agency
c3e15ca8-6861-4515-9f07-970f41a9a155,12/31/2024,hcris_nmrc,CMS HCRIS Hospital 2552-10 Worksheet S-3 Part II line 01100,https://downloads.cms.gov/Files/hcris/,ccn,060030,rn_contract_labor_dpc,blended,contract,100.45,,,1.0,,0.92,High,agency
9a17121a-e7a4-468c-943c-7f22cd1d136b,12/31/2024,hcris_nmrc,CMS HCRIS Hospital 2552-10 Worksheet S-3 Part II line 01100,https://downloads.cms.gov/Files/hcris/,ccn,250069,rn_contract_labor_dpc,blended,contract,28.3,,,1.0,,0.92,High,agency
48bf2e9b-61ac-4152-8586-806a5b0af790,12/31/2024,hcris_nmrc,CMS HCRIS Hospital 2552-10 Worksheet S-3 Part II line 01100,https://downloads.cms.gov/Files/hcris/,ccn,420104,rn_contract_labor_dpc,blended,contract,80.08,,,1.0,,0.92,High,agency
1864e394-5756-4e9b-af12-ba5796243afc,12/31/2024,hcris_nmrc,CMS HCRIS Hospital 2552-10 Worksheet S-3 Part II line 01100,https://downloads.cms.gov/Files/hcris/,ccn,040154,rn_contract_labor_dpc,blended,contract,47.1,,,1.0,,0.92,High,agency
5d069516-42bf-4cca-8625-2e66857f0f34,12/31/2024,hcris_nmrc,CMS HCRIS Hospital 2552-10 Worksheet S-3 Part II line 01100,https://downloads.cms.gov/Files/hcris/,ccn,060032,rn_contract_labor_dpc,blended,contract,50.08,,,1.0,,0.92,High,agency
0ed5ed68-b65a-41b4-aa51-e5674571cd6d,12/31/2024,hcris_nmrc,CMS HCRIS Hospital 2552-10 Worksheet S-3 Part II line 01100,https://downloads.cms.gov/Files/hcris/,ccn,250048,rn_contract_labor_dpc,blended,contract,75.34,,,1.0,,0.92,High,agency
ead3fa55-3274-487d-a3b2-6652f77e4241,12/31/2024,hcris_nmrc,CMS HCRIS Hospital 2552-10 Worksheet S-3 Part II line 01100,https://downloads.cms.gov/Files/hcris/,ccn,040147,rn_contract_labor_dpc,blended,contract,67.26,,,1.0,,0.92,High,agency
1c2ffa1c-f04b-4c8e-8c2b-55abb58c32ba,12/31/2024,hcris_nmrc,CMS HCRIS Hospital 2552-10 Worksheet S-3 Part II line 01100,https://downloads.cms.gov/Files/hcris/,ccn,420110,rn_contract_labor_dpc,blended,contract,88.63,,,1.0,,0.92,High,agency
7f22048f-f0b9-4d71-9a95-c2b445bfbd69,12/31/2024,hcris_nmrc,CMS HCRIS Hospital 2552-10 Worksheet S-3 Part II line 01100,https://downloads.cms.gov/Files/hcris/,ccn,224047,rn_contract_labor_dpc,blended,contract,95.6,,,1.0,,0.92,High,agency
967aa761-a10b-4694-aff0-5c363d726550,12/31/2024,hcris_nmrc,CMS HCRIS Hospital 2552-10 Worksheet S-3 Part II line 01100,https://downloads.cms.gov/Files/hcris/,ccn,033038,rn_contract_labor_dpc,blended,contract,82.59,,,1.0,,0.92,High,agency
c425aa7e-e33c-4150-8d1a-10512edd98c4,12/31/2024,hcris_nmrc,CMS HCRIS Hospital 2552-10 Worksheet S-3 Part II line 01100,https://downloads.cms.gov/Files/hcris/,ccn,422007,rn_contract_labor_dpc,blended,contract,65.62,,,1.0,,0.92,High,agency
76d07db4-b123-4330-a906-1e2913e6205d,12/31/2024,hcris_nmrc,CMS HCRIS Hospital 2552-10 Worksheet S-3 Part II line 01100,https://downloads.cms.gov/Files/hcris/,ccn,250027,rn_contract_labor_dpc,blended,contract,44.8,,,1.0,,0.92,High,agency
ef845dee-01f7-43df-8d49-29097781a78c,12/31/2024,hcris_nmrc,CMS HCRIS Hospital 2552-10 Worksheet S-3 Part II line 01100,https://downloads.cms.gov/Files/hcris/,ccn,230017,rn_contract_labor_dpc,blended,contract,53.55,,,1.0,,0.92,High,agency
95251d84-eb86-4319-983d-f853ac9a18a1,12/31/2024,hcris_nmrc,CMS HCRIS Hospital 2552-10 Worksheet S-3 Part II line 01100,https://downloads.cms.gov/Files/hcris/,ccn,424015,rn_contract_labor_dpc,blended,contract,61.03,,,1.0,,0.92,High,agency
14791d8c-ac7c-46ad-bd3e-cecb61ea1022,12/31/2024,hcris_nmrc,CMS HCRIS Hospital 2552-10 Worksheet S-3 Part II line 01100,https://downloads.cms.gov/Files/hcris/,ccn,060065,rn_contract_labor_dpc,blended,contract,65.52,,,1.0,,0.92,High,agency
dc80092a-fc7d-4446-99a0-66fd3eb64d70,12/31/2024,hcris_nmrc,CMS HCRIS Hospital 2552-10 Worksheet S-3 Part II line 01100,https://downloads.cms.gov/Files/hcris/,ccn,423029,rn_contract_labor_dpc,blended,contract,53.69,,,1.0,,0.92,High,agency
9089d09e-c1a7-4702-a661-ef757a1df8bb,12/31/2024,hcris_nmrc,CMS HCRIS Hospital 2552-10 Worksheet S-3 Part II line 01100,https://downloads.cms.gov/Files/hcris/,ccn,060064,rn_contract_labor_dpc,blended,contract,91.67,,,1.0,,0.92,High,agency
12000bf6-2a6e-4e60-b48b-a270359d2457,12/31/2024,hcris_nmrc,CMS HCRIS Hospital 2552-10 Worksheet S-3 Part II line 01100,https://downloads.cms.gov/Files/hcris/,ccn,230015,rn_contract_labor_dpc,blended,contract,94.33,,,1.0,,0.92,High,agency
de200584-dd97-478b-a0e7-985e073b47c2,12/31/2024,hcris_nmrc,CMS HCRIS Hospital 2552-10 Worksheet S-3 Part II line 01100,https://downloads.cms.gov/Files/hcris/,ccn,060054,rn_contract_labor_dpc,blended,contract,85.91,,,1.0,,0.92,High,agency
3ff1fd48-3e35-4280-bef3-a8033bdab584,12/31/2024,hcris_nmrc,CMS HCRIS Hospital 2552-10 Worksheet S-3 Part II line 01100,https://downloads.cms.gov/Files/hcris/,ccn,423026,rn_contract_labor_dpc,blended,contract,77.42,,,1.0,,0.92,High,agency
945ed627-6173-41d6-b3fa-571eb3d8eb11,12/31/2024,hcris_nmrc,CMS HCRIS Hospital 2552-10 Worksheet S-3 Part II line 01100,https://downloads.cms.gov/Files/hcris/,ccn,033040,rn_contract_labor_dpc,blended,contract,61.23,,,1.0,,0.92,High,agency
a5e7efa2-18e3-4695-8e1c-9eed425af551,12/31/2024,hcris_nmrc,CMS HCRIS Hospital 2552-10 Worksheet S-3 Part II line 01100,https://downloads.cms.gov/Files/hcris/,ccn,423025,rn_contract_labor_dpc,blended,contract,100.0,,,1.0,,0.92,High,agency
09e0a53c-dedf-406c-92e6-6bd1358edd20,12/31/2024,hcris_nmrc,CMS HCRIS Hospital 2552-10 Worksheet S-3 Part II line 01100,https://downloads.cms.gov/Files/hcris/,ccn,423027,rn_contract_labor_dpc,blended,contract,67.89,,,1.0,,0.92,High,agency
2625d1f6-923f-4936-ad49-905604678f93,12/31/2024,hcris_nmrc,CMS HCRIS Hospital 2552-10 Worksheet S-3 Part II line 01100,https://downloads.cms.gov/Files/hcris/,ccn,070005,rn_contract_labor_dpc,blended,contract,51.51,,,1.0,,0.92,High,agency
ac82eaa4-cb2b-451b-b5f1-8aea7891b71c,12/31/2024,hcris_nmrc,CMS HCRIS Hospital 2552-10 Worksheet S-3 Part II line 01100,https://downloads.cms.gov/Files/hcris/,ccn,033044,rn_contract_labor_dpc,blended,contract,60.7,,,1.0,,0.92,High,agency
9c969701-365b-41c0-9be3-c57b5837d769,12/31/2024,hcris_nmrc,CMS HCRIS Hospital 2552-10 Worksheet S-3 Part II line 01100,https://downloads.cms.gov/Files/hcris/,ccn,230038,rn_contract_labor_dpc,blended,contract,72.83,,,1.0,,0.92,High,agency
0d507221-2983-4f75-a177-62c4b4d29263,12/31/2024,hcris_nmrc,CMS HCRIS Hospital 2552-10 Worksheet S-3 Part II line 01100,https://downloads.cms.gov/Files/hcris/,ccn,443031,rn_contract_labor_dpc,blended,contract,72.39,,,1.0,,0.92,High,agency
1d3efe37-e1a9-4fba-b0bb-989bd8764215,12/31/2024,hcris_nmrc,CMS HCRIS Hospital 2552-10 Worksheet S-3 Part II line 01100,https://downloads.cms.gov/Files/hcris/,ccn,240018,rn_contract_labor_dpc,blended,contract,117.83,,,1.0,,0.92,High,agency
89d2c7c8-032c-457c-a97f-ebb3829afd28,12/31/2024,hcris_nmrc,CMS HCRIS Hospital 2552-10 Worksheet S-3 Part II line 01100,https://downloads.cms.gov/Files/hcris/,ccn,440015,rn_contract_labor_dpc,blended,contract,42.0,,,1.0,,0.92,High,agency
2655afa0-c135-49fb-9c48-0d5d8272c0a5,12/31/2024,hcris_nmrc,CMS HCRIS Hospital 2552-10 Worksheet S-3 Part II line 01100,https://downloads.cms.gov/Files/hcris/,ccn,440058,rn_contract_labor_dpc,blended,contract,78.68,,,1.0,,0.92,High,agency
2c34fd6a-e7ab-4f2f-85ca-7ee3ff998931,12/31/2024,hcris_nmrc,CMS HCRIS Hospital 2552-10 Worksheet S-3 Part II line 01100,https://downloads.cms.gov/Files/hcris/,ccn,240014,rn_contract_labor_dpc,blended,contract,221.13,,,1.0,,0.92,High,agency
eafb1815-4b03-4a3c-8344-45da2105686b,12/31/2024,hcris_nmrc,CMS HCRIS Hospital 2552-10 Worksheet S-3 Part II line 01100,https://downloads.cms.gov/Files/hcris/,ccn,240010,rn_contract_labor_dpc,blended,contract,104.24,,,1.0,,0.92,High,agency
e00bce0b-c636-4239-9486-9cb85b182753,12/31/2024,hcris_nmrc,CMS HCRIS Hospital 2552-10 Worksheet S-3 Part II line 01100,https://downloads.cms.gov/Files/hcris/,ccn,240006,rn_contract_labor_dpc,blended,contract,69.84,,,1.0,,0.92,High,agency
f5bc4498-ddeb-429b-9d03-43aa24c58691,12/31/2024,hcris_nmrc,CMS HCRIS Hospital 2552-10 Worksheet S-3 Part II line 01100,https://downloads.cms.gov/Files/hcris/,ccn,040072,rn_contract_labor_dpc,blended,contract,67.57,,,1.0,,0.92,High,agency
33afeb96-0d7c-4958-92df-6673e181586d,12/31/2024,hcris_nmrc,CMS HCRIS Hospital 2552-10 Worksheet S-3 Part II line 01100,https://downloads.cms.gov/Files/hcris/,ccn,231338,rn_contract_labor_dpc,blended,contract,97.83,,,1.0,,0.92,High,agency
d33652d1-a3d5-4f98-9d14-9df80d7f3d62,12/31/2024,hcris_nmrc,CMS HCRIS Hospital 2552-10 Worksheet S-3 Part II line 01100,https://downloads.cms.gov/Files/hcris/,ccn,240004,rn_contract_labor_dpc,blended,contract,62.36,,,1.0,,0.92,High,agency
3eefd2db-5839-45dc-9c7b-045e708c0697,12/31/2024,hcris_nmrc,CMS HCRIS Hospital 2552-10 Worksheet S-3 Part II line 01100,https://downloads.cms.gov/Files/hcris/,ccn,440020,rn_contract_labor_dpc,blended,contract,82.43,,,1.0,,0.92,High,agency
0982ef15-882e-429a-9bc0-48296747bdb1,12/31/2024,hcris_nmrc,CMS HCRIS Hospital 2552-10 Worksheet S-3 Part II line 01100,https://downloads.cms.gov/Files/hcris/,ccn,240001,rn_contract_labor_dpc,blended,contract,97.74,,,1.0,,0.92,High,agency
53d52cd2-d585-4c78-a1e8-3e16b74e13cb,12/31/2024,hcris_nmrc,CMS HCRIS Hospital 2552-10 Worksheet S-3 Part II line 01100,https://downloads.cms.gov/Files/hcris/,ccn,230092,rn_contract_labor_dpc,blended,contract,83.11,,,1.0,,0.92,High,agency
d6578918-e1ad-499e-822a-8817eccc2e6b,12/31/2024,hcris_nmrc,CMS HCRIS Hospital 2552-10 Worksheet S-3 Part II line 01100,https://downloads.cms.gov/Files/hcris/,ccn,231339,rn_contract_labor_dpc,blended,contract,102.27,,,1.0,,0.92,High,agency
4b6160de-ae83-440d-8c2c-f6c44d326b87,12/31/2024,hcris_nmrc,CMS HCRIS Hospital 2552-10 Worksheet S-3 Part II line 01100,https://downloads.cms.gov/Files/hcris/,ccn,440049,rn_contract_labor_dpc,blended,contract,87.63,,,1.0,,0.92,High,agency
0f7197ec-503e-4e84-b68a-e477372b09b8,12/31/2024,hcris_nmrc,CMS HCRIS Hospital 2552-10 Worksheet S-3 Part II line 01100,https://downloads.cms.gov/Files/hcris/,ccn,060126,rn_contract_labor_dpc,blended,contract,102.02,,,1.0,,0.92,High,agency
503ce8df-14f1-4bbc-be6b-48b86173cfeb,12/31/2024,hcris_nmrc,CMS HCRIS Hospital 2552-10 Worksheet S-3 Part II line 01100,https://downloads.cms.gov/Files/hcris/,ccn,232023,rn_contract_labor_dpc,blended,contract,62.71,,,1.0,,0.92,High,agency
2f47aa9c-e51d-41ef-a96e-5bb971d4b032,12/31/2024,hcris_nmrc,CMS HCRIS Hospital 2552-10 Worksheet S-3 Part II line 01100,https://downloads.cms.gov/Files/hcris/,ccn,040055,rn_contract_labor_dpc,blended,contract,63.43,,,1.0,,0.92,High,agency
65cb7c96-048a-4c2f-96c5-a1bff34c19ba,12/31/2024,hcris_nmrc,CMS HCRIS Hospital 2552-10 Worksheet S-3 Part II line 01100,https://downloads.cms.gov/Files/hcris/,ccn,440034,rn_contract_labor_dpc,blended,contract,68.84,,,1.0,,0.92,High,agency
6052618b-5170-4a90-94b4-61e154b162eb,12/31/2024,hcris_nmrc,CMS HCRIS Hospital 2552-10 Worksheet S-3 Part II line 01100,https://downloads.cms.gov/Files/hcris/,ccn,443038,rn_contract_labor_dpc,blended,contract,79.19,,,1.0,,0.92,High,agency
ae963bc0-5bbb-4de4-bdff-7ca3c60d29e4,12/31/2024,hcris_nmrc,CMS HCRIS Hospital 2552-10 Worksheet S-3 Part II line 01100,https://downloads.cms.gov/Files/hcris/,ccn,070027,rn_contract_labor_dpc,blended,contract,94.82,,,1.0,,0.92,High,agency
08658fc1-7eed-40ba-953c-de53e032db21,12/31/2024,hcris_nmrc,CMS HCRIS Hospital 2552-10 Worksheet S-3 Part II line 01100,https://downloads.cms.gov/Files/hcris/,ccn,060125,rn_contract_labor_dpc,blended,contract,135.46,,,1.0,,0.92,High,agency
37e38706-46b9-4a03-bf67-34c85287c8bc,12/31/2024,hcris_nmrc,CMS HCRIS Hospital 2552-10 Worksheet S-3 Part II line 01100,https://downloads.cms.gov/Files/hcris/,ccn,233300,rn_contract_labor_dpc,blended,contract,38.77,,,1.0,,0.92,High,agency
e09911f8-28c3-4caa-8b0b-0ccdaf4e8c27,12/31/2024,hcris_nmrc,CMS HCRIS Hospital 2552-10 Worksheet S-3 Part II line 01100,https://downloads.cms.gov/Files/hcris/,ccn,230075,rn_contract_labor_dpc,blended,contract,54.15,,,1.0,,0.92,High,agency
960a2226-79b7-434b-badd-46aa98b6b1be,12/31/2024,hcris_nmrc,CMS HCRIS Hospital 2552-10 Worksheet S-3 Part II line 01100,https://downloads.cms.gov/Files/hcris/,ccn,230085,rn_contract_labor_dpc,blended,contract,54.24,,,1.0,,0.92,High,agency
05b125e5-dbee-4afa-bfc5-52671261078c,12/31/2024,hcris_nmrc,CMS HCRIS Hospital 2552-10 Worksheet S-3 Part II line 01100,https://downloads.cms.gov/Files/hcris/,ccn,443037,rn_contract_labor_dpc,blended,contract,43.59,,,1.0,,0.92,High,agency
8360eeea-4b77-42b8-b5b5-8c59e46e559a,12/31/2024,hcris_nmrc,CMS HCRIS Hospital 2552-10 Worksheet S-3 Part II line 01100,https://downloads.cms.gov/Files/hcris/,ccn,040069,rn_contract_labor_dpc,blended,contract,93.79,,,1.0,,0.92,High,agency
171b7f5e-1dff-494b-adb6-aee9aac76d49,12/31/2024,hcris_nmrc,CMS HCRIS Hospital 2552-10 Worksheet S-3 Part II line 01100,https://downloads.cms.gov/Files/hcris/,ccn,450010,rn_contract_labor_dpc,blended,contract,93.7,,,1.0,,0.92,High,agency
976fe8bc-a24b-4cd7-be8b-812f886cdfda,12/31/2024,hcris_nmrc,CMS HCRIS Hospital 2552-10 Worksheet S-3 Part II line 01100,https://downloads.cms.gov/Files/hcris/,ccn,240078,rn_contract_labor_dpc,blended,contract,87.37,,,1.0,,0.92,High,agency
9352fee4-6aa2-4cd3-a172-74748f1c3602,12/31/2024,hcris_nmrc,CMS HCRIS Hospital 2552-10 Worksheet S-3 Part II line 01100,https://downloads.cms.gov/Files/hcris/,ccn,230104,rn_contract_labor_dpc,blended,contract,39.38,,,1.0,,0.92,High,agency
abb6dd59-8140-4c43-b423-0daa5f465fa6,12/31/2024,hcris_nmrc,CMS HCRIS Hospital 2552-10 Worksheet S-3 Part II line 01100,https://downloads.cms.gov/Files/hcris/,ccn,240020,rn_contract_labor_dpc,blended,contract,81.25,,,1.0,,0.92,High,agency
e51f62a7-e2dd-4989-beb5-adc99b8708df,12/31/2024,hcris_nmrc,CMS HCRIS Hospital 2552-10 Worksheet S-3 Part II line 01100,https://downloads.cms.gov/Files/hcris/,ccn,240076,rn_contract_labor_dpc,blended,contract,111.91,,,1.0,,0.92,High,agency
9d45d350-5f4d-4462-9cb4-18b8404d5038,12/31/2024,hcris_nmrc,CMS HCRIS Hospital 2552-10 Worksheet S-3 Part II line 01100,https://downloads.cms.gov/Files/hcris/,ccn,430097,rn_contract_labor_dpc,blended,contract,99.7,,,1.0,,0.92,High,agency
62dca7e9-731f-4074-9052-edc375abbc5c,12/31/2024,hcris_nmrc,CMS HCRIS Hospital 2552-10 Worksheet S-3 Part II line 01100,https://downloads.cms.gov/Files/hcris/,ccn,240071,rn_contract_labor_dpc,blended,contract,91.65,,,1.0,,0.92,High,agency
d81f73f5-7353-4a57-a649-260799b7810c,12/31/2024,hcris_nmrc,CMS HCRIS Hospital 2552-10 Worksheet S-3 Part II line 01100,https://downloads.cms.gov/Files/hcris/,ccn,240069,rn_contract_labor_dpc,blended,contract,83.05,,,1.0,,0.92,High,agency
ef378514-d725-4c70-b688-712b97b3f833,12/31/2024,hcris_nmrc,CMS HCRIS Hospital 2552-10 Worksheet S-3 Part II line 01100,https://downloads.cms.gov/Files/hcris/,ccn,240066,rn_contract_labor_dpc,blended,contract,89.28,,,1.0,,0.92,High,agency
7beac3d1-da18-4fff-8be5-2493c81db2a0,12/31/2024,hcris_nmrc,CMS HCRIS Hospital 2552-10 Worksheet S-3 Part II line 01100,https://downloads.cms.gov/Files/hcris/,ccn,442015,rn_contract_labor_dpc,blended,contract,54.82,,,1.0,,0.92,High,agency
0d0b0b43-2c3f-48a9-907a-05c710535039,12/31/2024,hcris_nmrc,CMS HCRIS Hospital 2552-10 Worksheet S-3 Part II line 01100,https://downloads.cms.gov/Files/hcris/,ccn,230047,rn_contract_labor_dpc,blended,contract,83.94,,,1.0,,0.92,High,agency
eac9e383-bc55-4f22-8a40-34637e06841e,12/31/2024,hcris_nmrc,CMS HCRIS Hospital 2552-10 Worksheet S-3 Part II line 01100,https://downloads.cms.gov/Files/hcris/,ccn,230130,rn_contract_labor_dpc,blended,contract,80.82,,,1.0,,0.92,High,agency
b5ffa359-aa3f-4120-9507-d68a5affd0b3,12/31/2024,hcris_nmrc,CMS HCRIS Hospital 2552-10 Worksheet S-3 Part II line 01100,https://downloads.cms.gov/Files/hcris/,ccn,230053,rn_contract_labor_dpc,blended,contract,91.08,,,1.0,,0.92,High,agency
38f5fb55-4de6-40f7-8c25-46119fce0929,12/31/2024,hcris_nmrc,CMS HCRIS Hospital 2552-10 Worksheet S-3 Part II line 01100,https://downloads.cms.gov/Files/hcris/,ccn,230121,rn_contract_labor_dpc,blended,contract,79.62,,,1.0,,0.92,High,agency
c592de77-04b8-4748-916d-fc6583a52016,12/31/2024,hcris_nmrc,CMS HCRIS Hospital 2552-10 Worksheet S-3 Part II line 01100,https://downloads.cms.gov/Files/hcris/,ccn,230055,rn_contract_labor_dpc,blended,contract,96.41,,,1.0,,0.92,High,agency
88baeaa7-1119-436d-b9ee-e86a04a7877f,12/31/2024,hcris_nmrc,CMS HCRIS Hospital 2552-10 Worksheet S-3 Part II line 01100,https://downloads.cms.gov/Files/hcris/,ccn,240057,rn_contract_labor_dpc,blended,contract,76.77,,,1.0,,0.92,High,agency
911a1ad7-9c7f-477b-96cc-52619ff2a13a,12/31/2024,hcris_nmrc,CMS HCRIS Hospital 2552-10 Worksheet S-3 Part II line 01100,https://downloads.cms.gov/Files/hcris/,ccn,060113,rn_contract_labor_dpc,blended,contract,134.67,,,1.0,,0.92,High,agency
c0bbcf5f-4ca9-4ff2-9aca-fd6fc5eb878b,12/31/2024,hcris_nmrc,CMS HCRIS Hospital 2552-10 Worksheet S-3 Part II line 01100,https://downloads.cms.gov/Files/hcris/,ccn,440001,rn_contract_labor_dpc,blended,contract,79.18,,,1.0,,0.92,High,agency
fcae8301-797b-47da-95ab-b166c2cd42e1,12/31/2024,hcris_nmrc,CMS HCRIS Hospital 2552-10 Worksheet S-3 Part II line 01100,https://downloads.cms.gov/Files/hcris/,ccn,240056,rn_contract_labor_dpc,blended,contract,91.75,,,1.0,,0.92,High,agency
7e7e7d5a-ad40-4109-9d18-ca04bd060f94,12/31/2024,hcris_nmrc,CMS HCRIS Hospital 2552-10 Worksheet S-3 Part II line 01100,https://downloads.cms.gov/Files/hcris/,ccn,240022,rn_contract_labor_dpc,blended,contract,150.0,,,1.0,,0.92,High,agency
dd40b4e9-4284-4af6-80c1-04430344913d,12/31/2024,hcris_nmrc,CMS HCRIS Hospital 2552-10 Worksheet S-3 Part II line 01100,https://downloads.cms.gov/Files/hcris/,ccn,240030,rn_contract_labor_dpc,blended,contract,98.49,,,1.0,,0.92,High,agency
fad6f0c2-258b-48cf-b962-7137d743f171,12/31/2024,hcris_nmrc,CMS HCRIS Hospital 2552-10 Worksheet S-3 Part II line 01100,https://downloads.cms.gov/Files/hcris/,ccn,060117,rn_contract_labor_dpc,blended,contract,95.17,,,1.0,,0.92,High,agency
9e8d235f-cea2-4583-b4c9-5ae9724407c9,12/31/2024,hcris_nmrc,CMS HCRIS Hospital 2552-10 Worksheet S-3 Part II line 01100,https://downloads.cms.gov/Files/hcris/,ccn,240038,rn_contract_labor_dpc,blended,contract,78.67,,,1.0,,0.92,High,agency
715c4d86-8679-4e2f-bb2d-b21208e59ea7,12/31/2024,hcris_nmrc,CMS HCRIS Hospital 2552-10 Worksheet S-3 Part II line 01100,https://downloads.cms.gov/Files/hcris/,ccn,440007,rn_contract_labor_dpc,blended,contract,72.93,,,1.0,,0.92,High,agency
a302e343-58fe-44d7-9c7e-5a79c94a9070,12/31/2024,hcris_nmrc,CMS HCRIS Hospital 2552-10 Worksheet S-3 Part II line 01100,https://downloads.cms.gov/Files/hcris/,ccn,060116,rn_contract_labor_dpc,blended,contract,101.24,,,1.0,,0.92,High,agency
c609350a-568f-4b4f-970c-f9a3c8daded9,12/31/2024,hcris_nmrc,CMS HCRIS Hospital 2552-10 Worksheet S-3 Part II line 01100,https://downloads.cms.gov/Files/hcris/,ccn,240043,rn_contract_labor_dpc,blended,contract,79.26,,,1.0,,0.92,High,agency
8a65ee46-9c3b-4060-9217-f3212e0b5010,12/31/2024,hcris_nmrc,CMS HCRIS Hospital 2552-10 Worksheet S-3 Part II line 01100,https://downloads.cms.gov/Files/hcris/,ccn,240050,rn_contract_labor_dpc,blended,contract,104.73,,,1.0,,0.92,High,agency
2400e5c3-1603-43f4-9143-e9e67fb6ff43,12/31/2024,hcris_nmrc,CMS HCRIS Hospital 2552-10 Worksheet S-3 Part II line 01100,https://downloads.cms.gov/Files/hcris/,ccn,060114,rn_contract_labor_dpc,blended,contract,135.33,,,1.0,,0.92,High,agency
ef209591-2225-4392-aeab-211b9b6eb3f0,12/31/2024,hcris_nmrc,CMS HCRIS Hospital 2552-10 Worksheet S-3 Part II line 01100,https://downloads.cms.gov/Files/hcris/,ccn,240053,rn_contract_labor_dpc,blended,contract,69.82,,,1.0,,0.92,High,agency
27579e84-181d-4417-a361-4db60368f0b9,12/31/2024,hcris_nmrc,CMS HCRIS Hospital 2552-10 Worksheet S-3 Part II line 01100,https://downloads.cms.gov/Files/hcris/,ccn,450092,rn_contract_labor_dpc,blended,contract,92.26,,,1.0,,0.92,High,agency
ff21bf49-056d-4d4e-b92d-6b4c776b4a51,12/31/2024,hcris_nmrc,CMS HCRIS Hospital 2552-10 Worksheet S-3 Part II line 01100,https://downloads.cms.gov/Files/hcris/,ccn,060103,rn_contract_labor_dpc,blended,contract,130.4,,,1.0,,0.92,High,agency
8d4c910e-5e50-4950-afd9-4330c188883c,12/31/2024,hcris_nmrc,CMS HCRIS Hospital 2552-10 Worksheet S-3 Part II line 01100,https://downloads.cms.gov/Files/hcris/,ccn,420089,rn_contract_labor_dpc,blended,contract,102.47,,,1.0,,0.92,High,agency
b2839553-c667-426c-871d-317649c77ebb,12/31/2024,hcris_nmrc,CMS HCRIS Hospital 2552-10 Worksheet S-3 Part II line 01100,https://downloads.cms.gov/Files/hcris/,ccn,420087,rn_contract_labor_dpc,blended,contract,80.28,,,1.0,,0.92,High,agency
b38edcc4-7a34-48e5-83e2-f3bf720074d9,12/31/2024,hcris_nmrc,CMS HCRIS Hospital 2552-10 Worksheet S-3 Part II line 01100,https://downloads.cms.gov/Files/hcris/,ccn,250136,rn_contract_labor_dpc,blended,contract,101.31,,,1.0,,0.92,High,agency
456bc251-34d6-469e-aadf-90b5014c59e8,12/31/2024,hcris_nmrc,CMS HCRIS Hospital 2552-10 Worksheet S-3 Part II line 01100,https://downloads.cms.gov/Files/hcris/,ccn,230273,rn_contract_labor_dpc,blended,contract,38.39,,,1.0,,0.92,High,agency
44e410c1-c61a-41cd-9b30-ec3e889694f6,12/31/2024,hcris_nmrc,CMS HCRIS Hospital 2552-10 Worksheet S-3 Part II line 01100,https://downloads.cms.gov/Files/hcris/,ccn,450097,rn_contract_labor_dpc,blended,contract,65.55,,,1.0,,0.92,High,agency
992890de-2a1a-4883-a504-f4eae7800213,12/31/2024,hcris_nmrc,CMS HCRIS Hospital 2552-10 Worksheet S-3 Part II line 01100,https://downloads.cms.gov/Files/hcris/,ccn,063030,rn_contract_labor_dpc,blended,contract,75.45,,,1.0,,0.92,High,agency
df49a0ce-e8a6-4907-92b4-c047e250ec28,12/31/2024,hcris_nmrc,CMS HCRIS Hospital 2552-10 Worksheet S-3 Part II line 01100,https://downloads.cms.gov/Files/hcris/,ccn,040029,rn_contract_labor_dpc,blended,contract,84.73,,,1.0,,0.92,High,agency
5a014853-e01e-46b5-b4e0-5bfa0e561dc0,12/31/2024,hcris_nmrc,CMS HCRIS Hospital 2552-10 Worksheet S-3 Part II line 01100,https://downloads.cms.gov/Files/hcris/,ccn,250167,rn_contract_labor_dpc,blended,contract,64.46,,,1.0,,0.92,High,agency
c5104ab6-7f3c-4cd5-9ae9-42d2961124f3,12/31/2024,hcris_nmrc,CMS HCRIS Hospital 2552-10 Worksheet S-3 Part II line 01100,https://downloads.cms.gov/Files/hcris/,ccn,420080,rn_contract_labor_dpc,blended,contract,102.4,,,1.0,,0.92,High,agency
dd3ea42c-4155-4e67-afe5-95c63ecb6923,12/31/2024,hcris_nmrc,CMS HCRIS Hospital 2552-10 Worksheet S-3 Part II line 01100,https://downloads.cms.gov/Files/hcris/,ccn,440125,rn_contract_labor_dpc,blended,contract,84.36,,,1.0,,0.92,High,agency
239f819e-f371-4a25-8d3d-7fdbe35c8c32,12/31/2024,hcris_nmrc,CMS HCRIS Hospital 2552-10 Worksheet S-3 Part II line 01100,https://downloads.cms.gov/Files/hcris/,ccn,250096,rn_contract_labor_dpc,blended,contract,53.05,,,1.0,,0.92,High,agency
9a3f8adc-35b1-4c9c-990d-9bd8db64dc03,12/31/2024,hcris_nmrc,CMS HCRIS Hospital 2552-10 Worksheet S-3 Part II line 01100,https://downloads.cms.gov/Files/hcris/,ccn,450162,rn_contract_labor_dpc,blended,contract,49.17,,,1.0,,0.92,High,agency
b45a5639-3d41-4907-bb8a-85ffcb7edef1,12/31/2024,hcris_nmrc,CMS HCRIS Hospital 2552-10 Worksheet S-3 Part II line 01100,https://downloads.cms.gov/Files/hcris/,ccn,230275,rn_contract_labor_dpc,blended,contract,32.71,,,1.0,,0.92,High,agency
57975a72-ea82-426e-8c06-a74de724de5e,12/31/2024,hcris_nmrc,CMS HCRIS Hospital 2552-10 Worksheet S-3 Part II line 01100,https://downloads.cms.gov/Files/hcris/,ccn,440161,rn_contract_labor_dpc,blended,contract,46.14,,,1.0,,0.92,High,agency
7353086d-f081-46b3-ac57-4d5f0b1f57a9,12/31/2024,hcris_nmrc,CMS HCRIS Hospital 2552-10 Worksheet S-3 Part II line 01100,https://downloads.cms.gov/Files/hcris/,ccn,040027,rn_contract_labor_dpc,blended,contract,85.79,,,1.0,,0.92,High,agency
fa3ef788-a58a-4d91-af51-ce68e8a000fb,12/31/2024,hcris_nmrc,CMS HCRIS Hospital 2552-10 Worksheet S-3 Part II line 01100,https://downloads.cms.gov/Files/hcris/,ccn,250124,rn_contract_labor_dpc,blended,contract,54.37,,,1.0,,0.92,High,agency
edaaf694-4996-4b2e-ac59-c265099b4a05,12/31/2024,hcris_nmrc,CMS HCRIS Hospital 2552-10 Worksheet S-3 Part II line 01100,https://downloads.cms.gov/Files/hcris/,ccn,420082,rn_contract_labor_dpc,blended,contract,73.1,,,1.0,,0.92,High,agency
7591fc78-ce7a-43bb-b358-83177f52c3ca,12/31/2024,hcris_nmrc,CMS HCRIS Hospital 2552-10 Worksheet S-3 Part II line 01100,https://downloads.cms.gov/Files/hcris/,ccn,450119,rn_contract_labor_dpc,blended,contract,50.31,,,1.0,,0.92,High,agency
cb34a4a8-5ce6-430b-8541-5f48a36135b1,12/31/2024,hcris_nmrc,CMS HCRIS Hospital 2552-10 Worksheet S-3 Part II line 01100,https://downloads.cms.gov/Files/hcris/,ccn,230301,rn_contract_labor_dpc,blended,contract,95.31,,,1.0,,0.92,High,agency
0fa3036e-d807-419b-a72f-5222aa7bd3e5,12/31/2024,hcris_nmrc,CMS HCRIS Hospital 2552-10 Worksheet S-3 Part II line 01100,https://downloads.cms.gov/Files/hcris/,ccn,060023,rn_contract_labor_dpc,blended,contract,91.04,,,1.0,,0.92,High,agency
355b8af6-ef1d-4e05-b3c4-3745a19d1bbc,12/31/2024,hcris_nmrc,CMS HCRIS Hospital 2552-10 Worksheet S-3 Part II line 01100,https://downloads.cms.gov/Files/hcris/,ccn,230244,rn_contract_labor_dpc,blended,contract,70.61,,,1.0,,0.92,High,agency
882af490-fc09-4a30-bcd5-977dde2b41f7,12/31/2024,hcris_nmrc,CMS HCRIS Hospital 2552-10 Worksheet S-3 Part II line 01100,https://downloads.cms.gov/Files/hcris/,ccn,230302,rn_contract_labor_dpc,blended,contract,82.01,,,1.0,,0.92,High,agency
95496dc8-d55b-4c51-b2b8-779be89894df,12/31/2024,hcris_nmrc,CMS HCRIS Hospital 2552-10 Worksheet S-3 Part II line 01100,https://downloads.cms.gov/Files/hcris/,ccn,420065,rn_contract_labor_dpc,blended,contract,91.44,,,1.0,,0.92,High,agency
7e79ce58-0169-47e9-8174-54f8f1d028ba,12/31/2024,hcris_nmrc,CMS HCRIS Hospital 2552-10 Worksheet S-3 Part II line 01100,https://downloads.cms.gov/Files/hcris/,ccn,040036,rn_contract_labor_dpc,blended,contract,56.39,,,1.0,,0.92,High,agency
baa4fdbb-f47f-4c91-889b-3e3347d5547b,12/31/2024,hcris_nmrc,CMS HCRIS Hospital 2552-10 Worksheet S-3 Part II line 01100,https://downloads.cms.gov/Files/hcris/,ccn,060027,rn_contract_labor_dpc,blended,contract,101.62,,,1.0,,0.92,High,agency
8ffda090-2724-4eee-87de-0e10f2686ac8,12/31/2024,hcris_nmrc,CMS HCRIS Hospital 2552-10 Worksheet S-3 Part II line 01100,https://downloads.cms.gov/Files/hcris/,ccn,223026,rn_contract_labor_dpc,blended,contract,62.77,,,1.0,,0.92,High,agency
e3825a0b-cf2e-448e-8075-61dfafd010d3,12/31/2024,hcris_nmrc,CMS HCRIS Hospital 2552-10 Worksheet S-3 Part II line 01100,https://downloads.cms.gov/Files/hcris/,ccn,252005,rn_contract_labor_dpc,blended,contract,70.48,,,1.0,,0.92,High,agency
3c5fb081-113b-4ea2-a943-382d071ebc0d,12/31/2024,hcris_nmrc,CMS HCRIS Hospital 2552-10 Worksheet S-3 Part II line 01100,https://downloads.cms.gov/Files/hcris/,ccn,230269,rn_contract_labor_dpc,blended,contract,60.43,,,1.0,,0.92,High,agency
9097aafd-5321-4528-ae97-74d9c900318f,12/31/2024,hcris_nmrc,CMS HCRIS Hospital 2552-10 Worksheet S-3 Part II line 01100,https://downloads.cms.gov/Files/hcris/,ccn,230264,rn_contract_labor_dpc,blended,contract,34.16,,,1.0,,0.92,High,agency
41c3dab1-48d0-415a-88b1-32be4c5ff394,12/31/2024,hcris_nmrc,CMS HCRIS Hospital 2552-10 Worksheet S-3 Part II line 01100,https://downloads.cms.gov/Files/hcris/,ccn,440110,rn_contract_labor_dpc,blended,contract,55.96,,,1.0,,0.92,High,agency
1d5bc9b6-fd45-4cec-a20d-5c05171f112d,12/31/2024,hcris_nmrc,CMS HCRIS Hospital 2552-10 Worksheet S-3 Part II line 01100,https://downloads.cms.gov/Files/hcris/,ccn,440150,rn_contract_labor_dpc,blended,contract,65.77,,,1.0,,0.92,High,agency
5305e113-6d13-4b45-bfb8-14356f64419b,01/01/2025,hcris_nmrc,CMS HCRIS Hospital 2552-10 Worksheet S-3 Part II line 01100,https://downloads.cms.gov/Files/hcris/,ccn,330144,rn_contract_labor_dpc,blended,contract,103.32,,,1.0,,0.92,High,agency
20a778d7-2dbd-4032-a264-f3bb19525c12,01/20/2025,hcris_nmrc,CMS HCRIS Hospital 2552-10 Worksheet S-3 Part II line 01100,https://downloads.cms.gov/Files/hcris/,ccn,050342,rn_contract_labor_dpc,blended,contract,128.98,,,1.0,,0.92,High,agency
d323a538-1021-466d-8bb0-0cef920b366c,01/20/2025,hcris_nmrc,CMS HCRIS Hospital 2552-10 Worksheet S-3 Part II line 01100,https://downloads.cms.gov/Files/hcris/,ccn,390211,rn_contract_labor_dpc,blended,contract,100.23,,,1.0,,0.92,High,agency
3a0ed078-ef35-42e3-acc2-8599284ae548,01/31/2025,hcris_nmrc,CMS HCRIS Hospital 2552-10 Worksheet S-3 Part II line 01100,https://downloads.cms.gov/Files/hcris/,ccn,442018,rn_contract_labor_dpc,blended,contract,76.57,,,1.0,,0.92,High,agency
75717faf-a27d-45bd-891b-07fbdfa880c0,01/31/2025,hcris_nmrc,CMS HCRIS Hospital 2552-10 Worksheet S-3 Part II line 01100,https://downloads.cms.gov/Files/hcris/,ccn,372009,rn_contract_labor_dpc,blended,contract,75.24,,,1.0,,0.92,High,agency
1ec9e6a6-cd01-4464-8b64-5f7204e27815,01/31/2025,hcris_nmrc,CMS HCRIS Hospital 2552-10 Worksheet S-3 Part II line 01100,https://downloads.cms.gov/Files/hcris/,ccn,162001,rn_contract_labor_dpc,blended,contract,81.19,,,1.0,,0.92,High,agency
3dea0452-4c24-4861-8a7a-551292b8e2d1,01/31/2025,hcris_nmrc,CMS HCRIS Hospital 2552-10 Worksheet S-3 Part II line 01100,https://downloads.cms.gov/Files/hcris/,ccn,342018,rn_contract_labor_dpc,blended,contract,78.29,,,1.0,,0.92,High,agency
cb23a123-6520-40ea-ba1c-08cf5bb8ca96,01/31/2025,hcris_nmrc,CMS HCRIS Hospital 2552-10 Worksheet S-3 Part II line 01100,https://downloads.cms.gov/Files/hcris/,ccn,290003,rn_contract_labor_dpc,blended,contract,54.22,,,1.0,,0.92,High,agency
cac0877f-3c9e-43bf-8101-f9d815b763ff,01/31/2025,hcris_nmrc,CMS HCRIS Hospital 2552-10 Worksheet S-3 Part II line 01100,https://downloads.cms.gov/Files/hcris/,ccn,220175,rn_contract_labor_dpc,blended,contract,64.91,,,1.0,,0.92,High,agency
b1e667f1-feed-416a-98c2-5d5a545805ef,01/31/2025,hcris_nmrc,CMS HCRIS Hospital 2552-10 Worksheet S-3 Part II line 01100,https://downloads.cms.gov/Files/hcris/,ccn,450672,rn_contract_labor_dpc,blended,contract,119.82,,,1.0,,0.92,High,agency
17521741-cf2c-4b2d-b0a1-d83f0746b11f,01/31/2025,hcris_nmrc,CMS HCRIS Hospital 2552-10 Worksheet S-3 Part II line 01100,https://downloads.cms.gov/Files/hcris/,ccn,220176,rn_contract_labor_dpc,blended,contract,65.08,,,1.0,,0.92,High,agency
b2fbb5a4-a1cb-4b36-afd2-0ee48081b4ed,01/31/2025,hcris_nmrc,CMS HCRIS Hospital 2552-10 Worksheet S-3 Part II line 01100,https://downloads.cms.gov/Files/hcris/,ccn,152024,rn_contract_labor_dpc,blended,contract,68.83,,,1.0,,0.92,High,agency
022a3ab2-b6a6-404b-90a0-e3398b6b52ce,01/31/2025,hcris_nmrc,CMS HCRIS Hospital 2552-10 Worksheet S-3 Part II line 01100,https://downloads.cms.gov/Files/hcris/,ccn,392039,rn_contract_labor_dpc,blended,contract,77.64,,,1.0,,0.92,High,agency
8afac122-01b6-4d58-aaa4-a5040cf45f26,01/31/2025,hcris_nmrc,CMS HCRIS Hospital 2552-10 Worksheet S-3 Part II line 01100,https://downloads.cms.gov/Files/hcris/,ccn,460030,rn_contract_labor_dpc,blended,contract,102.71,,,1.0,,0.92,High,agency
a293dfdd-350a-4c27-ae7e-3ce7a4e083b9,01/31/2025,hcris_nmrc,CMS HCRIS Hospital 2552-10 Worksheet S-3 Part II line 01100,https://downloads.cms.gov/Files/hcris/,ccn,262017,rn_contract_labor_dpc,blended,contract,74.28,,,1.0,,0.92,High,agency
8fa3cf1a-e04a-48e2-bd4f-b96e0f85dce7,01/31/2025,hcris_nmrc,CMS HCRIS Hospital 2552-10 Worksheet S-3 Part II line 01100,https://downloads.cms.gov/Files/hcris/,ccn,320074,rn_contract_labor_dpc,blended,contract,81.98,,,1.0,,0.92,High,agency
cc0d4397-a023-4891-bc3c-2a5f86d79a2f,01/31/2025,hcris_nmrc,CMS HCRIS Hospital 2552-10 Worksheet S-3 Part II line 01100,https://downloads.cms.gov/Files/hcris/,ccn,232012,rn_contract_labor_dpc,blended,contract,81.93,,,1.0,,0.92,High,agency
a24290ca-ac3c-455c-bc56-9a330730edfb,01/31/2025,hcris_nmrc,CMS HCRIS Hospital 2552-10 Worksheet S-3 Part II line 01100,https://downloads.cms.gov/Files/hcris/,ccn,050298,rn_contract_labor_dpc,blended,contract,71.22,,,1.0,,0.92,High,agency
656b69d1-6a42-4255-b95e-5c2ec0207614,01/31/2025,hcris_nmrc,CMS HCRIS Hospital 2552-10 Worksheet S-3 Part II line 01100,https://downloads.cms.gov/Files/hcris/,ccn,450851,rn_contract_labor_dpc,blended,contract,98.24,,,1.0,,0.92,High,agency
9560c753-16c5-4cd7-9bbc-655b33a19318,01/31/2025,hcris_nmrc,CMS HCRIS Hospital 2552-10 Worksheet S-3 Part II line 01100,https://downloads.cms.gov/Files/hcris/,ccn,670103,rn_contract_labor_dpc,blended,contract,78.76,,,1.0,,0.92,High,agency
f8ff7201-10d3-4ed0-a244-a475065b93cc,01/31/2025,hcris_nmrc,CMS HCRIS Hospital 2552-10 Worksheet S-3 Part II line 01100,https://downloads.cms.gov/Files/hcris/,ccn,290047,rn_contract_labor_dpc,blended,contract,140.78,,,1.0,,0.92,High,agency
15cd998f-ae76-4758-a7b9-396b14d594b8,02/28/2025,hcris_nmrc,CMS HCRIS Hospital 2552-10 Worksheet S-3 Part II line 01100,https://downloads.cms.gov/Files/hcris/,ccn,300014,rn_contract_labor_dpc,blended,contract,121.46,,,1.0,,0.92,High,agency
55538d2a-7787-4d7a-a368-d3ff1c1200cf,02/28/2025,hcris_nmrc,CMS HCRIS Hospital 2552-10 Worksheet S-3 Part II line 01100,https://downloads.cms.gov/Files/hcris/,ccn,180101,rn_contract_labor_dpc,blended,contract,78.86,,,1.0,,0.92,High,agency
0e47bb22-6dc0-4882-a94f-7c0e0ff69c7a,02/28/2025,hcris_nmrc,CMS HCRIS Hospital 2552-10 Worksheet S-3 Part II line 01100,https://downloads.cms.gov/Files/hcris/,ccn,320009,rn_contract_labor_dpc,blended,contract,81.15,,,1.0,,0.92,High,agency
9c496745-5d41-49fb-86c0-8d2c41b58f3f,02/28/2025,hcris_nmrc,CMS HCRIS Hospital 2552-10 Worksheet S-3 Part II line 01100,https://downloads.cms.gov/Files/hcris/,ccn,232033,rn_contract_labor_dpc,blended,contract,84.23,,,1.0,,0.92,High,agency
373a035f-2f40-4dbd-ada6-4d1ff4ff2640,02/28/2025,hcris_nmrc,CMS HCRIS Hospital 2552-10 Worksheet S-3 Part II line 01100,https://downloads.cms.gov/Files/hcris/,ccn,432002,rn_contract_labor_dpc,blended,contract,43.91,,,1.0,,0.92,High,agency
33194855-d57c-4f6b-8847-008a5e26e81f,02/28/2025,hcris_nmrc,CMS HCRIS Hospital 2552-10 Worksheet S-3 Part II line 01100,https://downloads.cms.gov/Files/hcris/,ccn,670055,rn_contract_labor_dpc,blended,contract,85.32,,,1.0,,0.92,High,agency
84f9f013-c8c0-4894-993d-4e83edb8d193,02/28/2025,hcris_nmrc,CMS HCRIS Hospital 2552-10 Worksheet S-3 Part II line 01100,https://downloads.cms.gov/Files/hcris/,ccn,110128,rn_contract_labor_dpc,blended,contract,104.19,,,1.0,,0.92,High,agency
d87b2851-f944-4d0f-943c-de558bc47287,02/28/2025,hcris_nmrc,CMS HCRIS Hospital 2552-10 Worksheet S-3 Part II line 01100,https://downloads.cms.gov/Files/hcris/,ccn,150133,rn_contract_labor_dpc,blended,contract,70.85,,,1.0,,0.92,High,agency
bf03be5a-9973-445c-b173-005e0f481b27,02/28/2025,hcris_nmrc,CMS HCRIS Hospital 2552-10 Worksheet S-3 Part II line 01100,https://downloads.cms.gov/Files/hcris/,ccn,140174,rn_contract_labor_dpc,blended,contract,74.34,,,1.0,,0.92,High,agency
1ef9a7ad-fff6-48c2-8f74-aa6c2860d207,02/28/2025,hcris_nmrc,CMS HCRIS Hospital 2552-10 Worksheet S-3 Part II line 01100,https://downloads.cms.gov/Files/hcris/,ccn,140007,rn_contract_labor_dpc,blended,contract,73.88,,,1.0,,0.92,High,agency
02ef2490-1aa3-41cf-b131-d58e09db6c9a,02/28/2025,hcris_nmrc,CMS HCRIS Hospital 2552-10 Worksheet S-3 Part II line 01100,https://downloads.cms.gov/Files/hcris/,ccn,180105,rn_contract_labor_dpc,blended,contract,64.85,,,1.0,,0.92,High,agency
079c58e3-989f-4b43-be12-772f5611f3d8,02/28/2025,hcris_nmrc,CMS HCRIS Hospital 2552-10 Worksheet S-3 Part II line 01100,https://downloads.cms.gov/Files/hcris/,ccn,140217,rn_contract_labor_dpc,blended,contract,78.66,,,1.0,,0.92,High,agency
3258a803-d19a-415c-860f-56ae4158f465,02/28/2025,hcris_nmrc,CMS HCRIS Hospital 2552-10 Worksheet S-3 Part II line 01100,https://downloads.cms.gov/Files/hcris/,ccn,100077,rn_contract_labor_dpc,blended,contract,68.43,,,1.0,,0.92,High,agency
8899374a-647d-430f-a020-a251fe7273b0,02/28/2025,hcris_nmrc,CMS HCRIS Hospital 2552-10 Worksheet S-3 Part II line 01100,https://downloads.cms.gov/Files/hcris/,ccn,140080,rn_contract_labor_dpc,blended,contract,78.52,,,1.0,,0.92,High,agency
9111c534-023d-4d18-933b-74c7e4858b1c,02/28/2025,hcris_nmrc,CMS HCRIS Hospital 2552-10 Worksheet S-3 Part II line 01100,https://downloads.cms.gov/Files/hcris/,ccn,100264,rn_contract_labor_dpc,blended,contract,112.59,,,1.0,,0.92,High,agency
47e8050a-98d8-45ae-914f-251c14fb6652,02/28/2025,hcris_nmrc,CMS HCRIS Hospital 2552-10 Worksheet S-3 Part II line 01100,https://downloads.cms.gov/Files/hcris/,ccn,102020,rn_contract_labor_dpc,blended,contract,64.94,,,1.0,,0.92,High,agency
52523ce3-378a-4ab5-a89b-63846810fe32,02/28/2025,hcris_nmrc,CMS HCRIS Hospital 2552-10 Worksheet S-3 Part II line 01100,https://downloads.cms.gov/Files/hcris/,ccn,140180,rn_contract_labor_dpc,blended,contract,69.5,,,1.0,,0.92,High,agency
c4f8d4f1-f222-4e02-b394-366e7484bc27,02/28/2025,hcris_nmrc,CMS HCRIS Hospital 2552-10 Worksheet S-3 Part II line 01100,https://downloads.cms.gov/Files/hcris/,ccn,113035,rn_contract_labor_dpc,blended,contract,78.03,,,1.0,,0.92,High,agency
0b79b520-9c6b-4647-81ee-accde722faac,02/28/2025,hcris_nmrc,CMS HCRIS Hospital 2552-10 Worksheet S-3 Part II line 01100,https://downloads.cms.gov/Files/hcris/,ccn,440187,rn_contract_labor_dpc,blended,contract,89.77,,,1.0,,0.92,High,agency
4a344b03-1c38-4c55-94b5-529cda640674,02/28/2025,hcris_nmrc,CMS HCRIS Hospital 2552-10 Worksheet S-3 Part II line 01100,https://downloads.cms.gov/Files/hcris/,ccn,140117,rn_contract_labor_dpc,blended,contract,71.1,,,1.0,,0.92,High,agency
93be174f-82c0-4b14-87cd-ed7d52cc26c8,02/28/2025,hcris_nmrc,CMS HCRIS Hospital 2552-10 Worksheet S-3 Part II line 01100,https://downloads.cms.gov/Files/hcris/,ccn,252007,rn_contract_labor_dpc,blended,contract,32.58,,,1.0,,0.92,High,agency
66671a09-82b2-4387-bf8b-9a10432db00b,02/28/2025,hcris_nmrc,CMS HCRIS Hospital 2552-10 Worksheet S-3 Part II line 01100,https://downloads.cms.gov/Files/hcris/,ccn,362016,rn_contract_labor_dpc,blended,contract,41.33,,,1.0,,0.92,High,agency
7f6607c9-8c0b-4db5-9c3b-cb80ad979dcf,02/28/2025,hcris_nmrc,CMS HCRIS Hospital 2552-10 Worksheet S-3 Part II line 01100,https://downloads.cms.gov/Files/hcris/,ccn,340126,rn_contract_labor_dpc,blended,contract,72.17,,,1.0,,0.92,High,agency
bb8092ff-ed6e-4f37-b07e-4450a31c2551,02/28/2025,hcris_nmrc,CMS HCRIS Hospital 2552-10 Worksheet S-3 Part II line 01100,https://downloads.cms.gov/Files/hcris/,ccn,100204,rn_contract_labor_dpc,blended,contract,39.46,,,1.0,,0.92,High,agency
8e977f0b-4997-405e-9af6-ef8a4156c789,02/28/2025,hcris_nmrc,CMS HCRIS Hospital 2552-10 Worksheet S-3 Part II line 01100,https://downloads.cms.gov/Files/hcris/,ccn,140155,rn_contract_labor_dpc,blended,contract,63.05,,,1.0,,0.92,High,agency
81d9ebe6-d65c-41a0-b6f8-31a66f8e4819,02/28/2025,hcris_nmrc,CMS HCRIS Hospital 2552-10 Worksheet S-3 Part II line 01100,https://downloads.cms.gov/Files/hcris/,ccn,523033,rn_contract_labor_dpc,blended,contract,74.4,,,1.0,,0.92,High,agency
51cb6338-7028-4e56-b078-6d7a3c1c0b57,03/31/2025,hcris_nmrc,CMS HCRIS Hospital 2552-10 Worksheet S-3 Part II line 01100,https://downloads.cms.gov/Files/hcris/,ccn,392036,rn_contract_labor_dpc,blended,contract,77.57,,,1.0,,0.92,High,agency
f0d49f8c-3e62-4866-a4bb-17c2dbe6f4e5,03/31/2025,hcris_nmrc,CMS HCRIS Hospital 2552-10 Worksheet S-3 Part II line 01100,https://downloads.cms.gov/Files/hcris/,ccn,450400,rn_contract_labor_dpc,blended,contract,66.0,,,1.0,,0.92,High,agency
b43ba3f9-cd1b-4cd0-960a-5fa21c46700b,03/31/2025,hcris_nmrc,CMS HCRIS Hospital 2552-10 Worksheet S-3 Part II line 01100,https://downloads.cms.gov/Files/hcris/,ccn,320085,rn_contract_labor_dpc,blended,contract,80.73,,,1.0,,0.92,High,agency
68ed5c15-46bb-4886-84c6-5bf7945e0a22,03/31/2025,hcris_nmrc,CMS HCRIS Hospital 2552-10 Worksheet S-3 Part II line 01100,https://downloads.cms.gov/Files/hcris/,ccn,050589,rn_contract_labor_dpc,blended,contract,103.83,,,1.0,,0.92,High,agency
12377afc-27ba-4d74-be5a-6e36c732f4fc,03/31/2025,hcris_nmrc,CMS HCRIS Hospital 2552-10 Worksheet S-3 Part II line 01100,https://downloads.cms.gov/Files/hcris/,ccn,380017,rn_contract_labor_dpc,blended,contract,61.93,,,1.0,,0.92,High,agency
7863983d-7fe6-4ce6-ac7c-7b5546d88915,03/31/2025,hcris_nmrc,CMS HCRIS Hospital 2552-10 Worksheet S-3 Part II line 01100,https://downloads.cms.gov/Files/hcris/,ccn,140011,rn_contract_labor_dpc,blended,contract,87.62,,,1.0,,0.92,High,agency
9497800c-a673-4ac7-a773-4f1748c4a086,03/31/2025,hcris_nmrc,CMS HCRIS Hospital 2552-10 Worksheet S-3 Part II line 01100,https://downloads.cms.gov/Files/hcris/,ccn,500150,rn_contract_labor_dpc,blended,contract,114.69,,,1.0,,0.92,High,agency
0bdd2b29-2f7b-45e6-8441-557e0d2150db,03/31/2025,hcris_nmrc,CMS HCRIS Hospital 2552-10 Worksheet S-3 Part II line 01100,https://downloads.cms.gov/Files/hcris/,ccn,180128,rn_contract_labor_dpc,blended,contract,49.03,,,1.0,,0.92,High,agency
f071b9f0-b848-4838-8bd5-d557f7ab36de,03/31/2025,hcris_nmrc,CMS HCRIS Hospital 2552-10 Worksheet S-3 Part II line 01100,https://downloads.cms.gov/Files/hcris/,ccn,050570,rn_contract_labor_dpc,blended,contract,115.42,,,1.0,,0.92,High,agency
5af45a90-4ce6-45d8-a063-7dbe4476f917,03/31/2025,hcris_nmrc,CMS HCRIS Hospital 2552-10 Worksheet S-3 Part II line 01100,https://downloads.cms.gov/Files/hcris/,ccn,260095,rn_contract_labor_dpc,blended,contract,68.72,,,1.0,,0.92,High,agency
0992a977-a14d-4f52-8abb-913437d34e37,03/31/2025,hcris_nmrc,CMS HCRIS Hospital 2552-10 Worksheet S-3 Part II line 01100,https://downloads.cms.gov/Files/hcris/,ccn,113033,rn_contract_labor_dpc,blended,contract,65.37,,,1.0,,0.92,High,agency
0002d1d9-7dca-40c1-8620-2f75763b0121,03/31/2025,hcris_nmrc,CMS HCRIS Hospital 2552-10 Worksheet S-3 Part II line 01100,https://downloads.cms.gov/Files/hcris/,ccn,040001,rn_contract_labor_dpc,blended,contract,73.81,,,1.0,,0.92,High,agency
56552470-0548-4970-a1d5-dd3f886e8ab7,03/31/2025,hcris_nmrc,CMS HCRIS Hospital 2552-10 Worksheet S-3 Part II line 01100,https://downloads.cms.gov/Files/hcris/,ccn,380025,rn_contract_labor_dpc,blended,contract,98.01,,,1.0,,0.92,High,agency
0b232a4f-aa57-48b1-82c5-179b73fbed30,03/31/2025,hcris_nmrc,CMS HCRIS Hospital 2552-10 Worksheet S-3 Part II line 01100,https://downloads.cms.gov/Files/hcris/,ccn,010157,rn_contract_labor_dpc,blended,contract,39.72,,,1.0,,0.92,High,agency
0cc407a2-ab49-4b35-91d0-9d07240713b4,03/31/2025,hcris_nmrc,CMS HCRIS Hospital 2552-10 Worksheet S-3 Part II line 01100,https://downloads.cms.gov/Files/hcris/,ccn,150150,rn_contract_labor_dpc,blended,contract,87.96,,,1.0,,0.92,High,agency
ccfa004c-79a5-46d3-808f-1edf79545deb,03/31/2025,hcris_nmrc,CMS HCRIS Hospital 2552-10 Worksheet S-3 Part II line 01100,https://downloads.cms.gov/Files/hcris/,ccn,030094,rn_contract_labor_dpc,blended,contract,72.55,,,1.0,,0.92,High,agency
eedc4223-50ca-4293-bc67-0d00e1e1ae9f,03/31/2025,hcris_nmrc,CMS HCRIS Hospital 2552-10 Worksheet S-3 Part II line 01100,https://downloads.cms.gov/Files/hcris/,ccn,370083,rn_contract_labor_dpc,blended,contract,95.72,,,1.0,,0.92,High,agency
00c67c04-140b-4fc8-8f54-3151b9d6a23a,03/31/2025,hcris_nmrc,CMS HCRIS Hospital 2552-10 Worksheet S-3 Part II line 01100,https://downloads.cms.gov/Files/hcris/,ccn,492012,rn_contract_labor_dpc,blended,contract,70.97,,,1.0,,0.92,High,agency
edc53163-361d-411d-8438-bacc0cad5b9f,03/31/2025,hcris_nmrc,CMS HCRIS Hospital 2552-10 Worksheet S-3 Part II line 01100,https://downloads.cms.gov/Files/hcris/,ccn,440156,rn_contract_labor_dpc,blended,contract,75.96,,,1.0,,0.92,High,agency
c5d765fd-7a57-4edf-8082-a2c49a185041,03/31/2025,hcris_nmrc,CMS HCRIS Hospital 2552-10 Worksheet S-3 Part II line 01100,https://downloads.cms.gov/Files/hcris/,ccn,112013,rn_contract_labor_dpc,blended,contract,55.97,,,1.0,,0.92,High,agency
ec185c54-bb07-4c4b-ac37-fcc9af09cd83,03/31/2025,hcris_nmrc,CMS HCRIS Hospital 2552-10 Worksheet S-3 Part II line 01100,https://downloads.cms.gov/Files/hcris/,ccn,360058,rn_contract_labor_dpc,blended,contract,86.74,,,1.0,,0.92,High,agency
20518827-2a24-40b2-b164-e20bbb6e52d1,03/31/2025,hcris_nmrc,CMS HCRIS Hospital 2552-10 Worksheet S-3 Part II line 01100,https://downloads.cms.gov/Files/hcris/,ccn,140068,rn_contract_labor_dpc,blended,contract,87.18,,,1.0,,0.92,High,agency
eae582e1-dec8-4924-af26-904cf3cbe6ae,03/31/2025,hcris_nmrc,CMS HCRIS Hospital 2552-10 Worksheet S-3 Part II line 01100,https://downloads.cms.gov/Files/hcris/,ccn,363043,rn_contract_labor_dpc,blended,contract,79.0,,,1.0,,0.92,High,agency
8439a321-9e03-4c62-85f0-89b1387be774,03/31/2025,hcris_nmrc,CMS HCRIS Hospital 2552-10 Worksheet S-3 Part II line 01100,https://downloads.cms.gov/Files/hcris/,ccn,113030,rn_contract_labor_dpc,blended,contract,68.72,,,1.0,,0.92,High,agency
12d93068-ae6c-477d-a7e7-bd08d517bbb0,03/31/2025,hcris_nmrc,CMS HCRIS Hospital 2552-10 Worksheet S-3 Part II line 01100,https://downloads.cms.gov/Files/hcris/,ccn,380029,rn_contract_labor_dpc,blended,contract,63.21,,,1.0,,0.92,High,agency
7c592f27-c35d-4bbe-b174-1c585ca97f2f,03/31/2025,hcris_nmrc,CMS HCRIS Hospital 2552-10 Worksheet S-3 Part II line 01100,https://downloads.cms.gov/Files/hcris/,ccn,450651,rn_contract_labor_dpc,blended,contract,57.76,,,1.0,,0.92,High,agency
75278301-7193-46f5-9064-0b952fd28f94,03/31/2025,hcris_nmrc,CMS HCRIS Hospital 2552-10 Worksheet S-3 Part II line 01100,https://downloads.cms.gov/Files/hcris/,ccn,140210,rn_contract_labor_dpc,blended,contract,88.32,,,1.0,,0.92,High,agency
2c0b7f08-453b-4385-b3ae-e41593cfbf49,03/31/2025,hcris_nmrc,CMS HCRIS Hospital 2552-10 Worksheet S-3 Part II line 01100,https://downloads.cms.gov/Files/hcris/,ccn,490118,rn_contract_labor_dpc,blended,contract,31.71,,,1.0,,0.92,High,agency
4b48063a-5ac9-4124-b46b-5336aed50a56,03/31/2025,hcris_nmrc,CMS HCRIS Hospital 2552-10 Worksheet S-3 Part II line 01100,https://downloads.cms.gov/Files/hcris/,ccn,190008,rn_contract_labor_dpc,blended,contract,82.89,,,1.0,,0.92,High,agency
89d3989f-8774-4fc0-932a-1d2392f39022,03/31/2025,hcris_nmrc,CMS HCRIS Hospital 2552-10 Worksheet S-3 Part II line 01100,https://downloads.cms.gov/Files/hcris/,ccn,370015,rn_contract_labor_dpc,blended,contract,125.3,,,1.0,,0.92,High,agency
f1f00568-dd3f-429b-8b3f-575417477e63,03/31/2025,hcris_nmrc,CMS HCRIS Hospital 2552-10 Worksheet S-3 Part II line 01100,https://downloads.cms.gov/Files/hcris/,ccn,102024,rn_contract_labor_dpc,blended,contract,67.06,,,1.0,,0.92,High,agency
dd562cbb-10cd-4666-9ace-8d70d7026982,03/31/2025,hcris_nmrc,CMS HCRIS Hospital 2552-10 Worksheet S-3 Part II line 01100,https://downloads.cms.gov/Files/hcris/,ccn,230072,rn_contract_labor_dpc,blended,contract,143.68,,,1.0,,0.92,High,agency
f7faaac7-baca-48af-a41c-2f2ef543979a,03/31/2025,hcris_nmrc,CMS HCRIS Hospital 2552-10 Worksheet S-3 Part II line 01100,https://downloads.cms.gov/Files/hcris/,ccn,443035,rn_contract_labor_dpc,blended,contract,71.65,,,1.0,,0.92,High,agency
9336420a-4e29-46b2-b97d-d4f419eb60ef,03/31/2025,hcris_nmrc,CMS HCRIS Hospital 2552-10 Worksheet S-3 Part II line 01100,https://downloads.cms.gov/Files/hcris/,ccn,362031,rn_contract_labor_dpc,blended,contract,69.53,,,1.0,,0.92,High,agency
23234d3a-c0ee-4b84-9c18-42a3c716ccd5,03/31/2025,hcris_nmrc,CMS HCRIS Hospital 2552-10 Worksheet S-3 Part II line 01100,https://downloads.cms.gov/Files/hcris/,ccn,170142,rn_contract_labor_dpc,blended,contract,70.43,,,1.0,,0.92,High,agency
f5e9fde4-b43a-4de0-96d5-7270f5842900,03/31/2025,hcris_nmrc,CMS HCRIS Hospital 2552-10 Worksheet S-3 Part II line 01100,https://downloads.cms.gov/Files/hcris/,ccn,440176,rn_contract_labor_dpc,blended,contract,81.39,,,1.0,,0.92,High,agency
4a8f678d-b938-4abe-9310-64c325b220c8,03/31/2025,hcris_nmrc,CMS HCRIS Hospital 2552-10 Worksheet S-3 Part II line 01100,https://downloads.cms.gov/Files/hcris/,ccn,010036,rn_contract_labor_dpc,blended,contract,58.57,,,1.0,,0.92,High,agency
84defca3-e271-47d8-a19d-8782a5968bf8,03/31/2025,hcris_nmrc,CMS HCRIS Hospital 2552-10 Worksheet S-3 Part II line 01100,https://downloads.cms.gov/Files/hcris/,ccn,280132,rn_contract_labor_dpc,blended,contract,90.08,,,1.0,,0.92,High,agency
0ebffab9-e5af-4203-906f-faa012296086,03/31/2025,hcris_nmrc,CMS HCRIS Hospital 2552-10 Worksheet S-3 Part II line 01100,https://downloads.cms.gov/Files/hcris/,ccn,450662,rn_contract_labor_dpc,blended,contract,253.29,,,1.0,,0.92,High,agency
4a269252-f95a-4316-9245-3a7eda8c71c5,03/31/2025,hcris_nmrc,CMS HCRIS Hospital 2552-10 Worksheet S-3 Part II line 01100,https://downloads.cms.gov/Files/hcris/,ccn,260175,rn_contract_labor_dpc,blended,contract,99.22,,,1.0,,0.92,High,agency
791fc935-1595-44a1-b54c-96f8a727e8c7,03/31/2025,hcris_nmrc,CMS HCRIS Hospital 2552-10 Worksheet S-3 Part II line 01100,https://downloads.cms.gov/Files/hcris/,ccn,010126,rn_contract_labor_dpc,blended,contract,73.97,,,1.0,,0.92,High,agency
80347768-8dfa-4c74-8d02-3c6022937001,03/31/2025,hcris_nmrc,CMS HCRIS Hospital 2552-10 Worksheet S-3 Part II line 01100,https://downloads.cms.gov/Files/hcris/,ccn,400011,rn_contract_labor_dpc,blended,contract,55.27,,,1.0,,0.92,High,agency
145bef03-81de-4506-9f7d-e0dc339b990f,03/31/2025,hcris_nmrc,CMS HCRIS Hospital 2552-10 Worksheet S-3 Part II line 01100,https://downloads.cms.gov/Files/hcris/,ccn,230217,rn_contract_labor_dpc,blended,contract,82.39,,,1.0,,0.92,High,agency
73adfb68-bdf2-4501-a7a2-b62234b0434a,03/31/2025,hcris_nmrc,CMS HCRIS Hospital 2552-10 Worksheet S-3 Part II line 01100,https://downloads.cms.gov/Files/hcris/,ccn,250094,rn_contract_labor_dpc,blended,contract,64.34,,,1.0,,0.92,High,agency
2c4c45b8-7eb7-432a-b19a-8fe2c7d8fad4,03/31/2025,hcris_nmrc,CMS HCRIS Hospital 2552-10 Worksheet S-3 Part II line 01100,https://downloads.cms.gov/Files/hcris/,ccn,052044,rn_contract_labor_dpc,blended,contract,80.38,,,1.0,,0.92,High,agency
f19b81cb-16b9-446b-bde7-62097a41fc29,03/31/2025,hcris_nmrc,CMS HCRIS Hospital 2552-10 Worksheet S-3 Part II line 01100,https://downloads.cms.gov/Files/hcris/,ccn,440184,rn_contract_labor_dpc,blended,contract,83.01,,,1.0,,0.92,High,agency
f472554d-10f3-4073-8748-2f90e2c7b5e4,03/31/2025,hcris_nmrc,CMS HCRIS Hospital 2552-10 Worksheet S-3 Part II line 01100,https://downloads.cms.gov/Files/hcris/,ccn,140177,rn_contract_labor_dpc,blended,contract,63.21,,,1.0,,0.92,High,agency
6be70803-6b11-4c20-8dfb-080810831f19,03/31/2025,hcris_nmrc,CMS HCRIS Hospital 2552-10 Worksheet S-3 Part II line 01100,https://downloads.cms.gov/Files/hcris/,ccn,420079,rn_contract_labor_dpc,blended,contract,71.02,,,1.0,,0.92,High,agency
a2921adb-6069-4814-be92-97f0c639c82e,03/31/2025,hcris_nmrc,CMS HCRIS Hospital 2552-10 Worksheet S-3 Part II line 01100,https://downloads.cms.gov/Files/hcris/,ccn,053042,rn_contract_labor_dpc,blended,contract,89.68,,,1.0,,0.92,High,agency
3529ab25-2025-4ce6-82c8-25b8dc69c28f,03/31/2025,hcris_nmrc,CMS HCRIS Hospital 2552-10 Worksheet S-3 Part II line 01100,https://downloads.cms.gov/Files/hcris/,ccn,380007,rn_contract_labor_dpc,blended,contract,76.53,,,1.0,,0.92,High,agency
08b33219-8c89-428d-9999-ac390b6f356f,03/31/2025,hcris_nmrc,CMS HCRIS Hospital 2552-10 Worksheet S-3 Part II line 01100,https://downloads.cms.gov/Files/hcris/,ccn,180013,rn_contract_labor_dpc,blended,contract,43.7,,,1.0,,0.92,High,agency
a7aaa0e4-4d2b-4422-8d1f-c9e324a931c2,03/31/2025,hcris_nmrc,CMS HCRIS Hospital 2552-10 Worksheet S-3 Part II line 01100,https://downloads.cms.gov/Files/hcris/,ccn,400104,rn_contract_labor_dpc,blended,contract,25.58,,,1.0,,0.92,High,agency
87048aab-dfb5-4b3d-8784-9bec00933063,03/31/2025,hcris_nmrc,CMS HCRIS Hospital 2552-10 Worksheet S-3 Part II line 01100,https://downloads.cms.gov/Files/hcris/,ccn,050782,rn_contract_labor_dpc,blended,contract,42.14,,,1.0,,0.92,High,agency
f4e78ca9-22a9-448e-86f2-338c4e2a3027,03/31/2025,hcris_nmrc,CMS HCRIS Hospital 2552-10 Worksheet S-3 Part II line 01100,https://downloads.cms.gov/Files/hcris/,ccn,040017,rn_contract_labor_dpc,blended,contract,70.69,,,1.0,,0.92,High,agency
f831133e-98c3-446c-8bbd-6ac8184201df,03/31/2025,hcris_nmrc,CMS HCRIS Hospital 2552-10 Worksheet S-3 Part II line 01100,https://downloads.cms.gov/Files/hcris/,ccn,260137,rn_contract_labor_dpc,blended,contract,91.76,,,1.0,,0.92,High,agency
ed5085a2-d226-483e-920c-3dfbc6551ac8,03/31/2025,hcris_nmrc,CMS HCRIS Hospital 2552-10 Worksheet S-3 Part II line 01100,https://downloads.cms.gov/Files/hcris/,ccn,450885,rn_contract_labor_dpc,blended,contract,70.57,,,1.0,,0.92,High,agency
0c92af35-141f-4d80-a229-3280d1cb1044,03/31/2025,hcris_nmrc,CMS HCRIS Hospital 2552-10 Worksheet S-3 Part II line 01100,https://downloads.cms.gov/Files/hcris/,ccn,380089,rn_contract_labor_dpc,blended,contract,81.81,,,1.0,,0.92,High,agency
148c5a2e-5b7a-43e9-9051-ca71eb7f17c5,03/31/2025,hcris_nmrc,CMS HCRIS Hospital 2552-10 Worksheet S-3 Part II line 01100,https://downloads.cms.gov/Files/hcris/,ccn,100122,rn_contract_labor_dpc,blended,contract,40.87,,,1.0,,0.92,High,agency
afe8ee88-5830-488f-a19e-70c0e54322b2,03/31/2025,hcris_nmrc,CMS HCRIS Hospital 2552-10 Worksheet S-3 Part II line 01100,https://downloads.cms.gov/Files/hcris/,ccn,440227,rn_contract_labor_dpc,blended,contract,65.99,,,1.0,,0.92,High,agency
1a5f8728-af57-4764-8257-c697c2270e33,03/31/2025,hcris_nmrc,CMS HCRIS Hospital 2552-10 Worksheet S-3 Part II line 01100,https://downloads.cms.gov/Files/hcris/,ccn,010113,rn_contract_labor_dpc,blended,contract,117.2,,,1.0,,0.92,High,agency
6ff288fa-800c-4b6f-a9ea-528f4ee4ff8f,03/31/2025,hcris_nmrc,CMS HCRIS Hospital 2552-10 Worksheet S-3 Part II line 01100,https://downloads.cms.gov/Files/hcris/,ccn,140164,rn_contract_labor_dpc,blended,contract,98.66,,,1.0,,0.92,High,agency
d5aa00e2-11d6-4d58-96c9-13a071cc38d3,04/30/2025,hcris_nmrc,CMS HCRIS Hospital 2552-10 Worksheet S-3 Part II line 01100,https://downloads.cms.gov/Files/hcris/,ccn,232024,rn_contract_labor_dpc,blended,contract,66.49,,,1.0,,0.92,High,agency
6ecb5cfe-0c6f-4a28-917f-f3914f7b68fd,04/30/2025,hcris_nmrc,CMS HCRIS Hospital 2552-10 Worksheet S-3 Part II line 01100,https://downloads.cms.gov/Files/hcris/,ccn,450370,rn_contract_labor_dpc,blended,contract,78.55,,,1.0,,0.92,High,agency
6adb576b-cf45-4b91-9702-a952d13a3174,04/30/2025,hcris_nmrc,CMS HCRIS Hospital 2552-10 Worksheet S-3 Part II line 01100,https://downloads.cms.gov/Files/hcris/,ccn,030043,rn_contract_labor_dpc,blended,contract,86.54,,,1.0,,0.92,High,agency
a4c15e37-5277-4fd9-852d-bcb1e6c67bc0,04/30/2025,hcris_nmrc,CMS HCRIS Hospital 2552-10 Worksheet S-3 Part II line 01100,https://downloads.cms.gov/Files/hcris/,ccn,392031,rn_contract_labor_dpc,blended,contract,75.05,,,1.0,,0.92,High,agency
745e0fd5-76ae-4c7d-a25a-cb8440ec9a48,04/30/2025,hcris_nmrc,CMS HCRIS Hospital 2552-10 Worksheet S-3 Part II line 01100,https://downloads.cms.gov/Files/hcris/,ccn,100254,rn_contract_labor_dpc,blended,contract,39.35,,,1.0,,0.92,High,agency
14270630-40f8-4745-9da0-e9e8a5f1bd21,04/30/2025,hcris_nmrc,CMS HCRIS Hospital 2552-10 Worksheet S-3 Part II line 01100,https://downloads.cms.gov/Files/hcris/,ccn,370112,rn_contract_labor_dpc,blended,contract,46.82,,,1.0,,0.92,High,agency
9b7f8344-cdda-4e78-8c91-2d33b90d7a02,04/30/2025,hcris_nmrc,CMS HCRIS Hospital 2552-10 Worksheet S-3 Part II line 01100,https://downloads.cms.gov/Files/hcris/,ccn,280111,rn_contract_labor_dpc,blended,contract,109.4,,,1.0,,0.92,High,agency
4003b6a6-649b-442d-a916-78ddfaa52ccb,04/30/2025,hcris_nmrc,CMS HCRIS Hospital 2552-10 Worksheet S-3 Part II line 01100,https://downloads.cms.gov/Files/hcris/,ccn,670080,rn_contract_labor_dpc,blended,contract,128.79,,,1.0,,0.92,High,agency
e22574f5-b5aa-4b60-8a8b-944bd19b8cec,04/30/2025,hcris_nmrc,CMS HCRIS Hospital 2552-10 Worksheet S-3 Part II line 01100,https://downloads.cms.gov/Files/hcris/,ccn,673058,rn_contract_labor_dpc,blended,contract,58.16,,,1.0,,0.92,High,agency
5e597fd1-d39c-44be-8af4-65dcae00a3e0,04/30/2025,hcris_nmrc,CMS HCRIS Hospital 2552-10 Worksheet S-3 Part II line 01100,https://downloads.cms.gov/Files/hcris/,ccn,260142,rn_contract_labor_dpc,blended,contract,92.22,,,1.0,,0.92,High,agency
f1bd973e-9f4a-4467-975f-853aa7afc5a6,04/30/2025,hcris_nmrc,CMS HCRIS Hospital 2552-10 Worksheet S-3 Part II line 01100,https://downloads.cms.gov/Files/hcris/,ccn,450743,rn_contract_labor_dpc,blended,contract,77.53,,,1.0,,0.92,High,agency
dd2ee043-f6ca-439d-ba2e-3a9869d9cf2a,04/30/2025,hcris_nmrc,CMS HCRIS Hospital 2552-10 Worksheet S-3 Part II line 01100,https://downloads.cms.gov/Files/hcris/,ccn,190274,rn_contract_labor_dpc,blended,contract,51.03,,,1.0,,0.92,High,agency
2ef91651-2405-4ffa-9eaf-c4c30f1a21a3,04/30/2025,hcris_nmrc,CMS HCRIS Hospital 2552-10 Worksheet S-3 Part II line 01100,https://downloads.cms.gov/Files/hcris/,ccn,100213,rn_contract_labor_dpc,blended,contract,181.12,,,1.0,,0.92,High,agency
10f4807d-8c6d-4699-ba4e-28d7de454ec7,04/30/2025,hcris_nmrc,CMS HCRIS Hospital 2552-10 Worksheet S-3 Part II line 01100,https://downloads.cms.gov/Files/hcris/,ccn,232031,rn_contract_labor_dpc,blended,contract,62.91,,,1.0,,0.92,High,agency
a31d05e7-8756-4735-805b-cc43ab8ea315,04/30/2025,hcris_nmrc,CMS HCRIS Hospital 2552-10 Worksheet S-3 Part II line 01100,https://downloads.cms.gov/Files/hcris/,ccn,180092,rn_contract_labor_dpc,blended,contract,85.05,,,1.0,,0.92,High,agency
ee74e5b4-f879-4da9-bc7d-5cc274b45843,04/30/2025,hcris_nmrc,CMS HCRIS Hospital 2552-10 Worksheet S-3 Part II line 01100,https://downloads.cms.gov/Files/hcris/,ccn,030110,rn_contract_labor_dpc,blended,contract,67.91,,,1.0,,0.92,High,agency
8f328e9d-9eb5-48cc-b689-eaf536eb4516,04/30/2025,hcris_nmrc,CMS HCRIS Hospital 2552-10 Worksheet S-3 Part II line 01100,https://downloads.cms.gov/Files/hcris/,ccn,450389,rn_contract_labor_dpc,blended,contract,44.48,,,1.0,,0.92,High,agency
f8b6abd5-4c73-4242-8aae-ab31f9b248b5,04/30/2025,hcris_nmrc,CMS HCRIS Hospital 2552-10 Worksheet S-3 Part II line 01100,https://downloads.cms.gov/Files/hcris/,ccn,440003,rn_contract_labor_dpc,blended,contract,79.68,,,1.0,,0.92,High,agency
6f8a8537-9e69-44a4-b668-259f7f21f9fa,04/30/2025,hcris_nmrc,CMS HCRIS Hospital 2552-10 Worksheet S-3 Part II line 01100,https://downloads.cms.gov/Files/hcris/,ccn,100281,rn_contract_labor_dpc,blended,contract,50.6,,,1.0,,0.92,High,agency
7a068705-84ef-4a77-9612-f9353e098921,04/30/2025,hcris_nmrc,CMS HCRIS Hospital 2552-10 Worksheet S-3 Part II line 01100,https://downloads.cms.gov/Files/hcris/,ccn,100038,rn_contract_labor_dpc,blended,contract,63.33,,,1.0,,0.92,High,agency
0cafdb71-0924-42bb-a696-f1f1b13f7c1e,04/30/2025,hcris_nmrc,CMS HCRIS Hospital 2552-10 Worksheet S-3 Part II line 01100,https://downloads.cms.gov/Files/hcris/,ccn,342020,rn_contract_labor_dpc,blended,contract,53.27,,,1.0,,0.92,High,agency
9ed22edc-ec9f-44e7-8b9c-12ff0d17a49f,04/30/2025,hcris_nmrc,CMS HCRIS Hospital 2552-10 Worksheet S-3 Part II line 01100,https://downloads.cms.gov/Files/hcris/,ccn,320017,rn_contract_labor_dpc,blended,contract,80.37,,,1.0,,0.92,High,agency
fbd18043-7216-4923-9b99-8fffb157cd4b,04/30/2025,hcris_nmrc,CMS HCRIS Hospital 2552-10 Worksheet S-3 Part II line 01100,https://downloads.cms.gov/Files/hcris/,ccn,112011,rn_contract_labor_dpc,blended,contract,76.78,,,1.0,,0.92,High,agency
3e123863-19f4-4e5f-ac58-56abcbdf8fea,04/30/2025,hcris_nmrc,CMS HCRIS Hospital 2552-10 Worksheet S-3 Part II line 01100,https://downloads.cms.gov/Files/hcris/,ccn,450833,rn_contract_labor_dpc,blended,contract,95.94,,,1.0,,0.92,High,agency
8f9a2897-1229-4fd0-8d93-f59eab9102ad,04/30/2025,hcris_nmrc,CMS HCRIS Hospital 2552-10 Worksheet S-3 Part II line 01100,https://downloads.cms.gov/Files/hcris/,ccn,260186,rn_contract_labor_dpc,blended,contract,61.3,,,1.0,,0.92,High,agency
f37dba2c-5ba2-43be-9279-abeef11a3b74,04/30/2025,hcris_nmrc,CMS HCRIS Hospital 2552-10 Worksheet S-3 Part II line 01100,https://downloads.cms.gov/Files/hcris/,ccn,450028,rn_contract_labor_dpc,blended,contract,50.09,,,1.0,,0.92,High,agency
0938c952-e333-43f9-a201-77f2baed2ffb,04/30/2025,hcris_nmrc,CMS HCRIS Hospital 2552-10 Worksheet S-3 Part II line 01100,https://downloads.cms.gov/Files/hcris/,ccn,100230,rn_contract_labor_dpc,blended,contract,35.29,,,1.0,,0.92,High,agency
5c32ec81-1c9a-40ac-bc6d-1d4db0d8954a,04/30/2025,hcris_nmrc,CMS HCRIS Hospital 2552-10 Worksheet S-3 Part II line 01100,https://downloads.cms.gov/Files/hcris/,ccn,110051,rn_contract_labor_dpc,blended,contract,50.51,,,1.0,,0.92,High,agency
2432434c-6276-4b47-aa24-fff23d431696,04/30/2025,hcris_nmrc,CMS HCRIS Hospital 2552-10 Worksheet S-3 Part II line 01100,https://downloads.cms.gov/Files/hcris/,ccn,110146,rn_contract_labor_dpc,blended,contract,49.46,,,1.0,,0.92,High,agency
35454a10-ca18-401a-bbc1-3efe853dd80a,04/30/2025,hcris_nmrc,CMS HCRIS Hospital 2552-10 Worksheet S-3 Part II line 01100,https://downloads.cms.gov/Files/hcris/,ccn,100285,rn_contract_labor_dpc,blended,contract,35.87,,,1.0,,0.92,High,agency
bddefe8e-6f0f-45af-9947-88b8418fd1ce,04/30/2025,hcris_nmrc,CMS HCRIS Hospital 2552-10 Worksheet S-3 Part II line 01100,https://downloads.cms.gov/Files/hcris/,ccn,110125,rn_contract_labor_dpc,blended,contract,120.62,,,1.0,,0.92,High,agency
ed9d5f9a-432b-4459-aca1-521f8927ea04,04/30/2025,hcris_nmrc,CMS HCRIS Hospital 2552-10 Worksheet S-3 Part II line 01100,https://downloads.cms.gov/Files/hcris/,ccn,442011,rn_contract_labor_dpc,blended,contract,70.22,,,1.0,,0.92,High,agency
a37692cc-12d2-4719-b1ef-4f4f0204d250,04/30/2025,hcris_nmrc,CMS HCRIS Hospital 2552-10 Worksheet S-3 Part II line 01100,https://downloads.cms.gov/Files/hcris/,ccn,110025,rn_contract_labor_dpc,blended,contract,60.07,,,1.0,,0.92,High,agency
ee496502-e5f3-4f15-81d2-a2caf23f1751,04/30/2025,hcris_nmrc,CMS HCRIS Hospital 2552-10 Worksheet S-3 Part II line 01100,https://downloads.cms.gov/Files/hcris/,ccn,160089,rn_contract_labor_dpc,blended,contract,88.56,,,1.0,,0.92,High,agency
75729ed7-697c-4eed-bbd6-7fac74cacffb,04/30/2025,hcris_nmrc,CMS HCRIS Hospital 2552-10 Worksheet S-3 Part II line 01100,https://downloads.cms.gov/Files/hcris/,ccn,140043,rn_contract_labor_dpc,blended,contract,91.59,,,1.0,,0.92,High,agency
f60e5375-b9ae-43e8-9ff8-f17cc8e6c9f0,05/31/2025,hcris_nmrc,CMS HCRIS Hospital 2552-10 Worksheet S-3 Part II line 01100,https://downloads.cms.gov/Files/hcris/,ccn,050689,rn_contract_labor_dpc,blended,contract,74.28,,,1.0,,0.92,High,agency
36c2fd96-1ea4-46d8-9301-7c7b18d0755b,05/31/2025,hcris_nmrc,CMS HCRIS Hospital 2552-10 Worksheet S-3 Part II line 01100,https://downloads.cms.gov/Files/hcris/,ccn,443032,rn_contract_labor_dpc,blended,contract,62.73,,,1.0,,0.92,High,agency
a92d4784-cc32-40ad-8bdf-809e39de1981,05/31/2025,hcris_nmrc,CMS HCRIS Hospital 2552-10 Worksheet S-3 Part II line 01100,https://downloads.cms.gov/Files/hcris/,ccn,340013,rn_contract_labor_dpc,blended,contract,77.93,,,1.0,,0.92,High,agency
a6e4ebde-2dd4-4dca-8918-bec8be5a35c6,05/31/2025,hcris_nmrc,CMS HCRIS Hospital 2552-10 Worksheet S-3 Part II line 01100,https://downloads.cms.gov/Files/hcris/,ccn,453031,rn_contract_labor_dpc,blended,contract,44.02,,,1.0,,0.92,High,agency
fe0a6b0d-4a13-46fc-b54a-727e0b111be9,05/31/2025,hcris_nmrc,CMS HCRIS Hospital 2552-10 Worksheet S-3 Part II line 01100,https://downloads.cms.gov/Files/hcris/,ccn,150047,rn_contract_labor_dpc,blended,contract,78.18,,,1.0,,0.92,High,agency
451cb961-81d4-4c87-9ad3-b0750908b395,05/31/2025,hcris_nmrc,CMS HCRIS Hospital 2552-10 Worksheet S-3 Part II line 01100,https://downloads.cms.gov/Files/hcris/,ccn,182003,rn_contract_labor_dpc,blended,contract,77.0,,,1.0,,0.92,High,agency
6b93a144-57c1-4f18-b58e-330300cc8ea7,05/31/2025,hcris_nmrc,CMS HCRIS Hospital 2552-10 Worksheet S-3 Part II line 01100,https://downloads.cms.gov/Files/hcris/,ccn,522008,rn_contract_labor_dpc,blended,contract,72.22,,,1.0,,0.92,High,agency
6000ebbe-a22d-4b76-bf08-f5870060a686,05/31/2025,hcris_nmrc,CMS HCRIS Hospital 2552-10 Worksheet S-3 Part II line 01100,https://downloads.cms.gov/Files/hcris/,ccn,443030,rn_contract_labor_dpc,blended,contract,77.24,,,1.0,,0.92,High,agency
b386a294-c53c-432d-8a08-8b9490c028de,05/31/2025,hcris_nmrc,CMS HCRIS Hospital 2552-10 Worksheet S-3 Part II line 01100,https://downloads.cms.gov/Files/hcris/,ccn,443028,rn_contract_labor_dpc,blended,contract,47.04,,,1.0,,0.92,High,agency
61db07bf-f7aa-4ec5-8f0b-fdc5e05c319b,05/31/2025,hcris_nmrc,CMS HCRIS Hospital 2552-10 Worksheet S-3 Part II line 01100,https://downloads.cms.gov/Files/hcris/,ccn,320006,rn_contract_labor_dpc,blended,contract,69.92,,,1.0,,0.92,High,agency
41db631b-36d0-434f-9413-a0e9d0e89ed8,05/31/2025,hcris_nmrc,CMS HCRIS Hospital 2552-10 Worksheet S-3 Part II line 01100,https://downloads.cms.gov/Files/hcris/,ccn,100054,rn_contract_labor_dpc,blended,contract,103.72,,,1.0,,0.92,High,agency
8deed2c0-3e04-43c7-91fe-3069942b2b5c,05/31/2025,hcris_nmrc,CMS HCRIS Hospital 2552-10 Worksheet S-3 Part II line 01100,https://downloads.cms.gov/Files/hcris/,ccn,670034,rn_contract_labor_dpc,blended,contract,107.55,,,1.0,,0.92,High,agency
5525cd80-468e-4608-b650-f755b583d7bf,05/31/2025,hcris_nmrc,CMS HCRIS Hospital 2552-10 Worksheet S-3 Part II line 01100,https://downloads.cms.gov/Files/hcris/,ccn,063034,rn_contract_labor_dpc,blended,contract,82.34,,,1.0,,0.92,High,agency
b8e535e5-40eb-4714-967d-e876b4c79d68,05/31/2025,hcris_nmrc,CMS HCRIS Hospital 2552-10 Worksheet S-3 Part II line 01100,https://downloads.cms.gov/Files/hcris/,ccn,050279,rn_contract_labor_dpc,blended,contract,75.6,,,1.0,,0.92,High,agency
c5dc31e1-bce9-4d93-a3f6-dd91149002d7,05/31/2025,hcris_nmrc,CMS HCRIS Hospital 2552-10 Worksheet S-3 Part II line 01100,https://downloads.cms.gov/Files/hcris/,ccn,493032,rn_contract_labor_dpc,blended,contract,63.77,,,1.0,,0.92,High,agency
d745fc87-8408-4f63-addc-d93109e7d635,05/31/2025,hcris_nmrc,CMS HCRIS Hospital 2552-10 Worksheet S-3 Part II line 01100,https://downloads.cms.gov/Files/hcris/,ccn,180038,rn_contract_labor_dpc,blended,contract,85.55,,,1.0,,0.92,High,agency
858b2c52-1b48-4c80-9042-26951330f538,05/31/2025,hcris_nmrc,CMS HCRIS Hospital 2552-10 Worksheet S-3 Part II line 01100,https://downloads.cms.gov/Files/hcris/,ccn,510070,rn_contract_labor_dpc,blended,contract,81.95,,,1.0,,0.92,High,agency
c03b9806-5336-4e6c-aedd-36d5e00250fe,05/31/2025,hcris_nmrc,CMS HCRIS Hospital 2552-10 Worksheet S-3 Part II line 01100,https://downloads.cms.gov/Files/hcris/,ccn,033037,rn_contract_labor_dpc,blended,contract,70.19,,,1.0,,0.92,High,agency
6e4d8220-2adc-4802-9a6d-235da136fd76,05/31/2025,hcris_nmrc,CMS HCRIS Hospital 2552-10 Worksheet S-3 Part II line 01100,https://downloads.cms.gov/Files/hcris/,ccn,260195,rn_contract_labor_dpc,blended,contract,85.2,,,1.0,,0.92,High,agency
7117f0c9-cffc-403d-95be-258d13f3b679,05/31/2025,hcris_nmrc,CMS HCRIS Hospital 2552-10 Worksheet S-3 Part II line 01100,https://downloads.cms.gov/Files/hcris/,ccn,180046,rn_contract_labor_dpc,blended,contract,54.59,,,1.0,,0.92,High,agency
61002035-1611-4c49-af73-dcfcfbde8e51,05/31/2025,hcris_nmrc,CMS HCRIS Hospital 2552-10 Worksheet S-3 Part II line 01100,https://downloads.cms.gov/Files/hcris/,ccn,180070,rn_contract_labor_dpc,blended,contract,86.4,,,1.0,,0.92,High,agency
13c073ce-9183-4a4c-835d-ad18cb69bce6,05/31/2025,hcris_nmrc,CMS HCRIS Hospital 2552-10 Worksheet S-3 Part II line 01100,https://downloads.cms.gov/Files/hcris/,ccn,260009,rn_contract_labor_dpc,blended,contract,89.17,,,1.0,,0.92,High,agency
7d589cb0-149c-42e5-8f80-bf0d5624b98d,05/31/2025,hcris_nmrc,CMS HCRIS Hospital 2552-10 Worksheet S-3 Part II line 01100,https://downloads.cms.gov/Files/hcris/,ccn,100124,rn_contract_labor_dpc,blended,contract,82.05,,,1.0,,0.92,High,agency
22eae4a6-6463-4e8e-8cf2-76f6781c25a5,05/31/2025,hcris_nmrc,CMS HCRIS Hospital 2552-10 Worksheet S-3 Part II line 01100,https://downloads.cms.gov/Files/hcris/,ccn,440183,rn_contract_labor_dpc,blended,contract,59.73,,,1.0,,0.92,High,agency
9592185c-efd1-464e-bb1a-c6ea980cd056,05/31/2025,hcris_nmrc,CMS HCRIS Hospital 2552-10 Worksheet S-3 Part II line 01100,https://downloads.cms.gov/Files/hcris/,ccn,232035,rn_contract_labor_dpc,blended,contract,75.7,,,1.0,,0.92,High,agency
d32581f6-3bfb-40ff-a13a-bb9c6c7f9acb,05/31/2025,hcris_nmrc,CMS HCRIS Hospital 2552-10 Worksheet S-3 Part II line 01100,https://downloads.cms.gov/Files/hcris/,ccn,100223,rn_contract_labor_dpc,blended,contract,74.19,,,1.0,,0.92,High,agency
6725ac6b-a152-4219-ab46-cd1dbf319d25,05/31/2025,hcris_nmrc,CMS HCRIS Hospital 2552-10 Worksheet S-3 Part II line 01100,https://downloads.cms.gov/Files/hcris/,ccn,042009,rn_contract_labor_dpc,blended,contract,64.83,,,1.0,,0.92,High,agency
fdacb0a2-83eb-44e3-a6e7-e92454f07120,05/31/2025,hcris_nmrc,CMS HCRIS Hospital 2552-10 Worksheet S-3 Part II line 01100,https://downloads.cms.gov/Files/hcris/,ccn,493031,rn_contract_labor_dpc,blended,contract,75.25,,,1.0,,0.92,High,agency
4fb80b47-b4d8-40be-b89e-3a07b3324883,05/31/2025,hcris_nmrc,CMS HCRIS Hospital 2552-10 Worksheet S-3 Part II line 01100,https://downloads.cms.gov/Files/hcris/,ccn,450668,rn_contract_labor_dpc,blended,contract,65.87,,,1.0,,0.92,High,agency
52c75562-9731-4382-ad54-6625b4f80b19,05/31/2025,hcris_nmrc,CMS HCRIS Hospital 2552-10 Worksheet S-3 Part II line 01100,https://downloads.cms.gov/Files/hcris/,ccn,450669,rn_contract_labor_dpc,blended,contract,32.83,,,1.0,,0.92,High,agency
2877a314-64a1-496b-b00c-1a3a167fe7b6,05/31/2025,hcris_nmrc,CMS HCRIS Hospital 2552-10 Worksheet S-3 Part II line 01100,https://downloads.cms.gov/Files/hcris/,ccn,050506,rn_contract_labor_dpc,blended,contract,99.45,,,1.0,,0.92,High,agency
954f44e3-ebf7-4574-b5ab-115225381548,05/31/2025,hcris_nmrc,CMS HCRIS Hospital 2552-10 Worksheet S-3 Part II line 01100,https://downloads.cms.gov/Files/hcris/,ccn,450647,rn_contract_labor_dpc,blended,contract,67.12,,,1.0,,0.92,High,agency
8d4bb375-eade-40ea-87d4-0a37a4e7867d,05/31/2025,hcris_nmrc,CMS HCRIS Hospital 2552-10 Worksheet S-3 Part II line 01100,https://downloads.cms.gov/Files/hcris/,ccn,100288,rn_contract_labor_dpc,blended,contract,48.21,,,1.0,,0.92,High,agency
1085418f-730e-41af-a771-56b590fe9816,05/31/2025,hcris_nmrc,CMS HCRIS Hospital 2552-10 Worksheet S-3 Part II line 01100,https://downloads.cms.gov/Files/hcris/,ccn,100231,rn_contract_labor_dpc,blended,contract,40.89,,,1.0,,0.92,High,agency
e9c475f0-c701-4eec-afe6-f9f3eb15d672,05/31/2025,hcris_nmrc,CMS HCRIS Hospital 2552-10 Worksheet S-3 Part II line 01100,https://downloads.cms.gov/Files/hcris/,ccn,450002,rn_contract_labor_dpc,blended,contract,61.84,,,1.0,,0.92,High,agency
0b2f2660-9d18-4dd8-aa86-df7ee0772066,05/31/2025,hcris_nmrc,CMS HCRIS Hospital 2552-10 Worksheet S-3 Part II line 01100,https://downloads.cms.gov/Files/hcris/,ccn,263028,rn_contract_labor_dpc,blended,contract,90.17,,,1.0,,0.92,High,agency
e944b604-b78d-4824-bda8-fa5b3fad5144,05/31/2025,hcris_nmrc,CMS HCRIS Hospital 2552-10 Worksheet S-3 Part II line 01100,https://downloads.cms.gov/Files/hcris/,ccn,032005,rn_contract_labor_dpc,blended,contract,74.4,,,1.0,,0.92,High,agency
c468e853-f59f-4cf5-a3c0-43aed6b1058d,05/31/2025,hcris_nmrc,CMS HCRIS Hospital 2552-10 Worksheet S-3 Part II line 01100,https://downloads.cms.gov/Files/hcris/,ccn,450742,rn_contract_labor_dpc,blended,contract,106.98,,,1.0,,0.92,High,agency
a08d2356-4916-443d-8758-8ce58b99aacd,05/31/2025,hcris_nmrc,CMS HCRIS Hospital 2552-10 Worksheet S-3 Part II line 01100,https://downloads.cms.gov/Files/hcris/,ccn,260022,rn_contract_labor_dpc,blended,contract,64.63,,,1.0,,0.92,High,agency
34478ec7-31f8-4ed8-8f06-cdac80debf88,05/31/2025,hcris_nmrc,CMS HCRIS Hospital 2552-10 Worksheet S-3 Part II line 01100,https://downloads.cms.gov/Files/hcris/,ccn,050464,rn_contract_labor_dpc,blended,contract,65.73,,,1.0,,0.92,High,agency
4e20ad86-b56f-4700-935e-a0fb7e471db1,05/31/2025,hcris_nmrc,CMS HCRIS Hospital 2552-10 Worksheet S-3 Part II line 01100,https://downloads.cms.gov/Files/hcris/,ccn,180004,rn_contract_labor_dpc,blended,contract,241.19,,,1.0,,0.92,High,agency
f17d9292-0ecd-4cca-972b-c686bd9f04b3,05/31/2025,hcris_nmrc,CMS HCRIS Hospital 2552-10 Worksheet S-3 Part II line 01100,https://downloads.cms.gov/Files/hcris/,ccn,423028,rn_contract_labor_dpc,blended,contract,65.87,,,1.0,,0.92,High,agency
1aa5f9dd-33da-43bf-ab21-61decc2f0512,05/31/2025,hcris_nmrc,CMS HCRIS Hospital 2552-10 Worksheet S-3 Part II line 01100,https://downloads.cms.gov/Files/hcris/,ccn,033032,rn_contract_labor_dpc,blended,contract,75.1,,,1.0,,0.92,High,agency
61a8a3e9-f56f-44d4-977c-ae9102d163bb,05/31/2025,hcris_nmrc,CMS HCRIS Hospital 2552-10 Worksheet S-3 Part II line 01100,https://downloads.cms.gov/Files/hcris/,ccn,450241,rn_contract_labor_dpc,blended,contract,51.49,,,1.0,,0.92,High,agency
9d3dbaae-f647-4473-ba50-cae60f2c12bd,05/31/2025,hcris_nmrc,CMS HCRIS Hospital 2552-10 Worksheet S-3 Part II line 01100,https://downloads.cms.gov/Files/hcris/,ccn,013033,rn_contract_labor_dpc,blended,contract,80.0,,,1.0,,0.92,High,agency
bc850290-153d-4961-9a65-17aa2c104bb1,05/31/2025,hcris_nmrc,CMS HCRIS Hospital 2552-10 Worksheet S-3 Part II line 01100,https://downloads.cms.gov/Files/hcris/,ccn,170176,rn_contract_labor_dpc,blended,contract,65.79,,,1.0,,0.92,High,agency
36d5a6f5-ef03-4b85-8da3-7ecfe5bf04d4,05/31/2025,hcris_nmrc,CMS HCRIS Hospital 2552-10 Worksheet S-3 Part II line 01100,https://downloads.cms.gov/Files/hcris/,ccn,670108,rn_contract_labor_dpc,blended,contract,67.31,,,1.0,,0.92,High,agency
38214144-24e6-48ca-8eec-5993d6aa7950,05/31/2025,hcris_nmrc,CMS HCRIS Hospital 2552-10 Worksheet S-3 Part II line 01100,https://downloads.cms.gov/Files/hcris/,ccn,670088,rn_contract_labor_dpc,blended,contract,133.32,,,1.0,,0.92,High,agency
d0aab2b2-56a7-4dd7-b9fc-2d23038ccbd3,05/31/2025,hcris_nmrc,CMS HCRIS Hospital 2552-10 Worksheet S-3 Part II line 01100,https://downloads.cms.gov/Files/hcris/,ccn,393053,rn_contract_labor_dpc,blended,contract,72.2,,,1.0,,0.92,High,agency
3d12d732-a446-4374-a74f-6ae71fbaa073,05/31/2025,hcris_nmrc,CMS HCRIS Hospital 2552-10 Worksheet S-3 Part II line 01100,https://downloads.cms.gov/Files/hcris/,ccn,440197,rn_contract_labor_dpc,blended,contract,115.86,,,1.0,,0.92,High,agency
cd984560-dd74-4c98-a3f9-829a07217d41,05/31/2025,hcris_nmrc,CMS HCRIS Hospital 2552-10 Worksheet S-3 Part II line 01100,https://downloads.cms.gov/Files/hcris/,ccn,143030,rn_contract_labor_dpc,blended,contract,82.2,,,1.0,,0.92,High,agency
a1a96f2b-e0d7-408f-be25-a5e8abfcf002,05/31/2025,hcris_nmrc,CMS HCRIS Hospital 2552-10 Worksheet S-3 Part II line 01100,https://downloads.cms.gov/Files/hcris/,ccn,170182,rn_contract_labor_dpc,blended,contract,75.57,,,1.0,,0.92,High,agency
2d1df53a-5d00-4048-b833-62b798edc826,05/31/2025,hcris_nmrc,CMS HCRIS Hospital 2552-10 Worksheet S-3 Part II line 01100,https://downloads.cms.gov/Files/hcris/,ccn,100161,rn_contract_labor_dpc,blended,contract,90.82,,,1.0,,0.92,High,agency
81eb098b-f5d2-4533-a994-393e3594f5c1,05/31/2025,hcris_nmrc,CMS HCRIS Hospital 2552-10 Worksheet S-3 Part II line 01100,https://downloads.cms.gov/Files/hcris/,ccn,050243,rn_contract_labor_dpc,blended,contract,97.45,,,1.0,,0.92,High,agency
99834339-87b7-43fa-9efd-a730b6852c57,05/31/2025,hcris_nmrc,CMS HCRIS Hospital 2552-10 Worksheet S-3 Part II line 01100,https://downloads.cms.gov/Files/hcris/,ccn,440228,rn_contract_labor_dpc,blended,contract,96.6,,,1.0,,0.92,High,agency
f58bd4fb-f1e1-4da8-8b72-63b3dc302f17,05/31/2025,hcris_nmrc,CMS HCRIS Hospital 2552-10 Worksheet S-3 Part II line 01100,https://downloads.cms.gov/Files/hcris/,ccn,430005,rn_contract_labor_dpc,blended,contract,77.37,,,1.0,,0.92,High,agency
9b87808e-4af2-44eb-a20e-58a591a2b909,05/31/2025,hcris_nmrc,CMS HCRIS Hospital 2552-10 Worksheet S-3 Part II line 01100,https://downloads.cms.gov/Files/hcris/,ccn,460005,rn_contract_labor_dpc,blended,contract,50.02,,,1.0,,0.92,High,agency
4dee9495-30ca-45bc-84e7-7349ee8e9929,05/31/2025,hcris_nmrc,CMS HCRIS Hospital 2552-10 Worksheet S-3 Part II line 01100,https://downloads.cms.gov/Files/hcris/,ccn,050534,rn_contract_labor_dpc,blended,contract,69.38,,,1.0,,0.92,High,agency
07f8c3c2-1e6f-40a2-8320-1de2e3d36a63,05/31/2025,hcris_nmrc,CMS HCRIS Hospital 2552-10 Worksheet S-3 Part II line 01100,https://downloads.cms.gov/Files/hcris/,ccn,050118,rn_contract_labor_dpc,blended,contract,63.95,,,1.0,,0.92,High,agency
cfbf27c9-efa5-4936-beba-9b7612743a1c,05/31/2025,hcris_nmrc,CMS HCRIS Hospital 2552-10 Worksheet S-3 Part II line 01100,https://downloads.cms.gov/Files/hcris/,ccn,050633,rn_contract_labor_dpc,blended,contract,109.26,,,1.0,,0.92,High,agency
0d94a22a-a3af-443d-b5a4-a9bf0b19bf84,05/31/2025,hcris_nmrc,CMS HCRIS Hospital 2552-10 Worksheet S-3 Part II line 01100,https://downloads.cms.gov/Files/hcris/,ccn,190208,rn_contract_labor_dpc,blended,contract,51.31,,,1.0,,0.92,High,agency
43b6f023-51d7-45ed-9636-36ff21b407dc,05/31/2025,hcris_nmrc,CMS HCRIS Hospital 2552-10 Worksheet S-3 Part II line 01100,https://downloads.cms.gov/Files/hcris/,ccn,392037,rn_contract_labor_dpc,blended,contract,68.47,,,1.0,,0.92,High,agency
27aaefcb-7516-4957-a636-dece7592640e,05/31/2025,hcris_nmrc,CMS HCRIS Hospital 2552-10 Worksheet S-3 Part II line 01100,https://downloads.cms.gov/Files/hcris/,ccn,100287,rn_contract_labor_dpc,blended,contract,32.43,,,1.0,,0.92,High,agency
403efe37-d9fa-4395-ae78-632ee52f5afc,05/31/2025,hcris_nmrc,CMS HCRIS Hospital 2552-10 Worksheet S-3 Part II line 01100,https://downloads.cms.gov/Files/hcris/,ccn,292003,rn_contract_labor_dpc,blended,contract,62.5,,,1.0,,0.92,High,agency
294e2cd6-49ab-4ed8-8709-9a9d9ac3474e,05/31/2025,hcris_nmrc,CMS HCRIS Hospital 2552-10 Worksheet S-3 Part II line 01100,https://downloads.cms.gov/Files/hcris/,ccn,420002,rn_contract_labor_dpc,blended,contract,61.18,,,1.0,,0.92,High,agency
186c9f31-8e8b-4e7a-87f5-9ee28e8bf83e,06/27/2025,hcris_nmrc,CMS HCRIS Hospital 2552-10 Worksheet S-3 Part II line 01100,https://downloads.cms.gov/Files/hcris/,ccn,390326,rn_contract_labor_dpc,blended,contract,104.05,,,1.0,,0.92,High,agency
5387a163-ed0d-4d7a-a443-24755fc1e549,06/30/2025,hcris_nmrc,CMS HCRIS Hospital 2552-10 Worksheet S-3 Part II line 01100,https://downloads.cms.gov/Files/hcris/,ccn,370235,rn_contract_labor_dpc,blended,contract,69.38,,,1.0,,0.92,High,agency
08b39a5d-b230-44cd-b74a-0cc50521d1be,06/30/2025,hcris_nmrc,CMS HCRIS Hospital 2552-10 Worksheet S-3 Part II line 01100,https://downloads.cms.gov/Files/hcris/,ccn,370218,rn_contract_labor_dpc,blended,contract,108.33,,,1.0,,0.92,High,agency
8c252ec0-413d-488f-a02e-ac525d735f7c,06/30/2025,hcris_nmrc,CMS HCRIS Hospital 2552-10 Worksheet S-3 Part II line 01100,https://downloads.cms.gov/Files/hcris/,ccn,230174,rn_contract_labor_dpc,blended,contract,81.62,,,1.0,,0.92,High,agency
4c0441a2-7af2-4c94-9f3b-2a78e69591b4,06/30/2025,hcris_nmrc,CMS HCRIS Hospital 2552-10 Worksheet S-3 Part II line 01100,https://downloads.cms.gov/Files/hcris/,ccn,520091,rn_contract_labor_dpc,blended,contract,92.92,,,1.0,,0.92,High,agency
9520647f-47aa-4ccc-9c95-fccde21cbe72,06/30/2025,hcris_nmrc,CMS HCRIS Hospital 2552-10 Worksheet S-3 Part II line 01100,https://downloads.cms.gov/Files/hcris/,ccn,140029,rn_contract_labor_dpc,blended,contract,73.99,,,1.0,,0.92,High,agency
aa8d46ea-3a05-4c1b-936d-6b30fdbfd5af,06/30/2025,hcris_nmrc,CMS HCRIS Hospital 2552-10 Worksheet S-3 Part II line 01100,https://downloads.cms.gov/Files/hcris/,ccn,100321,rn_contract_labor_dpc,blended,contract,72.57,,,1.0,,0.92,High,agency
d85aa559-d4dd-4da1-9798-9d79faeb7b43,06/30/2025,hcris_nmrc,CMS HCRIS Hospital 2552-10 Worksheet S-3 Part II line 01100,https://downloads.cms.gov/Files/hcris/,ccn,140095,rn_contract_labor_dpc,blended,contract,75.69,,,1.0,,0.92,High,agency
a52e4a45-910e-47f8-ace2-79fe1984e6c4,06/30/2025,hcris_nmrc,CMS HCRIS Hospital 2552-10 Worksheet S-3 Part II line 01100,https://downloads.cms.gov/Files/hcris/,ccn,200024,rn_contract_labor_dpc,blended,contract,95.6,,,1.0,,0.92,High,agency
38a98883-99ad-456d-a702-44fe047a493f,06/30/2025,hcris_nmrc,CMS HCRIS Hospital 2552-10 Worksheet S-3 Part II line 01100,https://downloads.cms.gov/Files/hcris/,ccn,230176,rn_contract_labor_dpc,blended,contract,75.01,,,1.0,,0.92,High,agency
ebd5119e-4d18-4ac1-bd1f-bd3fa8526b61,06/30/2025,hcris_nmrc,CMS HCRIS Hospital 2552-10 Worksheet S-3 Part II line 01100,https://downloads.cms.gov/Files/hcris/,ccn,210018,rn_contract_labor_dpc,blended,contract,92.24,,,1.0,,0.92,High,agency
24668c28-dbb0-4276-9a25-3bf1f9dd492d,06/30/2025,hcris_nmrc,CMS HCRIS Hospital 2552-10 Worksheet S-3 Part II line 01100,https://downloads.cms.gov/Files/hcris/,ccn,230208,rn_contract_labor_dpc,blended,contract,94.68,,,1.0,,0.92,High,agency
4ec1ac5c-29d4-4213-93fa-c155f169ae69,06/30/2025,hcris_nmrc,CMS HCRIS Hospital 2552-10 Worksheet S-3 Part II line 01100,https://downloads.cms.gov/Files/hcris/,ccn,370236,rn_contract_labor_dpc,blended,contract,72.74,,,1.0,,0.92,High,agency
87a0fc9b-a863-4090-bb78-fba01610ec39,06/30/2025,hcris_nmrc,CMS HCRIS Hospital 2552-10 Worksheet S-3 Part II line 01100,https://downloads.cms.gov/Files/hcris/,ccn,050567,rn_contract_labor_dpc,blended,contract,63.82,,,1.0,,0.92,High,agency
bb6e51b8-f577-4489-8d41-f1c4415e97dc,06/30/2025,hcris_nmrc,CMS HCRIS Hospital 2552-10 Worksheet S-3 Part II line 01100,https://downloads.cms.gov/Files/hcris/,ccn,140032,rn_contract_labor_dpc,blended,contract,68.73,,,1.0,,0.92,High,agency
60361e53-6eec-4c6f-a702-08533d368e4a,06/30/2025,hcris_nmrc,CMS HCRIS Hospital 2552-10 Worksheet S-3 Part II line 01100,https://downloads.cms.gov/Files/hcris/,ccn,230132,rn_contract_labor_dpc,blended,contract,72.51,,,1.0,,0.92,High,agency
1b9a71d2-1b53-4709-b8e7-62bfeb6d4109,06/30/2025,hcris_nmrc,CMS HCRIS Hospital 2552-10 Worksheet S-3 Part II line 01100,https://downloads.cms.gov/Files/hcris/,ccn,230089,rn_contract_labor_dpc,blended,contract,85.26,,,1.0,,0.92,High,agency
1c6d8772-bf32-4bb4-9927-86576f9f0e51,06/30/2025,hcris_nmrc,CMS HCRIS Hospital 2552-10 Worksheet S-3 Part II line 01100,https://downloads.cms.gov/Files/hcris/,ccn,210019,rn_contract_labor_dpc,blended,contract,97.01,,,1.0,,0.92,High,agency
016646a5-c22d-479b-a5f6-9050ded0e21b,06/30/2025,hcris_nmrc,CMS HCRIS Hospital 2552-10 Worksheet S-3 Part II line 01100,https://downloads.cms.gov/Files/hcris/,ccn,210004,rn_contract_labor_dpc,blended,contract,42.64,,,1.0,,0.92,High,agency
58df8029-d6d5-4f48-8918-cf5281f21e28,06/30/2025,hcris_nmrc,CMS HCRIS Hospital 2552-10 Worksheet S-3 Part II line 01100,https://downloads.cms.gov/Files/hcris/,ccn,520107,rn_contract_labor_dpc,blended,contract,94.13,,,1.0,,0.92,High,agency
1950bc20-423d-49d0-a533-d36179972368,06/30/2025,hcris_nmrc,CMS HCRIS Hospital 2552-10 Worksheet S-3 Part II line 01100,https://downloads.cms.gov/Files/hcris/,ccn,140187,rn_contract_labor_dpc,blended,contract,62.3,,,1.0,,0.92,High,agency
2bb90a20-26e2-4724-942a-7e7690ba3ba4,06/30/2025,hcris_nmrc,CMS HCRIS Hospital 2552-10 Worksheet S-3 Part II line 01100,https://downloads.cms.gov/Files/hcris/,ccn,140119,rn_contract_labor_dpc,blended,contract,118.57,,,1.0,,0.92,High,agency
642f49f6-4135-4f46-92dd-65b17eec87db,06/30/2025,hcris_nmrc,CMS HCRIS Hospital 2552-10 Worksheet S-3 Part II line 01100,https://downloads.cms.gov/Files/hcris/,ccn,450610,rn_contract_labor_dpc,blended,contract,118.14,,,1.0,,0.92,High,agency
5bb0b443-1223-4fc9-9049-f9b445d42caa,06/30/2025,hcris_nmrc,CMS HCRIS Hospital 2552-10 Worksheet S-3 Part II line 01100,https://downloads.cms.gov/Files/hcris/,ccn,050159,rn_contract_labor_dpc,blended,contract,79.81,,,1.0,,0.92,High,agency
8d6a1b30-8ec6-4ea2-9934-2c97bfb528ae,06/30/2025,hcris_nmrc,CMS HCRIS Hospital 2552-10 Worksheet S-3 Part II line 01100,https://downloads.cms.gov/Files/hcris/,ccn,520030,rn_contract_labor_dpc,blended,contract,93.38,,,1.0,,0.92,High,agency
bc5e5292-bf3b-4f26-ac9f-66943da64a85,06/30/2025,hcris_nmrc,CMS HCRIS Hospital 2552-10 Worksheet S-3 Part II line 01100,https://downloads.cms.gov/Files/hcris/,ccn,230236,rn_contract_labor_dpc,blended,contract,73.32,,,1.0,,0.92,High,agency
c7d769d8-6fff-44fa-bd90-9e7023fc1723,06/30/2025,hcris_nmrc,CMS HCRIS Hospital 2552-10 Worksheet S-3 Part II line 01100,https://downloads.cms.gov/Files/hcris/,ccn,520213,rn_contract_labor_dpc,blended,contract,101.02,,,1.0,,0.92,High,agency
e44205eb-bfbb-482f-a7c8-c521a0835861,06/30/2025,hcris_nmrc,CMS HCRIS Hospital 2552-10 Worksheet S-3 Part II line 01100,https://downloads.cms.gov/Files/hcris/,ccn,520103,rn_contract_labor_dpc,blended,contract,76.68,,,1.0,,0.92,High,agency
c75e15f5-80cb-4936-9bf3-6fd9058f4400,06/30/2025,hcris_nmrc,CMS HCRIS Hospital 2552-10 Worksheet S-3 Part II line 01100,https://downloads.cms.gov/Files/hcris/,ccn,230222,rn_contract_labor_dpc,blended,contract,75.72,,,1.0,,0.92,High,agency
ea775c9b-3d3a-4c5b-bfd7-0a7b07ec1678,06/30/2025,hcris_nmrc,CMS HCRIS Hospital 2552-10 Worksheet S-3 Part II line 01100,https://downloads.cms.gov/Files/hcris/,ccn,140018,rn_contract_labor_dpc,blended,contract,110.0,,,1.0,,0.92,High,agency
12b57649-72b7-46ca-aeb6-f4c996cfe582,06/30/2025,hcris_nmrc,CMS HCRIS Hospital 2552-10 Worksheet S-3 Part II line 01100,https://downloads.cms.gov/Files/hcris/,ccn,100363,rn_contract_labor_dpc,blended,contract,83.04,,,1.0,,0.92,High,agency
78cb2d8f-ffd7-4d3b-b250-0019ea977382,06/30/2025,hcris_nmrc,CMS HCRIS Hospital 2552-10 Worksheet S-3 Part II line 01100,https://downloads.cms.gov/Files/hcris/,ccn,330204,rn_contract_labor_dpc,blended,contract,98.82,,,1.0,,0.92,High,agency
eb11f46c-ae5e-4098-a98f-7473f0a190d8,06/30/2025,hcris_nmrc,CMS HCRIS Hospital 2552-10 Worksheet S-3 Part II line 01100,https://downloads.cms.gov/Files/hcris/,ccn,100025,rn_contract_labor_dpc,blended,contract,42.07,,,1.0,,0.92,High,agency
156fa3f0-1b91-42bb-af87-25b2a6cf61aa,06/30/2025,hcris_nmrc,CMS HCRIS Hospital 2552-10 Worksheet S-3 Part II line 01100,https://downloads.cms.gov/Files/hcris/,ccn,520051,rn_contract_labor_dpc,blended,contract,64.6,,,1.0,,0.92,High,agency
1b20855e-d727-44fb-be7a-77137d6234b9,06/30/2025,hcris_nmrc,CMS HCRIS Hospital 2552-10 Worksheet S-3 Part II line 01100,https://downloads.cms.gov/Files/hcris/,ccn,330396,rn_contract_labor_dpc,blended,contract,101.59,,,1.0,,0.92,High,agency
2d245d0e-cb26-4c7e-b1de-cc05e4168841,06/30/2025,hcris_nmrc,CMS HCRIS Hospital 2552-10 Worksheet S-3 Part II line 01100,https://downloads.cms.gov/Files/hcris/,ccn,050191,rn_contract_labor_dpc,blended,contract,109.06,,,1.0,,0.92,High,agency
dc185fa6-3b35-46eb-9680-8d0dd0bc2a3f,06/30/2025,hcris_nmrc,CMS HCRIS Hospital 2552-10 Worksheet S-3 Part II line 01100,https://downloads.cms.gov/Files/hcris/,ccn,230165,rn_contract_labor_dpc,blended,contract,104.47,,,1.0,,0.92,High,agency
caffa93a-0129-4366-8f6c-824e6e6b33bf,06/30/2025,hcris_nmrc,CMS HCRIS Hospital 2552-10 Worksheet S-3 Part II line 01100,https://downloads.cms.gov/Files/hcris/,ccn,520097,rn_contract_labor_dpc,blended,contract,90.57,,,1.0,,0.92,High,agency
af8d6180-2b09-4dd0-b158-ba5b5818d9cd,06/30/2025,hcris_nmrc,CMS HCRIS Hospital 2552-10 Worksheet S-3 Part II line 01100,https://downloads.cms.gov/Files/hcris/,ccn,230230,rn_contract_labor_dpc,blended,contract,88.88,,,1.0,,0.92,High,agency
31e7992a-015f-4c83-9d89-01847fc03d80,06/30/2025,hcris_nmrc,CMS HCRIS Hospital 2552-10 Worksheet S-3 Part II line 01100,https://downloads.cms.gov/Files/hcris/,ccn,520098,rn_contract_labor_dpc,blended,contract,94.41,,,1.0,,0.92,High,agency
2299082b-5b60-47f1-984d-61ec06788f44,06/30/2025,hcris_nmrc,CMS HCRIS Hospital 2552-10 Worksheet S-3 Part II line 01100,https://downloads.cms.gov/Files/hcris/,ccn,370114,rn_contract_labor_dpc,blended,contract,68.16,,,1.0,,0.92,High,agency
2b9a132a-42bc-4202-a965-1d2c6a319512,06/30/2025,hcris_nmrc,CMS HCRIS Hospital 2552-10 Worksheet S-3 Part II line 01100,https://downloads.cms.gov/Files/hcris/,ccn,140115,rn_contract_labor_dpc,blended,contract,62.02,,,1.0,,0.92,High,agency
a51193e3-a68d-4a8d-ab47-a1e7f9506b00,06/30/2025,hcris_nmrc,CMS HCRIS Hospital 2552-10 Worksheet S-3 Part II line 01100,https://downloads.cms.gov/Files/hcris/,ccn,210003,rn_contract_labor_dpc,blended,contract,97.71,,,1.0,,0.92,High,agency
098443c6-3fdd-459b-914e-97fe79449233,06/30/2025,hcris_nmrc,CMS HCRIS Hospital 2552-10 Worksheet S-3 Part II line 01100,https://downloads.cms.gov/Files/hcris/,ccn,230142,rn_contract_labor_dpc,blended,contract,72.5,,,1.0,,0.92,High,agency
6d63cdac-c058-4935-99a6-1e4318bfafea,06/30/2025,hcris_nmrc,CMS HCRIS Hospital 2552-10 Worksheet S-3 Part II line 01100,https://downloads.cms.gov/Files/hcris/,ccn,380009,rn_contract_labor_dpc,blended,contract,91.73,,,1.0,,0.92,High,agency
36fb6563-fb91-434d-81e2-e95b13d11971,06/30/2025,hcris_nmrc,CMS HCRIS Hospital 2552-10 Worksheet S-3 Part II line 01100,https://downloads.cms.gov/Files/hcris/,ccn,210022,rn_contract_labor_dpc,blended,contract,89.21,,,1.0,,0.92,High,agency
8e8ac061-8e10-429d-bbd2-fcf69de715e5,06/30/2025,hcris_nmrc,CMS HCRIS Hospital 2552-10 Worksheet S-3 Part II line 01100,https://downloads.cms.gov/Files/hcris/,ccn,330164,rn_contract_labor_dpc,blended,contract,96.22,,,1.0,,0.92,High,agency
4e239923-7884-4c9a-94de-e59a8df2d680,06/30/2025,hcris_nmrc,CMS HCRIS Hospital 2552-10 Worksheet S-3 Part II line 01100,https://downloads.cms.gov/Files/hcris/,ccn,450573,rn_contract_labor_dpc,blended,contract,30.0,,,1.0,,0.92,High,agency
c475c67c-5a7f-4b9b-9711-1488c67f4cfe,06/30/2025,hcris_nmrc,CMS HCRIS Hospital 2552-10 Worksheet S-3 Part II line 01100,https://downloads.cms.gov/Files/hcris/,ccn,520063,rn_contract_labor_dpc,blended,contract,83.61,,,1.0,,0.92,High,agency
5272e0cc-aeaa-4ec3-88a5-6f7382aa1954,06/30/2025,hcris_nmrc,CMS HCRIS Hospital 2552-10 Worksheet S-3 Part II line 01100,https://downloads.cms.gov/Files/hcris/,ccn,330199,rn_contract_labor_dpc,blended,contract,72.84,,,1.0,,0.92,High,agency
2ec31f59-cf31-40b2-9a99-b61ca7732916,06/30/2025,hcris_nmrc,CMS HCRIS Hospital 2552-10 Worksheet S-3 Part II line 01100,https://downloads.cms.gov/Files/hcris/,ccn,210002,rn_contract_labor_dpc,blended,contract,82.31,,,1.0,,0.92,High,agency
6c3e876c-d1aa-4cc6-a1a2-9043ebf8d337,06/30/2025,hcris_nmrc,CMS HCRIS Hospital 2552-10 Worksheet S-3 Part II line 01100,https://downloads.cms.gov/Files/hcris/,ccn,330202,rn_contract_labor_dpc,blended,contract,86.34,,,1.0,,0.92,High,agency
5893a9bf-87e7-41dc-a8e4-fa51053bf455,06/30/2025,hcris_nmrc,CMS HCRIS Hospital 2552-10 Worksheet S-3 Part II line 01100,https://downloads.cms.gov/Files/hcris/,ccn,230239,rn_contract_labor_dpc,blended,contract,81.98,,,1.0,,0.92,High,agency
674f96cd-6b82-4fd1-be67-17baea2975f1,06/30/2025,hcris_nmrc,CMS HCRIS Hospital 2552-10 Worksheet S-3 Part II line 01100,https://downloads.cms.gov/Files/hcris/,ccn,210001,rn_contract_labor_dpc,blended,contract,86.5,,,1.0,,0.92,High,agency
d5a9b32f-11d7-4f63-8bc5-6a66bdca9b15,06/30/2025,hcris_nmrc,CMS HCRIS Hospital 2552-10 Worksheet S-3 Part II line 01100,https://downloads.cms.gov/Files/hcris/,ccn,443039,rn_contract_labor_dpc,blended,contract,75.49,,,1.0,,0.92,High,agency
9b4b6396-a3e7-49f3-9dbd-cc059168b677,06/30/2025,hcris_nmrc,CMS HCRIS Hospital 2552-10 Worksheet S-3 Part II line 01100,https://downloads.cms.gov/Files/hcris/,ccn,370227,rn_contract_labor_dpc,blended,contract,60.67,,,1.0,,0.92,High,agency
ccd14e9d-3531-4c53-95f9-5eb7cab9d5d9,06/30/2025,hcris_nmrc,CMS HCRIS Hospital 2552-10 Worksheet S-3 Part II line 01100,https://downloads.cms.gov/Files/hcris/,ccn,330140,rn_contract_labor_dpc,blended,contract,81.32,,,1.0,,0.92,High,agency
b42ce8f4-8735-4a4d-8337-6616425e5d96,06/30/2025,hcris_nmrc,CMS HCRIS Hospital 2552-10 Worksheet S-3 Part II line 01100,https://downloads.cms.gov/Files/hcris/,ccn,370158,rn_contract_labor_dpc,blended,contract,57.51,,,1.0,,0.92,High,agency
31a899f5-7474-4858-bcc1-5888265baa6b,06/30/2025,hcris_nmrc,CMS HCRIS Hospital 2552-10 Worksheet S-3 Part II line 01100,https://downloads.cms.gov/Files/hcris/,ccn,140166,rn_contract_labor_dpc,blended,contract,86.0,,,1.0,,0.92,High,agency
da117a56-ab51-41a9-8f5b-5d77495b4c1d,06/30/2025,hcris_nmrc,CMS HCRIS Hospital 2552-10 Worksheet S-3 Part II line 01100,https://downloads.cms.gov/Files/hcris/,ccn,520075,rn_contract_labor_dpc,blended,contract,81.15,,,1.0,,0.92,High,agency
0a60aff0-4063-4030-bc00-6208db76b4f6,06/30/2025,hcris_nmrc,CMS HCRIS Hospital 2552-10 Worksheet S-3 Part II line 01100,https://downloads.cms.gov/Files/hcris/,ccn,380021,rn_contract_labor_dpc,blended,contract,69.82,,,1.0,,0.92,High,agency
afee1c35-8a53-49ed-8f27-c4041faa8edf,06/30/2025,hcris_nmrc,CMS HCRIS Hospital 2552-10 Worksheet S-3 Part II line 01100,https://downloads.cms.gov/Files/hcris/,ccn,140063,rn_contract_labor_dpc,blended,contract,105.8,,,1.0,,0.92,High,agency
5529ecb3-7204-4399-97c4-6edbda56ce8e,06/30/2025,hcris_nmrc,CMS HCRIS Hospital 2552-10 Worksheet S-3 Part II line 01100,https://downloads.cms.gov/Files/hcris/,ccn,210011,rn_contract_labor_dpc,blended,contract,69.49,,,1.0,,0.92,High,agency
140ed9c6-8829-4e83-8fb3-104b039b9d89,06/30/2025,hcris_nmrc,CMS HCRIS Hospital 2552-10 Worksheet S-3 Part II line 01100,https://downloads.cms.gov/Files/hcris/,ccn,330127,rn_contract_labor_dpc,blended,contract,96.51,,,1.0,,0.92,High,agency
a3c155ce-c68a-4568-adf5-b5d7d8b35ba4,06/30/2025,hcris_nmrc,CMS HCRIS Hospital 2552-10 Worksheet S-3 Part II line 01100,https://downloads.cms.gov/Files/hcris/,ccn,370199,rn_contract_labor_dpc,blended,contract,78.9,,,1.0,,0.92,High,agency
102736a3-9c4c-4527-8e00-3ad2e31e5e26,06/30/2025,hcris_nmrc,CMS HCRIS Hospital 2552-10 Worksheet S-3 Part II line 01100,https://downloads.cms.gov/Files/hcris/,ccn,140137,rn_contract_labor_dpc,blended,contract,70.11,,,1.0,,0.92,High,agency
a7e297b3-aa50-4460-9200-1b30563ec676,06/30/2025,hcris_nmrc,CMS HCRIS Hospital 2552-10 Worksheet S-3 Part II line 01100,https://downloads.cms.gov/Files/hcris/,ccn,010079,rn_contract_labor_dpc,blended,contract,65.4,,,1.0,,0.92,High,agency
46057cee-4efa-4611-8987-703cf33143c7,06/30/2025,hcris_nmrc,CMS HCRIS Hospital 2552-10 Worksheet S-3 Part II line 01100,https://downloads.cms.gov/Files/hcris/,ccn,450508,rn_contract_labor_dpc,blended,contract,64.15,,,1.0,,0.92,High,agency
4c8eab03-6b38-487c-a845-b2fe39dc2bf0,06/30/2025,hcris_nmrc,CMS HCRIS Hospital 2552-10 Worksheet S-3 Part II line 01100,https://downloads.cms.gov/Files/hcris/,ccn,040011,rn_contract_labor_dpc,blended,contract,83.01,,,1.0,,0.92,High,agency
c446a4ca-b057-4cf8-aafe-173ce293d9f0,06/30/2025,hcris_nmrc,CMS HCRIS Hospital 2552-10 Worksheet S-3 Part II line 01100,https://downloads.cms.gov/Files/hcris/,ccn,140145,rn_contract_labor_dpc,blended,contract,45.84,,,1.0,,0.92,High,agency
389a521b-7271-45bd-8758-3de618e6f016,06/30/2025,hcris_nmrc,CMS HCRIS Hospital 2552-10 Worksheet S-3 Part II line 01100,https://downloads.cms.gov/Files/hcris/,ccn,050167,rn_contract_labor_dpc,blended,contract,95.13,,,1.0,,0.92,High,agency
cb7cb0d7-6da3-4d32-bfdb-108902e5772c,06/30/2025,hcris_nmrc,CMS HCRIS Hospital 2552-10 Worksheet S-3 Part II line 01100,https://downloads.cms.gov/Files/hcris/,ccn,520045,rn_contract_labor_dpc,blended,contract,93.37,,,1.0,,0.92,High,agency
66a223c3-4ac5-4a99-9c0a-12a1e1fe5f07,06/30/2025,hcris_nmrc,CMS HCRIS Hospital 2552-10 Worksheet S-3 Part II line 01100,https://downloads.cms.gov/Files/hcris/,ccn,370211,rn_contract_labor_dpc,blended,contract,89.47,,,1.0,,0.92,High,agency
fa369bd0-593d-4868-9ea4-bb23a2765cca,06/30/2025,hcris_nmrc,CMS HCRIS Hospital 2552-10 Worksheet S-3 Part II line 01100,https://downloads.cms.gov/Files/hcris/,ccn,140083,rn_contract_labor_dpc,blended,contract,104.33,,,1.0,,0.92,High,agency
ca16535d-caca-4be0-901f-d2d25ec7fc89,06/30/2025,hcris_nmrc,CMS HCRIS Hospital 2552-10 Worksheet S-3 Part II line 01100,https://downloads.cms.gov/Files/hcris/,ccn,230100,rn_contract_labor_dpc,blended,contract,88.73,,,1.0,,0.92,High,agency
03ec15cf-bd7b-44bc-82b9-730971cde783,06/30/2025,hcris_nmrc,CMS HCRIS Hospital 2552-10 Worksheet S-3 Part II line 01100,https://downloads.cms.gov/Files/hcris/,ccn,210008,rn_contract_labor_dpc,blended,contract,51.01,,,1.0,,0.92,High,agency
acf12ed4-70ee-4cd6-aa03-3b98a02e42eb,06/30/2025,hcris_nmrc,CMS HCRIS Hospital 2552-10 Worksheet S-3 Part II line 01100,https://downloads.cms.gov/Files/hcris/,ccn,330240,rn_contract_labor_dpc,blended,contract,92.09,,,1.0,,0.92,High,agency
843d24d3-a04a-4d00-9da3-d7855594c8c7,06/30/2025,hcris_nmrc,CMS HCRIS Hospital 2552-10 Worksheet S-3 Part II line 01100,https://downloads.cms.gov/Files/hcris/,ccn,520096,rn_contract_labor_dpc,blended,contract,60.85,,,1.0,,0.92,High,agency
3107d06c-1d16-4623-8aaa-5b8abb4c5330,06/30/2025,hcris_nmrc,CMS HCRIS Hospital 2552-10 Worksheet S-3 Part II line 01100,https://downloads.cms.gov/Files/hcris/,ccn,330238,rn_contract_labor_dpc,blended,contract,80.23,,,1.0,,0.92,High,agency
76deda52-1a37-4182-b452-938304fa2b76,06/30/2025,hcris_nmrc,CMS HCRIS Hospital 2552-10 Worksheet S-3 Part II line 01100,https://downloads.cms.gov/Files/hcris/,ccn,230180,rn_contract_labor_dpc,blended,contract,84.86,,,1.0,,0.92,High,agency
101f2f67-5f16-42a3-8bac-2d858acb692e,06/30/2025,hcris_nmrc,CMS HCRIS Hospital 2552-10 Worksheet S-3 Part II line 01100,https://downloads.cms.gov/Files/hcris/,ccn,520177,rn_contract_labor_dpc,blended,contract,54.46,,,1.0,,0.92,High,agency
29cadd98-5077-4bd0-a678-5892ca8af1bc,06/30/2025,hcris_nmrc,CMS HCRIS Hospital 2552-10 Worksheet S-3 Part II line 01100,https://downloads.cms.gov/Files/hcris/,ccn,050516,rn_contract_labor_dpc,blended,contract,113.36,,,1.0,,0.92,High,agency
63c8085b-2066-45b4-a43a-0fd24a032d06,06/30/2025,hcris_nmrc,CMS HCRIS Hospital 2552-10 Worksheet S-3 Part II line 01100,https://downloads.cms.gov/Files/hcris/,ccn,100292,rn_contract_labor_dpc,blended,contract,39.23,,,1.0,,0.92,High,agency
1678db12-d175-4318-916f-c6fe07ccc737,06/30/2025,hcris_nmrc,CMS HCRIS Hospital 2552-10 Worksheet S-3 Part II line 01100,https://downloads.cms.gov/Files/hcris/,ccn,520160,rn_contract_labor_dpc,blended,contract,83.06,,,1.0,,0.92,High,agency
c837965a-553d-4834-af8a-4aaa2818a15c,06/30/2025,hcris_nmrc,CMS HCRIS Hospital 2552-10 Worksheet S-3 Part II line 01100,https://downloads.cms.gov/Files/hcris/,ccn,100307,rn_contract_labor_dpc,blended,contract,78.33,,,1.0,,0.92,High,agency
c9e5b00c-6b95-43af-aab2-037f638fb21c,06/30/2025,hcris_nmrc,CMS HCRIS Hospital 2552-10 Worksheet S-3 Part II line 01100,https://downloads.cms.gov/Files/hcris/,ccn,230110,rn_contract_labor_dpc,blended,contract,80.2,,,1.0,,0.92,High,agency
d759f5de-570b-49a6-95cd-ca6b6cbb13f2,06/30/2025,hcris_nmrc,CMS HCRIS Hospital 2552-10 Worksheet S-3 Part II line 01100,https://downloads.cms.gov/Files/hcris/,ccn,230254,rn_contract_labor_dpc,blended,contract,52.76,,,1.0,,0.92,High,agency
6f957c83-2350-4237-b74d-1661a633b5e0,06/30/2025,hcris_nmrc,CMS HCRIS Hospital 2552-10 Worksheet S-3 Part II line 01100,https://downloads.cms.gov/Files/hcris/,ccn,520078,rn_contract_labor_dpc,blended,contract,91.93,,,1.0,,0.92,High,agency
e3907699-2848-4427-9a51-85f6e49e77a6,06/30/2025,hcris_nmrc,CMS HCRIS Hospital 2552-10 Worksheet S-3 Part II line 01100,https://downloads.cms.gov/Files/hcris/,ccn,440193,rn_contract_labor_dpc,blended,contract,71.86,,,1.0,,0.92,High,agency
f4316e7e-c242-4d01-bf99-1c595e6aa1d4,06/30/2025,hcris_nmrc,CMS HCRIS Hospital 2552-10 Worksheet S-3 Part II line 01100,https://downloads.cms.gov/Files/hcris/,ccn,230117,rn_contract_labor_dpc,blended,contract,52.01,,,1.0,,0.92,High,agency
59d783bb-78c9-41de-9388-21377fd8bb5f,06/30/2025,hcris_nmrc,CMS HCRIS Hospital 2552-10 Worksheet S-3 Part II line 01100,https://downloads.cms.gov/Files/hcris/,ccn,450537,rn_contract_labor_dpc,blended,contract,81.91,,,1.0,,0.92,High,agency
eccb9fe9-0743-424d-8dcd-d040b67666d6,06/30/2025,hcris_nmrc,CMS HCRIS Hospital 2552-10 Worksheet S-3 Part II line 01100,https://downloads.cms.gov/Files/hcris/,ccn,140133,rn_contract_labor_dpc,blended,contract,113.2,,,1.0,,0.92,High,agency
ee560c20-4930-4551-af46-cc38314f4b96,06/30/2025,hcris_nmrc,CMS HCRIS Hospital 2552-10 Worksheet S-3 Part II line 01100,https://downloads.cms.gov/Files/hcris/,ccn,100026,rn_contract_labor_dpc,blended,contract,45.33,,,1.0,,0.92,High,agency
62cab8fc-c8bb-4bc1-b8b4-4b5fbdce5bf4,06/30/2025,hcris_nmrc,CMS HCRIS Hospital 2552-10 Worksheet S-3 Part II line 01100,https://downloads.cms.gov/Files/hcris/,ccn,100290,rn_contract_labor_dpc,blended,contract,103.07,,,1.0,,0.92,High,agency
c156e750-d8a1-4a64-924d-414f2450c329,06/30/2025,hcris_nmrc,CMS HCRIS Hospital 2552-10 Worksheet S-3 Part II line 01100,https://downloads.cms.gov/Files/hcris/,ccn,210009,rn_contract_labor_dpc,blended,contract,55.48,,,1.0,,0.92,High,agency
96f1ecef-c638-410d-be9e-bd2c915f7365,06/30/2025,hcris_nmrc,CMS HCRIS Hospital 2552-10 Worksheet S-3 Part II line 01100,https://downloads.cms.gov/Files/hcris/,ccn,050168,rn_contract_labor_dpc,blended,contract,76.83,,,1.0,,0.92,High,agency
e4d52924-f99f-4081-8da6-73875a651021,06/30/2025,hcris_nmrc,CMS HCRIS Hospital 2552-10 Worksheet S-3 Part II line 01100,https://downloads.cms.gov/Files/hcris/,ccn,140059,rn_contract_labor_dpc,blended,contract,108.44,,,1.0,,0.92,High,agency
e1a7149b-1f6e-4299-8b07-c6603fc3dbdf,06/30/2025,hcris_nmrc,CMS HCRIS Hospital 2552-10 Worksheet S-3 Part II line 01100,https://downloads.cms.gov/Files/hcris/,ccn,230241,rn_contract_labor_dpc,blended,contract,97.54,,,1.0,,0.92,High,agency
21e54bc1-106b-4551-919d-0181cd29d5c0,06/30/2025,hcris_nmrc,CMS HCRIS Hospital 2552-10 Worksheet S-3 Part II line 01100,https://downloads.cms.gov/Files/hcris/,ccn,200039,rn_contract_labor_dpc,blended,contract,112.58,,,1.0,,0.92,High,agency
ea935b07-799b-4ffc-8316-e604d5c4e67d,06/30/2025,hcris_nmrc,CMS HCRIS Hospital 2552-10 Worksheet S-3 Part II line 01100,https://downloads.cms.gov/Files/hcris/,ccn,040016,rn_contract_labor_dpc,blended,contract,38.56,,,1.0,,0.92,High,agency
d60873c8-0991-4c8a-9144-b2c18f530c9a,06/30/2025,hcris_nmrc,CMS HCRIS Hospital 2552-10 Worksheet S-3 Part II line 01100,https://downloads.cms.gov/Files/hcris/,ccn,370214,rn_contract_labor_dpc,blended,contract,80.44,,,1.0,,0.92,High,agency
ec1b1440-4271-48be-936d-4b21e1b98da2,06/30/2025,hcris_nmrc,CMS HCRIS Hospital 2552-10 Worksheet S-3 Part II line 01100,https://downloads.cms.gov/Files/hcris/,ccn,040007,rn_contract_labor_dpc,blended,contract,57.14,,,1.0,,0.92,High,agency
53d1e8b4-3440-4d18-96b3-666ed5bc61db,06/30/2025,hcris_nmrc,CMS HCRIS Hospital 2552-10 Worksheet S-3 Part II line 01100,https://downloads.cms.gov/Files/hcris/,ccn,330285,rn_contract_labor_dpc,blended,contract,99.24,,,1.0,,0.92,High,agency
8c8e995c-28db-4eac-a0a9-2a55490fbb3f,06/30/2025,hcris_nmrc,CMS HCRIS Hospital 2552-10 Worksheet S-3 Part II line 01100,https://downloads.cms.gov/Files/hcris/,ccn,370237,rn_contract_labor_dpc,blended,contract,114.38,,,1.0,,0.92,High,agency
d1ec0f10-50d4-438b-8e05-ad124f563c86,06/30/2025,hcris_nmrc,CMS HCRIS Hospital 2552-10 Worksheet S-3 Part II line 01100,https://downloads.cms.gov/Files/hcris/,ccn,230095,rn_contract_labor_dpc,blended,contract,81.2,,,1.0,,0.92,High,agency
c9bcde7d-87ef-4489-a6f5-643e1ec0d8e9,06/30/2025,hcris_nmrc,CMS HCRIS Hospital 2552-10 Worksheet S-3 Part II line 01100,https://downloads.cms.gov/Files/hcris/,ccn,140089,rn_contract_labor_dpc,blended,contract,92.88,,,1.0,,0.92,High,agency
dda363e1-74b9-432a-91e8-88a30d244f3b,06/30/2025,hcris_nmrc,CMS HCRIS Hospital 2552-10 Worksheet S-3 Part II line 01100,https://downloads.cms.gov/Files/hcris/,ccn,140088,rn_contract_labor_dpc,blended,contract,85.71,,,1.0,,0.92,High,agency
445d47df-7239-42c1-ba67-821d3dd82437,06/30/2025,hcris_nmrc,CMS HCRIS Hospital 2552-10 Worksheet S-3 Part II line 01100,https://downloads.cms.gov/Files/hcris/,ccn,520041,rn_contract_labor_dpc,blended,contract,71.91,,,1.0,,0.92,High,agency
b43c2226-34dd-4929-9c2b-c966b79067a0,06/30/2025,hcris_nmrc,CMS HCRIS Hospital 2552-10 Worksheet S-3 Part II line 01100,https://downloads.cms.gov/Files/hcris/,ccn,520066,rn_contract_labor_dpc,blended,contract,96.0,,,1.0,,0.92,High,agency
24ed7e49-b3f7-49e6-9502-79674605d833,06/30/2025,hcris_nmrc,CMS HCRIS Hospital 2552-10 Worksheet S-3 Part II line 01100,https://downloads.cms.gov/Files/hcris/,ccn,330196,rn_contract_labor_dpc,blended,contract,77.22,,,1.0,,0.92,High,agency
22f3cd4d-554e-4364-9cd8-2f46abb60598,06/30/2025,hcris_nmrc,CMS HCRIS Hospital 2552-10 Worksheet S-3 Part II line 01100,https://downloads.cms.gov/Files/hcris/,ccn,140150,rn_contract_labor_dpc,blended,contract,108.96,,,1.0,,0.92,High,agency
c0d72396-7def-4319-8695-dae444287a3f,06/30/2025,hcris_nmrc,CMS HCRIS Hospital 2552-10 Worksheet S-3 Part II line 01100,https://downloads.cms.gov/Files/hcris/,ccn,450563,rn_contract_labor_dpc,blended,contract,63.83,,,1.0,,0.92,High,agency
6e919a1c-09d8-433a-bbd5-c526b2f6c436,06/30/2025,hcris_nmrc,CMS HCRIS Hospital 2552-10 Worksheet S-3 Part II line 01100,https://downloads.cms.gov/Files/hcris/,ccn,100313,rn_contract_labor_dpc,blended,contract,68.43,,,1.0,,0.92,High,agency
5f3cb30b-c823-4850-b2ab-0c69baff7daa,06/30/2025,hcris_nmrc,CMS HCRIS Hospital 2552-10 Worksheet S-3 Part II line 01100,https://downloads.cms.gov/Files/hcris/,ccn,030119,rn_contract_labor_dpc,blended,contract,69.57,,,1.0,,0.92,High,agency
ff8ebf63-e841-47ad-a740-092328f50ee5,06/30/2025,hcris_nmrc,CMS HCRIS Hospital 2552-10 Worksheet S-3 Part II line 01100,https://downloads.cms.gov/Files/hcris/,ccn,330180,rn_contract_labor_dpc,blended,contract,79.86,,,1.0,,0.92,High,agency
a7ff1a98-c0ec-4afc-a652-1e987329bd9d,06/30/2025,hcris_nmrc,CMS HCRIS Hospital 2552-10 Worksheet S-3 Part II line 01100,https://downloads.cms.gov/Files/hcris/,ccn,050174,rn_contract_labor_dpc,blended,contract,64.81,,,1.0,,0.92,High,agency
047ce344-5c24-42c0-98b8-ffed3d985903,06/30/2025,hcris_nmrc,CMS HCRIS Hospital 2552-10 Worksheet S-3 Part II line 01100,https://downloads.cms.gov/Files/hcris/,ccn,210015,rn_contract_labor_dpc,blended,contract,81.49,,,1.0,,0.92,High,agency
5d7eb9e9-5fea-49e9-bc93-bbc70bfdb7d5,06/30/2025,hcris_nmrc,CMS HCRIS Hospital 2552-10 Worksheet S-3 Part II line 01100,https://downloads.cms.gov/Files/hcris/,ccn,230197,rn_contract_labor_dpc,blended,contract,89.61,,,1.0,,0.92,High,agency
ab67b20d-af2d-4f6b-88db-610e185614fb,06/30/2025,hcris_nmrc,CMS HCRIS Hospital 2552-10 Worksheet S-3 Part II line 01100,https://downloads.cms.gov/Files/hcris/,ccn,330151,rn_contract_labor_dpc,blended,contract,54.87,,,1.0,,0.92,High,agency
2e9bf89e-a88c-486a-961c-cd34d0b9777c,06/30/2025,hcris_nmrc,CMS HCRIS Hospital 2552-10 Worksheet S-3 Part II line 01100,https://downloads.cms.gov/Files/hcris/,ccn,450539,rn_contract_labor_dpc,blended,contract,91.25,,,1.0,,0.92,High,agency
2cf93a10-e5f0-48e4-a4db-688b3a91164b,06/30/2025,hcris_nmrc,CMS HCRIS Hospital 2552-10 Worksheet S-3 Part II line 01100,https://downloads.cms.gov/Files/hcris/,ccn,230195,rn_contract_labor_dpc,blended,contract,78.63,,,1.0,,0.92,High,agency
f5181888-a43b-4d13-8261-c289adb0a893,06/30/2025,hcris_nmrc,CMS HCRIS Hospital 2552-10 Worksheet S-3 Part II line 01100,https://downloads.cms.gov/Files/hcris/,ccn,450641,rn_contract_labor_dpc,blended,contract,90.82,,,1.0,,0.92,High,agency
f1d05cf2-e1a9-46c1-af8c-2a023b56d8bb,06/30/2025,hcris_nmrc,CMS HCRIS Hospital 2552-10 Worksheet S-3 Part II line 01100,https://downloads.cms.gov/Files/hcris/,ccn,520033,rn_contract_labor_dpc,blended,contract,66.83,,,1.0,,0.92,High,agency
016afb7e-456d-4966-85af-fbe962121fe5,06/30/2025,hcris_nmrc,CMS HCRIS Hospital 2552-10 Worksheet S-3 Part II line 01100,https://downloads.cms.gov/Files/hcris/,ccn,210012,rn_contract_labor_dpc,blended,contract,82.73,,,1.0,,0.92,High,agency
9b8983f1-3233-463b-a85c-7e6caf2b7dc2,06/30/2025,hcris_nmrc,CMS HCRIS Hospital 2552-10 Worksheet S-3 Part II line 01100,https://downloads.cms.gov/Files/hcris/,ccn,140054,rn_contract_labor_dpc,blended,contract,152.22,,,1.0,,0.92,High,agency
cc58150e-52e5-4fa4-ba3f-2e5a9c9c6cb7,06/30/2025,hcris_nmrc,CMS HCRIS Hospital 2552-10 Worksheet S-3 Part II line 01100,https://downloads.cms.gov/Files/hcris/,ccn,520136,rn_contract_labor_dpc,blended,contract,63.19,,,1.0,,0.92,High,agency
65a6b3cb-b8f9-41e2-94ed-3541f76ecd16,06/30/2025,hcris_nmrc,CMS HCRIS Hospital 2552-10 Worksheet S-3 Part II line 01100,https://downloads.cms.gov/Files/hcris/,ccn,140053,rn_contract_labor_dpc,blended,contract,92.49,,,1.0,,0.92,High,agency
45be4987-4fa7-4ef2-87b3-1cc3a32dfaaf,06/30/2025,hcris_nmrc,CMS HCRIS Hospital 2552-10 Worksheet S-3 Part II line 01100,https://downloads.cms.gov/Files/hcris/,ccn,330231,rn_contract_labor_dpc,blended,contract,73.28,,,1.0,,0.92,High,agency
81c4b4b9-a12f-489c-aab8-0ad487db63f6,06/30/2025,hcris_nmrc,CMS HCRIS Hospital 2552-10 Worksheet S-3 Part II line 01100,https://downloads.cms.gov/Files/hcris/,ccn,050551,rn_contract_labor_dpc,blended,contract,92.68,,,1.0,,0.92,High,agency
0eac471f-8b5d-42c1-a060-25630b334880,06/30/2025,hcris_nmrc,CMS HCRIS Hospital 2552-10 Worksheet S-3 Part II line 01100,https://downloads.cms.gov/Files/hcris/,ccn,050573,rn_contract_labor_dpc,blended,contract,96.06,,,1.0,,0.92,High,agency
726964f3-26a1-4b65-9b3c-35854c7726c1,06/30/2025,hcris_nmrc,CMS HCRIS Hospital 2552-10 Worksheet S-3 Part II line 01100,https://downloads.cms.gov/Files/hcris/,ccn,330128,rn_contract_labor_dpc,blended,contract,57.0,,,1.0,,0.92,High,agency
c6c4cd3b-5696-4604-80a0-61dfc4544323,06/30/2025,hcris_nmrc,CMS HCRIS Hospital 2552-10 Worksheet S-3 Part II line 01100,https://downloads.cms.gov/Files/hcris/,ccn,210005,rn_contract_labor_dpc,blended,contract,76.23,,,1.0,,0.92,High,agency
e5046a1a-c760-4b2b-a769-ba5cb92c53a6,06/30/2025,hcris_nmrc,CMS HCRIS Hospital 2552-10 Worksheet S-3 Part II line 01100,https://downloads.cms.gov/Files/hcris/,ccn,440152,rn_contract_labor_dpc,blended,contract,39.87,,,1.0,,0.92,High,agency
fb0f5757-3442-419a-aaa3-8f63672d71f5,06/30/2025,hcris_nmrc,CMS HCRIS Hospital 2552-10 Worksheet S-3 Part II line 01100,https://downloads.cms.gov/Files/hcris/,ccn,520044,rn_contract_labor_dpc,blended,contract,112.93,,,1.0,,0.92,High,agency
98bc466f-31b6-4084-b45f-40fb4d95a91a,06/30/2025,hcris_nmrc,CMS HCRIS Hospital 2552-10 Worksheet S-3 Part II line 01100,https://downloads.cms.gov/Files/hcris/,ccn,230259,rn_contract_labor_dpc,blended,contract,55.37,,,1.0,,0.92,High,agency
acb0c98e-a28f-45b1-bc09-185427c38f21,06/30/2025,hcris_nmrc,CMS HCRIS Hospital 2552-10 Worksheet S-3 Part II line 01100,https://downloads.cms.gov/Files/hcris/,ccn,230156,rn_contract_labor_dpc,blended,contract,77.8,,,1.0,,0.92,High,agency
1e4a4efa-a9aa-4adf-8ac6-36f700fb98f3,06/30/2025,hcris_nmrc,CMS HCRIS Hospital 2552-10 Worksheet S-3 Part II line 01100,https://downloads.cms.gov/Files/hcris/,ccn,450021,rn_contract_labor_dpc,blended,contract,55.8,,,1.0,,0.92,High,agency
13a07423-2738-40cb-8f96-227c79547890,06/30/2025,hcris_nmrc,CMS HCRIS Hospital 2552-10 Worksheet S-3 Part II line 01100,https://downloads.cms.gov/Files/hcris/,ccn,370106,rn_contract_labor_dpc,blended,contract,84.91,,,1.0,,0.92,High,agency
7f8cb552-cab3-4ef6-98ce-0b9e88550d05,06/30/2025,hcris_nmrc,CMS HCRIS Hospital 2552-10 Worksheet S-3 Part II line 01100,https://downloads.cms.gov/Files/hcris/,ccn,090011,rn_contract_labor_dpc,blended,contract,84.22,,,1.0,,0.92,High,agency
bf25e07d-c824-410e-959d-650245d7932d,06/30/2025,hcris_nmrc,CMS HCRIS Hospital 2552-10 Worksheet S-3 Part II line 01100,https://downloads.cms.gov/Files/hcris/,ccn,670300,rn_contract_labor_dpc,blended,contract,74.13,,,1.0,,0.92,High,agency
4fe33fed-857e-44c2-bcb3-1cebc79ee38c,06/30/2025,hcris_nmrc,CMS HCRIS Hospital 2552-10 Worksheet S-3 Part II line 01100,https://downloads.cms.gov/Files/hcris/,ccn,230003,rn_contract_labor_dpc,blended,contract,76.89,,,1.0,,0.92,High,agency
4b7c7761-b45a-457e-b116-1c75414be940,06/30/2025,hcris_nmrc,CMS HCRIS Hospital 2552-10 Worksheet S-3 Part II line 01100,https://downloads.cms.gov/Files/hcris/,ccn,210064,rn_contract_labor_dpc,blended,contract,52.19,,,1.0,,0.92,High,agency
ca0da9da-be9e-4555-bb9c-2ffe9d196937,06/30/2025,hcris_nmrc,CMS HCRIS Hospital 2552-10 Worksheet S-3 Part II line 01100,https://downloads.cms.gov/Files/hcris/,ccn,450079,rn_contract_labor_dpc,blended,contract,60.69,,,1.0,,0.92,High,agency
cae2784a-d15f-4e8a-a350-93aeffa7c190,06/30/2025,hcris_nmrc,CMS HCRIS Hospital 2552-10 Worksheet S-3 Part II line 01100,https://downloads.cms.gov/Files/hcris/,ccn,360179,rn_contract_labor_dpc,blended,contract,98.06,,,1.0,,0.92,High,agency
95ff9a02-982d-4792-9f6c-0f88451a74d8,06/30/2025,hcris_nmrc,CMS HCRIS Hospital 2552-10 Worksheet S-3 Part II line 01100,https://downloads.cms.gov/Files/hcris/,ccn,110083,rn_contract_labor_dpc,blended,contract,56.8,,,1.0,,0.92,High,agency
8f3fe146-b4f8-4ee6-90bb-de6e1891604c,06/30/2025,hcris_nmrc,CMS HCRIS Hospital 2552-10 Worksheet S-3 Part II line 01100,https://downloads.cms.gov/Files/hcris/,ccn,350006,rn_contract_labor_dpc,blended,contract,92.16,,,1.0,,0.92,High,agency
8272864d-3b70-4491-88b7-a9245dd8c650,06/30/2025,hcris_nmrc,CMS HCRIS Hospital 2552-10 Worksheet S-3 Part II line 01100,https://downloads.cms.gov/Files/hcris/,ccn,050262,rn_contract_labor_dpc,blended,contract,84.19,,,1.0,,0.92,High,agency
1fd83ea6-04b7-4ea7-b168-ba91a83f3a5a,06/30/2025,hcris_nmrc,CMS HCRIS Hospital 2552-10 Worksheet S-3 Part II line 01100,https://downloads.cms.gov/Files/hcris/,ccn,350002,rn_contract_labor_dpc,blended,contract,76.56,,,1.0,,0.92,High,agency
86b8b917-a58d-40e3-933a-e75c129a2f24,06/30/2025,hcris_nmrc,CMS HCRIS Hospital 2552-10 Worksheet S-3 Part II line 01100,https://downloads.cms.gov/Files/hcris/,ccn,360185,rn_contract_labor_dpc,blended,contract,92.9,,,1.0,,0.92,High,agency
e25bd31d-53f9-4d79-8ecc-f5831a3b585d,06/30/2025,hcris_nmrc,CMS HCRIS Hospital 2552-10 Worksheet S-3 Part II line 01100,https://downloads.cms.gov/Files/hcris/,ccn,050261,rn_contract_labor_dpc,blended,contract,119.24,,,1.0,,0.92,High,agency
eb30bcfc-2062-457e-96e4-4e6eb5b524eb,06/30/2025,hcris_nmrc,CMS HCRIS Hospital 2552-10 Worksheet S-3 Part II line 01100,https://downloads.cms.gov/Files/hcris/,ccn,230002,rn_contract_labor_dpc,blended,contract,61.23,,,1.0,,0.92,High,agency
6ec5966b-f4a6-471b-8295-db2227e4ab06,06/30/2025,hcris_nmrc,CMS HCRIS Hospital 2552-10 Worksheet S-3 Part II line 01100,https://downloads.cms.gov/Files/hcris/,ccn,110091,rn_contract_labor_dpc,blended,contract,73.6,,,1.0,,0.92,High,agency
1eed274c-7a82-4af1-a6ed-67947938b4c5,06/30/2025,hcris_nmrc,CMS HCRIS Hospital 2552-10 Worksheet S-3 Part II line 01100,https://downloads.cms.gov/Files/hcris/,ccn,350070,rn_contract_labor_dpc,blended,contract,97.91,,,1.0,,0.92,High,agency
e4458f2c-cd69-49ba-bdc0-292eaa346d36,06/30/2025,hcris_nmrc,CMS HCRIS Hospital 2552-10 Worksheet S-3 Part II line 01100,https://downloads.cms.gov/Files/hcris/,ccn,450082,rn_contract_labor_dpc,blended,contract,79.74,,,1.0,,0.92,High,agency
dda8fadf-a164-4ff7-ab5f-fe0ca5bfe87d,06/30/2025,hcris_nmrc,CMS HCRIS Hospital 2552-10 Worksheet S-3 Part II line 01100,https://downloads.cms.gov/Files/hcris/,ccn,360011,rn_contract_labor_dpc,blended,contract,86.43,,,1.0,,0.92,High,agency
ebf634fe-1b8d-4514-9f9b-5be49f93ecc8,06/30/2025,hcris_nmrc,CMS HCRIS Hospital 2552-10 Worksheet S-3 Part II line 01100,https://downloads.cms.gov/Files/hcris/,ccn,360152,rn_contract_labor_dpc,blended,contract,64.67,,,1.0,,0.92,High,agency
94496f0c-0636-4513-908a-2b505c475a9d,06/30/2025,hcris_nmrc,CMS HCRIS Hospital 2552-10 Worksheet S-3 Part II line 01100,https://downloads.cms.gov/Files/hcris/,ccn,450272,rn_contract_labor_dpc,blended,contract,85.16,,,1.0,,0.92,High,agency
8c5dddc9-e9c1-4049-bf43-c2a835315b39,06/30/2025,hcris_nmrc,CMS HCRIS Hospital 2552-10 Worksheet S-3 Part II line 01100,https://downloads.cms.gov/Files/hcris/,ccn,360008,rn_contract_labor_dpc,blended,contract,50.24,,,1.0,,0.92,High,agency
d62c98de-6819-423f-8932-c590230df8d1,06/30/2025,hcris_nmrc,CMS HCRIS Hospital 2552-10 Worksheet S-3 Part II line 01100,https://downloads.cms.gov/Files/hcris/,ccn,110064,rn_contract_labor_dpc,blended,contract,52.17,,,1.0,,0.92,High,agency
346f6e13-6ad2-4270-9368-b0a633d82597,06/30/2025,hcris_nmrc,CMS HCRIS Hospital 2552-10 Worksheet S-3 Part II line 01100,https://downloads.cms.gov/Files/hcris/,ccn,360006,rn_contract_labor_dpc,blended,contract,81.7,,,1.0,,0.92,High,agency
71d25a7c-cec8-4973-ba78-eff9d9a37089,06/30/2025,hcris_nmrc,CMS HCRIS Hospital 2552-10 Worksheet S-3 Part II line 01100,https://downloads.cms.gov/Files/hcris/,ccn,670333,rn_contract_labor_dpc,blended,contract,68.06,,,1.0,,0.92,High,agency
b00b454a-8d98-44e6-a299-6b0c9f662529,06/30/2025,hcris_nmrc,CMS HCRIS Hospital 2552-10 Worksheet S-3 Part II line 01100,https://downloads.cms.gov/Files/hcris/,ccn,050334,rn_contract_labor_dpc,blended,contract,79.16,,,1.0,,0.92,High,agency
bab0c842-79d3-46b8-9d70-27b39031988d,06/30/2025,hcris_nmrc,CMS HCRIS Hospital 2552-10 Worksheet S-3 Part II line 01100,https://downloads.cms.gov/Files/hcris/,ccn,360003,rn_contract_labor_dpc,blended,contract,84.14,,,1.0,,0.92,High,agency
3b06f7dd-0105-4002-970b-249b927ff18a,06/30/2025,hcris_nmrc,CMS HCRIS Hospital 2552-10 Worksheet S-3 Part II line 01100,https://downloads.cms.gov/Files/hcris/,ccn,050276,rn_contract_labor_dpc,blended,contract,96.87,,,1.0,,0.92,High,agency
d8590c71-c070-430a-bc16-208f15aefcb6,06/30/2025,hcris_nmrc,CMS HCRIS Hospital 2552-10 Worksheet S-3 Part II line 01100,https://downloads.cms.gov/Files/hcris/,ccn,360163,rn_contract_labor_dpc,blended,contract,72.87,,,1.0,,0.92,High,agency
2a22fdc5-df7d-4645-901d-1c59a72e72e9,06/30/2025,hcris_nmrc,CMS HCRIS Hospital 2552-10 Worksheet S-3 Part II line 01100,https://downloads.cms.gov/Files/hcris/,ccn,110074,rn_contract_labor_dpc,blended,contract,53.22,,,1.0,,0.92,High,agency
3fd50ce9-0458-4c60-b33b-df931a6eaf0e,06/30/2025,hcris_nmrc,CMS HCRIS Hospital 2552-10 Worksheet S-3 Part II line 01100,https://downloads.cms.gov/Files/hcris/,ccn,360170,rn_contract_labor_dpc,blended,contract,45.0,,,1.0,,0.92,High,agency
a13f70a7-42a1-4643-a298-cd293c0a5b39,06/30/2025,hcris_nmrc,CMS HCRIS Hospital 2552-10 Worksheet S-3 Part II line 01100,https://downloads.cms.gov/Files/hcris/,ccn,210063,rn_contract_labor_dpc,blended,contract,76.97,,,1.0,,0.92,High,agency
16082d43-ac14-4209-a6dd-71a7ae213660,06/30/2025,hcris_nmrc,CMS HCRIS Hospital 2552-10 Worksheet S-3 Part II line 01100,https://downloads.cms.gov/Files/hcris/,ccn,050348,rn_contract_labor_dpc,blended,contract,96.96,,,1.0,,0.92,High,agency
ba8a3306-1e6e-4e0a-b366-a8ca6e47440e,06/30/2025,hcris_nmrc,CMS HCRIS Hospital 2552-10 Worksheet S-3 Part II line 01100,https://downloads.cms.gov/Files/hcris/,ccn,340155,rn_contract_labor_dpc,blended,contract,88.36,,,1.0,,0.92,High,agency
860136aa-4c76-4f73-9fb9-4ddcf339189b,06/30/2025,hcris_nmrc,CMS HCRIS Hospital 2552-10 Worksheet S-3 Part II line 01100,https://downloads.cms.gov/Files/hcris/,ccn,010023,rn_contract_labor_dpc,blended,contract,78.47,,,1.0,,0.92,High,agency
2446c94d-8f0a-43de-8ad5-3a340991bb41,06/30/2025,hcris_nmrc,CMS HCRIS Hospital 2552-10 Worksheet S-3 Part II line 01100,https://downloads.cms.gov/Files/hcris/,ccn,050248,rn_contract_labor_dpc,blended,contract,124.3,,,1.0,,0.92,High,agency
3f2c3054-b487-450f-b2df-b5aec093f66f,06/30/2025,hcris_nmrc,CMS HCRIS Hospital 2552-10 Worksheet S-3 Part II line 01100,https://downloads.cms.gov/Files/hcris/,ccn,450056,rn_contract_labor_dpc,blended,contract,51.45,,,1.0,,0.92,High,agency
563568fe-a3e3-424d-9369-a4ac6518f132,06/30/2025,hcris_nmrc,CMS HCRIS Hospital 2552-10 Worksheet S-3 Part II line 01100,https://downloads.cms.gov/Files/hcris/,ccn,210051,rn_contract_labor_dpc,blended,contract,87.33,,,1.0,,0.92,High,agency
5fc254cd-e416-47a1-aca8-553511f84f2f,06/30/2025,hcris_nmrc,CMS HCRIS Hospital 2552-10 Worksheet S-3 Part II line 01100,https://downloads.cms.gov/Files/hcris/,ccn,050245,rn_contract_labor_dpc,blended,contract,85.99,,,1.0,,0.92,High,agency
0b1822d5-2f16-469b-baa1-01c2b49e70f4,06/30/2025,hcris_nmrc,CMS HCRIS Hospital 2552-10 Worksheet S-3 Part II line 01100,https://downloads.cms.gov/Files/hcris/,ccn,340147,rn_contract_labor_dpc,blended,contract,86.7,,,1.0,,0.92,High,agency
468e7aeb-9b91-4af6-8024-a253d110db94,06/30/2025,hcris_nmrc,CMS HCRIS Hospital 2552-10 Worksheet S-3 Part II line 01100,https://downloads.cms.gov/Files/hcris/,ccn,360266,rn_contract_labor_dpc,blended,contract,51.51,,,1.0,,0.92,High,agency
dd02623a-4287-4a43-adc3-6330dfdc775d,06/30/2025,hcris_nmrc,CMS HCRIS Hospital 2552-10 Worksheet S-3 Part II line 01100,https://downloads.cms.gov/Files/hcris/,ccn,230029,rn_contract_labor_dpc,blended,contract,48.22,,,1.0,,0.92,High,agency
853d81f3-10f5-4311-bff1-bc89cdbf75a0,06/30/2025,hcris_nmrc,CMS HCRIS Hospital 2552-10 Worksheet S-3 Part II line 01100,https://downloads.cms.gov/Files/hcris/,ccn,230030,rn_contract_labor_dpc,blended,contract,104.34,,,1.0,,0.92,High,agency
e8bef666-48da-4aff-b84a-9488f976caf8,06/30/2025,hcris_nmrc,CMS HCRIS Hospital 2552-10 Worksheet S-3 Part II line 01100,https://downloads.cms.gov/Files/hcris/,ccn,210049,rn_contract_labor_dpc,blended,contract,94.35,,,1.0,,0.92,High,agency
15a2c523-b782-465a-bdc7-06aee46718e4,06/30/2025,hcris_nmrc,CMS HCRIS Hospital 2552-10 Worksheet S-3 Part II line 01100,https://downloads.cms.gov/Files/hcris/,ccn,340143,rn_contract_labor_dpc,blended,contract,54.98,,,1.0,,0.92,High,agency
ff22bce7-0395-4eff-a264-b2d7c189fea1,06/30/2025,hcris_nmrc,CMS HCRIS Hospital 2552-10 Worksheet S-3 Part II line 01100,https://downloads.cms.gov/Files/hcris/,ccn,450051,rn_contract_labor_dpc,blended,contract,84.37,,,1.0,,0.92,High,agency
ddf45d16-4c57-4325-ab40-974d4183272a,06/30/2025,hcris_nmrc,CMS HCRIS Hospital 2552-10 Worksheet S-3 Part II line 01100,https://downloads.cms.gov/Files/hcris/,ccn,110143,rn_contract_labor_dpc,blended,contract,76.96,,,1.0,,0.92,High,agency
68f0d76e-b871-4fd2-b139-7b45ab5fd1a6,06/30/2025,hcris_nmrc,CMS HCRIS Hospital 2552-10 Worksheet S-3 Part II line 01100,https://downloads.cms.gov/Files/hcris/,ccn,210056,rn_contract_labor_dpc,blended,contract,87.0,,,1.0,,0.92,High,agency
2784b860-6dac-4192-98ef-b9ee95a83a6d,06/30/2025,hcris_nmrc,CMS HCRIS Hospital 2552-10 Worksheet S-3 Part II line 01100,https://downloads.cms.gov/Files/hcris/,ccn,360203,rn_contract_labor_dpc,blended,contract,86.35,,,1.0,,0.92,High,agency
120a8424-7a9a-4b0d-bb91-8ed1d87cb4ca,06/30/2025,hcris_nmrc,CMS HCRIS Hospital 2552-10 Worksheet S-3 Part II line 01100,https://downloads.cms.gov/Files/hcris/,ccn,210058,rn_contract_labor_dpc,blended,contract,67.24,,,1.0,,0.92,High,agency
fe31b252-d360-48b1-a85e-56b75b375999,06/30/2025,hcris_nmrc,CMS HCRIS Hospital 2552-10 Worksheet S-3 Part II line 01100,https://downloads.cms.gov/Files/hcris/,ccn,230021,rn_contract_labor_dpc,blended,contract,85.32,,,1.0,,0.92,High,agency
4d8c85b6-2f23-412d-a70d-3b0399cd6365,06/30/2025,hcris_nmrc,CMS HCRIS Hospital 2552-10 Worksheet S-3 Part II line 01100,https://downloads.cms.gov/Files/hcris/,ccn,360210,rn_contract_labor_dpc,blended,contract,82.03,,,1.0,,0.92,High,agency
ea016cc4-cbfe-486b-a684-1e13d9fae756,06/30/2025,hcris_nmrc,CMS HCRIS Hospital 2552-10 Worksheet S-3 Part II line 01100,https://downloads.cms.gov/Files/hcris/,ccn,360211,rn_contract_labor_dpc,blended,contract,55.51,,,1.0,,0.92,High,agency
82797f33-7f58-489e-9a17-45ab5353baa4,06/30/2025,hcris_nmrc,CMS HCRIS Hospital 2552-10 Worksheet S-3 Part II line 01100,https://downloads.cms.gov/Files/hcris/,ccn,450072,rn_contract_labor_dpc,blended,contract,76.46,,,1.0,,0.92,High,agency
5838ddc1-bdfb-4dae-bb5a-b0670306ff7f,06/30/2025,hcris_nmrc,CMS HCRIS Hospital 2552-10 Worksheet S-3 Part II line 01100,https://downloads.cms.gov/Files/hcris/,ccn,110104,rn_contract_labor_dpc,blended,contract,45.7,,,1.0,,0.92,High,agency
6434de40-1bb2-4e6d-bdad-52596e76b527,06/30/2025,hcris_nmrc,CMS HCRIS Hospital 2552-10 Worksheet S-3 Part II line 01100,https://downloads.cms.gov/Files/hcris/,ccn,210062,rn_contract_labor_dpc,blended,contract,87.16,,,1.0,,0.92,High,agency
0ba4bd70-d2b5-4ec8-88a4-22db8b09d0e4,06/30/2025,hcris_nmrc,CMS HCRIS Hospital 2552-10 Worksheet S-3 Part II line 01100,https://downloads.cms.gov/Files/hcris/,ccn,450347,rn_contract_labor_dpc,blended,contract,65.48,,,1.0,,0.92,High,agency
c171bae2-33d6-41b6-894f-82f27d4107d3,06/30/2025,hcris_nmrc,CMS HCRIS Hospital 2552-10 Worksheet S-3 Part II line 01100,https://downloads.cms.gov/Files/hcris/,ccn,070036,rn_contract_labor_dpc,blended,contract,88.34,,,1.0,,0.92,High,agency
dc20790f-bcec-45f6-8bca-d667290ab989,06/30/2025,hcris_nmrc,CMS HCRIS Hospital 2552-10 Worksheet S-3 Part II line 01100,https://downloads.cms.gov/Files/hcris/,ccn,050351,rn_contract_labor_dpc,blended,contract,101.04,,,1.0,,0.92,High,agency
b2a45035-5647-4401-9ab4-0ae22b5437f4,06/30/2025,hcris_nmrc,CMS HCRIS Hospital 2552-10 Worksheet S-3 Part II line 01100,https://downloads.cms.gov/Files/hcris/,ccn,450068,rn_contract_labor_dpc,blended,contract,40.14,,,1.0,,0.92,High,agency
699c3d42-ebd1-4c7f-bab9-ae221c6adb5f,06/30/2025,hcris_nmrc,CMS HCRIS Hospital 2552-10 Worksheet S-3 Part II line 01100,https://downloads.cms.gov/Files/hcris/,ccn,110111,rn_contract_labor_dpc,blended,contract,61.34,,,1.0,,0.92,High,agency
2fe3fc48-7652-444d-b7a6-4f26c8fbe2ed,06/30/2025,hcris_nmrc,CMS HCRIS Hospital 2552-10 Worksheet S-3 Part II line 01100,https://downloads.cms.gov/Files/hcris/,ccn,230019,rn_contract_labor_dpc,blended,contract,107.09,,,1.0,,0.92,High,agency
a57d49d1-c53c-4b81-9a86-d8e26e122c22,06/30/2025,hcris_nmrc,CMS HCRIS Hospital 2552-10 Worksheet S-3 Part II line 01100,https://downloads.cms.gov/Files/hcris/,ccn,450058,rn_contract_labor_dpc,blended,contract,58.74,,,1.0,,0.92,High,agency
f6c1a851-0ed0-4144-811e-fe2b2cb4c1f6,06/30/2025,hcris_nmrc,CMS HCRIS Hospital 2552-10 Worksheet S-3 Part II line 01100,https://downloads.cms.gov/Files/hcris/,ccn,340159,rn_contract_labor_dpc,blended,contract,75.32,,,1.0,,0.92,High,agency
4af04132-0b77-44a7-abcd-ed72fa5a3c1e,06/30/2025,hcris_nmrc,CMS HCRIS Hospital 2552-10 Worksheet S-3 Part II line 01100,https://downloads.cms.gov/Files/hcris/,ccn,050373,rn_contract_labor_dpc,blended,contract,84.67,,,1.0,,0.92,High,agency
f581c558-63cf-4e17-9aed-093efabb387a,06/30/2025,hcris_nmrc,CMS HCRIS Hospital 2552-10 Worksheet S-3 Part II line 01100,https://downloads.cms.gov/Files/hcris/,ccn,360012,rn_contract_labor_dpc,blended,contract,50.08,,,1.0,,0.92,High,agency
2235d1eb-2ba7-46b8-9092-bc709ca5d00e,06/30/2025,hcris_nmrc,CMS HCRIS Hospital 2552-10 Worksheet S-3 Part II line 01100,https://downloads.cms.gov/Files/hcris/,ccn,080004,rn_contract_labor_dpc,blended,contract,124.52,,,1.0,,0.92,High,agency
73fb2d00-9fd5-4a08-a55f-40ae5d19413f,06/30/2025,hcris_nmrc,CMS HCRIS Hospital 2552-10 Worksheet S-3 Part II line 01100,https://downloads.cms.gov/Files/hcris/,ccn,090003,rn_contract_labor_dpc,blended,contract,82.0,,,1.0,,0.92,High,agency
4f7ec7bf-fba6-47de-8e7e-3631861e6912,06/30/2025,hcris_nmrc,CMS HCRIS Hospital 2552-10 Worksheet S-3 Part II line 01100,https://downloads.cms.gov/Files/hcris/,ccn,110016,rn_contract_labor_dpc,blended,contract,99.9,,,1.0,,0.92,High,agency
86a293b3-a8ff-424e-8de0-37bd4b8ec6a3,06/30/2025,hcris_nmrc,CMS HCRIS Hospital 2552-10 Worksheet S-3 Part II line 01100,https://downloads.cms.gov/Files/hcris/,ccn,080001,rn_contract_labor_dpc,blended,contract,104.89,,,1.0,,0.92,High,agency
4cb7b7c0-29c9-4fa3-bff3-9050f3c197a4,06/30/2025,hcris_nmrc,CMS HCRIS Hospital 2552-10 Worksheet S-3 Part II line 01100,https://downloads.cms.gov/Files/hcris/,ccn,110018,rn_contract_labor_dpc,blended,contract,71.22,,,1.0,,0.92,High,agency
800fede2-ad25-41e6-9d51-8e61142ecb69,06/30/2025,hcris_nmrc,CMS HCRIS Hospital 2552-10 Worksheet S-3 Part II line 01100,https://downloads.cms.gov/Files/hcris/,ccn,110024,rn_contract_labor_dpc,blended,contract,61.93,,,1.0,,0.92,High,agency
e8b34c3d-8241-4a2d-b6a1-d2af3350a3ea,06/30/2025,hcris_nmrc,CMS HCRIS Hospital 2552-10 Worksheet S-3 Part II line 01100,https://downloads.cms.gov/Files/hcris/,ccn,050308,rn_contract_labor_dpc,blended,contract,120.48,,,1.0,,0.92,High,agency
6bd0d848-1680-4126-8624-3f543ab2cf53,06/30/2025,hcris_nmrc,CMS HCRIS Hospital 2552-10 Worksheet S-3 Part II line 01100,https://downloads.cms.gov/Files/hcris/,ccn,360054,rn_contract_labor_dpc,blended,contract,69.43,,,1.0,,0.92,High,agency
6cc510db-70fb-430d-b95a-a5f714205952,06/30/2025,hcris_nmrc,CMS HCRIS Hospital 2552-10 Worksheet S-3 Part II line 01100,https://downloads.cms.gov/Files/hcris/,ccn,050289,rn_contract_labor_dpc,blended,contract,88.93,,,1.0,,0.92,High,agency
4cb1c81d-e453-49ec-b5aa-6efdd387935c,06/30/2025,hcris_nmrc,CMS HCRIS Hospital 2552-10 Worksheet S-3 Part II line 01100,https://downloads.cms.gov/Files/hcris/,ccn,450124,rn_contract_labor_dpc,blended,contract,40.06,,,1.0,,0.92,High,agency
565c8eac-89dc-45a1-be79-0bffb9736474,06/30/2025,hcris_nmrc,CMS HCRIS Hospital 2552-10 Worksheet S-3 Part II line 01100,https://downloads.cms.gov/Files/hcris/,ccn,450154,rn_contract_labor_dpc,blended,contract,122.53,,,1.0,,0.92,High,agency
8a034bd8-9976-49f1-be68-bc0530f9d31c,06/30/2025,hcris_nmrc,CMS HCRIS Hospital 2552-10 Worksheet S-3 Part II line 01100,https://downloads.cms.gov/Files/hcris/,ccn,673078,rn_contract_labor_dpc,blended,contract,97.14,,,1.0,,0.92,High,agency
a4512d8f-547a-4724-829c-baf4b8427dfc,06/30/2025,hcris_nmrc,CMS HCRIS Hospital 2552-10 Worksheet S-3 Part II line 01100,https://downloads.cms.gov/Files/hcris/,ccn,360085,rn_contract_labor_dpc,blended,contract,64.58,,,1.0,,0.92,High,agency
e49c2d76-e2db-49d9-92e7-0d00e1e249c8,06/30/2025,hcris_nmrc,CMS HCRIS Hospital 2552-10 Worksheet S-3 Part II line 01100,https://downloads.cms.gov/Files/hcris/,ccn,220066,rn_contract_labor_dpc,blended,contract,57.66,,,1.0,,0.92,High,agency
c9e21f6a-ad77-44ae-80de-23018ae4b2db,06/30/2025,hcris_nmrc,CMS HCRIS Hospital 2552-10 Worksheet S-3 Part II line 01100,https://downloads.cms.gov/Files/hcris/,ccn,450193,rn_contract_labor_dpc,blended,contract,49.32,,,1.0,,0.92,High,agency
ba26cb11-296a-4142-8bf9-36a4e62c5b7f,06/30/2025,hcris_nmrc,CMS HCRIS Hospital 2552-10 Worksheet S-3 Part II line 01100,https://downloads.cms.gov/Files/hcris/,ccn,050295,rn_contract_labor_dpc,blended,contract,101.82,,,1.0,,0.92,High,agency
05cd7fe6-a332-44ea-9847-d2d9f1ecadbe,06/30/2025,hcris_nmrc,CMS HCRIS Hospital 2552-10 Worksheet S-3 Part II line 01100,https://downloads.cms.gov/Files/hcris/,ccn,080009,rn_contract_labor_dpc,blended,contract,104.69,,,1.0,,0.92,High,agency
ac361a4f-1201-477d-a345-4c023542936d,06/30/2025,hcris_nmrc,CMS HCRIS Hospital 2552-10 Worksheet S-3 Part II line 01100,https://downloads.cms.gov/Files/hcris/,ccn,110006,rn_contract_labor_dpc,blended,contract,69.52,,,1.0,,0.92,High,agency
7e94a5a3-28f0-4e89-ae30-c7fc0e1d8013,06/30/2025,hcris_nmrc,CMS HCRIS Hospital 2552-10 Worksheet S-3 Part II line 01100,https://downloads.cms.gov/Files/hcris/,ccn,450184,rn_contract_labor_dpc,blended,contract,70.82,,,1.0,,0.92,High,agency
fa8effb0-23a9-4a8d-9e8f-cc2c5dd50c24,06/30/2025,hcris_nmrc,CMS HCRIS Hospital 2552-10 Worksheet S-3 Part II line 01100,https://downloads.cms.gov/Files/hcris/,ccn,450211,rn_contract_labor_dpc,blended,contract,80.22,,,1.0,,0.92,High,agency
d3cf86f8-c333-4865-8922-84f7a6ca3915,06/30/2025,hcris_nmrc,CMS HCRIS Hospital 2552-10 Worksheet S-3 Part II line 01100,https://downloads.cms.gov/Files/hcris/,ccn,450163,rn_contract_labor_dpc,blended,contract,75.0,,,1.0,,0.92,High,agency
ce3891ba-5855-4a76-a968-9e50f4d776ef,06/30/2025,hcris_nmrc,CMS HCRIS Hospital 2552-10 Worksheet S-3 Part II line 01100,https://downloads.cms.gov/Files/hcris/,ccn,050300,rn_contract_labor_dpc,blended,contract,64.93,,,1.0,,0.92,High,agency
eb12d8c6-3707-44e3-be6a-4883f6b3e1ee,06/30/2025,hcris_nmrc,CMS HCRIS Hospital 2552-10 Worksheet S-3 Part II line 01100,https://downloads.cms.gov/Files/hcris/,ccn,360071,rn_contract_labor_dpc,blended,contract,75.9,,,1.0,,0.92,High,agency
96df8dfa-02c0-4605-bf84-81c1a3ffdf49,06/30/2025,hcris_nmrc,CMS HCRIS Hospital 2552-10 Worksheet S-3 Part II line 01100,https://downloads.cms.gov/Files/hcris/,ccn,110011,rn_contract_labor_dpc,blended,contract,97.52,,,1.0,,0.92,High,agency
50188fc1-8b16-4e13-a317-d7c70c4c8446,06/30/2025,hcris_nmrc,CMS HCRIS Hospital 2552-10 Worksheet S-3 Part II line 01100,https://downloads.cms.gov/Files/hcris/,ccn,080006,rn_contract_labor_dpc,blended,contract,91.87,,,1.0,,0.92,High,agency
8865c4f4-a08b-4cf9-b6c0-5a18ee3e3dd5,06/30/2025,hcris_nmrc,CMS HCRIS Hospital 2552-10 Worksheet S-3 Part II line 01100,https://downloads.cms.gov/Files/hcris/,ccn,110046,rn_contract_labor_dpc,blended,contract,68.4,,,1.0,,0.92,High,agency
62b8d3ac-4f59-4635-976c-9d9e20771076,06/30/2025,hcris_nmrc,CMS HCRIS Hospital 2552-10 Worksheet S-3 Part II line 01100,https://downloads.cms.gov/Files/hcris/,ccn,110028,rn_contract_labor_dpc,blended,contract,55.32,,,1.0,,0.92,High,agency
5cd1cf59-3fa9-4314-b6f2-5dafc7ea295a,06/30/2025,hcris_nmrc,CMS HCRIS Hospital 2552-10 Worksheet S-3 Part II line 01100,https://downloads.cms.gov/Files/hcris/,ccn,360048,rn_contract_labor_dpc,blended,contract,91.92,,,1.0,,0.92,High,agency
bd2c1de2-4a01-4a10-aff6-7734cbfa00ab,06/30/2025,hcris_nmrc,CMS HCRIS Hospital 2552-10 Worksheet S-3 Part II line 01100,https://downloads.cms.gov/Files/hcris/,ccn,050320,rn_contract_labor_dpc,blended,contract,110.13,,,1.0,,0.92,High,agency
c128f8f5-99ff-4d0a-b444-d3a301784e7d,06/30/2025,hcris_nmrc,CMS HCRIS Hospital 2552-10 Worksheet S-3 Part II line 01100,https://downloads.cms.gov/Files/hcris/,ccn,450102,rn_contract_labor_dpc,blended,contract,75.0,,,1.0,,0.92,High,agency
a9e05b27-9d52-4911-b1bf-4c4f55e8b37c,06/30/2025,hcris_nmrc,CMS HCRIS Hospital 2552-10 Worksheet S-3 Part II line 01100,https://downloads.cms.gov/Files/hcris/,ccn,360134,rn_contract_labor_dpc,blended,contract,93.75,,,1.0,,0.92,High,agency
3a83911a-62e5-48f5-9aa6-a3cf65f174ba,06/30/2025,hcris_nmrc,CMS HCRIS Hospital 2552-10 Worksheet S-3 Part II line 01100,https://downloads.cms.gov/Files/hcris/,ccn,223027,rn_contract_labor_dpc,blended,contract,75.88,,,1.0,,0.92,High,agency
3cae50f6-4cba-485d-97bf-75146198f719,06/30/2025,hcris_nmrc,CMS HCRIS Hospital 2552-10 Worksheet S-3 Part II line 01100,https://downloads.cms.gov/Files/hcris/,ccn,090005,rn_contract_labor_dpc,blended,contract,77.75,,,1.0,,0.92,High,agency
92fa6952-2f9f-47c0-b7d0-b4de10daf648,06/30/2025,hcris_nmrc,CMS HCRIS Hospital 2552-10 Worksheet S-3 Part II line 01100,https://downloads.cms.gov/Files/hcris/,ccn,110042,rn_contract_labor_dpc,blended,contract,73.17,,,1.0,,0.92,High,agency
42986d1a-4e6d-445b-9df7-df925c34af53,06/30/2025,hcris_nmrc,CMS HCRIS Hospital 2552-10 Worksheet S-3 Part II line 01100,https://downloads.cms.gov/Files/hcris/,ccn,050280,rn_contract_labor_dpc,blended,contract,108.91,,,1.0,,0.92,High,agency
e5513fbc-7a92-4408-8ef0-018da017db95,06/30/2025,hcris_nmrc,CMS HCRIS Hospital 2552-10 Worksheet S-3 Part II line 01100,https://downloads.cms.gov/Files/hcris/,ccn,360017,rn_contract_labor_dpc,blended,contract,74.83,,,1.0,,0.92,High,agency
b1c2b516-569d-4a47-a3d3-1e56dc12255b,06/30/2025,hcris_nmrc,CMS HCRIS Hospital 2552-10 Worksheet S-3 Part II line 01100,https://downloads.cms.gov/Files/hcris/,ccn,110043,rn_contract_labor_dpc,blended,contract,55.74,,,1.0,,0.92,High,agency
fec3a495-1f27-42e1-9995-fd3c852121dc,06/30/2025,hcris_nmrc,CMS HCRIS Hospital 2552-10 Worksheet S-3 Part II line 01100,https://downloads.cms.gov/Files/hcris/,ccn,220011,rn_contract_labor_dpc,blended,contract,101.53,,,1.0,,0.92,High,agency
1cf610ae-9bc7-4cbf-bbf0-f9c531aab1b0,06/30/2025,hcris_nmrc,CMS HCRIS Hospital 2552-10 Worksheet S-3 Part II line 01100,https://downloads.cms.gov/Files/hcris/,ccn,360014,rn_contract_labor_dpc,blended,contract,83.1,,,1.0,,0.92,High,agency
9168d3ca-208a-492c-b62d-eb1690987d72,06/30/2025,hcris_nmrc,CMS HCRIS Hospital 2552-10 Worksheet S-3 Part II line 01100,https://downloads.cms.gov/Files/hcris/,ccn,050327,rn_contract_labor_dpc,blended,contract,82.26,,,1.0,,0.92,High,agency
7103182d-aa33-4421-8683-35365e4ba60a,06/30/2025,hcris_nmrc,CMS HCRIS Hospital 2552-10 Worksheet S-3 Part II line 01100,https://downloads.cms.gov/Files/hcris/,ccn,360029,rn_contract_labor_dpc,blended,contract,58.18,,,1.0,,0.92,High,agency
8d3010ff-2dc4-4f7a-819e-b80270a23714,06/30/2025,hcris_nmrc,CMS HCRIS Hospital 2552-10 Worksheet S-3 Part II line 01100,https://downloads.cms.gov/Files/hcris/,ccn,360118,rn_contract_labor_dpc,blended,contract,81.23,,,1.0,,0.92,High,agency
4101b5a5-493a-49a0-927a-d49e5b9b728f,06/30/2025,hcris_nmrc,CMS HCRIS Hospital 2552-10 Worksheet S-3 Part II line 01100,https://downloads.cms.gov/Files/hcris/,ccn,360046,rn_contract_labor_dpc,blended,contract,119.83,,,1.0,,0.92,High,agency
11b6a17d-f2ea-4947-86a5-132b9a60a33d,06/30/2025,hcris_nmrc,CMS HCRIS Hospital 2552-10 Worksheet S-3 Part II line 01100,https://downloads.cms.gov/Files/hcris/,ccn,450235,rn_contract_labor_dpc,blended,contract,54.0,,,1.0,,0.92,High,agency
ab935c79-1e57-4fbd-b8c5-7145026e603b,06/30/2025,hcris_nmrc,CMS HCRIS Hospital 2552-10 Worksheet S-3 Part II line 01100,https://downloads.cms.gov/Files/hcris/,ccn,110030,rn_contract_labor_dpc,blended,contract,50.15,,,1.0,,0.92,High,agency
ab3f1796-97be-4ad5-8a7c-1bedcfee1f5a,06/30/2025,hcris_nmrc,CMS HCRIS Hospital 2552-10 Worksheet S-3 Part II line 01100,https://downloads.cms.gov/Files/hcris/,ccn,090004,rn_contract_labor_dpc,blended,contract,86.45,,,1.0,,0.92,High,agency
7b117ff7-5f5b-45d5-bfc4-53157770a374,06/30/2025,hcris_nmrc,CMS HCRIS Hospital 2552-10 Worksheet S-3 Part II line 01100,https://downloads.cms.gov/Files/hcris/,ccn,110031,rn_contract_labor_dpc,blended,contract,71.67,,,1.0,,0.92,High,agency
922160bc-766d-49a2-b232-0225bd8ef467,06/30/2025,hcris_nmrc,CMS HCRIS Hospital 2552-10 Worksheet S-3 Part II line 01100,https://downloads.cms.gov/Files/hcris/,ccn,050315,rn_contract_labor_dpc,blended,contract,116.51,,,1.0,,0.92,High,agency
6d4da0fc-85d4-437e-8d8b-d8835e30b6db,06/30/2025,hcris_nmrc,CMS HCRIS Hospital 2552-10 Worksheet S-3 Part II line 01100,https://downloads.cms.gov/Files/hcris/,ccn,360035,rn_contract_labor_dpc,blended,contract,95.5,,,1.0,,0.92,High,agency
579a3783-f4bf-4270-b3db-fdb623df1829,06/30/2025,hcris_nmrc,CMS HCRIS Hospital 2552-10 Worksheet S-3 Part II line 01100,https://downloads.cms.gov/Files/hcris/,ccn,110034,rn_contract_labor_dpc,blended,contract,84.19,,,1.0,,0.92,High,agency
d5aa3c2e-c518-436b-92e3-9b4f87ad68fc,06/30/2025,hcris_nmrc,CMS HCRIS Hospital 2552-10 Worksheet S-3 Part II line 01100,https://downloads.cms.gov/Files/hcris/,ccn,450237,rn_contract_labor_dpc,blended,contract,61.67,,,1.0,,0.92,High,agency
82a262a2-a79c-4165-9d23-ce95953118e9,06/30/2025,hcris_nmrc,CMS HCRIS Hospital 2552-10 Worksheet S-3 Part II line 01100,https://downloads.cms.gov/Files/hcris/,ccn,050281,rn_contract_labor_dpc,blended,contract,70.81,,,1.0,,0.92,High,agency
87650084-e86d-4b32-8c51-3e9597827b95,06/30/2025,hcris_nmrc,CMS HCRIS Hospital 2552-10 Worksheet S-3 Part II line 01100,https://downloads.cms.gov/Files/hcris/,ccn,110035,rn_contract_labor_dpc,blended,contract,76.37,,,1.0,,0.92,High,agency
9b90d672-4777-407d-b1bd-5b574e392dd2,06/30/2025,hcris_nmrc,CMS HCRIS Hospital 2552-10 Worksheet S-3 Part II line 01100,https://downloads.cms.gov/Files/hcris/,ccn,360348,rn_contract_labor_dpc,blended,contract,85.39,,,1.0,,0.92,High,agency
beb6da9d-1d8b-47fa-894f-26b3361ac4cf,06/30/2025,hcris_nmrc,CMS HCRIS Hospital 2552-10 Worksheet S-3 Part II line 01100,https://downloads.cms.gov/Files/hcris/,ccn,340131,rn_contract_labor_dpc,blended,contract,96.8,,,1.0,,0.92,High,agency
2492850f-26d4-40d1-b937-58dc4e6b0e90,06/30/2025,hcris_nmrc,CMS HCRIS Hospital 2552-10 Worksheet S-3 Part II line 01100,https://downloads.cms.gov/Files/hcris/,ccn,670023,rn_contract_labor_dpc,blended,contract,70.61,,,1.0,,0.92,High,agency
194ddd50-771b-4210-8c76-8b350f66ce31,06/30/2025,hcris_nmrc,CMS HCRIS Hospital 2552-10 Worksheet S-3 Part II line 01100,https://downloads.cms.gov/Files/hcris/,ccn,370018,rn_contract_labor_dpc,blended,contract,67.87,,,1.0,,0.92,High,agency
f884da82-264c-40b5-8962-60a7d617880e,06/30/2025,hcris_nmrc,CMS HCRIS Hospital 2552-10 Worksheet S-3 Part II line 01100,https://downloads.cms.gov/Files/hcris/,ccn,050444,rn_contract_labor_dpc,blended,contract,101.87,,,1.0,,0.92,High,agency
af409c05-9981-42ca-a77f-cc6b5cd7a480,06/30/2025,hcris_nmrc,CMS HCRIS Hospital 2552-10 Worksheet S-3 Part II line 01100,https://downloads.cms.gov/Files/hcris/,ccn,120014,rn_contract_labor_dpc,blended,contract,102.86,,,1.0,,0.92,High,agency
7927dbf3-f8a1-4335-902a-afb0bd3d0e7f,06/30/2025,hcris_nmrc,CMS HCRIS Hospital 2552-10 Worksheet S-3 Part II line 01100,https://downloads.cms.gov/Files/hcris/,ccn,210030,rn_contract_labor_dpc,blended,contract,44.23,,,1.0,,0.92,High,agency
f6c6e530-5594-43a1-a237-07f25615a475,06/30/2025,hcris_nmrc,CMS HCRIS Hospital 2552-10 Worksheet S-3 Part II line 01100,https://downloads.cms.gov/Files/hcris/,ccn,120019,rn_contract_labor_dpc,blended,contract,95.03,,,1.0,,0.92,High,agency
75f108de-8644-4a5d-9909-894224d56d6f,06/30/2025,hcris_nmrc,CMS HCRIS Hospital 2552-10 Worksheet S-3 Part II line 01100,https://downloads.cms.gov/Files/hcris/,ccn,370019,rn_contract_labor_dpc,blended,contract,50.63,,,1.0,,0.92,High,agency
3f7ff7c3-6ea2-4301-922b-c3e231b2c841,06/30/2025,hcris_nmrc,CMS HCRIS Hospital 2552-10 Worksheet S-3 Part II line 01100,https://downloads.cms.gov/Files/hcris/,ccn,370020,rn_contract_labor_dpc,blended,contract,35.42,,,1.0,,0.92,High,agency
4b1aecd1-2af3-495a-aff7-f46c0ec8e16a,06/30/2025,hcris_nmrc,CMS HCRIS Hospital 2552-10 Worksheet S-3 Part II line 01100,https://downloads.cms.gov/Files/hcris/,ccn,450011,rn_contract_labor_dpc,blended,contract,74.13,,,1.0,,0.92,High,agency
4f866470-9baa-416b-a7de-5cfd8f149d70,06/30/2025,hcris_nmrc,CMS HCRIS Hospital 2552-10 Worksheet S-3 Part II line 01100,https://downloads.cms.gov/Files/hcris/,ccn,120022,rn_contract_labor_dpc,blended,contract,81.99,,,1.0,,0.92,High,agency
966ebe19-a330-4ed3-8b38-b3ce36297f48,06/30/2025,hcris_nmrc,CMS HCRIS Hospital 2552-10 Worksheet S-3 Part II line 01100,https://downloads.cms.gov/Files/hcris/,ccn,120026,rn_contract_labor_dpc,blended,contract,48.1,,,1.0,,0.92,High,agency
dd299d5d-7cbf-467d-939d-b28eca65136f,06/30/2025,hcris_nmrc,CMS HCRIS Hospital 2552-10 Worksheet S-3 Part II line 01100,https://downloads.cms.gov/Files/hcris/,ccn,370022,rn_contract_labor_dpc,blended,contract,94.35,,,1.0,,0.92,High,agency
f0c23dd4-a296-4a32-aaa0-d4eeafc2801b,06/30/2025,hcris_nmrc,CMS HCRIS Hospital 2552-10 Worksheet S-3 Part II line 01100,https://downloads.cms.gov/Files/hcris/,ccn,050454,rn_contract_labor_dpc,blended,contract,104.89,,,1.0,,0.92,High,agency
e90f6824-b242-4d0a-bb6c-b3863b13a0b8,06/30/2025,hcris_nmrc,CMS HCRIS Hospital 2552-10 Worksheet S-3 Part II line 01100,https://downloads.cms.gov/Files/hcris/,ccn,370023,rn_contract_labor_dpc,blended,contract,82.53,,,1.0,,0.92,High,agency
da076d85-8a67-41b4-a145-cae6973e3b05,06/30/2025,hcris_nmrc,CMS HCRIS Hospital 2552-10 Worksheet S-3 Part II line 01100,https://downloads.cms.gov/Files/hcris/,ccn,120028,rn_contract_labor_dpc,blended,contract,115.76,,,1.0,,0.92,High,agency
d0259815-3d62-420f-856e-cf8aeb0ba2f7,06/30/2025,hcris_nmrc,CMS HCRIS Hospital 2552-10 Worksheet S-3 Part II line 01100,https://downloads.cms.gov/Files/hcris/,ccn,370016,rn_contract_labor_dpc,blended,contract,74.15,,,1.0,,0.92,High,agency
0ff386f9-b31b-41cd-9d7a-985dab0c948f,06/30/2025,hcris_nmrc,CMS HCRIS Hospital 2552-10 Worksheet S-3 Part II line 01100,https://downloads.cms.gov/Files/hcris/,ccn,370025,rn_contract_labor_dpc,blended,contract,93.8,,,1.0,,0.92,High,agency
d9eea022-a704-49ba-9c42-e0a3f9f03d53,06/30/2025,hcris_nmrc,CMS HCRIS Hospital 2552-10 Worksheet S-3 Part II line 01100,https://downloads.cms.gov/Files/hcris/,ccn,230070,rn_contract_labor_dpc,blended,contract,75.82,,,1.0,,0.92,High,agency
6e8c9ac7-4bc1-486e-bcc1-8591923cda10,06/30/2025,hcris_nmrc,CMS HCRIS Hospital 2552-10 Worksheet S-3 Part II line 01100,https://downloads.cms.gov/Files/hcris/,ccn,120007,rn_contract_labor_dpc,blended,contract,76.52,,,1.0,,0.92,High,agency
207cd802-2fdb-43b5-9a5a-bd198db0b96b,06/30/2025,hcris_nmrc,CMS HCRIS Hospital 2552-10 Worksheet S-3 Part II line 01100,https://downloads.cms.gov/Files/hcris/,ccn,210032,rn_contract_labor_dpc,blended,contract,59.78,,,1.0,,0.92,High,agency
4e8d17c7-11a4-47fe-9407-59700f3ed427,06/30/2025,hcris_nmrc,CMS HCRIS Hospital 2552-10 Worksheet S-3 Part II line 01100,https://downloads.cms.gov/Files/hcris/,ccn,370001,rn_contract_labor_dpc,blended,contract,84.28,,,1.0,,0.92,High,agency
224d6dea-686b-4697-b57f-b46660e0df27,06/30/2025,hcris_nmrc,CMS HCRIS Hospital 2552-10 Worksheet S-3 Part II line 01100,https://downloads.cms.gov/Files/hcris/,ccn,340017,rn_contract_labor_dpc,blended,contract,83.16,,,1.0,,0.92,High,agency
d053a5dc-1b2f-4983-a5c0-8e237cf42815,06/30/2025,hcris_nmrc,CMS HCRIS Hospital 2552-10 Worksheet S-3 Part II line 01100,https://downloads.cms.gov/Files/hcris/,ccn,370002,rn_contract_labor_dpc,blended,contract,52.78,,,1.0,,0.92,High,agency
8d285687-a36b-4e11-8f92-470632af4c41,06/30/2025,hcris_nmrc,CMS HCRIS Hospital 2552-10 Worksheet S-3 Part II line 01100,https://downloads.cms.gov/Files/hcris/,ccn,120001,rn_contract_labor_dpc,blended,contract,98.9,,,1.0,,0.92,High,agency
fc2b998b-ae59-48c1-bcec-a765458a6f8c,06/30/2025,hcris_nmrc,CMS HCRIS Hospital 2552-10 Worksheet S-3 Part II line 01100,https://downloads.cms.gov/Files/hcris/,ccn,230069,rn_contract_labor_dpc,blended,contract,95.52,,,1.0,,0.92,High,agency
6b0904e6-24af-4e72-b5e2-a3b71a2b8a53,06/30/2025,hcris_nmrc,CMS HCRIS Hospital 2552-10 Worksheet S-3 Part II line 01100,https://downloads.cms.gov/Files/hcris/,ccn,370004,rn_contract_labor_dpc,blended,contract,41.46,,,1.0,,0.92,High,agency
4ce0f6a0-51d7-43cb-aae7-96f8dc88906e,06/30/2025,hcris_nmrc,CMS HCRIS Hospital 2552-10 Worksheet S-3 Part II line 01100,https://downloads.cms.gov/Files/hcris/,ccn,050228,rn_contract_labor_dpc,blended,contract,55.34,,,1.0,,0.92,High,agency
c5681785-46d1-4933-9780-8f24475abbff,06/30/2025,hcris_nmrc,CMS HCRIS Hospital 2552-10 Worksheet S-3 Part II line 01100,https://downloads.cms.gov/Files/hcris/,ccn,670041,rn_contract_labor_dpc,blended,contract,56.79,,,1.0,,0.92,High,agency
bc8b8a45-b6ea-4415-99a0-fbb63468a83e,06/30/2025,hcris_nmrc,CMS HCRIS Hospital 2552-10 Worksheet S-3 Part II line 01100,https://downloads.cms.gov/Files/hcris/,ccn,370006,rn_contract_labor_dpc,blended,contract,72.52,,,1.0,,0.92,High,agency
50959183-0b5f-4465-ba0e-6c4d0ed2854b,06/30/2025,hcris_nmrc,CMS HCRIS Hospital 2552-10 Worksheet S-3 Part II line 01100,https://downloads.cms.gov/Files/hcris/,ccn,120005,rn_contract_labor_dpc,blended,contract,73.08,,,1.0,,0.92,High,agency
a3f85517-cd39-481f-b1b6-ce8ea403acce,06/30/2025,hcris_nmrc,CMS HCRIS Hospital 2552-10 Worksheet S-3 Part II line 01100,https://downloads.cms.gov/Files/hcris/,ccn,370008,rn_contract_labor_dpc,blended,contract,91.36,,,1.0,,0.92,High,agency
af059765-f4fb-4399-b5f8-f79ddbd87b7d,06/30/2025,hcris_nmrc,CMS HCRIS Hospital 2552-10 Worksheet S-3 Part II line 01100,https://downloads.cms.gov/Files/hcris/,ccn,370013,rn_contract_labor_dpc,blended,contract,54.98,,,1.0,,0.92,High,agency
cb44735b-8ffe-4bc7-8be4-b33169b0855e,06/30/2025,hcris_nmrc,CMS HCRIS Hospital 2552-10 Worksheet S-3 Part II line 01100,https://downloads.cms.gov/Files/hcris/,ccn,340010,rn_contract_labor_dpc,blended,contract,111.98,,,1.0,,0.92,High,agency
d9f8c774-cbe8-4bb4-91fe-7e6fbfb83501,06/30/2025,hcris_nmrc,CMS HCRIS Hospital 2552-10 Worksheet S-3 Part II line 01100,https://downloads.cms.gov/Files/hcris/,ccn,050226,rn_contract_labor_dpc,blended,contract,57.32,,,1.0,,0.92,High,agency
51c7d5e6-3099-4eb6-a4e1-9f7719377969,06/30/2025,hcris_nmrc,CMS HCRIS Hospital 2552-10 Worksheet S-3 Part II line 01100,https://downloads.cms.gov/Files/hcris/,ccn,530034,rn_contract_labor_dpc,blended,contract,46.21,,,1.0,,0.92,High,agency
268bc513-0980-4c19-a3f0-17a90c4aa861,06/30/2025,hcris_nmrc,CMS HCRIS Hospital 2552-10 Worksheet S-3 Part II line 01100,https://downloads.cms.gov/Files/hcris/,ccn,370028,rn_contract_labor_dpc,blended,contract,85.81,,,1.0,,0.92,High,agency
1ea4bad3-f9d3-4823-a874-9743de4fb379,06/30/2025,hcris_nmrc,CMS HCRIS Hospital 2552-10 Worksheet S-3 Part II line 01100,https://downloads.cms.gov/Files/hcris/,ccn,370091,rn_contract_labor_dpc,blended,contract,59.42,,,1.0,,0.92,High,agency
192ab1ea-496b-4ee9-b1e2-a6deb463da08,06/30/2025,hcris_nmrc,CMS HCRIS Hospital 2552-10 Worksheet S-3 Part II line 01100,https://downloads.cms.gov/Files/hcris/,ccn,050481,rn_contract_labor_dpc,blended,contract,304.59,,,1.0,,0.92,High,agency
69976ad3-6a65-44c9-9d4a-c7b517222830,06/30/2025,hcris_nmrc,CMS HCRIS Hospital 2552-10 Worksheet S-3 Part II line 01100,https://downloads.cms.gov/Files/hcris/,ccn,370093,rn_contract_labor_dpc,blended,contract,63.42,,,1.0,,0.92,High,agency
88dac18a-3d0f-4878-b616-48751867963b,06/30/2025,hcris_nmrc,CMS HCRIS Hospital 2552-10 Worksheet S-3 Part II line 01100,https://downloads.cms.gov/Files/hcris/,ccn,210027,rn_contract_labor_dpc,blended,contract,94.95,,,1.0,,0.92,High,agency
0a668f1d-6cb3-4adf-99ec-3f587c33b7b6,06/30/2025,hcris_nmrc,CMS HCRIS Hospital 2552-10 Worksheet S-3 Part II line 01100,https://downloads.cms.gov/Files/hcris/,ccn,140001,rn_contract_labor_dpc,blended,contract,90.26,,,1.0,,0.92,High,agency
145d5c02-95da-421b-b376-38e1c305a40b,06/30/2025,hcris_nmrc,CMS HCRIS Hospital 2552-10 Worksheet S-3 Part II line 01100,https://downloads.cms.gov/Files/hcris/,ccn,230077,rn_contract_labor_dpc,blended,contract,74.48,,,1.0,,0.92,High,agency
15410809-c013-4aa5-af49-b97df1c48e29,06/30/2025,hcris_nmrc,CMS HCRIS Hospital 2552-10 Worksheet S-3 Part II line 01100,https://downloads.cms.gov/Files/hcris/,ccn,450460,rn_contract_labor_dpc,blended,contract,107.25,,,1.0,,0.92,High,agency
6b00b413-7b26-49d7-b3ab-9f4ee90a7c50,06/30/2025,hcris_nmrc,CMS HCRIS Hospital 2552-10 Worksheet S-3 Part II line 01100,https://downloads.cms.gov/Files/hcris/,ccn,050485,rn_contract_labor_dpc,blended,contract,67.84,,,1.0,,0.92,High,agency
b3ca8667-3d04-4003-ac11-d7ef9aaa6903,06/30/2025,hcris_nmrc,CMS HCRIS Hospital 2552-10 Worksheet S-3 Part II line 01100,https://downloads.cms.gov/Files/hcris/,ccn,140008,rn_contract_labor_dpc,blended,contract,54.4,,,1.0,,0.92,High,agency
57cfc9ab-52fe-4d2e-abe7-3a2e508461fa,06/30/2025,hcris_nmrc,CMS HCRIS Hospital 2552-10 Worksheet S-3 Part II line 01100,https://downloads.cms.gov/Files/hcris/,ccn,210024,rn_contract_labor_dpc,blended,contract,91.27,,,1.0,,0.92,High,agency
d2600fa2-a6ce-4a7d-92ae-e1c81ec116ed,06/30/2025,hcris_nmrc,CMS HCRIS Hospital 2552-10 Worksheet S-3 Part II line 01100,https://downloads.cms.gov/Files/hcris/,ccn,370100,rn_contract_labor_dpc,blended,contract,55.3,,,1.0,,0.92,High,agency
cfa55e73-edb8-4e14-a4aa-15542fb655ed,06/30/2025,hcris_nmrc,CMS HCRIS Hospital 2552-10 Worksheet S-3 Part II line 01100,https://downloads.cms.gov/Files/hcris/,ccn,230078,rn_contract_labor_dpc,blended,contract,150.0,,,1.0,,0.92,High,agency
f42a726c-d356-4600-808f-0636647ec350,06/30/2025,hcris_nmrc,CMS HCRIS Hospital 2552-10 Worksheet S-3 Part II line 01100,https://downloads.cms.gov/Files/hcris/,ccn,210023,rn_contract_labor_dpc,blended,contract,88.74,,,1.0,,0.92,High,agency
de7ab961-a741-470f-8ccd-f5b796d86bfa,06/30/2025,hcris_nmrc,CMS HCRIS Hospital 2552-10 Worksheet S-3 Part II line 01100,https://downloads.cms.gov/Files/hcris/,ccn,370089,rn_contract_labor_dpc,blended,contract,79.41,,,1.0,,0.92,High,agency
49af3c5c-377f-44d7-a76c-cf13481385ea,06/30/2025,hcris_nmrc,CMS HCRIS Hospital 2552-10 Worksheet S-3 Part II line 01100,https://downloads.cms.gov/Files/hcris/,ccn,130003,rn_contract_labor_dpc,blended,contract,76.01,,,1.0,,0.92,High,agency
0888aa76-fb86-45d4-8829-6906f434d453,06/30/2025,hcris_nmrc,CMS HCRIS Hospital 2552-10 Worksheet S-3 Part II line 01100,https://downloads.cms.gov/Files/hcris/,ccn,370078,rn_contract_labor_dpc,blended,contract,74.28,,,1.0,,0.92,High,agency
3524be4f-ab7c-471a-9da9-93382e4506f7,06/30/2025,hcris_nmrc,CMS HCRIS Hospital 2552-10 Worksheet S-3 Part II line 01100,https://downloads.cms.gov/Files/hcris/,ccn,370056,rn_contract_labor_dpc,blended,contract,74.61,,,1.0,,0.92,High,agency
d9c5c19c-29e5-4558-91f4-7d0f076d7185,06/30/2025,hcris_nmrc,CMS HCRIS Hospital 2552-10 Worksheet S-3 Part II line 01100,https://downloads.cms.gov/Files/hcris/,ccn,050211,rn_contract_labor_dpc,blended,contract,105.76,,,1.0,,0.92,High,agency
05ec2517-9583-4583-8860-ff5fd28387a6,06/30/2025,hcris_nmrc,CMS HCRIS Hospital 2552-10 Worksheet S-3 Part II line 01100,https://downloads.cms.gov/Files/hcris/,ccn,210029,rn_contract_labor_dpc,blended,contract,47.05,,,1.0,,0.92,High,agency
fc842462-dead-4848-be0b-1f2f09284b6c,06/30/2025,hcris_nmrc,CMS HCRIS Hospital 2552-10 Worksheet S-3 Part II line 01100,https://downloads.cms.gov/Files/hcris/,ccn,530025,rn_contract_labor_dpc,blended,contract,107.97,,,1.0,,0.92,High,agency
064271b0-12c3-482d-aaa1-1f6cdd5a545a,06/30/2025,hcris_nmrc,CMS HCRIS Hospital 2552-10 Worksheet S-3 Part II line 01100,https://downloads.cms.gov/Files/hcris/,ccn,530015,rn_contract_labor_dpc,blended,contract,72.74,,,1.0,,0.92,High,agency
1211b6f3-4f1a-4228-bcc4-9e00bdf5e576,06/30/2025,hcris_nmrc,CMS HCRIS Hospital 2552-10 Worksheet S-3 Part II line 01100,https://downloads.cms.gov/Files/hcris/,ccn,370034,rn_contract_labor_dpc,blended,contract,75.44,,,1.0,,0.92,High,agency
c327ab03-0c21-4c6a-b567-07026b279011,06/30/2025,hcris_nmrc,CMS HCRIS Hospital 2552-10 Worksheet S-3 Part II line 01100,https://downloads.cms.gov/Files/hcris/,ccn,530014,rn_contract_labor_dpc,blended,contract,93.94,,,1.0,,0.92,High,agency
c349faea-a48b-47ab-adce-f08cbac7247f,06/30/2025,hcris_nmrc,CMS HCRIS Hospital 2552-10 Worksheet S-3 Part II line 01100,https://downloads.cms.gov/Files/hcris/,ccn,050457,rn_contract_labor_dpc,blended,contract,104.07,,,1.0,,0.92,High,agency
97545016-56c4-4073-bda8-e2ede9b633d3,06/30/2025,hcris_nmrc,CMS HCRIS Hospital 2552-10 Worksheet S-3 Part II line 01100,https://downloads.cms.gov/Files/hcris/,ccn,130007,rn_contract_labor_dpc,blended,contract,68.92,,,1.0,,0.92,High,agency
aa035a6b-1847-4f2d-b6aa-b95e526c0e34,06/30/2025,hcris_nmrc,CMS HCRIS Hospital 2552-10 Worksheet S-3 Part II line 01100,https://downloads.cms.gov/Files/hcris/,ccn,130013,rn_contract_labor_dpc,blended,contract,84.33,,,1.0,,0.92,High,agency
3236b0f4-d592-4dab-a9ba-b724863a5525,06/30/2025,hcris_nmrc,CMS HCRIS Hospital 2552-10 Worksheet S-3 Part II line 01100,https://downloads.cms.gov/Files/hcris/,ccn,370047,rn_contract_labor_dpc,blended,contract,70.56,,,1.0,,0.92,High,agency
62f79f6a-f15c-4c86-981f-2777b66eb579,06/30/2025,hcris_nmrc,CMS HCRIS Hospital 2552-10 Worksheet S-3 Part II line 01100,https://downloads.cms.gov/Files/hcris/,ccn,450007,rn_contract_labor_dpc,blended,contract,102.97,,,1.0,,0.92,High,agency
b9a20093-5bc2-4ee2-98b5-4085467e2022,06/30/2025,hcris_nmrc,CMS HCRIS Hospital 2552-10 Worksheet S-3 Part II line 01100,https://downloads.cms.gov/Files/hcris/,ccn,210028,rn_contract_labor_dpc,blended,contract,78.79,,,1.0,,0.92,High,agency
078d95e7-b657-4bd8-9e03-f549d0f99125,06/30/2025,hcris_nmrc,CMS HCRIS Hospital 2552-10 Worksheet S-3 Part II line 01100,https://downloads.cms.gov/Files/hcris/,ccn,530006,rn_contract_labor_dpc,blended,contract,93.38,,,1.0,,0.92,High,agency
1946ace4-dbd7-4329-bd7e-2aaf9c68e811,06/30/2025,hcris_nmrc,CMS HCRIS Hospital 2552-10 Worksheet S-3 Part II line 01100,https://downloads.cms.gov/Files/hcris/,ccn,530002,rn_contract_labor_dpc,blended,contract,77.86,,,1.0,,0.92,High,agency
ff95c17d-4dbf-4b1e-af4d-18cb9d4fb07e,06/30/2025,hcris_nmrc,CMS HCRIS Hospital 2552-10 Worksheet S-3 Part II line 01100,https://downloads.cms.gov/Files/hcris/,ccn,050195,rn_contract_labor_dpc,blended,contract,141.81,,,1.0,,0.92,High,agency
1fcfe167-d1f9-474b-89ae-e7ffaecc9b88,06/30/2025,hcris_nmrc,CMS HCRIS Hospital 2552-10 Worksheet S-3 Part II line 01100,https://downloads.cms.gov/Files/hcris/,ccn,100001,rn_contract_labor_dpc,blended,contract,100.71,,,1.0,,0.92,High,agency
77751ca7-add2-4f06-b708-3e9a09d2c0d3,06/30/2025,hcris_nmrc,CMS HCRIS Hospital 2552-10 Worksheet S-3 Part II line 01100,https://downloads.cms.gov/Files/hcris/,ccn,050438,rn_contract_labor_dpc,blended,contract,97.26,,,1.0,,0.92,High,agency
6eed56e2-8d9a-4332-9255-974177c87505,06/30/2025,hcris_nmrc,CMS HCRIS Hospital 2552-10 Worksheet S-3 Part II line 01100,https://downloads.cms.gov/Files/hcris/,ccn,210033,rn_contract_labor_dpc,blended,contract,96.56,,,1.0,,0.92,High,agency
9179d127-a26d-48a3-956f-54d136091553,06/30/2025,hcris_nmrc,CMS HCRIS Hospital 2552-10 Worksheet S-3 Part II line 01100,https://downloads.cms.gov/Files/hcris/,ccn,050238,rn_contract_labor_dpc,blended,contract,96.32,,,1.0,,0.92,High,agency
29364e77-bb97-40b9-845d-ba887800f1c5,06/30/2025,hcris_nmrc,CMS HCRIS Hospital 2552-10 Worksheet S-3 Part II line 01100,https://downloads.cms.gov/Files/hcris/,ccn,110194,rn_contract_labor_dpc,blended,contract,87.55,,,1.0,,0.92,High,agency
1c41bea6-6cb2-406d-83ca-8993997e62fc,06/30/2025,hcris_nmrc,CMS HCRIS Hospital 2552-10 Worksheet S-3 Part II line 01100,https://downloads.cms.gov/Files/hcris/,ccn,360365,rn_contract_labor_dpc,blended,contract,72.53,,,1.0,,0.92,High,agency
58f879d2-3797-4b68-b7b4-10adb6627622,06/30/2025,hcris_nmrc,CMS HCRIS Hospital 2552-10 Worksheet S-3 Part II line 01100,https://downloads.cms.gov/Files/hcris/,ccn,450040,rn_contract_labor_dpc,blended,contract,59.81,,,1.0,,0.92,High,agency
65ff7616-80e5-455f-b3d8-6066d98afbc0,06/30/2025,hcris_nmrc,CMS HCRIS Hospital 2552-10 Worksheet S-3 Part II line 01100,https://downloads.cms.gov/Files/hcris/,ccn,230037,rn_contract_labor_dpc,blended,contract,78.19,,,1.0,,0.92,High,agency
1c37e139-bb38-448d-9372-d078ddd473c8,06/30/2025,hcris_nmrc,CMS HCRIS Hospital 2552-10 Worksheet S-3 Part II line 01100,https://downloads.cms.gov/Files/hcris/,ccn,210040,rn_contract_labor_dpc,blended,contract,87.67,,,1.0,,0.92,High,agency
1678d9ad-5eb4-4acd-b898-170e1cea947e,06/30/2025,hcris_nmrc,CMS HCRIS Hospital 2552-10 Worksheet S-3 Part II line 01100,https://downloads.cms.gov/Files/hcris/,ccn,110198,rn_contract_labor_dpc,blended,contract,76.19,,,1.0,,0.92,High,agency
779d013b-3bf4-4074-9c73-2388509c482d,06/30/2025,hcris_nmrc,CMS HCRIS Hospital 2552-10 Worksheet S-3 Part II line 01100,https://downloads.cms.gov/Files/hcris/,ccn,670085,rn_contract_labor_dpc,blended,contract,63.04,,,1.0,,0.92,High,agency
2bb9143e-cc19-49a2-b5cd-f58d3ed19a86,06/30/2025,hcris_nmrc,CMS HCRIS Hospital 2552-10 Worksheet S-3 Part II line 01100,https://downloads.cms.gov/Files/hcris/,ccn,450395,rn_contract_labor_dpc,blended,contract,78.73,,,1.0,,0.92,High,agency
f86b1645-ac29-41f2-82a4-ca98ce0bf61e,06/30/2025,hcris_nmrc,CMS HCRIS Hospital 2552-10 Worksheet S-3 Part II line 01100,https://downloads.cms.gov/Files/hcris/,ccn,670082,rn_contract_labor_dpc,blended,contract,67.81,,,1.0,,0.92,High,agency
c0dd1193-2383-43da-b2f6-7194334bbcc8,06/30/2025,hcris_nmrc,CMS HCRIS Hospital 2552-10 Worksheet S-3 Part II line 01100,https://downloads.cms.gov/Files/hcris/,ccn,110200,rn_contract_labor_dpc,blended,contract,60.9,,,1.0,,0.92,High,agency
0ac72c46-7a36-4bcf-bcb9-1d4f0e3eba0d,06/30/2025,hcris_nmrc,CMS HCRIS Hospital 2552-10 Worksheet S-3 Part II line 01100,https://downloads.cms.gov/Files/hcris/,ccn,340090,rn_contract_labor_dpc,blended,contract,48.65,,,1.0,,0.92,High,agency
7465391a-7bea-44d1-8a49-6765db554a7b,06/30/2025,hcris_nmrc,CMS HCRIS Hospital 2552-10 Worksheet S-3 Part II line 01100,https://downloads.cms.gov/Files/hcris/,ccn,110201,rn_contract_labor_dpc,blended,contract,52.73,,,1.0,,0.92,High,agency
e09dee9e-5405-4153-9949-eb9c30318141,06/30/2025,hcris_nmrc,CMS HCRIS Hospital 2552-10 Worksheet S-3 Part II line 01100,https://downloads.cms.gov/Files/hcris/,ccn,450034,rn_contract_labor_dpc,blended,contract,27.64,,,1.0,,0.92,High,agency
df46372f-423d-4ed1-be68-b4dd10a1cddc,06/30/2025,hcris_nmrc,CMS HCRIS Hospital 2552-10 Worksheet S-3 Part II line 01100,https://downloads.cms.gov/Files/hcris/,ccn,110192,rn_contract_labor_dpc,blended,contract,59.61,,,1.0,,0.92,High,agency
10d07c44-0008-43f1-982a-b77300f68f01,06/30/2025,hcris_nmrc,CMS HCRIS Hospital 2552-10 Worksheet S-3 Part II line 01100,https://downloads.cms.gov/Files/hcris/,ccn,210039,rn_contract_labor_dpc,blended,contract,86.44,,,1.0,,0.92,High,agency
3b10726c-2d24-4bb6-9934-30a224cf1d62,06/30/2025,hcris_nmrc,CMS HCRIS Hospital 2552-10 Worksheet S-3 Part II line 01100,https://downloads.cms.gov/Files/hcris/,ccn,110191,rn_contract_labor_dpc,blended,contract,69.57,,,1.0,,0.92,High,agency
85d3dc71-6374-42e5-86c5-1dc56dfa3c65,06/30/2025,hcris_nmrc,CMS HCRIS Hospital 2552-10 Worksheet S-3 Part II line 01100,https://downloads.cms.gov/Files/hcris/,ccn,450042,rn_contract_labor_dpc,blended,contract,42.46,,,1.0,,0.92,High,agency
d4a4987a-8baf-4ea9-98dd-42802381ab11,06/30/2025,hcris_nmrc,CMS HCRIS Hospital 2552-10 Worksheet S-3 Part II line 01100,https://downloads.cms.gov/Files/hcris/,ccn,050242,rn_contract_labor_dpc,blended,contract,110.87,,,1.0,,0.92,High,agency
854cfe93-ed1d-4380-9e23-ac1c55455bd9,06/30/2025,hcris_nmrc,CMS HCRIS Hospital 2552-10 Worksheet S-3 Part II line 01100,https://downloads.cms.gov/Files/hcris/,ccn,210048,rn_contract_labor_dpc,blended,contract,84.3,,,1.0,,0.92,High,agency
aa62c011-70eb-48d6-8456-b27982ae5c7c,06/30/2025,hcris_nmrc,CMS HCRIS Hospital 2552-10 Worksheet S-3 Part II line 01100,https://downloads.cms.gov/Files/hcris/,ccn,360354,rn_contract_labor_dpc,blended,contract,81.85,,,1.0,,0.92,High,agency
4a78f065-7e4b-4ab3-a91e-6de6c00d0525,06/30/2025,hcris_nmrc,CMS HCRIS Hospital 2552-10 Worksheet S-3 Part II line 01100,https://downloads.cms.gov/Files/hcris/,ccn,110164,rn_contract_labor_dpc,blended,contract,62.7,,,1.0,,0.92,High,agency
4585a3b4-f9cc-4d3b-a597-d0c3489d6d53,06/30/2025,hcris_nmrc,CMS HCRIS Hospital 2552-10 Worksheet S-3 Part II line 01100,https://downloads.cms.gov/Files/hcris/,ccn,050376,rn_contract_labor_dpc,blended,contract,98.41,,,1.0,,0.92,High,agency
431c35b4-a623-46d6-b638-e817c93faee7,06/30/2025,hcris_nmrc,CMS HCRIS Hospital 2552-10 Worksheet S-3 Part II line 01100,https://downloads.cms.gov/Files/hcris/,ccn,450046,rn_contract_labor_dpc,blended,contract,57.49,,,1.0,,0.92,High,agency
ba6cd80d-745c-4188-82a2-290776da32ca,06/30/2025,hcris_nmrc,CMS HCRIS Hospital 2552-10 Worksheet S-3 Part II line 01100,https://downloads.cms.gov/Files/hcris/,ccn,360358,rn_contract_labor_dpc,blended,contract,75.16,,,1.0,,0.92,High,agency
545c318d-4a99-4112-bc78-11453ef0e0ee,06/30/2025,hcris_nmrc,CMS HCRIS Hospital 2552-10 Worksheet S-3 Part II line 01100,https://downloads.cms.gov/Files/hcris/,ccn,110168,rn_contract_labor_dpc,blended,contract,89.69,,,1.0,,0.92,High,agency
2b11012d-5963-4995-b115-ff440031a76e,06/30/2025,hcris_nmrc,CMS HCRIS Hospital 2552-10 Worksheet S-3 Part II line 01100,https://downloads.cms.gov/Files/hcris/,ccn,450372,rn_contract_labor_dpc,blended,contract,68.17,,,1.0,,0.92,High,agency
d3c80074-933e-4466-95bb-064b3b4477b7,06/30/2025,hcris_nmrc,CMS HCRIS Hospital 2552-10 Worksheet S-3 Part II line 01100,https://downloads.cms.gov/Files/hcris/,ccn,210044,rn_contract_labor_dpc,blended,contract,89.98,,,1.0,,0.92,High,agency
4e2466a1-d52a-40d5-8da5-17ffc5d7e6e2,06/30/2025,hcris_nmrc,CMS HCRIS Hospital 2552-10 Worksheet S-3 Part II line 01100,https://downloads.cms.gov/Files/hcris/,ccn,230036,rn_contract_labor_dpc,blended,contract,83.37,,,1.0,,0.92,High,agency
8f833fad-3bdc-48be-ab95-169c69caeea9,06/30/2025,hcris_nmrc,CMS HCRIS Hospital 2552-10 Worksheet S-3 Part II line 01100,https://downloads.cms.gov/Files/hcris/,ccn,110184,rn_contract_labor_dpc,blended,contract,78.48,,,1.0,,0.92,High,agency
1c7935d4-f0f8-4256-baa5-49003cef8e80,06/30/2025,hcris_nmrc,CMS HCRIS Hospital 2552-10 Worksheet S-3 Part II line 01100,https://downloads.cms.gov/Files/hcris/,ccn,210043,rn_contract_labor_dpc,blended,contract,86.9,,,1.0,,0.92,High,agency
94cb68b1-b4bd-4fed-8723-3e5ddfe75ff4,06/30/2025,hcris_nmrc,CMS HCRIS Hospital 2552-10 Worksheet S-3 Part II line 01100,https://downloads.cms.gov/Files/hcris/,ccn,340114,rn_contract_labor_dpc,blended,contract,147.46,,,1.0,,0.92,High,agency
a21d8d71-27fc-4451-8601-afb174dde8f1,06/30/2025,hcris_nmrc,CMS HCRIS Hospital 2552-10 Worksheet S-3 Part II line 01100,https://downloads.cms.gov/Files/hcris/,ccn,450388,rn_contract_labor_dpc,blended,contract,94.47,,,1.0,,0.92,High,agency
37a51f43-0995-4e47-a62b-bc2e777cb59d,06/30/2025,hcris_nmrc,CMS HCRIS Hospital 2552-10 Worksheet S-3 Part II line 01100,https://downloads.cms.gov/Files/hcris/,ccn,034033,rn_contract_labor_dpc,blended,contract,82.27,,,1.0,,0.92,High,agency
e23de98b-e6b1-45ca-83b7-ef9a7a3d7c1c,06/30/2025,hcris_nmrc,CMS HCRIS Hospital 2552-10 Worksheet S-3 Part II line 01100,https://downloads.cms.gov/Files/hcris/,ccn,110215,rn_contract_labor_dpc,blended,contract,61.46,,,1.0,,0.92,High,agency
4626bb4c-ddab-4b44-8ebb-746cb2476e29,06/30/2025,hcris_nmrc,CMS HCRIS Hospital 2552-10 Worksheet S-3 Part II line 01100,https://downloads.cms.gov/Files/hcris/,ccn,110225,rn_contract_labor_dpc,blended,contract,51.4,,,1.0,,0.92,High,agency
76f8b32d-caaf-4970-afb1-c25d39fd8150,06/30/2025,hcris_nmrc,CMS HCRIS Hospital 2552-10 Worksheet S-3 Part II line 01100,https://downloads.cms.gov/Files/hcris/,ccn,340041,rn_contract_labor_dpc,blended,contract,76.79,,,1.0,,0.92,High,agency
89f3de86-98a0-4640-9374-87878ceba723,06/30/2025,hcris_nmrc,CMS HCRIS Hospital 2552-10 Worksheet S-3 Part II line 01100,https://downloads.cms.gov/Files/hcris/,ccn,363037,rn_contract_labor_dpc,blended,contract,93.76,,,1.0,,0.92,High,agency
e6d5327f-897b-4b0c-8778-481ea0a82de3,06/30/2025,hcris_nmrc,CMS HCRIS Hospital 2552-10 Worksheet S-3 Part II line 01100,https://downloads.cms.gov/Files/hcris/,ccn,340032,rn_contract_labor_dpc,blended,contract,68.22,,,1.0,,0.92,High,agency
6f022466-bd17-4985-a213-b6dc5d4fb6e2,06/30/2025,hcris_nmrc,CMS HCRIS Hospital 2552-10 Worksheet S-3 Part II line 01100,https://downloads.cms.gov/Files/hcris/,ccn,450411,rn_contract_labor_dpc,blended,contract,68.14,,,1.0,,0.92,High,agency
5c5d7a8c-26b5-4b68-a902-38da4d37e948,06/30/2025,hcris_nmrc,CMS HCRIS Hospital 2552-10 Worksheet S-3 Part II line 01100,https://downloads.cms.gov/Files/hcris/,ccn,670056,rn_contract_labor_dpc,blended,contract,67.27,,,1.0,,0.92,High,agency
b46b82a2-6766-4672-8ace-49b97dfb05ec,06/30/2025,hcris_nmrc,CMS HCRIS Hospital 2552-10 Worksheet S-3 Part II line 01100,https://downloads.cms.gov/Files/hcris/,ccn,340030,rn_contract_labor_dpc,blended,contract,87.99,,,1.0,,0.92,High,agency
7aba8cee-cb2d-4953-97b8-16fdbcb2bf53,06/30/2025,hcris_nmrc,CMS HCRIS Hospital 2552-10 Worksheet S-3 Part II line 01100,https://downloads.cms.gov/Files/hcris/,ccn,210034,rn_contract_labor_dpc,blended,contract,82.97,,,1.0,,0.92,High,agency
b433c983-10c5-4127-b671-44f69c0f14fe,06/30/2025,hcris_nmrc,CMS HCRIS Hospital 2552-10 Worksheet S-3 Part II line 01100,https://downloads.cms.gov/Files/hcris/,ccn,340027,rn_contract_labor_dpc,blended,contract,107.62,,,1.0,,0.92,High,agency
76717e1b-cbe2-4a3f-a9a4-b44a29c15bf5,06/30/2025,hcris_nmrc,CMS HCRIS Hospital 2552-10 Worksheet S-3 Part II line 01100,https://downloads.cms.gov/Files/hcris/,ccn,230059,rn_contract_labor_dpc,blended,contract,94.92,,,1.0,,0.92,High,agency
85762f11-a7d8-469c-8eb4-f173d6c02c9a,06/30/2025,hcris_nmrc,CMS HCRIS Hospital 2552-10 Worksheet S-3 Part II line 01100,https://downloads.cms.gov/Files/hcris/,ccn,450023,rn_contract_labor_dpc,blended,contract,101.65,,,1.0,,0.92,High,agency
a426254d-5b2b-432d-9a17-a54460ece01b,06/30/2025,hcris_nmrc,CMS HCRIS Hospital 2552-10 Worksheet S-3 Part II line 01100,https://downloads.cms.gov/Files/hcris/,ccn,670053,rn_contract_labor_dpc,blended,contract,82.36,,,1.0,,0.92,High,agency
91909b47-a370-4ba7-bd49-289be68101a7,06/30/2025,hcris_nmrc,CMS HCRIS Hospital 2552-10 Worksheet S-3 Part II line 01100,https://downloads.cms.gov/Files/hcris/,ccn,230066,rn_contract_labor_dpc,blended,contract,105.6,,,1.0,,0.92,High,agency
80e0f372-8c5b-4320-b1b3-d43d157d3c4a,06/30/2025,hcris_nmrc,CMS HCRIS Hospital 2552-10 Worksheet S-3 Part II line 01100,https://downloads.cms.gov/Files/hcris/,ccn,340042,rn_contract_labor_dpc,blended,contract,100.74,,,1.0,,0.92,High,agency
311ca030-d9de-47ee-a5a6-1c690eab2f92,06/30/2025,hcris_nmrc,CMS HCRIS Hospital 2552-10 Worksheet S-3 Part II line 01100,https://downloads.cms.gov/Files/hcris/,ccn,230046,rn_contract_labor_dpc,blended,contract,73.65,,,1.0,,0.92,High,agency
27147ed1-6879-40c6-954c-1276fe241e6d,06/30/2025,hcris_nmrc,CMS HCRIS Hospital 2552-10 Worksheet S-3 Part II line 01100,https://downloads.cms.gov/Files/hcris/,ccn,210035,rn_contract_labor_dpc,blended,contract,85.76,,,1.0,,0.92,High,agency
579e0a75-8626-4202-ac05-7a6f6d11f8e1,06/30/2025,hcris_nmrc,CMS HCRIS Hospital 2552-10 Worksheet S-3 Part II line 01100,https://downloads.cms.gov/Files/hcris/,ccn,340075,rn_contract_labor_dpc,blended,contract,81.69,,,1.0,,0.92,High,agency
d040e98a-98f9-45f3-8ee0-8017ca1c5599,06/30/2025,hcris_nmrc,CMS HCRIS Hospital 2552-10 Worksheet S-3 Part II line 01100,https://downloads.cms.gov/Files/hcris/,ccn,210038,rn_contract_labor_dpc,blended,contract,44.37,,,1.0,,0.92,High,agency
e8e5e675-0889-4301-aafa-24aee1af7cf9,06/30/2025,hcris_nmrc,CMS HCRIS Hospital 2552-10 Worksheet S-3 Part II line 01100,https://downloads.cms.gov/Files/hcris/,ccn,670075,rn_contract_labor_dpc,blended,contract,86.23,,,1.0,,0.92,High,agency
260ae124-7021-4095-a7a8-0bbf61324f4b,06/30/2025,hcris_nmrc,CMS HCRIS Hospital 2552-10 Worksheet S-3 Part II line 01100,https://downloads.cms.gov/Files/hcris/,ccn,110229,rn_contract_labor_dpc,blended,contract,57.9,,,1.0,,0.92,High,agency
6f34622d-05bd-4f6e-b625-6f0b3efde04a,06/30/2025,hcris_nmrc,CMS HCRIS Hospital 2552-10 Worksheet S-3 Part II line 01100,https://downloads.cms.gov/Files/hcris/,ccn,340061,rn_contract_labor_dpc,blended,contract,86.22,,,1.0,,0.92,High,agency
b11333aa-c439-406d-87ec-91a446ae8243,06/30/2025,hcris_nmrc,CMS HCRIS Hospital 2552-10 Worksheet S-3 Part II line 01100,https://downloads.cms.gov/Files/hcris/,ccn,010039,rn_contract_labor_dpc,blended,contract,38.15,,,1.0,,0.92,High,agency
0b8bff03-c8df-4053-a0f6-1ec4aea2a0ba,06/30/2025,hcris_nmrc,CMS HCRIS Hospital 2552-10 Worksheet S-3 Part II line 01100,https://downloads.cms.gov/Files/hcris/,ccn,050414,rn_contract_labor_dpc,blended,contract,124.02,,,1.0,,0.92,High,agency
92784b4c-ce90-4e0d-a639-7ae292b1965c,06/30/2025,hcris_nmrc,CMS HCRIS Hospital 2552-10 Worksheet S-3 Part II line 01100,https://downloads.cms.gov/Files/hcris/,ccn,340060,rn_contract_labor_dpc,blended,contract,130.0,,,1.0,,0.92,High,agency
7a727998-6277-414c-8ba9-d7aa4ecd40fb,06/30/2025,hcris_nmrc,CMS HCRIS Hospital 2552-10 Worksheet S-3 Part II line 01100,https://downloads.cms.gov/Files/hcris/,ccn,110236,rn_contract_labor_dpc,blended,contract,62.33,,,1.0,,0.92,High,agency
0e3b4800-eb2f-415e-a9c8-1bb7592ffddb,06/30/2025,hcris_nmrc,CMS HCRIS Hospital 2552-10 Worksheet S-3 Part II line 01100,https://downloads.cms.gov/Files/hcris/,ccn,230054,rn_contract_labor_dpc,blended,contract,89.47,,,1.0,,0.92,High,agency
ee6b1003-b952-48cd-b770-9f7c40d12c68,06/30/2025,hcris_nmrc,CMS HCRIS Hospital 2552-10 Worksheet S-3 Part II line 01100,https://downloads.cms.gov/Files/hcris/,ccn,450032,rn_contract_labor_dpc,blended,contract,49.42,,,1.0,,0.92,High,agency
ee63e68b-32bd-4cdb-be04-56669bce8809,06/30/2025,hcris_nmrc,CMS HCRIS Hospital 2552-10 Worksheet S-3 Part II line 01100,https://downloads.cms.gov/Files/hcris/,ccn,210037,rn_contract_labor_dpc,blended,contract,84.69,,,1.0,,0.92,High,agency
002273e8-5635-40ac-bbc6-54ae26929a56,06/30/2025,hcris_nmrc,CMS HCRIS Hospital 2552-10 Worksheet S-3 Part II line 01100,https://downloads.cms.gov/Files/hcris/,ccn,362037,rn_contract_labor_dpc,blended,contract,69.97,,,1.0,,0.92,High,agency
10c9364c-602f-4317-9247-4f3801c22273,06/30/2025,hcris_nmrc,CMS HCRIS Hospital 2552-10 Worksheet S-3 Part II line 01100,https://downloads.cms.gov/Files/hcris/,ccn,340051,rn_contract_labor_dpc,blended,contract,91.99,,,1.0,,0.92,High,agency
4ddc95da-10d2-4c1c-9223-1be5f95f2a5e,06/30/2025,hcris_nmrc,CMS HCRIS Hospital 2552-10 Worksheet S-3 Part II line 01100,https://downloads.cms.gov/Files/hcris/,ccn,340050,rn_contract_labor_dpc,blended,contract,98.37,,,1.0,,0.92,High,agency
242f59a2-7370-487e-aa53-5ea70a9defd2,06/30/2025,hcris_nmrc,CMS HCRIS Hospital 2552-10 Worksheet S-3 Part II line 01100,https://downloads.cms.gov/Files/hcris/,ccn,380027,rn_contract_labor_dpc,blended,contract,90.55,,,1.0,,0.92,High,agency
d46070ba-c4d7-42fb-846a-9261800a78db,06/30/2025,hcris_nmrc,CMS HCRIS Hospital 2552-10 Worksheet S-3 Part II line 01100,https://downloads.cms.gov/Files/hcris/,ccn,260001,rn_contract_labor_dpc,blended,contract,85.45,,,1.0,,0.92,High,agency
4e83d8dc-96a9-4ffa-a9a4-dfee442e3987,06/30/2025,hcris_nmrc,CMS HCRIS Hospital 2552-10 Worksheet S-3 Part II line 01100,https://downloads.cms.gov/Files/hcris/,ccn,520021,rn_contract_labor_dpc,blended,contract,90.74,,,1.0,,0.92,High,agency
bb89ca06-7ebe-466c-87d3-2450bd9a9449,06/30/2025,hcris_nmrc,CMS HCRIS Hospital 2552-10 Worksheet S-3 Part II line 01100,https://downloads.cms.gov/Files/hcris/,ccn,390336,rn_contract_labor_dpc,blended,contract,91.46,,,1.0,,0.92,High,agency
8516d127-009e-4feb-b7ff-f175b3d2b756,06/30/2025,hcris_nmrc,CMS HCRIS Hospital 2552-10 Worksheet S-3 Part II line 01100,https://downloads.cms.gov/Files/hcris/,ccn,390338,rn_contract_labor_dpc,blended,contract,97.42,,,1.0,,0.92,High,agency
3dd429fe-8a91-41ba-a408-7ac8d1ad2da9,06/30/2025,hcris_nmrc,CMS HCRIS Hospital 2552-10 Worksheet S-3 Part II line 01100,https://downloads.cms.gov/Files/hcris/,ccn,190201,rn_contract_labor_dpc,blended,contract,52.17,,,1.0,,0.92,High,agency
69c790fc-fefe-4666-b9b2-26cc0a78f66f,06/30/2025,hcris_nmrc,CMS HCRIS Hospital 2552-10 Worksheet S-3 Part II line 01100,https://downloads.cms.gov/Files/hcris/,ccn,390339,rn_contract_labor_dpc,blended,contract,90.38,,,1.0,,0.92,High,agency
e7c3d1af-400c-4ca5-82bc-2dac809195b0,06/30/2025,hcris_nmrc,CMS HCRIS Hospital 2552-10 Worksheet S-3 Part II line 01100,https://downloads.cms.gov/Files/hcris/,ccn,170006,rn_contract_labor_dpc,blended,contract,234.42,,,1.0,,0.92,High,agency
19036ee7-33bb-4718-bd6d-8ca369147787,06/30/2025,hcris_nmrc,CMS HCRIS Hospital 2552-10 Worksheet S-3 Part II line 01100,https://downloads.cms.gov/Files/hcris/,ccn,390335,rn_contract_labor_dpc,blended,contract,346.55,,,1.0,,0.92,High,agency
c68fbe96-2bec-415f-846f-c5283a1c432e,06/30/2025,hcris_nmrc,CMS HCRIS Hospital 2552-10 Worksheet S-3 Part II line 01100,https://downloads.cms.gov/Files/hcris/,ccn,240075,rn_contract_labor_dpc,blended,contract,132.8,,,1.0,,0.92,High,agency
06f3ca0a-7688-44f9-b508-b6fb91c32a41,06/30/2025,hcris_nmrc,CMS HCRIS Hospital 2552-10 Worksheet S-3 Part II line 01100,https://downloads.cms.gov/Files/hcris/,ccn,050054,rn_contract_labor_dpc,blended,contract,89.14,,,1.0,,0.92,High,agency
398990d2-b094-4e0e-9e47-ea26b061f8c7,06/30/2025,hcris_nmrc,CMS HCRIS Hospital 2552-10 Worksheet S-3 Part II line 01100,https://downloads.cms.gov/Files/hcris/,ccn,170016,rn_contract_labor_dpc,blended,contract,74.36,,,1.0,,0.92,High,agency
ca4ad0da-fff9-473d-997e-735e35cc3a29,06/30/2025,hcris_nmrc,CMS HCRIS Hospital 2552-10 Worksheet S-3 Part II line 01100,https://downloads.cms.gov/Files/hcris/,ccn,490053,rn_contract_labor_dpc,blended,contract,73.18,,,1.0,,0.92,High,agency
7d1b3a0c-8e2e-45cc-916f-751df0b774a2,06/30/2025,hcris_nmrc,CMS HCRIS Hospital 2552-10 Worksheet S-3 Part II line 01100,https://downloads.cms.gov/Files/hcris/,ccn,190183,rn_contract_labor_dpc,blended,contract,36.49,,,1.0,,0.92,High,agency
4e06f976-9386-4418-996a-c449d1efdd02,06/30/2025,hcris_nmrc,CMS HCRIS Hospital 2552-10 Worksheet S-3 Part II line 01100,https://downloads.cms.gov/Files/hcris/,ccn,170013,rn_contract_labor_dpc,blended,contract,86.48,,,1.0,,0.92,High,agency
19684633-b509-492c-9842-66691b82e2cb,06/30/2025,hcris_nmrc,CMS HCRIS Hospital 2552-10 Worksheet S-3 Part II line 01100,https://downloads.cms.gov/Files/hcris/,ccn,390334,rn_contract_labor_dpc,blended,contract,71.63,,,1.0,,0.92,High,agency
06fe5673-aa1d-4da5-8f51-fbcb24716225,06/30/2025,hcris_nmrc,CMS HCRIS Hospital 2552-10 Worksheet S-3 Part II line 01100,https://downloads.cms.gov/Files/hcris/,ccn,050056,rn_contract_labor_dpc,blended,contract,126.21,,,1.0,,0.92,High,agency
40ee740a-4fcd-4a19-8e81-aa0c4c7efe21,06/30/2025,hcris_nmrc,CMS HCRIS Hospital 2552-10 Worksheet S-3 Part II line 01100,https://downloads.cms.gov/Files/hcris/,ccn,390333,rn_contract_labor_dpc,blended,contract,89.33,,,1.0,,0.92,High,agency
3b66294b-b0f5-4da7-8f09-8a28b81994ec,06/30/2025,hcris_nmrc,CMS HCRIS Hospital 2552-10 Worksheet S-3 Part II line 01100,https://downloads.cms.gov/Files/hcris/,ccn,390327,rn_contract_labor_dpc,blended,contract,45.04,,,1.0,,0.92,High,agency
2262442a-1ec0-4e92-8587-9a0a0667fb62,06/30/2025,hcris_nmrc,CMS HCRIS Hospital 2552-10 Worksheet S-3 Part II line 01100,https://downloads.cms.gov/Files/hcris/,ccn,390328,rn_contract_labor_dpc,blended,contract,88.89,,,1.0,,0.92,High,agency
650552c0-465b-4260-b91a-c90acadef090,06/30/2025,hcris_nmrc,CMS HCRIS Hospital 2552-10 Worksheet S-3 Part II line 01100,https://downloads.cms.gov/Files/hcris/,ccn,160124,rn_contract_labor_dpc,blended,contract,44.46,,,1.0,,0.92,High,agency
81410956-f0ec-4d3c-a666-aad8d352a7b6,06/30/2025,hcris_nmrc,CMS HCRIS Hospital 2552-10 Worksheet S-3 Part II line 01100,https://downloads.cms.gov/Files/hcris/,ccn,060112,rn_contract_labor_dpc,blended,contract,100.23,,,1.0,,0.92,High,agency
63ade434-48d2-42b6-9252-b6826f340ca9,06/30/2025,hcris_nmrc,CMS HCRIS Hospital 2552-10 Worksheet S-3 Part II line 01100,https://downloads.cms.gov/Files/hcris/,ccn,390329,rn_contract_labor_dpc,blended,contract,109.01,,,1.0,,0.92,High,agency
e6ef6058-0bc4-47de-887b-60241a8f730b,06/30/2025,hcris_nmrc,CMS HCRIS Hospital 2552-10 Worksheet S-3 Part II line 01100,https://downloads.cms.gov/Files/hcris/,ccn,490084,rn_contract_labor_dpc,blended,contract,75.87,,,1.0,,0.92,High,agency
7cc88d4a-662d-4824-a46d-b7ae6ddf4461,06/30/2025,hcris_nmrc,CMS HCRIS Hospital 2552-10 Worksheet S-3 Part II line 01100,https://downloads.cms.gov/Files/hcris/,ccn,390330,rn_contract_labor_dpc,blended,contract,70.17,,,1.0,,0.92,High,agency
66c88ca2-93ad-47ed-a16f-125969cb44ef,06/30/2025,hcris_nmrc,CMS HCRIS Hospital 2552-10 Worksheet S-3 Part II line 01100,https://downloads.cms.gov/Files/hcris/,ccn,300012,rn_contract_labor_dpc,blended,contract,56.94,,,1.0,,0.92,High,agency
d811b88f-fc0f-48f4-9b7f-403a4c5d63be,06/30/2025,hcris_nmrc,CMS HCRIS Hospital 2552-10 Worksheet S-3 Part II line 01100,https://downloads.cms.gov/Files/hcris/,ccn,160153,rn_contract_labor_dpc,blended,contract,72.03,,,1.0,,0.92,High,agency
5d92480e-fdaa-456c-9d83-594203989aa5,06/30/2025,hcris_nmrc,CMS HCRIS Hospital 2552-10 Worksheet S-3 Part II line 01100,https://downloads.cms.gov/Files/hcris/,ccn,050057,rn_contract_labor_dpc,blended,contract,113.69,,,1.0,,0.92,High,agency
0c3beaea-9ef1-4582-a063-79ec821361ea,06/30/2025,hcris_nmrc,CMS HCRIS Hospital 2552-10 Worksheet S-3 Part II line 01100,https://downloads.cms.gov/Files/hcris/,ccn,390332,rn_contract_labor_dpc,blended,contract,250.4,,,1.0,,0.92,High,agency
38e43736-1499-40a8-99e1-dbd6522b29c3,06/30/2025,hcris_nmrc,CMS HCRIS Hospital 2552-10 Worksheet S-3 Part II line 01100,https://downloads.cms.gov/Files/hcris/,ccn,040084,rn_contract_labor_dpc,blended,contract,74.6,,,1.0,,0.92,High,agency
aa0cfd39-498f-4e18-ae46-17c19a1231f3,06/30/2025,hcris_nmrc,CMS HCRIS Hospital 2552-10 Worksheet S-3 Part II line 01100,https://downloads.cms.gov/Files/hcris/,ccn,300003,rn_contract_labor_dpc,blended,contract,100.57,,,1.0,,0.92,High,agency
4151b7ee-b853-4edb-92ba-b1aa492dea24,06/30/2025,hcris_nmrc,CMS HCRIS Hospital 2552-10 Worksheet S-3 Part II line 01100,https://downloads.cms.gov/Files/hcris/,ccn,450828,rn_contract_labor_dpc,blended,contract,75.0,,,1.0,,0.92,High,agency
936423b9-7981-4505-baae-a3ce1a3e3fd3,06/30/2025,hcris_nmrc,CMS HCRIS Hospital 2552-10 Worksheet S-3 Part II line 01100,https://downloads.cms.gov/Files/hcris/,ccn,170023,rn_contract_labor_dpc,blended,contract,86.05,,,1.0,,0.92,High,agency
82dc7616-8f6f-4965-9648-c623133a1436,06/30/2025,hcris_nmrc,CMS HCRIS Hospital 2552-10 Worksheet S-3 Part II line 01100,https://downloads.cms.gov/Files/hcris/,ccn,170105,rn_contract_labor_dpc,blended,contract,64.63,,,1.0,,0.92,High,agency
5f99cc1f-a01e-4e39-962e-f7dcd71298c5,06/30/2025,hcris_nmrc,CMS HCRIS Hospital 2552-10 Worksheet S-3 Part II line 01100,https://downloads.cms.gov/Files/hcris/,ccn,170109,rn_contract_labor_dpc,blended,contract,119.88,,,1.0,,0.92,High,agency
cdcda722-2986-4b37-9014-4396d5ad8de7,06/30/2025,hcris_nmrc,CMS HCRIS Hospital 2552-10 Worksheet S-3 Part II line 01100,https://downloads.cms.gov/Files/hcris/,ccn,490038,rn_contract_labor_dpc,blended,contract,81.23,,,1.0,,0.92,High,agency
9efaf1f8-0b69-48f8-8653-f4b16d7fd97f,06/30/2025,hcris_nmrc,CMS HCRIS Hospital 2552-10 Worksheet S-3 Part II line 01100,https://downloads.cms.gov/Files/hcris/,ccn,393046,rn_contract_labor_dpc,blended,contract,76.23,,,1.0,,0.92,High,agency
5231be1e-e97f-4114-b136-764cf1edc139,06/30/2025,hcris_nmrc,CMS HCRIS Hospital 2552-10 Worksheet S-3 Part II line 01100,https://downloads.cms.gov/Files/hcris/,ccn,393047,rn_contract_labor_dpc,blended,contract,80.51,,,1.0,,0.92,High,agency
b847fb07-6a4b-409b-b188-aad1651e81f4,06/30/2025,hcris_nmrc,CMS HCRIS Hospital 2552-10 Worksheet S-3 Part II line 01100,https://downloads.cms.gov/Files/hcris/,ccn,050042,rn_contract_labor_dpc,blended,contract,115.07,,,1.0,,0.92,High,agency
e28dc6b8-5982-4d1d-ad44-3a2c6664d8dc,06/30/2025,hcris_nmrc,CMS HCRIS Hospital 2552-10 Worksheet S-3 Part II line 01100,https://downloads.cms.gov/Files/hcris/,ccn,290008,rn_contract_labor_dpc,blended,contract,90.21,,,1.0,,0.92,High,agency
4bbfc5fc-8835-477f-91cb-b7bcb3f51ffa,06/30/2025,hcris_nmrc,CMS HCRIS Hospital 2552-10 Worksheet S-3 Part II line 01100,https://downloads.cms.gov/Files/hcris/,ccn,050770,rn_contract_labor_dpc,blended,contract,101.31,,,1.0,,0.92,High,agency
d9aedec8-8109-4f68-a507-e92ef7d4e45c,06/30/2025,hcris_nmrc,CMS HCRIS Hospital 2552-10 Worksheet S-3 Part II line 01100,https://downloads.cms.gov/Files/hcris/,ccn,290007,rn_contract_labor_dpc,blended,contract,71.3,,,1.0,,0.92,High,agency
00f5f010-237a-464b-bcf3-6a49aa4d7e4b,06/30/2025,hcris_nmrc,CMS HCRIS Hospital 2552-10 Worksheet S-3 Part II line 01100,https://downloads.cms.gov/Files/hcris/,ccn,490032,rn_contract_labor_dpc,blended,contract,60.86,,,1.0,,0.92,High,agency
250f2bbf-2a67-4ade-a692-1736c0f59f69,06/30/2025,hcris_nmrc,CMS HCRIS Hospital 2552-10 Worksheet S-3 Part II line 01100,https://downloads.cms.gov/Files/hcris/,ccn,240101,rn_contract_labor_dpc,blended,contract,181.28,,,1.0,,0.92,High,agency
c5eb6c12-7916-441b-914d-503da51c057b,06/30/2025,hcris_nmrc,CMS HCRIS Hospital 2552-10 Worksheet S-3 Part II line 01100,https://downloads.cms.gov/Files/hcris/,ccn,430077,rn_contract_labor_dpc,blended,contract,57.99,,,1.0,,0.92,High,agency
e50bd393-72f5-450f-b1c5-5a630a2b6494,06/30/2025,hcris_nmrc,CMS HCRIS Hospital 2552-10 Worksheet S-3 Part II line 01100,https://downloads.cms.gov/Files/hcris/,ccn,393056,rn_contract_labor_dpc,blended,contract,73.78,,,1.0,,0.92,High,agency
25425587-1318-414e-a774-1db3599c2d7a,06/30/2025,hcris_nmrc,CMS HCRIS Hospital 2552-10 Worksheet S-3 Part II line 01100,https://downloads.cms.gov/Files/hcris/,ccn,300019,rn_contract_labor_dpc,blended,contract,83.78,,,1.0,,0.92,High,agency
03848dec-febc-4224-9cf9-9b8293c5b4ca,06/30/2025,hcris_nmrc,CMS HCRIS Hospital 2552-10 Worksheet S-3 Part II line 01100,https://downloads.cms.gov/Files/hcris/,ccn,240088,rn_contract_labor_dpc,blended,contract,75.73,,,1.0,,0.92,High,agency
bcce94fa-4946-4289-9ee1-ad498d43fb74,06/30/2025,hcris_nmrc,CMS HCRIS Hospital 2552-10 Worksheet S-3 Part II line 01100,https://downloads.cms.gov/Files/hcris/,ccn,393039,rn_contract_labor_dpc,blended,contract,71.14,,,1.0,,0.92,High,agency
e56e114b-6652-44e2-b47f-06f3f653c61f,06/30/2025,hcris_nmrc,CMS HCRIS Hospital 2552-10 Worksheet S-3 Part II line 01100,https://downloads.cms.gov/Files/hcris/,ccn,290053,rn_contract_labor_dpc,blended,contract,148.66,,,1.0,,0.92,High,agency
ab38914c-9d0c-4609-b474-1d0db51d9ccb,06/30/2025,hcris_nmrc,CMS HCRIS Hospital 2552-10 Worksheet S-3 Part II line 01100,https://downloads.cms.gov/Files/hcris/,ccn,392044,rn_contract_labor_dpc,blended,contract,75.65,,,1.0,,0.92,High,agency
f44c1012-e2a0-4193-9958-2997975a46b6,06/30/2025,hcris_nmrc,CMS HCRIS Hospital 2552-10 Worksheet S-3 Part II line 01100,https://downloads.cms.gov/Files/hcris/,ccn,060104,rn_contract_labor_dpc,blended,contract,83.3,,,1.0,,0.92,High,agency
6b8d8a9c-4160-447e-86c8-2d7b57b44e8b,06/30/2025,hcris_nmrc,CMS HCRIS Hospital 2552-10 Worksheet S-3 Part II line 01100,https://downloads.cms.gov/Files/hcris/,ccn,020008,rn_contract_labor_dpc,blended,contract,97.93,,,1.0,,0.92,High,agency
2238e0bc-6ef7-4713-bd51-e17002f7aada,06/30/2025,hcris_nmrc,CMS HCRIS Hospital 2552-10 Worksheet S-3 Part II line 01100,https://downloads.cms.gov/Files/hcris/,ccn,170040,rn_contract_labor_dpc,blended,contract,104.03,,,1.0,,0.92,High,agency
cdb64e6d-970d-46b6-94bf-516218f73387,06/30/2025,hcris_nmrc,CMS HCRIS Hospital 2552-10 Worksheet S-3 Part II line 01100,https://downloads.cms.gov/Files/hcris/,ccn,290045,rn_contract_labor_dpc,blended,contract,147.36,,,1.0,,0.92,High,agency
55a3a6ad-f886-43a1-9eff-80648a33ca34,06/30/2025,hcris_nmrc,CMS HCRIS Hospital 2552-10 Worksheet S-3 Part II line 01100,https://downloads.cms.gov/Files/hcris/,ccn,490045,rn_contract_labor_dpc,blended,contract,78.61,,,1.0,,0.92,High,agency
dc475f34-4930-4252-a23f-ac5ade53eab3,06/30/2025,hcris_nmrc,CMS HCRIS Hospital 2552-10 Worksheet S-3 Part II line 01100,https://downloads.cms.gov/Files/hcris/,ccn,170049,rn_contract_labor_dpc,blended,contract,93.66,,,1.0,,0.92,High,agency
c5d7cf0c-dfdb-4ef5-93d2-0ebcc8bc6824,06/30/2025,hcris_nmrc,CMS HCRIS Hospital 2552-10 Worksheet S-3 Part II line 01100,https://downloads.cms.gov/Files/hcris/,ccn,393026,rn_contract_labor_dpc,blended,contract,73.99,,,1.0,,0.92,High,agency
4ed6e919-3f0a-4c81-917f-cefcdc6b326d,06/30/2025,hcris_nmrc,CMS HCRIS Hospital 2552-10 Worksheet S-3 Part II line 01100,https://downloads.cms.gov/Files/hcris/,ccn,393027,rn_contract_labor_dpc,blended,contract,77.36,,,1.0,,0.92,High,agency
ef696d34-43c4-4403-a3dc-a26fe24fb792,06/30/2025,hcris_nmrc,CMS HCRIS Hospital 2552-10 Worksheet S-3 Part II line 01100,https://downloads.cms.gov/Files/hcris/,ccn,050045,rn_contract_labor_dpc,blended,contract,40.89,,,1.0,,0.92,High,agency
3e236b0a-53af-4f8e-a401-7ce01bea5b88,06/30/2025,hcris_nmrc,CMS HCRIS Hospital 2552-10 Worksheet S-3 Part II line 01100,https://downloads.cms.gov/Files/hcris/,ccn,393031,rn_contract_labor_dpc,blended,contract,76.11,,,1.0,,0.92,High,agency
8dd76794-7450-4213-9478-969d35343165,06/30/2025,hcris_nmrc,CMS HCRIS Hospital 2552-10 Worksheet S-3 Part II line 01100,https://downloads.cms.gov/Files/hcris/,ccn,040088,rn_contract_labor_dpc,blended,contract,66.36,,,1.0,,0.92,High,agency
79b2d6be-2350-4bf3-b4d1-54de102320df,06/30/2025,hcris_nmrc,CMS HCRIS Hospital 2552-10 Worksheet S-3 Part II line 01100,https://downloads.cms.gov/Files/hcris/,ccn,170103,rn_contract_labor_dpc,blended,contract,141.65,,,1.0,,0.92,High,agency
b1ecdedd-d900-4786-b148-2fac1b2ff4ed,06/30/2025,hcris_nmrc,CMS HCRIS Hospital 2552-10 Worksheet S-3 Part II line 01100,https://downloads.cms.gov/Files/hcris/,ccn,240084,rn_contract_labor_dpc,blended,contract,108.86,,,1.0,,0.92,High,agency
207e769c-eba2-4e94-a106-330d5d48490f,06/30/2025,hcris_nmrc,CMS HCRIS Hospital 2552-10 Worksheet S-3 Part II line 01100,https://downloads.cms.gov/Files/hcris/,ccn,160112,rn_contract_labor_dpc,blended,contract,44.53,,,1.0,,0.92,High,agency
926375a9-f913-45cc-8e72-904e34573661,06/30/2025,hcris_nmrc,CMS HCRIS Hospital 2552-10 Worksheet S-3 Part II line 01100,https://downloads.cms.gov/Files/hcris/,ccn,390325,rn_contract_labor_dpc,blended,contract,36.79,,,1.0,,0.92,High,agency
dba875c2-2560-4f56-b001-6bfb33fcff7b,06/30/2025,hcris_nmrc,CMS HCRIS Hospital 2552-10 Worksheet S-3 Part II line 01100,https://downloads.cms.gov/Files/hcris/,ccn,300020,rn_contract_labor_dpc,blended,contract,61.91,,,1.0,,0.92,High,agency
30fa1ea5-fcb7-45ae-b747-9ee0dc2b33eb,06/30/2025,hcris_nmrc,CMS HCRIS Hospital 2552-10 Worksheet S-3 Part II line 01100,https://downloads.cms.gov/Files/hcris/,ccn,390226,rn_contract_labor_dpc,blended,contract,80.66,,,1.0,,0.92,High,agency
65d259dd-2060-4b6c-b036-c4e270049c43,06/30/2025,hcris_nmrc,CMS HCRIS Hospital 2552-10 Worksheet S-3 Part II line 01100,https://downloads.cms.gov/Files/hcris/,ccn,190298,rn_contract_labor_dpc,blended,contract,85.0,,,1.0,,0.92,High,agency
0b4d511e-6ee4-4922-881c-3defd3459f4d,06/30/2025,hcris_nmrc,CMS HCRIS Hospital 2552-10 Worksheet S-3 Part II line 01100,https://downloads.cms.gov/Files/hcris/,ccn,390228,rn_contract_labor_dpc,blended,contract,82.62,,,1.0,,0.92,High,agency
30a2c6cf-6fec-4d1a-9be3-15cacfcad90b,06/30/2025,hcris_nmrc,CMS HCRIS Hospital 2552-10 Worksheet S-3 Part II line 01100,https://downloads.cms.gov/Files/hcris/,ccn,490127,rn_contract_labor_dpc,blended,contract,30.0,,,1.0,,0.92,High,agency
480577f1-2541-4a52-8eb8-7876d2256531,06/30/2025,hcris_nmrc,CMS HCRIS Hospital 2552-10 Worksheet S-3 Part II line 01100,https://downloads.cms.gov/Files/hcris/,ccn,390231,rn_contract_labor_dpc,blended,contract,150.86,,,1.0,,0.92,High,agency
9b3604c1-48e8-4fc0-bc82-97bcb6780542,06/30/2025,hcris_nmrc,CMS HCRIS Hospital 2552-10 Worksheet S-3 Part II line 01100,https://downloads.cms.gov/Files/hcris/,ccn,060118,rn_contract_labor_dpc,blended,contract,89.37,,,1.0,,0.92,High,agency
b9ca7112-5aaa-423e-8c27-b067c5ec101f,06/30/2025,hcris_nmrc,CMS HCRIS Hospital 2552-10 Worksheet S-3 Part II line 01100,https://downloads.cms.gov/Files/hcris/,ccn,160028,rn_contract_labor_dpc,blended,contract,88.49,,,1.0,,0.92,High,agency
acf18de0-1474-4143-a2cf-bcb38d91b444,06/30/2025,hcris_nmrc,CMS HCRIS Hospital 2552-10 Worksheet S-3 Part II line 01100,https://downloads.cms.gov/Files/hcris/,ccn,390233,rn_contract_labor_dpc,blended,contract,110.73,,,1.0,,0.92,High,agency
dff773d8-1bb7-4cda-8fe8-6ee8fd4fc78a,06/30/2025,hcris_nmrc,CMS HCRIS Hospital 2552-10 Worksheet S-3 Part II line 01100,https://downloads.cms.gov/Files/hcris/,ccn,440012,rn_contract_labor_dpc,blended,contract,51.39,,,1.0,,0.92,High,agency
c288b17c-fa13-4e45-ab29-42191c329175,06/30/2025,hcris_nmrc,CMS HCRIS Hospital 2552-10 Worksheet S-3 Part II line 01100,https://downloads.cms.gov/Files/hcris/,ccn,160029,rn_contract_labor_dpc,blended,contract,97.2,,,1.0,,0.92,High,agency
fd0730e7-a72d-4f60-971c-104b6671c825,06/30/2025,hcris_nmrc,CMS HCRIS Hospital 2552-10 Worksheet S-3 Part II line 01100,https://downloads.cms.gov/Files/hcris/,ccn,050740,rn_contract_labor_dpc,blended,contract,68.66,,,1.0,,0.92,High,agency
d75287a3-54e4-4ede-950f-dafa0cd279ad,06/30/2025,hcris_nmrc,CMS HCRIS Hospital 2552-10 Worksheet S-3 Part II line 01100,https://downloads.cms.gov/Files/hcris/,ccn,490120,rn_contract_labor_dpc,blended,contract,86.22,,,1.0,,0.92,High,agency
979860d6-98de-435a-80bd-ea0dd8435a3b,06/30/2025,hcris_nmrc,CMS HCRIS Hospital 2552-10 Worksheet S-3 Part II line 01100,https://downloads.cms.gov/Files/hcris/,ccn,390237,rn_contract_labor_dpc,blended,contract,50.98,,,1.0,,0.92,High,agency
4fd34d75-67de-4198-a2bc-9aa5d5f980a0,06/30/2025,hcris_nmrc,CMS HCRIS Hospital 2552-10 Worksheet S-3 Part II line 01100,https://downloads.cms.gov/Files/hcris/,ccn,240019,rn_contract_labor_dpc,blended,contract,198.0,,,1.0,,0.92,High,agency
36a4e432-de5f-4c52-98d9-03ee70293952,06/30/2025,hcris_nmrc,CMS HCRIS Hospital 2552-10 Worksheet S-3 Part II line 01100,https://downloads.cms.gov/Files/hcris/,ccn,390256,rn_contract_labor_dpc,blended,contract,96.77,,,1.0,,0.92,High,agency
5c8208c4-2936-493f-a488-56c7d5f08e43,06/30/2025,hcris_nmrc,CMS HCRIS Hospital 2552-10 Worksheet S-3 Part II line 01100,https://downloads.cms.gov/Files/hcris/,ccn,050738,rn_contract_labor_dpc,blended,contract,64.44,,,1.0,,0.92,High,agency
fd2b4125-1aae-44c3-9478-f2976c7f1dc7,06/30/2025,hcris_nmrc,CMS HCRIS Hospital 2552-10 Worksheet S-3 Part II line 01100,https://downloads.cms.gov/Files/hcris/,ccn,160030,rn_contract_labor_dpc,blended,contract,83.99,,,1.0,,0.92,High,agency
fd5358f0-e064-43c2-81a1-7b0c98eddf9e,06/30/2025,hcris_nmrc,CMS HCRIS Hospital 2552-10 Worksheet S-3 Part II line 01100,https://downloads.cms.gov/Files/hcris/,ccn,390225,rn_contract_labor_dpc,blended,contract,83.93,,,1.0,,0.92,High,agency
0760b103-7c89-4339-8480-d8b9f0ba7b2f,06/30/2025,hcris_nmrc,CMS HCRIS Hospital 2552-10 Worksheet S-3 Part II line 01100,https://downloads.cms.gov/Files/hcris/,ccn,450755,rn_contract_labor_dpc,blended,contract,230.07,,,1.0,,0.92,High,agency
5b3b680c-56e7-4bf5-b8b5-588f211ec4cf,06/30/2025,hcris_nmrc,CMS HCRIS Hospital 2552-10 Worksheet S-3 Part II line 01100,https://downloads.cms.gov/Files/hcris/,ccn,440029,rn_contract_labor_dpc,blended,contract,69.6,,,1.0,,0.92,High,agency
79e9038d-52fc-448e-88a4-d1e0ce4351d2,06/30/2025,hcris_nmrc,CMS HCRIS Hospital 2552-10 Worksheet S-3 Part II line 01100,https://downloads.cms.gov/Files/hcris/,ccn,390203,rn_contract_labor_dpc,blended,contract,83.07,,,1.0,,0.92,High,agency
dc5df3cc-b18b-49d3-8ce5-0eec867fbeec,06/30/2025,hcris_nmrc,CMS HCRIS Hospital 2552-10 Worksheet S-3 Part II line 01100,https://downloads.cms.gov/Files/hcris/,ccn,050736,rn_contract_labor_dpc,blended,contract,56.01,,,1.0,,0.92,High,agency
fb2f3e47-a279-48bd-b7e1-ae3f1a6223c6,06/30/2025,hcris_nmrc,CMS HCRIS Hospital 2552-10 Worksheet S-3 Part II line 01100,https://downloads.cms.gov/Files/hcris/,ccn,240002,rn_contract_labor_dpc,blended,contract,101.02,,,1.0,,0.92,High,agency
fb7b25cf-e45f-4a7a-995b-ea48293650f4,06/30/2025,hcris_nmrc,CMS HCRIS Hospital 2552-10 Worksheet S-3 Part II line 01100,https://downloads.cms.gov/Files/hcris/,ccn,390204,rn_contract_labor_dpc,blended,contract,189.59,,,1.0,,0.92,High,agency
7b8fef8b-4c38-4fa1-ac14-67f9f598b93a,06/30/2025,hcris_nmrc,CMS HCRIS Hospital 2552-10 Worksheet S-3 Part II line 01100,https://downloads.cms.gov/Files/hcris/,ccn,440018,rn_contract_labor_dpc,blended,contract,65.74,,,1.0,,0.92,High,agency
34fa3f83-656a-4e4d-a8bb-91327b235219,06/30/2025,hcris_nmrc,CMS HCRIS Hospital 2552-10 Worksheet S-3 Part II line 01100,https://downloads.cms.gov/Files/hcris/,ccn,390217,rn_contract_labor_dpc,blended,contract,92.5,,,1.0,,0.92,High,agency
037d6012-7a5c-4ee9-8642-763e59092312,06/30/2025,hcris_nmrc,CMS HCRIS Hospital 2552-10 Worksheet S-3 Part II line 01100,https://downloads.cms.gov/Files/hcris/,ccn,490144,rn_contract_labor_dpc,blended,contract,77.88,,,1.0,,0.92,High,agency
fb8ad8a5-8a8f-4de3-9337-0a1bfc31b6e8,06/30/2025,hcris_nmrc,CMS HCRIS Hospital 2552-10 Worksheet S-3 Part II line 01100,https://downloads.cms.gov/Files/hcris/,ccn,050737,rn_contract_labor_dpc,blended,contract,48.98,,,1.0,,0.92,High,agency
84bdf9f8-47de-45f2-8254-a3e12ca7101d,06/30/2025,hcris_nmrc,CMS HCRIS Hospital 2552-10 Worksheet S-3 Part II line 01100,https://downloads.cms.gov/Files/hcris/,ccn,390219,rn_contract_labor_dpc,blended,contract,84.01,,,1.0,,0.92,High,agency
2c6dc0ba-309a-4c47-a068-e23cc4b0134e,06/30/2025,hcris_nmrc,CMS HCRIS Hospital 2552-10 Worksheet S-3 Part II line 01100,https://downloads.cms.gov/Files/hcris/,ccn,040071,rn_contract_labor_dpc,blended,contract,35.92,,,1.0,,0.92,High,agency
5136e77c-52ab-41b6-8d69-46726c8c5f6d,06/30/2025,hcris_nmrc,CMS HCRIS Hospital 2552-10 Worksheet S-3 Part II line 01100,https://downloads.cms.gov/Files/hcris/,ccn,440017,rn_contract_labor_dpc,blended,contract,75.56,,,1.0,,0.92,High,agency
0ab38495-2714-46a8-9d19-694ba794b180,06/30/2025,hcris_nmrc,CMS HCRIS Hospital 2552-10 Worksheet S-3 Part II line 01100,https://downloads.cms.gov/Files/hcris/,ccn,390222,rn_contract_labor_dpc,blended,contract,78.2,,,1.0,,0.92,High,agency
e13ca585-7613-41d1-ac27-4bd1a614c321,06/30/2025,hcris_nmrc,CMS HCRIS Hospital 2552-10 Worksheet S-3 Part II line 01100,https://downloads.cms.gov/Files/hcris/,ccn,060119,rn_contract_labor_dpc,blended,contract,92.99,,,1.0,,0.92,High,agency
620f591d-27ed-4990-9d4c-284e1b2f8281,06/30/2025,hcris_nmrc,CMS HCRIS Hospital 2552-10 Worksheet S-3 Part II line 01100,https://downloads.cms.gov/Files/hcris/,ccn,390223,rn_contract_labor_dpc,blended,contract,51.83,,,1.0,,0.92,High,agency
e478acaf-1bd7-499e-b00c-728348ce6c50,06/30/2025,hcris_nmrc,CMS HCRIS Hospital 2552-10 Worksheet S-3 Part II line 01100,https://downloads.cms.gov/Files/hcris/,ccn,440011,rn_contract_labor_dpc,blended,contract,63.83,,,1.0,,0.92,High,agency
4e8bbfcb-381e-4e81-98fb-92633c0c50bf,06/30/2025,hcris_nmrc,CMS HCRIS Hospital 2552-10 Worksheet S-3 Part II line 01100,https://downloads.cms.gov/Files/hcris/,ccn,160032,rn_contract_labor_dpc,blended,contract,113.59,,,1.0,,0.92,High,agency
e4ca7b2c-3f75-4e92-bc75-83f054ca9878,06/30/2025,hcris_nmrc,CMS HCRIS Hospital 2552-10 Worksheet S-3 Part II line 01100,https://downloads.cms.gov/Files/hcris/,ccn,160069,rn_contract_labor_dpc,blended,contract,81.68,,,1.0,,0.92,High,agency
1c1d34dc-0819-4618-9456-33f388fdb851,06/30/2025,hcris_nmrc,CMS HCRIS Hospital 2552-10 Worksheet S-3 Part II line 01100,https://downloads.cms.gov/Files/hcris/,ccn,100191,rn_contract_labor_dpc,blended,contract,50.09,,,1.0,,0.92,High,agency
2d014417-94ff-4014-aef8-aefc31916c57,06/30/2025,hcris_nmrc,CMS HCRIS Hospital 2552-10 Worksheet S-3 Part II line 01100,https://downloads.cms.gov/Files/hcris/,ccn,160079,rn_contract_labor_dpc,blended,contract,59.34,,,1.0,,0.92,High,agency
a4d73030-6299-4c31-b3d4-a0ecf4ee775a,06/30/2025,hcris_nmrc,CMS HCRIS Hospital 2552-10 Worksheet S-3 Part II line 01100,https://downloads.cms.gov/Files/hcris/,ccn,450801,rn_contract_labor_dpc,blended,contract,66.44,,,1.0,,0.92,High,agency
f4537bfc-f82a-40e1-bfe4-438512f9c4d7,06/30/2025,hcris_nmrc,CMS HCRIS Hospital 2552-10 Worksheet S-3 Part II line 01100,https://downloads.cms.gov/Files/hcris/,ccn,050067,rn_contract_labor_dpc,blended,contract,110.34,,,1.0,,0.92,High,agency
e6e658a6-c253-4965-9e96-0139ac02190e,06/30/2025,hcris_nmrc,CMS HCRIS Hospital 2552-10 Worksheet S-3 Part II line 01100,https://downloads.cms.gov/Files/hcris/,ccn,160080,rn_contract_labor_dpc,blended,contract,103.75,,,1.0,,0.92,High,agency
aba4a36f-a7d1-4528-86ae-5a2964c1adfd,06/30/2025,hcris_nmrc,CMS HCRIS Hospital 2552-10 Worksheet S-3 Part II line 01100,https://downloads.cms.gov/Files/hcris/,ccn,013031,rn_contract_labor_dpc,blended,contract,68.27,,,1.0,,0.92,High,agency
c7dc6479-880d-4489-8936-1a68a2fdd4c8,06/30/2025,hcris_nmrc,CMS HCRIS Hospital 2552-10 Worksheet S-3 Part II line 01100,https://downloads.cms.gov/Files/hcris/,ccn,490098,rn_contract_labor_dpc,blended,contract,77.11,,,1.0,,0.92,High,agency
fc48278f-fff7-4edd-a4c6-d2eab6e0be1f,06/30/2025,hcris_nmrc,CMS HCRIS Hospital 2552-10 Worksheet S-3 Part II line 01100,https://downloads.cms.gov/Files/hcris/,ccn,240047,rn_contract_labor_dpc,blended,contract,72.68,,,1.0,,0.92,High,agency
1ab3ecad-4338-4954-b9e3-294b1dfc6b37,06/30/2025,hcris_nmrc,CMS HCRIS Hospital 2552-10 Worksheet S-3 Part II line 01100,https://downloads.cms.gov/Files/hcris/,ccn,440002,rn_contract_labor_dpc,blended,contract,59.64,,,1.0,,0.92,High,agency
cea7b81c-461e-4297-a1e5-ffa684e56050,06/30/2025,hcris_nmrc,CMS HCRIS Hospital 2552-10 Worksheet S-3 Part II line 01100,https://downloads.cms.gov/Files/hcris/,ccn,160083,rn_contract_labor_dpc,blended,contract,93.73,,,1.0,,0.92,High,agency
acf2f3f2-14b9-4c11-93e6-ce2e448f1ca3,06/30/2025,hcris_nmrc,CMS HCRIS Hospital 2552-10 Worksheet S-3 Part II line 01100,https://downloads.cms.gov/Files/hcris/,ccn,160101,rn_contract_labor_dpc,blended,contract,81.88,,,1.0,,0.92,High,agency
1a16f575-a460-4590-9c5d-faf5157f66ea,06/30/2025,hcris_nmrc,CMS HCRIS Hospital 2552-10 Worksheet S-3 Part II line 01100,https://downloads.cms.gov/Files/hcris/,ccn,450809,rn_contract_labor_dpc,blended,contract,45.99,,,1.0,,0.92,High,agency
581460c1-e245-4cb2-8dbe-1e564a4169e6,06/30/2025,hcris_nmrc,CMS HCRIS Hospital 2552-10 Worksheet S-3 Part II line 01100,https://downloads.cms.gov/Files/hcris/,ccn,390324,rn_contract_labor_dpc,blended,contract,91.47,,,1.0,,0.92,High,agency
24192296-f39c-436c-b2f5-9f99b0df7617,06/30/2025,hcris_nmrc,CMS HCRIS Hospital 2552-10 Worksheet S-3 Part II line 01100,https://downloads.cms.gov/Files/hcris/,ccn,310010,rn_contract_labor_dpc,blended,contract,77.04,,,1.0,,0.92,High,agency
704c38ed-c0c6-448f-a104-62cf6fa178ac,06/30/2025,hcris_nmrc,CMS HCRIS Hospital 2552-10 Worksheet S-3 Part II line 01100,https://downloads.cms.gov/Files/hcris/,ccn,390258,rn_contract_labor_dpc,blended,contract,89.64,,,1.0,,0.92,High,agency
1cb3fd17-532d-4f1a-b2d1-a118cdd3c997,06/30/2025,hcris_nmrc,CMS HCRIS Hospital 2552-10 Worksheet S-3 Part II line 01100,https://downloads.cms.gov/Files/hcris/,ccn,390278,rn_contract_labor_dpc,blended,contract,59.39,,,1.0,,0.92,High,agency
9cc99999-8af1-43f0-b660-edc4498ab3b6,06/30/2025,hcris_nmrc,CMS HCRIS Hospital 2552-10 Worksheet S-3 Part II line 01100,https://downloads.cms.gov/Files/hcris/,ccn,390265,rn_contract_labor_dpc,blended,contract,89.0,,,1.0,,0.92,High,agency
d6533cfc-dc38-4c0a-9301-5d18c56c6694,06/30/2025,hcris_nmrc,CMS HCRIS Hospital 2552-10 Worksheet S-3 Part II line 01100,https://downloads.cms.gov/Files/hcris/,ccn,160033,rn_contract_labor_dpc,blended,contract,65.45,,,1.0,,0.92,High,agency
0ddf2063-51b3-4cbb-9071-7398207c6138,06/30/2025,hcris_nmrc,CMS HCRIS Hospital 2552-10 Worksheet S-3 Part II line 01100,https://downloads.cms.gov/Files/hcris/,ccn,160040,rn_contract_labor_dpc,blended,contract,83.48,,,1.0,,0.92,High,agency
88fcc4b6-905d-49fc-9630-0dd7c4d96369,06/30/2025,hcris_nmrc,CMS HCRIS Hospital 2552-10 Worksheet S-3 Part II line 01100,https://downloads.cms.gov/Files/hcris/,ccn,390266,rn_contract_labor_dpc,blended,contract,84.41,,,1.0,,0.92,High,agency
8aed13ee-d9b9-4810-b426-afbcf255fa1d,06/30/2025,hcris_nmrc,CMS HCRIS Hospital 2552-10 Worksheet S-3 Part II line 01100,https://downloads.cms.gov/Files/hcris/,ccn,050136,rn_contract_labor_dpc,blended,contract,58.43,,,1.0,,0.92,High,agency
1c784812-3d6f-4e29-a16e-ae69e5674252,06/30/2025,hcris_nmrc,CMS HCRIS Hospital 2552-10 Worksheet S-3 Part II line 01100,https://downloads.cms.gov/Files/hcris/,ccn,100200,rn_contract_labor_dpc,blended,contract,80.94,,,1.0,,0.92,High,agency
7fc20983-9aa6-447b-b476-9e12e8782447,06/30/2025,hcris_nmrc,CMS HCRIS Hospital 2552-10 Worksheet S-3 Part II line 01100,https://downloads.cms.gov/Files/hcris/,ccn,390267,rn_contract_labor_dpc,blended,contract,78.53,,,1.0,,0.92,High,agency
cfc3d990-d342-483c-a718-fc3229fa0439,06/30/2025,hcris_nmrc,CMS HCRIS Hospital 2552-10 Worksheet S-3 Part II line 01100,https://downloads.cms.gov/Files/hcris/,ccn,490114,rn_contract_labor_dpc,blended,contract,73.35,,,1.0,,0.92,High,agency
1966e0b1-940a-4cbc-8da6-7ab33c94e14a,06/30/2025,hcris_nmrc,CMS HCRIS Hospital 2552-10 Worksheet S-3 Part II line 01100,https://downloads.cms.gov/Files/hcris/,ccn,240036,rn_contract_labor_dpc,blended,contract,36.78,,,1.0,,0.92,High,agency
66164f18-de9f-4940-afaa-b5b685e9f93e,06/30/2025,hcris_nmrc,CMS HCRIS Hospital 2552-10 Worksheet S-3 Part II line 01100,https://downloads.cms.gov/Files/hcris/,ccn,390268,rn_contract_labor_dpc,blended,contract,77.37,,,1.0,,0.92,High,agency
b91f2cb2-fd12-4910-8f0f-6b4839b23ec2,06/30/2025,hcris_nmrc,CMS HCRIS Hospital 2552-10 Worksheet S-3 Part II line 01100,https://downloads.cms.gov/Files/hcris/,ccn,160057,rn_contract_labor_dpc,blended,contract,92.61,,,1.0,,0.92,High,agency
24265720-b7a1-4dae-801c-d945ffcdf184,06/30/2025,hcris_nmrc,CMS HCRIS Hospital 2552-10 Worksheet S-3 Part II line 01100,https://downloads.cms.gov/Files/hcris/,ccn,050069,rn_contract_labor_dpc,blended,contract,60.81,,,1.0,,0.92,High,agency
6ae17148-f159-45c0-b4ab-7c87257e623b,06/30/2025,hcris_nmrc,CMS HCRIS Hospital 2552-10 Worksheet S-3 Part II line 01100,https://downloads.cms.gov/Files/hcris/,ccn,390270,rn_contract_labor_dpc,blended,contract,111.77,,,1.0,,0.92,High,agency
a3c556a6-acb9-449c-a4b6-64d7c4c29f28,06/30/2025,hcris_nmrc,CMS HCRIS Hospital 2552-10 Worksheet S-3 Part II line 01100,https://downloads.cms.gov/Files/hcris/,ccn,160058,rn_contract_labor_dpc,blended,contract,97.43,,,1.0,,0.92,High,agency
7d0645f0-4985-494e-b892-000cb5663cb3,06/30/2025,hcris_nmrc,CMS HCRIS Hospital 2552-10 Worksheet S-3 Part II line 01100,https://downloads.cms.gov/Files/hcris/,ccn,160064,rn_contract_labor_dpc,blended,contract,85.43,,,1.0,,0.92,High,agency
264560b4-b81e-444a-93fb-9aac2484c7be,06/30/2025,hcris_nmrc,CMS HCRIS Hospital 2552-10 Worksheet S-3 Part II line 01100,https://downloads.cms.gov/Files/hcris/,ccn,160067,rn_contract_labor_dpc,blended,contract,89.39,,,1.0,,0.92,High,agency
ccd5336b-7176-4c9a-94ef-17b4b68ae5f4,06/30/2025,hcris_nmrc,CMS HCRIS Hospital 2552-10 Worksheet S-3 Part II line 01100,https://downloads.cms.gov/Files/hcris/,ccn,050040,rn_contract_labor_dpc,blended,contract,53.12,,,1.0,,0.92,High,agency
7b4b8f86-f1fe-4b40-9110-0024f77bf7be,06/30/2025,hcris_nmrc,CMS HCRIS Hospital 2552-10 Worksheet S-3 Part II line 01100,https://downloads.cms.gov/Files/hcris/,ccn,020024,rn_contract_labor_dpc,blended,contract,102.28,,,1.0,,0.92,High,agency
45cf9d12-3d08-4b29-8300-d87c438f1e49,06/30/2025,hcris_nmrc,CMS HCRIS Hospital 2552-10 Worksheet S-3 Part II line 01100,https://downloads.cms.gov/Files/hcris/,ccn,282001,rn_contract_labor_dpc,blended,contract,68.83,,,1.0,,0.92,High,agency
a2d59bd1-f87f-432b-8179-80d197a20f25,06/30/2025,hcris_nmrc,CMS HCRIS Hospital 2552-10 Worksheet S-3 Part II line 01100,https://downloads.cms.gov/Files/hcris/,ccn,260141,rn_contract_labor_dpc,blended,contract,86.99,,,1.0,,0.92,High,agency
ed841c7d-ae27-459f-830c-87de088a9218,06/30/2025,hcris_nmrc,CMS HCRIS Hospital 2552-10 Worksheet S-3 Part II line 01100,https://downloads.cms.gov/Files/hcris/,ccn,400135,rn_contract_labor_dpc,blended,contract,43.16,,,1.0,,0.92,High,agency
e19e4ae6-a1cf-4c4e-959c-389dde404d8c,06/30/2025,hcris_nmrc,CMS HCRIS Hospital 2552-10 Worksheet S-3 Part II line 01100,https://downloads.cms.gov/Files/hcris/,ccn,180087,rn_contract_labor_dpc,blended,contract,73.48,,,1.0,,0.92,High,agency
6ab92c81-62f2-492d-a50a-8ae6aff4914b,06/30/2025,hcris_nmrc,CMS HCRIS Hospital 2552-10 Worksheet S-3 Part II line 01100,https://downloads.cms.gov/Files/hcris/,ccn,030024,rn_contract_labor_dpc,blended,contract,89.83,,,1.0,,0.92,High,agency
f8db8d25-9f36-4322-a04e-464e982806d5,06/30/2025,hcris_nmrc,CMS HCRIS Hospital 2552-10 Worksheet S-3 Part II line 01100,https://downloads.cms.gov/Files/hcris/,ccn,100113,rn_contract_labor_dpc,blended,contract,41.9,,,1.0,,0.92,High,agency
b76ebd60-2821-4c87-8144-065de7579acc,06/30/2025,hcris_nmrc,CMS HCRIS Hospital 2552-10 Worksheet S-3 Part II line 01100,https://downloads.cms.gov/Files/hcris/,ccn,100086,rn_contract_labor_dpc,blended,contract,92.58,,,1.0,,0.92,High,agency
78f6c800-69a2-46ad-a664-96b079d97f03,06/30/2025,hcris_nmrc,CMS HCRIS Hospital 2552-10 Worksheet S-3 Part II line 01100,https://downloads.cms.gov/Files/hcris/,ccn,460003,rn_contract_labor_dpc,blended,contract,64.76,,,1.0,,0.92,High,agency
4d70b01d-ddc2-4125-86c9-8990061f8df2,06/30/2025,hcris_nmrc,CMS HCRIS Hospital 2552-10 Worksheet S-3 Part II line 01100,https://downloads.cms.gov/Files/hcris/,ccn,060022,rn_contract_labor_dpc,blended,contract,56.86,,,1.0,,0.92,High,agency
1363278e-4b80-4e95-8b9a-f5f0b941b6d4,06/30/2025,hcris_nmrc,CMS HCRIS Hospital 2552-10 Worksheet S-3 Part II line 01100,https://downloads.cms.gov/Files/hcris/,ccn,050006,rn_contract_labor_dpc,blended,contract,69.24,,,1.0,,0.92,High,agency
a6b1349a-35cd-4816-8cec-da4bd3ec6df1,06/30/2025,hcris_nmrc,CMS HCRIS Hospital 2552-10 Worksheet S-3 Part II line 01100,https://downloads.cms.gov/Files/hcris/,ccn,060020,rn_contract_labor_dpc,blended,contract,92.1,,,1.0,,0.92,High,agency
f8aec814-90d7-48f7-b2cb-cbb645aa375b,06/30/2025,hcris_nmrc,CMS HCRIS Hospital 2552-10 Worksheet S-3 Part II line 01100,https://downloads.cms.gov/Files/hcris/,ccn,260102,rn_contract_labor_dpc,blended,contract,32.22,,,1.0,,0.92,High,agency
c00f2d51-70f2-42f8-8294-330da2a1cc72,06/30/2025,hcris_nmrc,CMS HCRIS Hospital 2552-10 Worksheet S-3 Part II line 01100,https://downloads.cms.gov/Files/hcris/,ccn,454128,rn_contract_labor_dpc,blended,contract,64.11,,,1.0,,0.92,High,agency
78421402-4a0c-4d79-9585-9c2142fa398c,06/30/2025,hcris_nmrc,CMS HCRIS Hospital 2552-10 Worksheet S-3 Part II line 01100,https://downloads.cms.gov/Files/hcris/,ccn,460009,rn_contract_labor_dpc,blended,contract,58.6,,,1.0,,0.92,High,agency
2b1c765b-c541-4e94-acf3-72e8e9acf638,06/30/2025,hcris_nmrc,CMS HCRIS Hospital 2552-10 Worksheet S-3 Part II line 01100,https://downloads.cms.gov/Files/hcris/,ccn,260096,rn_contract_labor_dpc,blended,contract,81.4,,,1.0,,0.92,High,agency
19e12e6d-edae-4af0-888f-006e8851f4fb,06/30/2025,hcris_nmrc,CMS HCRIS Hospital 2552-10 Worksheet S-3 Part II line 01100,https://downloads.cms.gov/Files/hcris/,ccn,030023,rn_contract_labor_dpc,blended,contract,75.15,,,1.0,,0.92,High,agency
251080e8-4b2e-4e5d-8469-a6527471f551,06/30/2025,hcris_nmrc,CMS HCRIS Hospital 2552-10 Worksheet S-3 Part II line 01100,https://downloads.cms.gov/Files/hcris/,ccn,060024,rn_contract_labor_dpc,blended,contract,62.79,,,1.0,,0.92,High,agency
2222504a-1dda-41da-a480-41cf09c679f7,06/30/2025,hcris_nmrc,CMS HCRIS Hospital 2552-10 Worksheet S-3 Part II line 01100,https://downloads.cms.gov/Files/hcris/,ccn,100080,rn_contract_labor_dpc,blended,contract,36.88,,,1.0,,0.92,High,agency
1da0610c-5874-4628-8908-df2d1f6d8b93,06/30/2025,hcris_nmrc,CMS HCRIS Hospital 2552-10 Worksheet S-3 Part II line 01100,https://downloads.cms.gov/Files/hcris/,ccn,260183,rn_contract_labor_dpc,blended,contract,85.58,,,1.0,,0.92,High,agency
cbde562a-e86c-470e-9e16-628bbcc3a63b,06/30/2025,hcris_nmrc,CMS HCRIS Hospital 2552-10 Worksheet S-3 Part II line 01100,https://downloads.cms.gov/Files/hcris/,ccn,400124,rn_contract_labor_dpc,blended,contract,27.41,,,1.0,,0.92,High,agency
b83b19c3-f33d-4399-9083-93b03ce93502,06/30/2025,hcris_nmrc,CMS HCRIS Hospital 2552-10 Worksheet S-3 Part II line 01100,https://downloads.cms.gov/Files/hcris/,ccn,260179,rn_contract_labor_dpc,blended,contract,90.41,,,1.0,,0.92,High,agency
62cafea5-9d23-420f-84ff-545441cbf659,06/30/2025,hcris_nmrc,CMS HCRIS Hospital 2552-10 Worksheet S-3 Part II line 01100,https://downloads.cms.gov/Files/hcris/,ccn,460019,rn_contract_labor_dpc,blended,contract,67.84,,,1.0,,0.92,High,agency
e211f88a-cb81-482c-b156-35a6bbba7d5d,06/30/2025,hcris_nmrc,CMS HCRIS Hospital 2552-10 Worksheet S-3 Part II line 01100,https://downloads.cms.gov/Files/hcris/,ccn,100084,rn_contract_labor_dpc,blended,contract,109.28,,,1.0,,0.92,High,agency
f7b581e9-8438-4d60-9b8f-a9ae79df31dc,06/30/2025,hcris_nmrc,CMS HCRIS Hospital 2552-10 Worksheet S-3 Part II line 01100,https://downloads.cms.gov/Files/hcris/,ccn,030022,rn_contract_labor_dpc,blended,contract,70.94,,,1.0,,0.92,High,agency
d8b5dd47-141f-4983-9ebd-843b2d8368cc,06/30/2025,hcris_nmrc,CMS HCRIS Hospital 2552-10 Worksheet S-3 Part II line 01100,https://downloads.cms.gov/Files/hcris/,ccn,260177,rn_contract_labor_dpc,blended,contract,94.5,,,1.0,,0.92,High,agency
816f83fd-9aff-4104-b425-d8ae64c0b5b3,06/30/2025,hcris_nmrc,CMS HCRIS Hospital 2552-10 Worksheet S-3 Part II line 01100,https://downloads.cms.gov/Files/hcris/,ccn,180064,rn_contract_labor_dpc,blended,contract,85.09,,,1.0,,0.92,High,agency
1683fc96-c341-4721-a595-e75427b8f948,06/30/2025,hcris_nmrc,CMS HCRIS Hospital 2552-10 Worksheet S-3 Part II line 01100,https://downloads.cms.gov/Files/hcris/,ccn,190041,rn_contract_labor_dpc,blended,contract,74.62,,,1.0,,0.92,High,agency
3701df83-0b01-426a-ac48-8a4d77f61485,06/30/2025,hcris_nmrc,CMS HCRIS Hospital 2552-10 Worksheet S-3 Part II line 01100,https://downloads.cms.gov/Files/hcris/,ccn,180067,rn_contract_labor_dpc,blended,contract,90.77,,,1.0,,0.92,High,agency
b6a22d37-4377-446c-aac2-19f6b23272db,06/30/2025,hcris_nmrc,CMS HCRIS Hospital 2552-10 Worksheet S-3 Part II line 01100,https://downloads.cms.gov/Files/hcris/,ccn,050009,rn_contract_labor_dpc,blended,contract,58.48,,,1.0,,0.92,High,agency
c5283043-949e-4275-bf28-1d76306abcfd,06/30/2025,hcris_nmrc,CMS HCRIS Hospital 2552-10 Worksheet S-3 Part II line 01100,https://downloads.cms.gov/Files/hcris/,ccn,180069,rn_contract_labor_dpc,blended,contract,69.29,,,1.0,,0.92,High,agency
549b7c9f-a4ab-4177-b265-3fdded7bf55d,06/30/2025,hcris_nmrc,CMS HCRIS Hospital 2552-10 Worksheet S-3 Part II line 01100,https://downloads.cms.gov/Files/hcris/,ccn,420091,rn_contract_labor_dpc,blended,contract,61.18,,,1.0,,0.92,High,agency
d70ab9b9-a2ee-4803-a081-060e800fcc05,06/30/2025,hcris_nmrc,CMS HCRIS Hospital 2552-10 Worksheet S-3 Part II line 01100,https://downloads.cms.gov/Files/hcris/,ccn,180078,rn_contract_labor_dpc,blended,contract,70.55,,,1.0,,0.92,High,agency
4a9f72a1-c01c-4057-8341-fd3997aae3fa,06/30/2025,hcris_nmrc,CMS HCRIS Hospital 2552-10 Worksheet S-3 Part II line 01100,https://downloads.cms.gov/Files/hcris/,ccn,180050,rn_contract_labor_dpc,blended,contract,37.3,,,1.0,,0.92,High,agency
9ab75fde-bb22-4e31-a9b5-2fc1955836e4,06/30/2025,hcris_nmrc,CMS HCRIS Hospital 2552-10 Worksheet S-3 Part II line 01100,https://downloads.cms.gov/Files/hcris/,ccn,060010,rn_contract_labor_dpc,blended,contract,74.85,,,1.0,,0.92,High,agency
de10b2d0-3e19-45c5-aac7-abe307a614ac,06/30/2025,hcris_nmrc,CMS HCRIS Hospital 2552-10 Worksheet S-3 Part II line 01100,https://downloads.cms.gov/Files/hcris/,ccn,420048,rn_contract_labor_dpc,blended,contract,54.11,,,1.0,,0.92,High,agency
a9ac247f-fe6c-4e1e-ae8a-6e1171fd2832,06/30/2025,hcris_nmrc,CMS HCRIS Hospital 2552-10 Worksheet S-3 Part II line 01100,https://downloads.cms.gov/Files/hcris/,ccn,420026,rn_contract_labor_dpc,blended,contract,55.38,,,1.0,,0.92,High,agency
ca0ce09f-99e3-41b4-b80f-ebb6d1029624,06/30/2025,hcris_nmrc,CMS HCRIS Hospital 2552-10 Worksheet S-3 Part II line 01100,https://downloads.cms.gov/Files/hcris/,ccn,260023,rn_contract_labor_dpc,blended,contract,73.08,,,1.0,,0.92,High,agency
e756c261-f079-4b9f-8f71-a977bbe2c4b6,06/30/2025,hcris_nmrc,CMS HCRIS Hospital 2552-10 Worksheet S-3 Part II line 01100,https://downloads.cms.gov/Files/hcris/,ccn,190007,rn_contract_labor_dpc,blended,contract,103.78,,,1.0,,0.92,High,agency
05f64eb2-86b4-492d-abb0-310ed256c81b,06/30/2025,hcris_nmrc,CMS HCRIS Hospital 2552-10 Worksheet S-3 Part II line 01100,https://downloads.cms.gov/Files/hcris/,ccn,060013,rn_contract_labor_dpc,blended,contract,89.41,,,1.0,,0.92,High,agency
86971488-6799-4203-85e4-c0fd208b71a6,06/30/2025,hcris_nmrc,CMS HCRIS Hospital 2552-10 Worksheet S-3 Part II line 01100,https://downloads.cms.gov/Files/hcris/,ccn,260020,rn_contract_labor_dpc,blended,contract,56.37,,,1.0,,0.92,High,agency
c67800b1-6c77-49c4-a3c0-dcdf8abe6916,06/30/2025,hcris_nmrc,CMS HCRIS Hospital 2552-10 Worksheet S-3 Part II line 01100,https://downloads.cms.gov/Files/hcris/,ccn,190006,rn_contract_labor_dpc,blended,contract,42.41,,,1.0,,0.92,High,agency
281e0e3a-3bf4-46d3-a160-9069c1f96c29,06/30/2025,hcris_nmrc,CMS HCRIS Hospital 2552-10 Worksheet S-3 Part II line 01100,https://downloads.cms.gov/Files/hcris/,ccn,030055,rn_contract_labor_dpc,blended,contract,89.97,,,1.0,,0.92,High,agency
f628f8d3-58d7-48f9-b5cd-fb6495901c65,06/30/2025,hcris_nmrc,CMS HCRIS Hospital 2552-10 Worksheet S-3 Part II line 01100,https://downloads.cms.gov/Files/hcris/,ccn,420036,rn_contract_labor_dpc,blended,contract,49.72,,,1.0,,0.92,High,agency
e2ce3762-5d12-4e75-9d12-6c788b08bcf1,06/30/2025,hcris_nmrc,CMS HCRIS Hospital 2552-10 Worksheet S-3 Part II line 01100,https://downloads.cms.gov/Files/hcris/,ccn,060012,rn_contract_labor_dpc,blended,contract,152.19,,,1.0,,0.92,High,agency
04396928-0434-4b66-a653-c7da6eed49de,06/30/2025,hcris_nmrc,CMS HCRIS Hospital 2552-10 Worksheet S-3 Part II line 01100,https://downloads.cms.gov/Files/hcris/,ccn,260006,rn_contract_labor_dpc,blended,contract,79.21,,,1.0,,0.92,High,agency
75e8aa95-2bec-49b2-9bce-d3e8f778a3ff,06/30/2025,hcris_nmrc,CMS HCRIS Hospital 2552-10 Worksheet S-3 Part II line 01100,https://downloads.cms.gov/Files/hcris/,ccn,420019,rn_contract_labor_dpc,blended,contract,70.11,,,1.0,,0.92,High,agency
d8f48aa1-5105-4d8e-a052-0f06b7c40bdc,06/30/2025,hcris_nmrc,CMS HCRIS Hospital 2552-10 Worksheet S-3 Part II line 01100,https://downloads.cms.gov/Files/hcris/,ccn,060015,rn_contract_labor_dpc,blended,contract,90.93,,,1.0,,0.92,High,agency
ce9ff5bd-e2e6-4667-b342-683a43f86c94,06/30/2025,hcris_nmrc,CMS HCRIS Hospital 2552-10 Worksheet S-3 Part II line 01100,https://downloads.cms.gov/Files/hcris/,ccn,190011,rn_contract_labor_dpc,blended,contract,50.13,,,1.0,,0.92,High,agency
a6c8f300-a7e1-4827-9913-67f98cdc1bb4,06/30/2025,hcris_nmrc,CMS HCRIS Hospital 2552-10 Worksheet S-3 Part II line 01100,https://downloads.cms.gov/Files/hcris/,ccn,060008,rn_contract_labor_dpc,blended,contract,66.0,,,1.0,,0.92,High,agency
a3d2b684-d95b-4ccb-a683-aad478f178e1,06/30/2025,hcris_nmrc,CMS HCRIS Hospital 2552-10 Worksheet S-3 Part II line 01100,https://downloads.cms.gov/Files/hcris/,ccn,190019,rn_contract_labor_dpc,blended,contract,61.8,,,1.0,,0.92,High,agency
600ffaf3-047c-492e-bb4f-6cdd27d8756a,06/30/2025,hcris_nmrc,CMS HCRIS Hospital 2552-10 Worksheet S-3 Part II line 01100,https://downloads.cms.gov/Files/hcris/,ccn,260077,rn_contract_labor_dpc,blended,contract,83.93,,,1.0,,0.92,High,agency
751def55-c828-41df-a6b6-10c031f23cef,06/30/2025,hcris_nmrc,CMS HCRIS Hospital 2552-10 Worksheet S-3 Part II line 01100,https://downloads.cms.gov/Files/hcris/,ccn,190017,rn_contract_labor_dpc,blended,contract,83.51,,,1.0,,0.92,High,agency
467eb3b6-0b60-4356-b1c2-ccfdc1ed568e,06/30/2025,hcris_nmrc,CMS HCRIS Hospital 2552-10 Worksheet S-3 Part II line 01100,https://downloads.cms.gov/Files/hcris/,ccn,250168,rn_contract_labor_dpc,blended,contract,44.82,,,1.0,,0.92,High,agency
675aa825-0993-4e58-aee0-654d9b4999a4,06/30/2025,hcris_nmrc,CMS HCRIS Hospital 2552-10 Worksheet S-3 Part II line 01100,https://downloads.cms.gov/Files/hcris/,ccn,190015,rn_contract_labor_dpc,blended,contract,84.88,,,1.0,,0.92,High,agency
936c9df1-5faf-430c-af71-b7e51238f055,06/30/2025,hcris_nmrc,CMS HCRIS Hospital 2552-10 Worksheet S-3 Part II line 01100,https://downloads.cms.gov/Files/hcris/,ccn,260065,rn_contract_labor_dpc,blended,contract,79.64,,,1.0,,0.92,High,agency
7bf2838b-4170-472b-a543-6438d05f6874,06/30/2025,hcris_nmrc,CMS HCRIS Hospital 2552-10 Worksheet S-3 Part II line 01100,https://downloads.cms.gov/Files/hcris/,ccn,420004,rn_contract_labor_dpc,blended,contract,52.63,,,1.0,,0.92,High,agency
17bc72e6-133d-4d5f-a6dd-d7ec457ce380,06/30/2025,hcris_nmrc,CMS HCRIS Hospital 2552-10 Worksheet S-3 Part II line 01100,https://downloads.cms.gov/Files/hcris/,ccn,180141,rn_contract_labor_dpc,blended,contract,46.88,,,1.0,,0.92,High,agency
2a2887f7-e29e-41d5-8ff4-1dead6d068ac,06/30/2025,hcris_nmrc,CMS HCRIS Hospital 2552-10 Worksheet S-3 Part II line 01100,https://downloads.cms.gov/Files/hcris/,ccn,420055,rn_contract_labor_dpc,blended,contract,109.72,,,1.0,,0.92,High,agency
9887bae1-9e7d-48d3-a2be-0c38bb4c4fe3,06/30/2025,hcris_nmrc,CMS HCRIS Hospital 2552-10 Worksheet S-3 Part II line 01100,https://downloads.cms.gov/Files/hcris/,ccn,420053,rn_contract_labor_dpc,blended,contract,78.89,,,1.0,,0.92,High,agency
f3efd521-cb31-4ef6-bcb2-ab04cdd13384,06/30/2025,hcris_nmrc,CMS HCRIS Hospital 2552-10 Worksheet S-3 Part II line 01100,https://downloads.cms.gov/Files/hcris/,ccn,180143,rn_contract_labor_dpc,blended,contract,91.11,,,1.0,,0.92,High,agency
8621d37a-5a37-4cd3-8ebc-769a1acc7268,06/30/2025,hcris_nmrc,CMS HCRIS Hospital 2552-10 Worksheet S-3 Part II line 01100,https://downloads.cms.gov/Files/hcris/,ccn,260061,rn_contract_labor_dpc,blended,contract,85.06,,,1.0,,0.92,High,agency
61379056-9b75-4398-ba84-c559148151e7,06/30/2025,hcris_nmrc,CMS HCRIS Hospital 2552-10 Worksheet S-3 Part II line 01100,https://downloads.cms.gov/Files/hcris/,ccn,260059,rn_contract_labor_dpc,blended,contract,81.29,,,1.0,,0.92,High,agency
9859e5b5-b628-453c-aef2-5602b43d9c7b,06/30/2025,hcris_nmrc,CMS HCRIS Hospital 2552-10 Worksheet S-3 Part II line 01100,https://downloads.cms.gov/Files/hcris/,ccn,260052,rn_contract_labor_dpc,blended,contract,75.77,,,1.0,,0.92,High,agency
0238cbda-1802-45a4-b73d-33252d5c7b58,06/30/2025,hcris_nmrc,CMS HCRIS Hospital 2552-10 Worksheet S-3 Part II line 01100,https://downloads.cms.gov/Files/hcris/,ccn,453036,rn_contract_labor_dpc,blended,contract,62.44,,,1.0,,0.92,High,agency
1ff72977-5ea4-4802-afea-be965cce4f68,06/30/2025,hcris_nmrc,CMS HCRIS Hospital 2552-10 Worksheet S-3 Part II line 01100,https://downloads.cms.gov/Files/hcris/,ccn,260048,rn_contract_labor_dpc,blended,contract,46.84,,,1.0,,0.92,High,agency
85c63ee7-f46f-40c3-bb48-e3200ff1d372,06/30/2025,hcris_nmrc,CMS HCRIS Hospital 2552-10 Worksheet S-3 Part II line 01100,https://downloads.cms.gov/Files/hcris/,ccn,390201,rn_contract_labor_dpc,blended,contract,109.75,,,1.0,,0.92,High,agency
8aa645b9-97ea-44b2-86ec-b9ede5e646ce,06/30/2025,hcris_nmrc,CMS HCRIS Hospital 2552-10 Worksheet S-3 Part II line 01100,https://downloads.cms.gov/Files/hcris/,ccn,280105,rn_contract_labor_dpc,blended,contract,81.19,,,1.0,,0.92,High,agency
24c5d4c9-d497-4256-8af9-17598f052dfe,06/30/2025,hcris_nmrc,CMS HCRIS Hospital 2552-10 Worksheet S-3 Part II line 01100,https://downloads.cms.gov/Files/hcris/,ccn,280081,rn_contract_labor_dpc,blended,contract,70.69,,,1.0,,0.92,High,agency
ac71f5b8-0a79-46fd-a001-aaed1c127e03,06/30/2025,hcris_nmrc,CMS HCRIS Hospital 2552-10 Worksheet S-3 Part II line 01100,https://downloads.cms.gov/Files/hcris/,ccn,430014,rn_contract_labor_dpc,blended,contract,84.74,,,1.0,,0.92,High,agency
1e9120ee-ca70-4dbb-8ae5-84810c65b278,06/30/2025,hcris_nmrc,CMS HCRIS Hospital 2552-10 Worksheet S-3 Part II line 01100,https://downloads.cms.gov/Files/hcris/,ccn,050779,rn_contract_labor_dpc,blended,contract,91.42,,,1.0,,0.92,High,agency
0255cfb1-6415-4a75-aca0-1eadc4af2418,06/30/2025,hcris_nmrc,CMS HCRIS Hospital 2552-10 Worksheet S-3 Part II line 01100,https://downloads.cms.gov/Files/hcris/,ccn,280060,rn_contract_labor_dpc,blended,contract,76.17,,,1.0,,0.92,High,agency
4187145b-5f54-4b3c-9e6f-cd2cec17a222,06/30/2025,hcris_nmrc,CMS HCRIS Hospital 2552-10 Worksheet S-3 Part II line 01100,https://downloads.cms.gov/Files/hcris/,ccn,170203,rn_contract_labor_dpc,blended,contract,200.0,,,1.0,,0.92,High,agency
c6f796bf-d089-4b85-9e56-962e6aabb30d,06/30/2025,hcris_nmrc,CMS HCRIS Hospital 2552-10 Worksheet S-3 Part II line 01100,https://downloads.cms.gov/Files/hcris/,ccn,430012,rn_contract_labor_dpc,blended,contract,98.5,,,1.0,,0.92,High,agency
7ef9cf39-2946-490e-b839-a080de936590,06/30/2025,hcris_nmrc,CMS HCRIS Hospital 2552-10 Worksheet S-3 Part II line 01100,https://downloads.cms.gov/Files/hcris/,ccn,100137,rn_contract_labor_dpc,blended,contract,63.01,,,1.0,,0.92,High,agency
5e123494-07b4-442a-ba2b-f8b3bcca9219,06/30/2025,hcris_nmrc,CMS HCRIS Hospital 2552-10 Worksheet S-3 Part II line 01100,https://downloads.cms.gov/Files/hcris/,ccn,280023,rn_contract_labor_dpc,blended,contract,87.81,,,1.0,,0.92,High,agency
9a739973-4d4e-4f91-824a-46b0af085f77,06/30/2025,hcris_nmrc,CMS HCRIS Hospital 2552-10 Worksheet S-3 Part II line 01100,https://downloads.cms.gov/Files/hcris/,ccn,050028,rn_contract_labor_dpc,blended,contract,102.92,,,1.0,,0.92,High,agency
656a3a4d-9c53-4c4d-a05c-4f80d4c197ea,06/30/2025,hcris_nmrc,CMS HCRIS Hospital 2552-10 Worksheet S-3 Part II line 01100,https://downloads.cms.gov/Files/hcris/,ccn,280020,rn_contract_labor_dpc,blended,contract,115.79,,,1.0,,0.92,High,agency
bbe49a14-f807-4e58-a75c-9e6204697f3e,06/30/2025,hcris_nmrc,CMS HCRIS Hospital 2552-10 Worksheet S-3 Part II line 01100,https://downloads.cms.gov/Files/hcris/,ccn,280013,rn_contract_labor_dpc,blended,contract,69.57,,,1.0,,0.92,High,agency
23f864be-3c1c-427a-aa92-485f3e8cd312,06/30/2025,hcris_nmrc,CMS HCRIS Hospital 2552-10 Worksheet S-3 Part II line 01100,https://downloads.cms.gov/Files/hcris/,ccn,280009,rn_contract_labor_dpc,blended,contract,108.74,,,1.0,,0.92,High,agency
0bebe417-5744-4ae5-a4b0-a0bed945e616,06/30/2025,hcris_nmrc,CMS HCRIS Hospital 2552-10 Worksheet S-3 Part II line 01100,https://downloads.cms.gov/Files/hcris/,ccn,030007,rn_contract_labor_dpc,blended,contract,78.52,,,1.0,,0.92,High,agency
518fea5e-537f-4bb7-9939-f0cc5e31c023,06/30/2025,hcris_nmrc,CMS HCRIS Hospital 2552-10 Worksheet S-3 Part II line 01100,https://downloads.cms.gov/Files/hcris/,ccn,430015,rn_contract_labor_dpc,blended,contract,85.63,,,1.0,,0.92,High,agency
54201fcf-b990-441e-859c-d524384138e6,06/30/2025,hcris_nmrc,CMS HCRIS Hospital 2552-10 Worksheet S-3 Part II line 01100,https://downloads.cms.gov/Files/hcris/,ccn,050778,rn_contract_labor_dpc,blended,contract,88.78,,,1.0,,0.92,High,agency
9e3adbb0-6331-41b8-8f4f-98a79374ed82,06/30/2025,hcris_nmrc,CMS HCRIS Hospital 2552-10 Worksheet S-3 Part II line 01100,https://downloads.cms.gov/Files/hcris/,ccn,170175,rn_contract_labor_dpc,blended,contract,81.79,,,1.0,,0.92,High,agency
8ef686ab-35f7-4425-b786-02bbe9edc5c7,06/30/2025,hcris_nmrc,CMS HCRIS Hospital 2552-10 Worksheet S-3 Part II line 01100,https://downloads.cms.gov/Files/hcris/,ccn,430048,rn_contract_labor_dpc,blended,contract,82.87,,,1.0,,0.92,High,agency
eeb0edab-8260-4c11-b9c1-7e90935d51f9,06/30/2025,hcris_nmrc,CMS HCRIS Hospital 2552-10 Worksheet S-3 Part II line 01100,https://downloads.cms.gov/Files/hcris/,ccn,170183,rn_contract_labor_dpc,blended,contract,75.88,,,1.0,,0.92,High,agency
bfa075b2-697c-4594-a2ca-9e3585ef058f,06/30/2025,hcris_nmrc,CMS HCRIS Hospital 2552-10 Worksheet S-3 Part II line 01100,https://downloads.cms.gov/Files/hcris/,ccn,490019,rn_contract_labor_dpc,blended,contract,93.81,,,1.0,,0.92,High,agency
4326d10d-27c7-4187-a92b-28c3d920a18f,06/30/2025,hcris_nmrc,CMS HCRIS Hospital 2552-10 Worksheet S-3 Part II line 01100,https://downloads.cms.gov/Files/hcris/,ccn,190133,rn_contract_labor_dpc,blended,contract,80.78,,,1.0,,0.92,High,agency
619dd465-bccf-463c-8f71-b90c1c55327c,06/30/2025,hcris_nmrc,CMS HCRIS Hospital 2552-10 Worksheet S-3 Part II line 01100,https://downloads.cms.gov/Files/hcris/,ccn,430016,rn_contract_labor_dpc,blended,contract,78.33,,,1.0,,0.92,High,agency
06c161e5-b2b9-40af-a28b-532a12e0aa6a,06/30/2025,hcris_nmrc,CMS HCRIS Hospital 2552-10 Worksheet S-3 Part II line 01100,https://downloads.cms.gov/Files/hcris/,ccn,280130,rn_contract_labor_dpc,blended,contract,92.32,,,1.0,,0.92,High,agency
78826431-bd63-44d6-a764-c0124c8e3be0,06/30/2025,hcris_nmrc,CMS HCRIS Hospital 2552-10 Worksheet S-3 Part II line 01100,https://downloads.cms.gov/Files/hcris/,ccn,050039,rn_contract_labor_dpc,blended,contract,161.05,,,1.0,,0.92,High,agency
e5d5e0c5-74f3-4ad5-ac64-d10474e3f4e6,06/30/2025,hcris_nmrc,CMS HCRIS Hospital 2552-10 Worksheet S-3 Part II line 01100,https://downloads.cms.gov/Files/hcris/,ccn,190125,rn_contract_labor_dpc,blended,contract,46.95,,,1.0,,0.92,High,agency
5f97f1f1-9cbe-46e9-8d59-226e694b5c1b,06/30/2025,hcris_nmrc,CMS HCRIS Hospital 2552-10 Worksheet S-3 Part II line 01100,https://downloads.cms.gov/Files/hcris/,ccn,280128,rn_contract_labor_dpc,blended,contract,181.85,,,1.0,,0.92,High,agency
bbf44787-60b7-4de1-9ec9-d4ae08fc4976,06/30/2025,hcris_nmrc,CMS HCRIS Hospital 2552-10 Worksheet S-3 Part II line 01100,https://downloads.cms.gov/Files/hcris/,ccn,050038,rn_contract_labor_dpc,blended,contract,115.07,,,1.0,,0.92,High,agency
efaec789-9cc9-4303-b2e8-124262e5df63,06/30/2025,hcris_nmrc,CMS HCRIS Hospital 2552-10 Worksheet S-3 Part II line 01100,https://downloads.cms.gov/Files/hcris/,ccn,170191,rn_contract_labor_dpc,blended,contract,94.08,,,1.0,,0.92,High,agency
d128fed0-c9d9-44e2-88b1-614ff8db8bda,06/30/2025,hcris_nmrc,CMS HCRIS Hospital 2552-10 Worksheet S-3 Part II line 01100,https://downloads.cms.gov/Files/hcris/,ccn,490009,rn_contract_labor_dpc,blended,contract,70.15,,,1.0,,0.92,High,agency
3e69ec81-3c72-46ca-a20e-50c6fe8d380e,06/30/2025,hcris_nmrc,CMS HCRIS Hospital 2552-10 Worksheet S-3 Part II line 01100,https://downloads.cms.gov/Files/hcris/,ccn,060031,rn_contract_labor_dpc,blended,contract,82.96,,,1.0,,0.92,High,agency
ea32e08a-e9f1-4963-b314-caa299339abf,06/30/2025,hcris_nmrc,CMS HCRIS Hospital 2552-10 Worksheet S-3 Part II line 01100,https://downloads.cms.gov/Files/hcris/,ccn,180002,rn_contract_labor_dpc,blended,contract,65.21,,,1.0,,0.92,High,agency
0b309707-736f-49e0-b303-4d3f83e304a7,06/30/2025,hcris_nmrc,CMS HCRIS Hospital 2552-10 Worksheet S-3 Part II line 01100,https://downloads.cms.gov/Files/hcris/,ccn,190102,rn_contract_labor_dpc,blended,contract,71.87,,,1.0,,0.92,High,agency
2ef6a87e-da04-4be4-ab64-0b0f0d5910a9,06/30/2025,hcris_nmrc,CMS HCRIS Hospital 2552-10 Worksheet S-3 Part II line 01100,https://downloads.cms.gov/Files/hcris/,ccn,180018,rn_contract_labor_dpc,blended,contract,148.09,,,1.0,,0.92,High,agency
60104684-7572-4833-b15f-05e1031294eb,06/30/2025,hcris_nmrc,CMS HCRIS Hospital 2552-10 Worksheet S-3 Part II line 01100,https://downloads.cms.gov/Files/hcris/,ccn,263031,rn_contract_labor_dpc,blended,contract,81.95,,,1.0,,0.92,High,agency
c07c5956-d012-4554-9796-97ddf578e54e,06/30/2025,hcris_nmrc,CMS HCRIS Hospital 2552-10 Worksheet S-3 Part II line 01100,https://downloads.cms.gov/Files/hcris/,ccn,460051,rn_contract_labor_dpc,blended,contract,86.01,,,1.0,,0.92,High,agency
08dfb926-2580-4c7c-996c-4a6076e20270,06/30/2025,hcris_nmrc,CMS HCRIS Hospital 2552-10 Worksheet S-3 Part II line 01100,https://downloads.cms.gov/Files/hcris/,ccn,250031,rn_contract_labor_dpc,blended,contract,61.09,,,1.0,,0.92,High,agency
86710182-08cb-408c-8c6e-14f862d01ec9,06/30/2025,hcris_nmrc,CMS HCRIS Hospital 2552-10 Worksheet S-3 Part II line 01100,https://downloads.cms.gov/Files/hcris/,ccn,180020,rn_contract_labor_dpc,blended,contract,63.08,,,1.0,,0.92,High,agency
637f26ba-d339-44d5-8115-1f9f10148fa0,06/30/2025,hcris_nmrc,CMS HCRIS Hospital 2552-10 Worksheet S-3 Part II line 01100,https://downloads.cms.gov/Files/hcris/,ccn,180025,rn_contract_labor_dpc,blended,contract,92.6,,,1.0,,0.92,High,agency
60c0bc20-7166-493b-951f-a9d52db3392f,06/30/2025,hcris_nmrc,CMS HCRIS Hospital 2552-10 Worksheet S-3 Part II line 01100,https://downloads.cms.gov/Files/hcris/,ccn,400112,rn_contract_labor_dpc,blended,contract,35.57,,,1.0,,0.92,High,agency
4997ba0f-7c20-4787-9d24-2938f01aec8c,06/30/2025,hcris_nmrc,CMS HCRIS Hospital 2552-10 Worksheet S-3 Part II line 01100,https://downloads.cms.gov/Files/hcris/,ccn,460047,rn_contract_labor_dpc,blended,contract,49.22,,,1.0,,0.92,High,agency
f9138496-7176-4c64-a344-821c067b29d7,06/30/2025,hcris_nmrc,CMS HCRIS Hospital 2552-10 Worksheet S-3 Part II line 01100,https://downloads.cms.gov/Files/hcris/,ccn,180029,rn_contract_labor_dpc,blended,contract,65.5,,,1.0,,0.92,High,agency
89f1dfcf-884f-4459-a97a-f792fd80063d,06/30/2025,hcris_nmrc,CMS HCRIS Hospital 2552-10 Worksheet S-3 Part II line 01100,https://downloads.cms.gov/Files/hcris/,ccn,190064,rn_contract_labor_dpc,blended,contract,51.88,,,1.0,,0.92,High,agency
ffd5fa0b-e7f4-4150-bfcf-db18e23edef8,06/30/2025,hcris_nmrc,CMS HCRIS Hospital 2552-10 Worksheet S-3 Part II line 01100,https://downloads.cms.gov/Files/hcris/,ccn,420117,rn_contract_labor_dpc,blended,contract,57.6,,,1.0,,0.92,High,agency
d35c82b9-985f-41ed-b58a-c0cc6465c7d6,06/30/2025,hcris_nmrc,CMS HCRIS Hospital 2552-10 Worksheet S-3 Part II line 01100,https://downloads.cms.gov/Files/hcris/,ccn,060044,rn_contract_labor_dpc,blended,contract,146.33,,,1.0,,0.92,High,agency
17693354-4234-4b53-9b0c-b8394b87fd6a,06/30/2025,hcris_nmrc,CMS HCRIS Hospital 2552-10 Worksheet S-3 Part II line 01100,https://downloads.cms.gov/Files/hcris/,ccn,050017,rn_contract_labor_dpc,blended,contract,114.51,,,1.0,,0.92,High,agency
fa21004c-5709-4ffa-a5af-f974dcc47412,06/30/2025,hcris_nmrc,CMS HCRIS Hospital 2552-10 Worksheet S-3 Part II line 01100,https://downloads.cms.gov/Files/hcris/,ccn,180040,rn_contract_labor_dpc,blended,contract,71.15,,,1.0,,0.92,High,agency
96b24a99-87cf-4da3-9123-b6923b8ddf7d,06/30/2025,hcris_nmrc,CMS HCRIS Hospital 2552-10 Worksheet S-3 Part II line 01100,https://downloads.cms.gov/Files/hcris/,ccn,460041,rn_contract_labor_dpc,blended,contract,84.28,,,1.0,,0.92,High,agency
69dfce3e-4d76-401b-acfe-18a0f7c02d43,06/30/2025,hcris_nmrc,CMS HCRIS Hospital 2552-10 Worksheet S-3 Part II line 01100,https://downloads.cms.gov/Files/hcris/,ccn,060049,rn_contract_labor_dpc,blended,contract,92.36,,,1.0,,0.92,High,agency
60586168-f36f-4853-bcbb-12a778e9fdc4,06/30/2025,hcris_nmrc,CMS HCRIS Hospital 2552-10 Worksheet S-3 Part II line 01100,https://downloads.cms.gov/Files/hcris/,ccn,450862,rn_contract_labor_dpc,blended,contract,75.51,,,1.0,,0.92,High,agency
3780c998-7bb7-4d37-9cb3-694a1e6ada51,06/30/2025,hcris_nmrc,CMS HCRIS Hospital 2552-10 Worksheet S-3 Part II line 01100,https://downloads.cms.gov/Files/hcris/,ccn,040137,rn_contract_labor_dpc,blended,contract,98.12,,,1.0,,0.92,High,agency
d4f0d91e-ee55-4f62-8845-db8c8b68ba9c,06/30/2025,hcris_nmrc,CMS HCRIS Hospital 2552-10 Worksheet S-3 Part II line 01100,https://downloads.cms.gov/Files/hcris/,ccn,250001,rn_contract_labor_dpc,blended,contract,48.69,,,1.0,,0.92,High,agency
276504fb-4ffd-496d-b0a9-7d226abfecac,06/30/2025,hcris_nmrc,CMS HCRIS Hospital 2552-10 Worksheet S-3 Part II line 01100,https://downloads.cms.gov/Files/hcris/,ccn,180005,rn_contract_labor_dpc,blended,contract,64.27,,,1.0,,0.92,High,agency
ab5baf54-925b-4ccd-81f2-508a363183e5,06/30/2025,hcris_nmrc,CMS HCRIS Hospital 2552-10 Worksheet S-3 Part II line 01100,https://downloads.cms.gov/Files/hcris/,ccn,030010,rn_contract_labor_dpc,blended,contract,72.96,,,1.0,,0.92,High,agency
7183fa66-e907-4564-9bdb-34dedc06fd0e,06/30/2025,hcris_nmrc,CMS HCRIS Hospital 2552-10 Worksheet S-3 Part II line 01100,https://downloads.cms.gov/Files/hcris/,ccn,180009,rn_contract_labor_dpc,blended,contract,93.01,,,1.0,,0.92,High,agency
4e95fda5-2176-43f2-831b-88eddb6cfb5b,06/30/2025,hcris_nmrc,CMS HCRIS Hospital 2552-10 Worksheet S-3 Part II line 01100,https://downloads.cms.gov/Files/hcris/,ccn,450865,rn_contract_labor_dpc,blended,contract,60.8,,,1.0,,0.92,High,agency
7312d91b-4cbf-4923-b435-ed0dd868403a,06/30/2025,hcris_nmrc,CMS HCRIS Hospital 2552-10 Worksheet S-3 Part II line 01100,https://downloads.cms.gov/Files/hcris/,ccn,180010,rn_contract_labor_dpc,blended,contract,88.21,,,1.0,,0.92,High,agency
7d2c86e5-a3d7-439f-a807-7cf9a844b219,06/30/2025,hcris_nmrc,CMS HCRIS Hospital 2552-10 Worksheet S-3 Part II line 01100,https://downloads.cms.gov/Files/hcris/,ccn,190098,rn_contract_labor_dpc,blended,contract,45.53,,,1.0,,0.92,High,agency
e3e0f011-22e4-4d51-80be-9bed403c8643,06/30/2025,hcris_nmrc,CMS HCRIS Hospital 2552-10 Worksheet S-3 Part II line 01100,https://downloads.cms.gov/Files/hcris/,ccn,180011,rn_contract_labor_dpc,blended,contract,98.82,,,1.0,,0.92,High,agency
d954e7a8-5e68-487b-9ac7-5912ee9313bc,06/30/2025,hcris_nmrc,CMS HCRIS Hospital 2552-10 Worksheet S-3 Part II line 01100,https://downloads.cms.gov/Files/hcris/,ccn,450867,rn_contract_labor_dpc,blended,contract,66.34,,,1.0,,0.92,High,agency
2b1b2efa-e700-4a67-8234-606c094f5bfb,06/30/2025,hcris_nmrc,CMS HCRIS Hospital 2552-10 Worksheet S-3 Part II line 01100,https://downloads.cms.gov/Files/hcris/,ccn,100073,rn_contract_labor_dpc,blended,contract,41.09,,,1.0,,0.92,High,agency
513b4c84-9993-402e-89b7-90dd9e8c3c1f,06/30/2025,hcris_nmrc,CMS HCRIS Hospital 2552-10 Worksheet S-3 Part II line 01100,https://downloads.cms.gov/Files/hcris/,ccn,050025,rn_contract_labor_dpc,blended,contract,71.66,,,1.0,,0.92,High,agency
6e98f9a8-f611-4703-b5d9-e272ef8d43d2,06/30/2025,hcris_nmrc,CMS HCRIS Hospital 2552-10 Worksheet S-3 Part II line 01100,https://downloads.cms.gov/Files/hcris/,ccn,030011,rn_contract_labor_dpc,blended,contract,72.29,,,1.0,,0.92,High,agency
09a522cd-a3c3-4fc3-8df4-5da367ce2f82,06/30/2025,hcris_nmrc,CMS HCRIS Hospital 2552-10 Worksheet S-3 Part II line 01100,https://downloads.cms.gov/Files/hcris/,ccn,180016,rn_contract_labor_dpc,blended,contract,77.4,,,1.0,,0.92,High,agency
77fab6ba-476b-4502-9b6b-9849423b0f0f,06/30/2025,hcris_nmrc,CMS HCRIS Hospital 2552-10 Worksheet S-3 Part II line 01100,https://downloads.cms.gov/Files/hcris/,ccn,390199,rn_contract_labor_dpc,blended,contract,44.04,,,1.0,,0.92,High,agency
ce2a8dc0-03c1-4000-b975-5f4735982696,06/30/2025,hcris_nmrc,CMS HCRIS Hospital 2552-10 Worksheet S-3 Part II line 01100,https://downloads.cms.gov/Files/hcris/,ccn,440009,rn_contract_labor_dpc,blended,contract,85.45,,,1.0,,0.92,High,agency
ff9e4543-ed20-4d9a-8098-ecef5135e78e,06/30/2025,hcris_nmrc,CMS HCRIS Hospital 2552-10 Worksheet S-3 Part II line 01100,https://downloads.cms.gov/Files/hcris/,ccn,150181,rn_contract_labor_dpc,blended,contract,61.39,,,1.0,,0.92,High,agency
92837af1-6de9-4d17-a360-86aa334b74b1,06/30/2025,hcris_nmrc,CMS HCRIS Hospital 2552-10 Worksheet S-3 Part II line 01100,https://downloads.cms.gov/Files/hcris/,ccn,231326,rn_contract_labor_dpc,blended,contract,97.53,,,1.0,,0.92,High,agency
68fb7948-1a56-4600-bb17-d4f5e6af5310,06/30/2025,hcris_nmrc,CMS HCRIS Hospital 2552-10 Worksheet S-3 Part II line 01100,https://downloads.cms.gov/Files/hcris/,ccn,390042,rn_contract_labor_dpc,blended,contract,116.38,,,1.0,,0.92,High,agency
1e91253a-d994-4d39-a996-b4eadde27b70,06/30/2025,hcris_nmrc,CMS HCRIS Hospital 2552-10 Worksheet S-3 Part II line 01100,https://downloads.cms.gov/Files/hcris/,ccn,320084,rn_contract_labor_dpc,blended,contract,91.53,,,1.0,,0.92,High,agency
41775fac-19d0-4e1a-919d-d06b3da02d25,06/30/2025,hcris_nmrc,CMS HCRIS Hospital 2552-10 Worksheet S-3 Part II line 01100,https://downloads.cms.gov/Files/hcris/,ccn,390044,rn_contract_labor_dpc,blended,contract,75.23,,,1.0,,0.92,High,agency
fa4a1622-4200-4c5a-93a7-9d4aaafabcfa,06/30/2025,hcris_nmrc,CMS HCRIS Hospital 2552-10 Worksheet S-3 Part II line 01100,https://downloads.cms.gov/Files/hcris/,ccn,050636,rn_contract_labor_dpc,blended,contract,88.64,,,1.0,,0.92,High,agency
4c081e31-9f78-48e2-8e98-1dd4e9d7bc69,06/30/2025,hcris_nmrc,CMS HCRIS Hospital 2552-10 Worksheet S-3 Part II line 01100,https://downloads.cms.gov/Files/hcris/,ccn,390045,rn_contract_labor_dpc,blended,contract,44.64,,,1.0,,0.92,High,agency
daefd924-3c48-4c5d-ab71-da9230020065,06/30/2025,hcris_nmrc,CMS HCRIS Hospital 2552-10 Worksheet S-3 Part II line 01100,https://downloads.cms.gov/Files/hcris/,ccn,390046,rn_contract_labor_dpc,blended,contract,93.13,,,1.0,,0.92,High,agency
8284457c-64d2-42ca-ba96-a39522ecb1ca,06/30/2025,hcris_nmrc,CMS HCRIS Hospital 2552-10 Worksheet S-3 Part II line 01100,https://downloads.cms.gov/Files/hcris/,ccn,150008,rn_contract_labor_dpc,blended,contract,96.41,,,1.0,,0.92,High,agency
2397f0ea-d5af-49bd-b6d6-8bcc2ca7ec50,06/30/2025,hcris_nmrc,CMS HCRIS Hospital 2552-10 Worksheet S-3 Part II line 01100,https://downloads.cms.gov/Files/hcris/,ccn,390048,rn_contract_labor_dpc,blended,contract,90.42,,,1.0,,0.92,High,agency
df1b92a7-e6ac-4355-bfae-3eef6fd17ad8,06/30/2025,hcris_nmrc,CMS HCRIS Hospital 2552-10 Worksheet S-3 Part II line 01100,https://downloads.cms.gov/Files/hcris/,ccn,190312,rn_contract_labor_dpc,blended,contract,39.57,,,1.0,,0.92,High,agency
1efe389b-5d51-48eb-9bdf-82615b79b7fa,06/30/2025,hcris_nmrc,CMS HCRIS Hospital 2552-10 Worksheet S-3 Part II line 01100,https://downloads.cms.gov/Files/hcris/,ccn,320065,rn_contract_labor_dpc,blended,contract,72.21,,,1.0,,0.92,High,agency
9e331ad9-988b-4c6a-93e8-ce7c03a79ead,06/30/2025,hcris_nmrc,CMS HCRIS Hospital 2552-10 Worksheet S-3 Part II line 01100,https://downloads.cms.gov/Files/hcris/,ccn,390049,rn_contract_labor_dpc,blended,contract,96.57,,,1.0,,0.92,High,agency
1f9673be-da82-4c81-a222-67bd529ade07,06/30/2025,hcris_nmrc,CMS HCRIS Hospital 2552-10 Worksheet S-3 Part II line 01100,https://downloads.cms.gov/Files/hcris/,ccn,231327,rn_contract_labor_dpc,blended,contract,92.43,,,1.0,,0.92,High,agency
7d327f53-1d9c-434a-92bf-f614e0205839,06/30/2025,hcris_nmrc,CMS HCRIS Hospital 2552-10 Worksheet S-3 Part II line 01100,https://downloads.cms.gov/Files/hcris/,ccn,440063,rn_contract_labor_dpc,blended,contract,81.67,,,1.0,,0.92,High,agency
1e7240ab-d462-4e19-8c77-32a488b5b66e,06/30/2025,hcris_nmrc,CMS HCRIS Hospital 2552-10 Worksheet S-3 Part II line 01100,https://downloads.cms.gov/Files/hcris/,ccn,150010,rn_contract_labor_dpc,blended,contract,62.55,,,1.0,,0.92,High,agency
b0f738e0-afdc-4ada-ad8b-aafcb5746c74,06/30/2025,hcris_nmrc,CMS HCRIS Hospital 2552-10 Worksheet S-3 Part II line 01100,https://downloads.cms.gov/Files/hcris/,ccn,440072,rn_contract_labor_dpc,blended,contract,62.12,,,1.0,,0.92,High,agency
cd2165e9-5cb7-49aa-a4e8-9e2ed49bd926,06/30/2025,hcris_nmrc,CMS HCRIS Hospital 2552-10 Worksheet S-3 Part II line 01100,https://downloads.cms.gov/Files/hcris/,ccn,390027,rn_contract_labor_dpc,blended,contract,81.06,,,1.0,,0.92,High,agency
9279b3b9-7859-42e4-9ca3-c0919c7dbb2a,06/30/2025,hcris_nmrc,CMS HCRIS Hospital 2552-10 Worksheet S-3 Part II line 01100,https://downloads.cms.gov/Files/hcris/,ccn,143031,rn_contract_labor_dpc,blended,contract,94.69,,,1.0,,0.92,High,agency
7d8dbef0-a8b8-4607-9865-6dcc2600052c,06/30/2025,hcris_nmrc,CMS HCRIS Hospital 2552-10 Worksheet S-3 Part II line 01100,https://downloads.cms.gov/Files/hcris/,ccn,390028,rn_contract_labor_dpc,blended,contract,47.73,,,1.0,,0.92,High,agency
09b133c0-0fc1-4eb5-bfaf-84a47a610569,06/30/2025,hcris_nmrc,CMS HCRIS Hospital 2552-10 Worksheet S-3 Part II line 01100,https://downloads.cms.gov/Files/hcris/,ccn,510023,rn_contract_labor_dpc,blended,contract,85.53,,,1.0,,0.92,High,agency
f163d603-8aed-4be3-9d8b-313604339b03,06/30/2025,hcris_nmrc,CMS HCRIS Hospital 2552-10 Worksheet S-3 Part II line 01100,https://downloads.cms.gov/Files/hcris/,ccn,390030,rn_contract_labor_dpc,blended,contract,82.51,,,1.0,,0.92,High,agency
bd7578db-0a8f-481e-96ea-f67fcecd4de9,06/30/2025,hcris_nmrc,CMS HCRIS Hospital 2552-10 Worksheet S-3 Part II line 01100,https://downloads.cms.gov/Files/hcris/,ccn,050625,rn_contract_labor_dpc,blended,contract,94.95,,,1.0,,0.92,High,agency
bf81d5a1-e760-4a67-b072-91310fe6ac93,06/30/2025,hcris_nmrc,CMS HCRIS Hospital 2552-10 Worksheet S-3 Part II line 01100,https://downloads.cms.gov/Files/hcris/,ccn,390032,rn_contract_labor_dpc,blended,contract,86.23,,,1.0,,0.92,High,agency
185ed2f5-66fa-4613-b567-46dc1462ddf7,06/30/2025,hcris_nmrc,CMS HCRIS Hospital 2552-10 Worksheet S-3 Part II line 01100,https://downloads.cms.gov/Files/hcris/,ccn,390035,rn_contract_labor_dpc,blended,contract,108.38,,,1.0,,0.92,High,agency
c62de8ba-0c9a-46cf-948a-ca0ffa9b5dc8,06/30/2025,hcris_nmrc,CMS HCRIS Hospital 2552-10 Worksheet S-3 Part II line 01100,https://downloads.cms.gov/Files/hcris/,ccn,390036,rn_contract_labor_dpc,blended,contract,67.52,,,1.0,,0.92,High,agency
c46af7ba-9087-47bb-94bb-d6f4be88aeef,06/30/2025,hcris_nmrc,CMS HCRIS Hospital 2552-10 Worksheet S-3 Part II line 01100,https://downloads.cms.gov/Files/hcris/,ccn,390037,rn_contract_labor_dpc,blended,contract,76.64,,,1.0,,0.92,High,agency
8dbf8d67-9623-4707-b423-09f452d695c0,06/30/2025,hcris_nmrc,CMS HCRIS Hospital 2552-10 Worksheet S-3 Part II line 01100,https://downloads.cms.gov/Files/hcris/,ccn,390039,rn_contract_labor_dpc,blended,contract,91.33,,,1.0,,0.92,High,agency
0d247433-d59c-4b42-aa5f-1684005c2019,06/30/2025,hcris_nmrc,CMS HCRIS Hospital 2552-10 Worksheet S-3 Part II line 01100,https://downloads.cms.gov/Files/hcris/,ccn,050124,rn_contract_labor_dpc,blended,contract,82.23,,,1.0,,0.92,High,agency
ec53f1c3-e405-4073-8e47-3065d8417801,06/30/2025,hcris_nmrc,CMS HCRIS Hospital 2552-10 Worksheet S-3 Part II line 01100,https://downloads.cms.gov/Files/hcris/,ccn,150011,rn_contract_labor_dpc,blended,contract,89.02,,,1.0,,0.92,High,agency
75402fd7-dceb-4050-9785-bced3916dac4,06/30/2025,hcris_nmrc,CMS HCRIS Hospital 2552-10 Worksheet S-3 Part II line 01100,https://downloads.cms.gov/Files/hcris/,ccn,390056,rn_contract_labor_dpc,blended,contract,85.76,,,1.0,,0.92,High,agency
a5568233-9f09-4d74-930f-2b646aea91a6,06/30/2025,hcris_nmrc,CMS HCRIS Hospital 2552-10 Worksheet S-3 Part II line 01100,https://downloads.cms.gov/Files/hcris/,ccn,010131,rn_contract_labor_dpc,blended,contract,65.94,,,1.0,,0.92,High,agency
0fbe79e6-418b-4f37-abcb-9c5a4f90a093,06/30/2025,hcris_nmrc,CMS HCRIS Hospital 2552-10 Worksheet S-3 Part II line 01100,https://downloads.cms.gov/Files/hcris/,ccn,390068,rn_contract_labor_dpc,blended,contract,41.12,,,1.0,,0.92,High,agency
b82f8b38-07d7-4bc2-8453-295d40eb80df,06/30/2025,hcris_nmrc,CMS HCRIS Hospital 2552-10 Worksheet S-3 Part II line 01100,https://downloads.cms.gov/Files/hcris/,ccn,050678,rn_contract_labor_dpc,blended,contract,82.4,,,1.0,,0.92,High,agency
9c9ca09a-06e4-4b55-9189-bc436fefaedc,06/30/2025,hcris_nmrc,CMS HCRIS Hospital 2552-10 Worksheet S-3 Part II line 01100,https://downloads.cms.gov/Files/hcris/,ccn,150034,rn_contract_labor_dpc,blended,contract,61.88,,,1.0,,0.92,High,agency
c938e759-2df1-4b7d-a76a-34590125676d,06/30/2025,hcris_nmrc,CMS HCRIS Hospital 2552-10 Worksheet S-3 Part II line 01100,https://downloads.cms.gov/Files/hcris/,ccn,500108,rn_contract_labor_dpc,blended,contract,81.43,,,1.0,,0.92,High,agency
c58242a7-7b42-4603-b005-db3a679e2d3c,06/30/2025,hcris_nmrc,CMS HCRIS Hospital 2552-10 Worksheet S-3 Part II line 01100,https://downloads.cms.gov/Files/hcris/,ccn,390073,rn_contract_labor_dpc,blended,contract,70.4,,,1.0,,0.92,High,agency
438738d1-e952-4efe-be9e-06cb4c01e5f1,06/30/2025,hcris_nmrc,CMS HCRIS Hospital 2552-10 Worksheet S-3 Part II line 01100,https://downloads.cms.gov/Files/hcris/,ccn,050110,rn_contract_labor_dpc,blended,contract,96.36,,,1.0,,0.92,High,agency
1e6fad99-c828-4edb-bea2-ee32406d6e03,06/30/2025,hcris_nmrc,CMS HCRIS Hospital 2552-10 Worksheet S-3 Part II line 01100,https://downloads.cms.gov/Files/hcris/,ccn,231331,rn_contract_labor_dpc,blended,contract,104.73,,,1.0,,0.92,High,agency
245b9c95-d282-4f4a-b403-20fe787844e3,06/30/2025,hcris_nmrc,CMS HCRIS Hospital 2552-10 Worksheet S-3 Part II line 01100,https://downloads.cms.gov/Files/hcris/,ccn,500088,rn_contract_labor_dpc,blended,contract,92.46,,,1.0,,0.92,High,agency
9341cc4b-35eb-4e68-9993-427ac0ec4672,06/30/2025,hcris_nmrc,CMS HCRIS Hospital 2552-10 Worksheet S-3 Part II line 01100,https://downloads.cms.gov/Files/hcris/,ccn,390086,rn_contract_labor_dpc,blended,contract,92.83,,,1.0,,0.92,High,agency
0b62bb01-a967-420b-9956-502efd435ff9,06/30/2025,hcris_nmrc,CMS HCRIS Hospital 2552-10 Worksheet S-3 Part II line 01100,https://downloads.cms.gov/Files/hcris/,ccn,390090,rn_contract_labor_dpc,blended,contract,86.82,,,1.0,,0.92,High,agency
b62ef0aa-7b0d-425b-a0e0-99e7d1843af5,06/30/2025,hcris_nmrc,CMS HCRIS Hospital 2552-10 Worksheet S-3 Part II line 01100,https://downloads.cms.gov/Files/hcris/,ccn,050112,rn_contract_labor_dpc,blended,contract,81.29,,,1.0,,0.92,High,agency
a7557bfb-cdf2-43f5-92f1-74b8807f3661,06/30/2025,hcris_nmrc,CMS HCRIS Hospital 2552-10 Worksheet S-3 Part II line 01100,https://downloads.cms.gov/Files/hcris/,ccn,390050,rn_contract_labor_dpc,blended,contract,85.27,,,1.0,,0.92,High,agency
b2d42319-8825-4d9d-9c01-69bf74e6efad,06/30/2025,hcris_nmrc,CMS HCRIS Hospital 2552-10 Worksheet S-3 Part II line 01100,https://downloads.cms.gov/Files/hcris/,ccn,390067,rn_contract_labor_dpc,blended,contract,48.82,,,1.0,,0.92,High,agency
ea212330-0201-4d23-b291-ed5769b04f68,06/30/2025,hcris_nmrc,CMS HCRIS Hospital 2552-10 Worksheet S-3 Part II line 01100,https://downloads.cms.gov/Files/hcris/,ccn,440061,rn_contract_labor_dpc,blended,contract,50.82,,,1.0,,0.92,High,agency
072a857d-ebde-458b-9776-e29b46091ea9,06/30/2025,hcris_nmrc,CMS HCRIS Hospital 2552-10 Worksheet S-3 Part II line 01100,https://downloads.cms.gov/Files/hcris/,ccn,050115,rn_contract_labor_dpc,blended,contract,97.84,,,1.0,,0.92,High,agency
3afa01be-e6fe-46f9-88ff-ce12227c261b,06/30/2025,hcris_nmrc,CMS HCRIS Hospital 2552-10 Worksheet S-3 Part II line 01100,https://downloads.cms.gov/Files/hcris/,ccn,500151,rn_contract_labor_dpc,blended,contract,73.0,,,1.0,,0.92,High,agency
249a36f2-1a5b-43ed-bfb0-9c5b407d0dba,06/30/2025,hcris_nmrc,CMS HCRIS Hospital 2552-10 Worksheet S-3 Part II line 01100,https://downloads.cms.gov/Files/hcris/,ccn,150012,rn_contract_labor_dpc,blended,contract,82.58,,,1.0,,0.92,High,agency
0250b7af-ba92-4da1-be59-364801f35a3d,06/30/2025,hcris_nmrc,CMS HCRIS Hospital 2552-10 Worksheet S-3 Part II line 01100,https://downloads.cms.gov/Files/hcris/,ccn,390057,rn_contract_labor_dpc,blended,contract,96.2,,,1.0,,0.92,High,agency
9f935328-619f-4b0c-8c98-145d3ae7c8a0,06/30/2025,hcris_nmrc,CMS HCRIS Hospital 2552-10 Worksheet S-3 Part II line 01100,https://downloads.cms.gov/Files/hcris/,ccn,390058,rn_contract_labor_dpc,blended,contract,73.62,,,1.0,,0.92,High,agency
795a8912-e4c2-4421-b58b-e0757d21e43e,06/30/2025,hcris_nmrc,CMS HCRIS Hospital 2552-10 Worksheet S-3 Part II line 01100,https://downloads.cms.gov/Files/hcris/,ccn,010130,rn_contract_labor_dpc,blended,contract,71.79,,,1.0,,0.92,High,agency
a7e614ca-c923-4a8f-8254-0dd878af528e,06/30/2025,hcris_nmrc,CMS HCRIS Hospital 2552-10 Worksheet S-3 Part II line 01100,https://downloads.cms.gov/Files/hcris/,ccn,390062,rn_contract_labor_dpc,blended,contract,101.56,,,1.0,,0.92,High,agency
af7e7a12-ed19-4b83-bcd7-4482230ece78,06/30/2025,hcris_nmrc,CMS HCRIS Hospital 2552-10 Worksheet S-3 Part II line 01100,https://downloads.cms.gov/Files/hcris/,ccn,050668,rn_contract_labor_dpc,blended,contract,83.47,,,1.0,,0.92,High,agency
382fe214-8f8d-4d42-9c3d-4496a212365a,06/30/2025,hcris_nmrc,CMS HCRIS Hospital 2552-10 Worksheet S-3 Part II line 01100,https://downloads.cms.gov/Files/hcris/,ccn,050113,rn_contract_labor_dpc,blended,contract,94.67,,,1.0,,0.92,High,agency
e8667f87-ad03-45bc-943b-732caf62c9cd,06/30/2025,hcris_nmrc,CMS HCRIS Hospital 2552-10 Worksheet S-3 Part II line 01100,https://downloads.cms.gov/Files/hcris/,ccn,500141,rn_contract_labor_dpc,blended,contract,82.21,,,1.0,,0.92,High,agency
da43ddee-2b41-45e9-87fb-a86a70d3a810,06/30/2025,hcris_nmrc,CMS HCRIS Hospital 2552-10 Worksheet S-3 Part II line 01100,https://downloads.cms.gov/Files/hcris/,ccn,390063,rn_contract_labor_dpc,blended,contract,60.74,,,1.0,,0.92,High,agency
ca033a35-9868-46a3-aeff-bfea134cb427,06/30/2025,hcris_nmrc,CMS HCRIS Hospital 2552-10 Worksheet S-3 Part II line 01100,https://downloads.cms.gov/Files/hcris/,ccn,150017,rn_contract_labor_dpc,blended,contract,80.8,,,1.0,,0.92,High,agency
29cd9cbe-976d-4c04-b39a-50bbe7f5be97,06/30/2025,hcris_nmrc,CMS HCRIS Hospital 2552-10 Worksheet S-3 Part II line 01100,https://downloads.cms.gov/Files/hcris/,ccn,390065,rn_contract_labor_dpc,blended,contract,94.86,,,1.0,,0.92,High,agency
9a358ef5-5ac5-451f-ae70-9bbdfe94c0c6,06/30/2025,hcris_nmrc,CMS HCRIS Hospital 2552-10 Worksheet S-3 Part II line 01100,https://downloads.cms.gov/Files/hcris/,ccn,060130,rn_contract_labor_dpc,blended,contract,149.36,,,1.0,,0.92,High,agency
113f5133-25d9-4dba-a33a-91f911d724da,06/30/2025,hcris_nmrc,CMS HCRIS Hospital 2552-10 Worksheet S-3 Part II line 01100,https://downloads.cms.gov/Files/hcris/,ccn,390066,rn_contract_labor_dpc,blended,contract,87.45,,,1.0,,0.92,High,agency
4cfb3aca-7bb6-435f-a4d9-2b52f53165fe,06/30/2025,hcris_nmrc,CMS HCRIS Hospital 2552-10 Worksheet S-3 Part II line 01100,https://downloads.cms.gov/Files/hcris/,ccn,320030,rn_contract_labor_dpc,blended,contract,73.76,,,1.0,,0.92,High,agency
17fed66b-408d-488f-a680-94722a330727,06/30/2025,hcris_nmrc,CMS HCRIS Hospital 2552-10 Worksheet S-3 Part II line 01100,https://downloads.cms.gov/Files/hcris/,ccn,390026,rn_contract_labor_dpc,blended,contract,88.85,,,1.0,,0.92,High,agency
70a05732-3f6a-446d-addc-eda4e4008b0e,06/30/2025,hcris_nmrc,CMS HCRIS Hospital 2552-10 Worksheet S-3 Part II line 01100,https://downloads.cms.gov/Files/hcris/,ccn,231320,rn_contract_labor_dpc,blended,contract,127.21,,,1.0,,0.92,High,agency
32dcfda0-4ac7-4c5a-bdd8-c60a1e215fa0,06/30/2025,hcris_nmrc,CMS HCRIS Hospital 2552-10 Worksheet S-3 Part II line 01100,https://downloads.cms.gov/Files/hcris/,ccn,140224,rn_contract_labor_dpc,blended,contract,117.24,,,1.0,,0.92,High,agency
922d6191-f1e8-4281-a561-deeec38d6fd7,06/30/2025,hcris_nmrc,CMS HCRIS Hospital 2552-10 Worksheet S-3 Part II line 01100,https://downloads.cms.gov/Files/hcris/,ccn,330080,rn_contract_labor_dpc,blended,contract,98.81,,,1.0,,0.92,High,agency
67800d81-2da8-40f7-b95f-d71779fb1dae,06/30/2025,hcris_nmrc,CMS HCRIS Hospital 2552-10 Worksheet S-3 Part II line 01100,https://downloads.cms.gov/Files/hcris/,ccn,140228,rn_contract_labor_dpc,blended,contract,92.35,,,1.0,,0.92,High,agency
5ba0e68c-d09f-4fc7-a22b-526194e5a99b,06/30/2025,hcris_nmrc,CMS HCRIS Hospital 2552-10 Worksheet S-3 Part II line 01100,https://downloads.cms.gov/Files/hcris/,ccn,440111,rn_contract_labor_dpc,blended,contract,79.57,,,1.0,,0.92,High,agency
cbe41fe0-7ca1-477f-9916-8f37746f8768,06/30/2025,hcris_nmrc,CMS HCRIS Hospital 2552-10 Worksheet S-3 Part II line 01100,https://downloads.cms.gov/Files/hcris/,ccn,140239,rn_contract_labor_dpc,blended,contract,102.25,,,1.0,,0.92,High,agency
3b5a249b-47f4-482a-a021-a4bb38affbce,06/30/2025,hcris_nmrc,CMS HCRIS Hospital 2552-10 Worksheet S-3 Part II line 01100,https://downloads.cms.gov/Files/hcris/,ccn,060133,rn_contract_labor_dpc,blended,contract,88.79,,,1.0,,0.92,High,agency
9154e8fa-3400-4f50-b1e0-3353987da4e1,06/30/2025,hcris_nmrc,CMS HCRIS Hospital 2552-10 Worksheet S-3 Part II line 01100,https://downloads.cms.gov/Files/hcris/,ccn,330057,rn_contract_labor_dpc,blended,contract,69.3,,,1.0,,0.92,High,agency
50830197-e40d-4d2d-9b06-359f00acc25a,06/30/2025,hcris_nmrc,CMS HCRIS Hospital 2552-10 Worksheet S-3 Part II line 01100,https://downloads.cms.gov/Files/hcris/,ccn,440109,rn_contract_labor_dpc,blended,contract,195.19,,,1.0,,0.92,High,agency
1d0fa2e1-fce0-44d9-9dde-b1dfa3c4d559,06/30/2025,hcris_nmrc,CMS HCRIS Hospital 2552-10 Worksheet S-3 Part II line 01100,https://downloads.cms.gov/Files/hcris/,ccn,100039,rn_contract_labor_dpc,blended,contract,84.35,,,1.0,,0.92,High,agency
66ecfaf4-cf3a-4bb9-a0bd-5bc482b9164b,06/30/2025,hcris_nmrc,CMS HCRIS Hospital 2552-10 Worksheet S-3 Part II line 01100,https://downloads.cms.gov/Files/hcris/,ccn,050599,rn_contract_labor_dpc,blended,contract,124.17,,,1.0,,0.92,High,agency
cbec5fce-2bc2-440d-8ccb-70f12554faf4,06/30/2025,hcris_nmrc,CMS HCRIS Hospital 2552-10 Worksheet S-3 Part II line 01100,https://downloads.cms.gov/Files/hcris/,ccn,050129,rn_contract_labor_dpc,blended,contract,122.03,,,1.0,,0.92,High,agency
1c0677a7-8dad-4580-b1e9-4cedb5b5f987,06/30/2025,hcris_nmrc,CMS HCRIS Hospital 2552-10 Worksheet S-3 Part II line 01100,https://downloads.cms.gov/Files/hcris/,ccn,140258,rn_contract_labor_dpc,blended,contract,71.08,,,1.0,,0.92,High,agency
1bc7af9c-cc36-4eb5-8b03-35e068034cef,06/30/2025,hcris_nmrc,CMS HCRIS Hospital 2552-10 Worksheet S-3 Part II line 01100,https://downloads.cms.gov/Files/hcris/,ccn,380052,rn_contract_labor_dpc,blended,contract,68.98,,,1.0,,0.92,High,agency
8a1693b7-bb22-4f70-97de-e0a99ddf2204,06/30/2025,hcris_nmrc,CMS HCRIS Hospital 2552-10 Worksheet S-3 Part II line 01100,https://downloads.cms.gov/Files/hcris/,ccn,140275,rn_contract_labor_dpc,blended,contract,83.95,,,1.0,,0.92,High,agency
7695eb9e-2ac5-4c17-8fad-0a5b017ec3d9,06/30/2025,hcris_nmrc,CMS HCRIS Hospital 2552-10 Worksheet S-3 Part II line 01100,https://downloads.cms.gov/Files/hcris/,ccn,050132,rn_contract_labor_dpc,blended,contract,40.36,,,1.0,,0.92,High,agency
c40e27d9-e3c8-475b-a799-b7484a11f3ef,06/30/2025,hcris_nmrc,CMS HCRIS Hospital 2552-10 Worksheet S-3 Part II line 01100,https://downloads.cms.gov/Files/hcris/,ccn,520002,rn_contract_labor_dpc,blended,contract,65.61,,,1.0,,0.92,High,agency
b0dfcae8-8ffc-4445-b9a6-e7c2cba195e5,06/30/2025,hcris_nmrc,CMS HCRIS Hospital 2552-10 Worksheet S-3 Part II line 01100,https://downloads.cms.gov/Files/hcris/,ccn,140191,rn_contract_labor_dpc,blended,contract,62.7,,,1.0,,0.92,High,agency
3ad6d16a-f0f6-4296-bfaa-05f060e58bd9,06/30/2025,hcris_nmrc,CMS HCRIS Hospital 2552-10 Worksheet S-3 Part II line 01100,https://downloads.cms.gov/Files/hcris/,ccn,140197,rn_contract_labor_dpc,blended,contract,96.96,,,1.0,,0.92,High,agency
66e680c7-80bc-4097-9608-626e775413a9,06/30/2025,hcris_nmrc,CMS HCRIS Hospital 2552-10 Worksheet S-3 Part II line 01100,https://downloads.cms.gov/Files/hcris/,ccn,050581,rn_contract_labor_dpc,blended,contract,113.7,,,1.0,,0.92,High,agency
6739652e-abdf-4585-b1c1-39a62bf2c383,06/30/2025,hcris_nmrc,CMS HCRIS Hospital 2552-10 Worksheet S-3 Part II line 01100,https://downloads.cms.gov/Files/hcris/,ccn,230270,rn_contract_labor_dpc,blended,contract,75.13,,,1.0,,0.92,High,agency
5c2fd91f-7ad0-4d8f-9a69-6d1c56234e56,06/30/2025,hcris_nmrc,CMS HCRIS Hospital 2552-10 Worksheet S-3 Part II line 01100,https://downloads.cms.gov/Files/hcris/,ccn,440144,rn_contract_labor_dpc,blended,contract,83.94,,,1.0,,0.92,High,agency
405d8e04-ad69-4b3f-b308-3e4993f358ac,06/30/2025,hcris_nmrc,CMS HCRIS Hospital 2552-10 Worksheet S-3 Part II line 01100,https://downloads.cms.gov/Files/hcris/,ccn,010104,rn_contract_labor_dpc,blended,contract,67.64,,,1.0,,0.92,High,agency
cdeca151-39d8-4816-82dc-e0b0623d0a2f,06/30/2025,hcris_nmrc,CMS HCRIS Hospital 2552-10 Worksheet S-3 Part II line 01100,https://downloads.cms.gov/Files/hcris/,ccn,040026,rn_contract_labor_dpc,blended,contract,298.25,,,1.0,,0.92,High,agency
48c18183-d6e2-4e1b-93c9-db699b38a039,06/30/2025,hcris_nmrc,CMS HCRIS Hospital 2552-10 Worksheet S-3 Part II line 01100,https://downloads.cms.gov/Files/hcris/,ccn,330096,rn_contract_labor_dpc,blended,contract,101.5,,,1.0,,0.92,High,agency
5cd67cde-2321-4567-860d-c1b9b54d07c8,06/30/2025,hcris_nmrc,CMS HCRIS Hospital 2552-10 Worksheet S-3 Part II line 01100,https://downloads.cms.gov/Files/hcris/,ccn,520009,rn_contract_labor_dpc,blended,contract,82.89,,,1.0,,0.92,High,agency
eb87c683-6236-40cb-9d58-ea210326fc88,06/30/2025,hcris_nmrc,CMS HCRIS Hospital 2552-10 Worksheet S-3 Part II line 01100,https://downloads.cms.gov/Files/hcris/,ccn,230279,rn_contract_labor_dpc,blended,contract,76.72,,,1.0,,0.92,High,agency
ca2ea603-5f7d-4e57-864a-6f4f2dd632bd,06/30/2025,hcris_nmrc,CMS HCRIS Hospital 2552-10 Worksheet S-3 Part II line 01100,https://downloads.cms.gov/Files/hcris/,ccn,010108,rn_contract_labor_dpc,blended,contract,32.12,,,1.0,,0.92,High,agency
75d4aae3-7ead-461f-a89e-41b8ec2d3d9f,06/30/2025,hcris_nmrc,CMS HCRIS Hospital 2552-10 Worksheet S-3 Part II line 01100,https://downloads.cms.gov/Files/hcris/,ccn,380051,rn_contract_labor_dpc,blended,contract,65.09,,,1.0,,0.92,High,agency
cef72f28-8768-4fc1-9ba0-21fd4f4e61aa,06/30/2025,hcris_nmrc,CMS HCRIS Hospital 2552-10 Worksheet S-3 Part II line 01100,https://downloads.cms.gov/Files/hcris/,ccn,380090,rn_contract_labor_dpc,blended,contract,97.21,,,1.0,,0.92,High,agency
8561f1f0-700f-4495-ab5e-f1d019f004a8,06/30/2025,hcris_nmrc,CMS HCRIS Hospital 2552-10 Worksheet S-3 Part II line 01100,https://downloads.cms.gov/Files/hcris/,ccn,440104,rn_contract_labor_dpc,blended,contract,49.18,,,1.0,,0.92,High,agency
88e59fa8-e7a9-4142-9592-6eb2b2bfc974,06/30/2025,hcris_nmrc,CMS HCRIS Hospital 2552-10 Worksheet S-3 Part II line 01100,https://downloads.cms.gov/Files/hcris/,ccn,390004,rn_contract_labor_dpc,blended,contract,86.36,,,1.0,,0.92,High,agency
096e2dbb-c327-4035-9357-f65515b8a3c7,06/30/2025,hcris_nmrc,CMS HCRIS Hospital 2552-10 Worksheet S-3 Part II line 01100,https://downloads.cms.gov/Files/hcris/,ccn,440082,rn_contract_labor_dpc,blended,contract,56.43,,,1.0,,0.92,High,agency
918275c5-126c-49cb-b6f4-50eb01316e2c,06/30/2025,hcris_nmrc,CMS HCRIS Hospital 2552-10 Worksheet S-3 Part II line 01100,https://downloads.cms.gov/Files/hcris/,ccn,040039,rn_contract_labor_dpc,blended,contract,60.92,,,1.0,,0.92,High,agency
33f45320-dd8a-4bb3-aad6-e18e3613facb,06/30/2025,hcris_nmrc,CMS HCRIS Hospital 2552-10 Worksheet S-3 Part II line 01100,https://downloads.cms.gov/Files/hcris/,ccn,390006,rn_contract_labor_dpc,blended,contract,69.13,,,1.0,,0.92,High,agency
907ddf2b-38ab-4e6d-abf4-aa4a84b21f4a,06/30/2025,hcris_nmrc,CMS HCRIS Hospital 2552-10 Worksheet S-3 Part II line 01100,https://downloads.cms.gov/Files/hcris/,ccn,450670,rn_contract_labor_dpc,blended,contract,35.89,,,1.0,,0.92,High,agency
d21924bc-4316-4e52-a892-b43072526f6b,06/30/2025,hcris_nmrc,CMS HCRIS Hospital 2552-10 Worksheet S-3 Part II line 01100,https://downloads.cms.gov/Files/hcris/,ccn,510046,rn_contract_labor_dpc,blended,contract,90.61,,,1.0,,0.92,High,agency
097fe5b9-ed54-4579-9436-90cf62a73c89,06/30/2025,hcris_nmrc,CMS HCRIS Hospital 2552-10 Worksheet S-3 Part II line 01100,https://downloads.cms.gov/Files/hcris/,ccn,390009,rn_contract_labor_dpc,blended,contract,377.79,,,1.0,,0.92,High,agency
a42c8657-49e8-47a5-848a-7531d5c6733f,06/30/2025,hcris_nmrc,CMS HCRIS Hospital 2552-10 Worksheet S-3 Part II line 01100,https://downloads.cms.gov/Files/hcris/,ccn,060131,rn_contract_labor_dpc,blended,contract,79.13,,,1.0,,0.92,High,agency
14b5841e-f5bc-4bfd-9ba7-74ee49de37d1,06/30/2025,hcris_nmrc,CMS HCRIS Hospital 2552-10 Worksheet S-3 Part II line 01100,https://downloads.cms.gov/Files/hcris/,ccn,140308,rn_contract_labor_dpc,blended,contract,84.11,,,1.0,,0.92,High,agency
3d174d6c-3391-457f-b621-554f2b58f21d,06/30/2025,hcris_nmrc,CMS HCRIS Hospital 2552-10 Worksheet S-3 Part II line 01100,https://downloads.cms.gov/Files/hcris/,ccn,390012,rn_contract_labor_dpc,blended,contract,99.35,,,1.0,,0.92,High,agency
7b72eeaf-b083-4c07-ae34-7917eaf2bacd,06/30/2025,hcris_nmrc,CMS HCRIS Hospital 2552-10 Worksheet S-3 Part II line 01100,https://downloads.cms.gov/Files/hcris/,ccn,390013,rn_contract_labor_dpc,blended,contract,86.36,,,1.0,,0.92,High,agency
4d27a7f0-54da-473b-822b-9f3d03ca4cdb,06/30/2025,hcris_nmrc,CMS HCRIS Hospital 2552-10 Worksheet S-3 Part II line 01100,https://downloads.cms.gov/Files/hcris/,ccn,390016,rn_contract_labor_dpc,blended,contract,59.45,,,1.0,,0.92,High,agency
0532e9e7-cec9-4f70-99ef-65a3145f57de,06/30/2025,hcris_nmrc,CMS HCRIS Hospital 2552-10 Worksheet S-3 Part II line 01100,https://downloads.cms.gov/Files/hcris/,ccn,010118,rn_contract_labor_dpc,blended,contract,88.09,,,1.0,,0.92,High,agency
ae671101-6ec9-4022-af72-5b7bcbcc55f4,06/30/2025,hcris_nmrc,CMS HCRIS Hospital 2552-10 Worksheet S-3 Part II line 01100,https://downloads.cms.gov/Files/hcris/,ccn,440084,rn_contract_labor_dpc,blended,contract,84.03,,,1.0,,0.92,High,agency
1ecd9615-9480-4a79-8f7c-913d22ee75e1,06/30/2025,hcris_nmrc,CMS HCRIS Hospital 2552-10 Worksheet S-3 Part II line 01100,https://downloads.cms.gov/Files/hcris/,ccn,390003,rn_contract_labor_dpc,blended,contract,77.45,,,1.0,,0.92,High,agency
ba044e2d-7cbb-4792-87a3-dab71f6c867b,06/30/2025,hcris_nmrc,CMS HCRIS Hospital 2552-10 Worksheet S-3 Part II line 01100,https://downloads.cms.gov/Files/hcris/,ccn,100276,rn_contract_labor_dpc,blended,contract,86.33,,,1.0,,0.92,High,agency
365accc8-a89a-43de-b80c-bddcc7428557,06/30/2025,hcris_nmrc,CMS HCRIS Hospital 2552-10 Worksheet S-3 Part II line 01100,https://downloads.cms.gov/Files/hcris/,ccn,510086,rn_contract_labor_dpc,blended,contract,74.19,,,1.0,,0.92,High,agency
2d10f477-db9b-4da7-819b-32bba54f059a,06/30/2025,hcris_nmrc,CMS HCRIS Hospital 2552-10 Worksheet S-3 Part II line 01100,https://downloads.cms.gov/Files/hcris/,ccn,440102,rn_contract_labor_dpc,blended,contract,38.85,,,1.0,,0.92,High,agency
447c653a-360d-4873-8a4f-d441385e000e,06/30/2025,hcris_nmrc,CMS HCRIS Hospital 2552-10 Worksheet S-3 Part II line 01100,https://downloads.cms.gov/Files/hcris/,ccn,140276,rn_contract_labor_dpc,blended,contract,94.15,,,1.0,,0.92,High,agency
8adfb5af-b83e-4515-bb0c-ea263a8c15ed,06/30/2025,hcris_nmrc,CMS HCRIS Hospital 2552-10 Worksheet S-3 Part II line 01100,https://downloads.cms.gov/Files/hcris/,ccn,050603,rn_contract_labor_dpc,blended,contract,86.69,,,1.0,,0.92,High,agency
bd260fa0-1f85-4427-82a3-beda6b7d9693,06/30/2025,hcris_nmrc,CMS HCRIS Hospital 2552-10 Worksheet S-3 Part II line 01100,https://downloads.cms.gov/Files/hcris/,ccn,380102,rn_contract_labor_dpc,blended,contract,101.06,,,1.0,,0.92,High,agency
123d4cca-d669-4237-9adb-3178a4600e2b,06/30/2025,hcris_nmrc,CMS HCRIS Hospital 2552-10 Worksheet S-3 Part II line 01100,https://downloads.cms.gov/Files/hcris/,ccn,060132,rn_contract_labor_dpc,blended,contract,88.35,,,1.0,,0.92,High,agency
7b8c9df4-fbe5-4ed1-b480-ae7fa982da4b,06/30/2025,hcris_nmrc,CMS HCRIS Hospital 2552-10 Worksheet S-3 Part II line 01100,https://downloads.cms.gov/Files/hcris/,ccn,320005,rn_contract_labor_dpc,blended,contract,77.9,,,1.0,,0.92,High,agency
410f617e-62b6-4d47-a34f-0b31b23ec52b,06/30/2025,hcris_nmrc,CMS HCRIS Hospital 2552-10 Worksheet S-3 Part II line 01100,https://downloads.cms.gov/Files/hcris/,ccn,440091,rn_contract_labor_dpc,blended,contract,101.14,,,1.0,,0.92,High,agency
9473bde6-1855-4728-8213-41c79d182d86,06/30/2025,hcris_nmrc,CMS HCRIS Hospital 2552-10 Worksheet S-3 Part II line 01100,https://downloads.cms.gov/Files/hcris/,ccn,050128,rn_contract_labor_dpc,blended,contract,107.39,,,1.0,,0.92,High,agency
44bec311-bf99-45ca-852a-d01b054aa0b1,06/30/2025,hcris_nmrc,CMS HCRIS Hospital 2552-10 Worksheet S-3 Part II line 01100,https://downloads.cms.gov/Files/hcris/,ccn,390001,rn_contract_labor_dpc,blended,contract,77.4,,,1.0,,0.92,High,agency
114681b5-60a6-4891-815f-9d9f0eaadfde,06/30/2025,hcris_nmrc,CMS HCRIS Hospital 2552-10 Worksheet S-3 Part II line 01100,https://downloads.cms.gov/Files/hcris/,ccn,100040,rn_contract_labor_dpc,blended,contract,71.07,,,1.0,,0.92,High,agency
19ebf586-13e2-4222-a39e-c40e0b98d1e3,06/30/2025,hcris_nmrc,CMS HCRIS Hospital 2552-10 Worksheet S-3 Part II line 01100,https://downloads.cms.gov/Files/hcris/,ccn,140290,rn_contract_labor_dpc,blended,contract,68.01,,,1.0,,0.92,High,agency
920cfe13-6528-4595-91a8-f72540c0ffaf,06/30/2025,hcris_nmrc,CMS HCRIS Hospital 2552-10 Worksheet S-3 Part II line 01100,https://downloads.cms.gov/Files/hcris/,ccn,390002,rn_contract_labor_dpc,blended,contract,49.92,,,1.0,,0.92,High,agency
a75ff49d-bce7-42db-a645-b57bfe1eef99,06/30/2025,hcris_nmrc,CMS HCRIS Hospital 2552-10 Worksheet S-3 Part II line 01100,https://downloads.cms.gov/Files/hcris/,ccn,510062,rn_contract_labor_dpc,blended,contract,68.25,,,1.0,,0.92,High,agency
364dd0f8-1828-4178-aaed-5f95ab6b31db,06/30/2025,hcris_nmrc,CMS HCRIS Hospital 2552-10 Worksheet S-3 Part II line 01100,https://downloads.cms.gov/Files/hcris/,ccn,440059,rn_contract_labor_dpc,blended,contract,89.78,,,1.0,,0.92,High,agency
3cba4fcd-971d-467d-8d02-d65d40e5bc4c,06/30/2025,hcris_nmrc,CMS HCRIS Hospital 2552-10 Worksheet S-3 Part II line 01100,https://downloads.cms.gov/Files/hcris/,ccn,450196,rn_contract_labor_dpc,blended,contract,68.03,,,1.0,,0.92,High,agency
c15cf33f-85f3-4c69-9c95-c99a12d990a0,06/30/2025,hcris_nmrc,CMS HCRIS Hospital 2552-10 Worksheet S-3 Part II line 01100,https://downloads.cms.gov/Files/hcris/,ccn,390091,rn_contract_labor_dpc,blended,contract,64.45,,,1.0,,0.92,High,agency
2f6c3331-8877-474d-ba71-71f91b891563,06/30/2025,hcris_nmrc,CMS HCRIS Hospital 2552-10 Worksheet S-3 Part II line 01100,https://downloads.cms.gov/Files/hcris/,ccn,390147,rn_contract_labor_dpc,blended,contract,90.29,,,1.0,,0.92,High,agency
c64c7fdc-59b3-4cb1-8003-2785d47ddb6f,06/30/2025,hcris_nmrc,CMS HCRIS Hospital 2552-10 Worksheet S-3 Part II line 01100,https://downloads.cms.gov/Files/hcris/,ccn,450723,rn_contract_labor_dpc,blended,contract,81.92,,,1.0,,0.92,High,agency
7c6e92c6-db57-4993-9f80-f4e0b745d1a1,06/30/2025,hcris_nmrc,CMS HCRIS Hospital 2552-10 Worksheet S-3 Part II line 01100,https://downloads.cms.gov/Files/hcris/,ccn,390146,rn_contract_labor_dpc,blended,contract,75.72,,,1.0,,0.92,High,agency
3d1c5121-50c4-40c1-b2d3-8c733ecc7c1d,06/30/2025,hcris_nmrc,CMS HCRIS Hospital 2552-10 Worksheet S-3 Part II line 01100,https://downloads.cms.gov/Files/hcris/,ccn,310119,rn_contract_labor_dpc,blended,contract,116.38,,,1.0,,0.92,High,agency
96964956-f17c-4fe8-9ea3-caddfe577c23,06/30/2025,hcris_nmrc,CMS HCRIS Hospital 2552-10 Worksheet S-3 Part II line 01100,https://downloads.cms.gov/Files/hcris/,ccn,390145,rn_contract_labor_dpc,blended,contract,83.57,,,1.0,,0.92,High,agency
01153430-620a-4ffc-b61d-2ff5a69afab8,06/30/2025,hcris_nmrc,CMS HCRIS Hospital 2552-10 Worksheet S-3 Part II line 01100,https://downloads.cms.gov/Files/hcris/,ccn,390142,rn_contract_labor_dpc,blended,contract,88.51,,,1.0,,0.92,High,agency
1859fd9d-9ac7-4c7b-956e-70e368d95496,06/30/2025,hcris_nmrc,CMS HCRIS Hospital 2552-10 Worksheet S-3 Part II line 01100,https://downloads.cms.gov/Files/hcris/,ccn,050093,rn_contract_labor_dpc,blended,contract,99.04,,,1.0,,0.92,High,agency
353d4d3c-0511-497a-90c4-4342b9bcdb31,06/30/2025,hcris_nmrc,CMS HCRIS Hospital 2552-10 Worksheet S-3 Part II line 01100,https://downloads.cms.gov/Files/hcris/,ccn,310130,rn_contract_labor_dpc,blended,contract,68.74,,,1.0,,0.92,High,agency
237a0559-6b4d-4c64-8ab6-10ccd38125be,06/30/2025,hcris_nmrc,CMS HCRIS Hospital 2552-10 Worksheet S-3 Part II line 01100,https://downloads.cms.gov/Files/hcris/,ccn,050082,rn_contract_labor_dpc,blended,contract,110.3,,,1.0,,0.92,High,agency
712f9941-567f-48f8-889a-38583d9b4f96,06/30/2025,hcris_nmrc,CMS HCRIS Hospital 2552-10 Worksheet S-3 Part II line 01100,https://downloads.cms.gov/Files/hcris/,ccn,390139,rn_contract_labor_dpc,blended,contract,86.14,,,1.0,,0.92,High,agency
0f52daa0-64c8-4f1f-966f-f9c3578d5954,06/30/2025,hcris_nmrc,CMS HCRIS Hospital 2552-10 Worksheet S-3 Part II line 01100,https://downloads.cms.gov/Files/hcris/,ccn,060124,rn_contract_labor_dpc,blended,contract,102.54,,,1.0,,0.92,High,agency
a7c50890-ab63-43f0-a6db-67eaa32057c6,06/30/2025,hcris_nmrc,CMS HCRIS Hospital 2552-10 Worksheet S-3 Part II line 01100,https://downloads.cms.gov/Files/hcris/,ccn,390179,rn_contract_labor_dpc,blended,contract,95.13,,,1.0,,0.92,High,agency
70d0e222-eb30-43a1-bd7b-0abbe8a82449,06/30/2025,hcris_nmrc,CMS HCRIS Hospital 2552-10 Worksheet S-3 Part II line 01100,https://downloads.cms.gov/Files/hcris/,ccn,150100,rn_contract_labor_dpc,blended,contract,63.43,,,1.0,,0.92,High,agency
4d82a670-799e-4e51-9858-52422825866b,06/30/2025,hcris_nmrc,CMS HCRIS Hospital 2552-10 Worksheet S-3 Part II line 01100,https://downloads.cms.gov/Files/hcris/,ccn,390138,rn_contract_labor_dpc,blended,contract,91.91,,,1.0,,0.92,High,agency
5fc6d130-b4bb-4c66-b68d-056d5f48f534,06/30/2025,hcris_nmrc,CMS HCRIS Hospital 2552-10 Worksheet S-3 Part II line 01100,https://downloads.cms.gov/Files/hcris/,ccn,390137,rn_contract_labor_dpc,blended,contract,84.46,,,1.0,,0.92,High,agency
51ed13df-b731-4c7a-992c-73e5e945a192,06/30/2025,hcris_nmrc,CMS HCRIS Hospital 2552-10 Worksheet S-3 Part II line 01100,https://downloads.cms.gov/Files/hcris/,ccn,390183,rn_contract_labor_dpc,blended,contract,74.11,,,1.0,,0.92,High,agency
facfa77c-5201-4952-a4aa-3241895572e1,06/30/2025,hcris_nmrc,CMS HCRIS Hospital 2552-10 Worksheet S-3 Part II line 01100,https://downloads.cms.gov/Files/hcris/,ccn,390133,rn_contract_labor_dpc,blended,contract,90.28,,,1.0,,0.92,High,agency
6871b511-e605-4746-b501-21aab189eb3d,06/30/2025,hcris_nmrc,CMS HCRIS Hospital 2552-10 Worksheet S-3 Part II line 01100,https://downloads.cms.gov/Files/hcris/,ccn,390127,rn_contract_labor_dpc,blended,contract,87.18,,,1.0,,0.92,High,agency
e8fe90ac-96b9-4a00-a2df-0a0d064f7f08,06/30/2025,hcris_nmrc,CMS HCRIS Hospital 2552-10 Worksheet S-3 Part II line 01100,https://downloads.cms.gov/Files/hcris/,ccn,440050,rn_contract_labor_dpc,blended,contract,75.36,,,1.0,,0.92,High,agency
cd32e5f5-0e17-4c01-9fb0-20ab37021743,06/30/2025,hcris_nmrc,CMS HCRIS Hospital 2552-10 Worksheet S-3 Part II line 01100,https://downloads.cms.gov/Files/hcris/,ccn,150088,rn_contract_labor_dpc,blended,contract,59.48,,,1.0,,0.92,High,agency
dbcab74a-34e3-40ff-9b0e-ba2cc32eccd3,06/30/2025,hcris_nmrc,CMS HCRIS Hospital 2552-10 Worksheet S-3 Part II line 01100,https://downloads.cms.gov/Files/hcris/,ccn,390125,rn_contract_labor_dpc,blended,contract,92.99,,,1.0,,0.92,High,agency
3a6890cb-3a79-4b51-8b26-c0e2f1a5ff45,06/30/2025,hcris_nmrc,CMS HCRIS Hospital 2552-10 Worksheet S-3 Part II line 01100,https://downloads.cms.gov/Files/hcris/,ccn,440031,rn_contract_labor_dpc,blended,contract,45.75,,,1.0,,0.92,High,agency
f1a19a40-b33b-480b-b444-1d1018d9b52c,06/30/2025,hcris_nmrc,CMS HCRIS Hospital 2552-10 Worksheet S-3 Part II line 01100,https://downloads.cms.gov/Files/hcris/,ccn,390123,rn_contract_labor_dpc,blended,contract,103.1,,,1.0,,0.92,High,agency
0de1e846-aa31-4fd9-9935-903cf6182f71,06/30/2025,hcris_nmrc,CMS HCRIS Hospital 2552-10 Worksheet S-3 Part II line 01100,https://downloads.cms.gov/Files/hcris/,ccn,150084,rn_contract_labor_dpc,blended,contract,70.69,,,1.0,,0.92,High,agency
f0b1ee44-0ba4-4f13-aaff-9ecddd5a2a90,06/30/2025,hcris_nmrc,CMS HCRIS Hospital 2552-10 Worksheet S-3 Part II line 01100,https://downloads.cms.gov/Files/hcris/,ccn,190317,rn_contract_labor_dpc,blended,contract,46.57,,,1.0,,0.92,High,agency
9fb637a8-410d-409c-ab64-1cfa347539b6,06/30/2025,hcris_nmrc,CMS HCRIS Hospital 2552-10 Worksheet S-3 Part II line 01100,https://downloads.cms.gov/Files/hcris/,ccn,060128,rn_contract_labor_dpc,blended,contract,95.91,,,1.0,,0.92,High,agency
37018b93-e1f3-4cc8-9198-5228b43d529b,06/30/2025,hcris_nmrc,CMS HCRIS Hospital 2552-10 Worksheet S-3 Part II line 01100,https://downloads.cms.gov/Files/hcris/,ccn,232029,rn_contract_labor_dpc,blended,contract,70.35,,,1.0,,0.92,High,agency
b9de2869-9773-4e92-9a72-bac1157a0788,06/30/2025,hcris_nmrc,CMS HCRIS Hospital 2552-10 Worksheet S-3 Part II line 01100,https://downloads.cms.gov/Files/hcris/,ccn,390178,rn_contract_labor_dpc,blended,contract,52.46,,,1.0,,0.92,High,agency
81d16626-6c9f-43a5-adc2-9f574eb65569,06/30/2025,hcris_nmrc,CMS HCRIS Hospital 2552-10 Worksheet S-3 Part II line 01100,https://downloads.cms.gov/Files/hcris/,ccn,050084,rn_contract_labor_dpc,blended,contract,110.68,,,1.0,,0.92,High,agency
84dce47e-3789-4699-a273-8cf92a0129f1,06/30/2025,hcris_nmrc,CMS HCRIS Hospital 2552-10 Worksheet S-3 Part II line 01100,https://downloads.cms.gov/Files/hcris/,ccn,500005,rn_contract_labor_dpc,blended,contract,81.97,,,1.0,,0.92,High,agency
ec42d79f-5612-49c8-9744-50b7df7e29fb,06/30/2025,hcris_nmrc,CMS HCRIS Hospital 2552-10 Worksheet S-3 Part II line 01100,https://downloads.cms.gov/Files/hcris/,ccn,050717,rn_contract_labor_dpc,blended,contract,61.92,,,1.0,,0.92,High,agency
66bd8bb5-55af-4664-9309-ccf50d74d48a,06/30/2025,hcris_nmrc,CMS HCRIS Hospital 2552-10 Worksheet S-3 Part II line 01100,https://downloads.cms.gov/Files/hcris/,ccn,390168,rn_contract_labor_dpc,blended,contract,75.52,,,1.0,,0.92,High,agency
c8cffb63-59ad-465d-8fff-49096d7c51a5,06/30/2025,hcris_nmrc,CMS HCRIS Hospital 2552-10 Worksheet S-3 Part II line 01100,https://downloads.cms.gov/Files/hcris/,ccn,150157,rn_contract_labor_dpc,blended,contract,60.37,,,1.0,,0.92,High,agency
91a99ff0-2214-4c37-b474-3434f325393e,06/30/2025,hcris_nmrc,CMS HCRIS Hospital 2552-10 Worksheet S-3 Part II line 01100,https://downloads.cms.gov/Files/hcris/,ccn,150153,rn_contract_labor_dpc,blended,contract,75.1,,,1.0,,0.92,High,agency
60fb27a0-2b05-47b3-b866-b731e09aae4e,06/30/2025,hcris_nmrc,CMS HCRIS Hospital 2552-10 Worksheet S-3 Part II line 01100,https://downloads.cms.gov/Files/hcris/,ccn,390164,rn_contract_labor_dpc,blended,contract,52.65,,,1.0,,0.92,High,agency
fe8af658-912e-4f75-96f5-67eadac6df8e,06/30/2025,hcris_nmrc,CMS HCRIS Hospital 2552-10 Worksheet S-3 Part II line 01100,https://downloads.cms.gov/Files/hcris/,ccn,500008,rn_contract_labor_dpc,blended,contract,67.68,,,1.0,,0.92,High,agency
05f46963-1cac-46f0-b009-d0a10984e2d2,06/30/2025,hcris_nmrc,CMS HCRIS Hospital 2552-10 Worksheet S-3 Part II line 01100,https://downloads.cms.gov/Files/hcris/,ccn,310086,rn_contract_labor_dpc,blended,contract,93.33,,,1.0,,0.92,High,agency
ff9481e2-5f30-4500-a44b-94503deeabd6,06/30/2025,hcris_nmrc,CMS HCRIS Hospital 2552-10 Worksheet S-3 Part II line 01100,https://downloads.cms.gov/Files/hcris/,ccn,390163,rn_contract_labor_dpc,blended,contract,99.57,,,1.0,,0.92,High,agency
9a3e3f2e-05fb-4349-8bde-a61186c1136f,06/30/2025,hcris_nmrc,CMS HCRIS Hospital 2552-10 Worksheet S-3 Part II line 01100,https://downloads.cms.gov/Files/hcris/,ccn,390150,rn_contract_labor_dpc,blended,contract,102.67,,,1.0,,0.92,High,agency
4c4d2804-6d0f-44f5-a263-4be452707b65,06/30/2025,hcris_nmrc,CMS HCRIS Hospital 2552-10 Worksheet S-3 Part II line 01100,https://downloads.cms.gov/Files/hcris/,ccn,500011,rn_contract_labor_dpc,blended,contract,99.12,,,1.0,,0.92,High,agency
d7df9f82-d886-466b-beb1-d16e977d702a,06/30/2025,hcris_nmrc,CMS HCRIS Hospital 2552-10 Worksheet S-3 Part II line 01100,https://downloads.cms.gov/Files/hcris/,ccn,440039,rn_contract_labor_dpc,blended,contract,80.1,,,1.0,,0.92,High,agency
bc6b4096-f1f1-4916-8032-0c9b2ece7eb6,06/30/2025,hcris_nmrc,CMS HCRIS Hospital 2552-10 Worksheet S-3 Part II line 01100,https://downloads.cms.gov/Files/hcris/,ccn,390160,rn_contract_labor_dpc,blended,contract,100.32,,,1.0,,0.92,High,agency
a944beae-eed8-4839-933b-d870190c154a,06/30/2025,hcris_nmrc,CMS HCRIS Hospital 2552-10 Worksheet S-3 Part II line 01100,https://downloads.cms.gov/Files/hcris/,ccn,040062,rn_contract_labor_dpc,blended,contract,175.0,,,1.0,,0.92,High,agency
232d47a7-18a8-4e3f-9fcf-39f132ddd90a,06/30/2025,hcris_nmrc,CMS HCRIS Hospital 2552-10 Worksheet S-3 Part II line 01100,https://downloads.cms.gov/Files/hcris/,ccn,390173,rn_contract_labor_dpc,blended,contract,114.6,,,1.0,,0.92,High,agency
e5049106-6ba6-445b-aa11-5a977e1e1014,06/30/2025,hcris_nmrc,CMS HCRIS Hospital 2552-10 Worksheet S-3 Part II line 01100,https://downloads.cms.gov/Files/hcris/,ccn,390156,rn_contract_labor_dpc,blended,contract,44.8,,,1.0,,0.92,High,agency
cb7861d3-bd03-4ce1-b08d-8e7eece59e66,06/30/2025,hcris_nmrc,CMS HCRIS Hospital 2552-10 Worksheet S-3 Part II line 01100,https://downloads.cms.gov/Files/hcris/,ccn,050090,rn_contract_labor_dpc,blended,contract,103.14,,,1.0,,0.92,High,agency
66dc42c5-de80-467d-8e21-ea71f93f1600,06/30/2025,hcris_nmrc,CMS HCRIS Hospital 2552-10 Worksheet S-3 Part II line 01100,https://downloads.cms.gov/Files/hcris/,ccn,390153,rn_contract_labor_dpc,blended,contract,76.96,,,1.0,,0.92,High,agency
919a137d-2927-496c-99cf-c911fda5064c,06/30/2025,hcris_nmrc,CMS HCRIS Hospital 2552-10 Worksheet S-3 Part II line 01100,https://downloads.cms.gov/Files/hcris/,ccn,150125,rn_contract_labor_dpc,blended,contract,94.84,,,1.0,,0.92,High,agency
7f94bef3-b71b-4da3-8db3-83a7b9da4665,06/30/2025,hcris_nmrc,CMS HCRIS Hospital 2552-10 Worksheet S-3 Part II line 01100,https://downloads.cms.gov/Files/hcris/,ccn,500021,rn_contract_labor_dpc,blended,contract,71.2,,,1.0,,0.92,High,agency
d54c02da-90bf-4416-99c2-c19b390d1f02,06/30/2025,hcris_nmrc,CMS HCRIS Hospital 2552-10 Worksheet S-3 Part II line 01100,https://downloads.cms.gov/Files/hcris/,ccn,390151,rn_contract_labor_dpc,blended,contract,86.31,,,1.0,,0.92,High,agency
e7a38f73-421c-46e2-b5cc-a4630b0584a8,06/30/2025,hcris_nmrc,CMS HCRIS Hospital 2552-10 Worksheet S-3 Part II line 01100,https://downloads.cms.gov/Files/hcris/,ccn,390174,rn_contract_labor_dpc,blended,contract,105.74,,,1.0,,0.92,High,agency
3b7c876a-7652-4789-8b0a-3b7238e57763,06/30/2025,hcris_nmrc,CMS HCRIS Hospital 2552-10 Worksheet S-3 Part II line 01100,https://downloads.cms.gov/Files/hcris/,ccn,390162,rn_contract_labor_dpc,blended,contract,96.58,,,1.0,,0.92,High,agency
4aee952c-963b-4a02-9038-2ed416196775,06/30/2025,hcris_nmrc,CMS HCRIS Hospital 2552-10 Worksheet S-3 Part II line 01100,https://downloads.cms.gov/Files/hcris/,ccn,500039,rn_contract_labor_dpc,blended,contract,97.14,,,1.0,,0.92,High,agency
be7b992a-d82c-439c-8950-2cab9def904a,06/30/2025,hcris_nmrc,CMS HCRIS Hospital 2552-10 Worksheet S-3 Part II line 01100,https://downloads.cms.gov/Files/hcris/,ccn,500030,rn_contract_labor_dpc,blended,contract,94.1,,,1.0,,0.92,High,agency
a0188141-45da-44e0-93bd-1265a0ff8200,06/30/2025,hcris_nmrc,CMS HCRIS Hospital 2552-10 Worksheet S-3 Part II line 01100,https://downloads.cms.gov/Files/hcris/,ccn,500050,rn_contract_labor_dpc,blended,contract,97.85,,,1.0,,0.92,High,agency
bed7798d-068e-48a9-8aba-7b7b776708dc,06/30/2025,hcris_nmrc,CMS HCRIS Hospital 2552-10 Worksheet S-3 Part II line 01100,https://downloads.cms.gov/Files/hcris/,ccn,320002,rn_contract_labor_dpc,blended,contract,80.99,,,1.0,,0.92,High,agency
a732a19e-dfca-4657-9a04-83596e368d86,06/30/2025,hcris_nmrc,CMS HCRIS Hospital 2552-10 Worksheet S-3 Part II line 01100,https://downloads.cms.gov/Files/hcris/,ccn,390107,rn_contract_labor_dpc,blended,contract,57.36,,,1.0,,0.92,High,agency
49f3c8d4-1e91-4a18-9372-d8e1d6112e39,06/30/2025,hcris_nmrc,CMS HCRIS Hospital 2552-10 Worksheet S-3 Part II line 01100,https://downloads.cms.gov/Files/hcris/,ccn,390114,rn_contract_labor_dpc,blended,contract,47.17,,,1.0,,0.92,High,agency
42f86201-b5f7-4957-bd3f-188d0b193ac1,06/30/2025,hcris_nmrc,CMS HCRIS Hospital 2552-10 Worksheet S-3 Part II line 01100,https://downloads.cms.gov/Files/hcris/,ccn,390093,rn_contract_labor_dpc,blended,contract,83.43,,,1.0,,0.92,High,agency
369f2563-283a-40d3-8af0-1d1b1de50abb,06/30/2025,hcris_nmrc,CMS HCRIS Hospital 2552-10 Worksheet S-3 Part II line 01100,https://downloads.cms.gov/Files/hcris/,ccn,500064,rn_contract_labor_dpc,blended,contract,65.37,,,1.0,,0.92,High,agency
0c05444d-2314-4205-b28c-3a0c73449e9f,06/30/2025,hcris_nmrc,CMS HCRIS Hospital 2552-10 Worksheet S-3 Part II line 01100,https://downloads.cms.gov/Files/hcris/,ccn,440057,rn_contract_labor_dpc,blended,contract,59.89,,,1.0,,0.92,High,agency
1c7cb1e1-f4b8-4c63-a1e4-fa95a303d5e1,06/30/2025,hcris_nmrc,CMS HCRIS Hospital 2552-10 Worksheet S-3 Part II line 01100,https://downloads.cms.gov/Files/hcris/,ccn,390198,rn_contract_labor_dpc,blended,contract,79.88,,,1.0,,0.92,High,agency
8ac0e781-ff76-451e-9368-b041b8ebd615,06/30/2025,hcris_nmrc,CMS HCRIS Hospital 2552-10 Worksheet S-3 Part II line 01100,https://downloads.cms.gov/Files/hcris/,ccn,320004,rn_contract_labor_dpc,blended,contract,77.1,,,1.0,,0.92,High,agency
76e0788c-d5ab-481a-891f-d82ca3ccc4e6,06/30/2025,hcris_nmrc,CMS HCRIS Hospital 2552-10 Worksheet S-3 Part II line 01100,https://downloads.cms.gov/Files/hcris/,ccn,500051,rn_contract_labor_dpc,blended,contract,95.51,,,1.0,,0.92,High,agency
bfbf5ca2-8a8e-4800-8563-9307b694e126,06/30/2025,hcris_nmrc,CMS HCRIS Hospital 2552-10 Worksheet S-3 Part II line 01100,https://downloads.cms.gov/Files/hcris/,ccn,010149,rn_contract_labor_dpc,blended,contract,40.39,,,1.0,,0.92,High,agency
2ad9fd1b-19e3-4ce0-a6ab-b4f209568cc9,06/30/2025,hcris_nmrc,CMS HCRIS Hospital 2552-10 Worksheet S-3 Part II line 01100,https://downloads.cms.gov/Files/hcris/,ccn,390195,rn_contract_labor_dpc,blended,contract,93.79,,,1.0,,0.92,High,agency
e511860c-a21c-45ad-a613-d2ab9456da17,06/30/2025,hcris_nmrc,CMS HCRIS Hospital 2552-10 Worksheet S-3 Part II line 01100,https://downloads.cms.gov/Files/hcris/,ccn,390096,rn_contract_labor_dpc,blended,contract,88.41,,,1.0,,0.92,High,agency
e13d3e42-be25-4d56-aff4-bdaa1aa2178d,06/30/2025,hcris_nmrc,CMS HCRIS Hospital 2552-10 Worksheet S-3 Part II line 01100,https://downloads.cms.gov/Files/hcris/,ccn,060129,rn_contract_labor_dpc,blended,contract,67.44,,,1.0,,0.92,High,agency
ebeead4a-969b-4123-9f8e-480634c6a626,06/30/2025,hcris_nmrc,CMS HCRIS Hospital 2552-10 Worksheet S-3 Part II line 01100,https://downloads.cms.gov/Files/hcris/,ccn,390110,rn_contract_labor_dpc,blended,contract,102.26,,,1.0,,0.92,High,agency
e96ca6b1-2df1-4108-9f3f-f012531861e2,06/30/2025,hcris_nmrc,CMS HCRIS Hospital 2552-10 Worksheet S-3 Part II line 01100,https://downloads.cms.gov/Files/hcris/,ccn,390112,rn_contract_labor_dpc,blended,contract,174.33,,,1.0,,0.92,High,agency
964ca3ab-0b68-46c3-9789-6272c7f9ef63,06/30/2025,hcris_nmrc,CMS HCRIS Hospital 2552-10 Worksheet S-3 Part II line 01100,https://downloads.cms.gov/Files/hcris/,ccn,440030,rn_contract_labor_dpc,blended,contract,62.3,,,1.0,,0.92,High,agency
00683cb2-29c3-4d41-9927-b804f2e58a02,06/30/2025,hcris_nmrc,CMS HCRIS Hospital 2552-10 Worksheet S-3 Part II line 01100,https://downloads.cms.gov/Files/hcris/,ccn,390097,rn_contract_labor_dpc,blended,contract,76.3,,,1.0,,0.92,High,agency
e0266725-b10c-4d14-8bfb-b784650273ff,06/30/2025,hcris_nmrc,CMS HCRIS Hospital 2552-10 Worksheet S-3 Part II line 01100,https://downloads.cms.gov/Files/hcris/,ccn,050102,rn_contract_labor_dpc,blended,contract,77.65,,,1.0,,0.92,High,agency
6294ab59-07ca-4b85-9257-bdbbbd07581e,06/30/2025,hcris_nmrc,CMS HCRIS Hospital 2552-10 Worksheet S-3 Part II line 01100,https://downloads.cms.gov/Files/hcris/,ccn,390115,rn_contract_labor_dpc,blended,contract,99.35,,,1.0,,0.92,High,agency
058c2d8d-30e2-42d0-a461-b2f1b11d769f,06/30/2025,hcris_nmrc,CMS HCRIS Hospital 2552-10 Worksheet S-3 Part II line 01100,https://downloads.cms.gov/Files/hcris/,ccn,390111,rn_contract_labor_dpc,blended,contract,74.4,,,1.0,,0.92,High,agency
f7288844-25a7-4a23-bcc7-58d55b2de52b,06/30/2025,hcris_nmrc,CMS HCRIS Hospital 2552-10 Worksheet S-3 Part II line 01100,https://downloads.cms.gov/Files/hcris/,ccn,390185,rn_contract_labor_dpc,blended,contract,58.48,,,1.0,,0.92,High,agency
957ea2d4-ff28-49b9-b984-4d7e92cc154e,06/30/2025,hcris_nmrc,CMS HCRIS Hospital 2552-10 Worksheet S-3 Part II line 01100,https://downloads.cms.gov/Files/hcris/,ccn,500041,rn_contract_labor_dpc,blended,contract,96.14,,,1.0,,0.92,High,agency
be584110-8c88-4921-8701-c7841baf4753,06/30/2025,hcris_nmrc,CMS HCRIS Hospital 2552-10 Worksheet S-3 Part II line 01100,https://downloads.cms.gov/Files/hcris/,ccn,050107,rn_contract_labor_dpc,blended,contract,115.69,,,1.0,,0.92,High,agency
04264de6-0a8b-4fb9-982b-43fe57c7ec09,06/30/2025,hcris_nmrc,CMS HCRIS Hospital 2552-10 Worksheet S-3 Part II line 01100,https://downloads.cms.gov/Files/hcris/,ccn,390102,rn_contract_labor_dpc,blended,contract,44.88,,,1.0,,0.92,High,agency
c7378607-ba8a-4652-bf6a-953265347df5,06/30/2025,hcris_nmrc,CMS HCRIS Hospital 2552-10 Worksheet S-3 Part II line 01100,https://downloads.cms.gov/Files/hcris/,ccn,390101,rn_contract_labor_dpc,blended,contract,95.08,,,1.0,,0.92,High,agency
ddb79b5f-1c81-42ea-a1ab-e85c86064791,06/30/2025,hcris_nmrc,CMS HCRIS Hospital 2552-10 Worksheet S-3 Part II line 01100,https://downloads.cms.gov/Files/hcris/,ccn,050735,rn_contract_labor_dpc,blended,contract,50.57,,,1.0,,0.92,High,agency
7831b608-f244-43c4-9750-c9d0bf55cde8,06/30/2025,hcris_nmrc,CMS HCRIS Hospital 2552-10 Worksheet S-3 Part II line 01100,https://downloads.cms.gov/Files/hcris/,ccn,390100,rn_contract_labor_dpc,blended,contract,63.89,,,1.0,,0.92,High,agency
cf95008b-52bc-4152-81ce-51e903bc142c,06/30/2025,hcris_nmrc,CMS HCRIS Hospital 2552-10 Worksheet S-3 Part II line 01100,https://downloads.cms.gov/Files/hcris/,ccn,320001,rn_contract_labor_dpc,blended,contract,61.34,,,1.0,,0.92,High,agency
1d6ea0d4-460d-4417-9e7e-15debd4f27ba,06/30/2025,hcris_nmrc,CMS HCRIS Hospital 2552-10 Worksheet S-3 Part II line 01100,https://downloads.cms.gov/Files/hcris/,ccn,150076,rn_contract_labor_dpc,blended,contract,100.66,,,1.0,,0.92,High,agency
9f14cd39-7c6f-4ab4-9b28-b757bbf46632,06/30/2025,hcris_nmrc,CMS HCRIS Hospital 2552-10 Worksheet S-3 Part II line 01100,https://downloads.cms.gov/Files/hcris/,ccn,440053,rn_contract_labor_dpc,blended,contract,56.24,,,1.0,,0.92,High,agency
8f553ee3-855b-4d11-b2f4-6b0004d2712a,06/30/2025,hcris_nmrc,CMS HCRIS Hospital 2552-10 Worksheet S-3 Part II line 01100,https://downloads.cms.gov/Files/hcris/,ccn,390117,rn_contract_labor_dpc,blended,contract,71.99,,,1.0,,0.92,High,agency
a2f573f5-9b09-4bbb-a32a-eecb3979117f,06/30/2025,hcris_nmrc,CMS HCRIS Hospital 2552-10 Worksheet S-3 Part II line 01100,https://downloads.cms.gov/Files/hcris/,ccn,310060,rn_contract_labor_dpc,blended,contract,86.67,,,1.0,,0.92,High,agency
db204890-5457-4a97-9401-bb7049a9c3bb,07/26/2025,hcris_nmrc,CMS HCRIS Hospital 2552-10 Worksheet S-3 Part II line 01100,https://downloads.cms.gov/Files/hcris/,ccn,670320,rn_contract_labor_dpc,blended,contract,46.3,,,1.0,,0.92,High,agency
c3b1c44b-9127-4892-92f9-786f5c98ee29,07/30/2025,hcris_nmrc,CMS HCRIS Hospital 2552-10 Worksheet S-3 Part II line 01100,https://downloads.cms.gov/Files/hcris/,ccn,260176,rn_contract_labor_dpc,blended,contract,82.51,,,1.0,,0.92,High,agency
2cb30217-71f3-4f0d-b463-78e4c11f6479,07/31/2025,hcris_nmrc,CMS HCRIS Hospital 2552-10 Worksheet S-3 Part II line 01100,https://downloads.cms.gov/Files/hcris/,ccn,673034,rn_contract_labor_dpc,blended,contract,40.3,,,1.0,,0.92,High,agency
9ab7878f-2f39-49ab-af78-82b1398ceae8,07/31/2025,hcris_nmrc,CMS HCRIS Hospital 2552-10 Worksheet S-3 Part II line 01100,https://downloads.cms.gov/Files/hcris/,ccn,110073,rn_contract_labor_dpc,blended,contract,63.82,,,1.0,,0.92,High,agency
5dfeb5a5-d35a-4107-9e0d-4369f98ec3e9,07/31/2025,hcris_nmrc,CMS HCRIS Hospital 2552-10 Worksheet S-3 Part II line 01100,https://downloads.cms.gov/Files/hcris/,ccn,362019,rn_contract_labor_dpc,blended,contract,68.51,,,1.0,,0.92,High,agency
d233e58a-7a89-4f5c-9a1c-86216789e157,07/31/2025,hcris_nmrc,CMS HCRIS Hospital 2552-10 Worksheet S-3 Part II line 01100,https://downloads.cms.gov/Files/hcris/,ccn,340016,rn_contract_labor_dpc,blended,contract,78.92,,,1.0,,0.92,High,agency
5ec66447-0cb4-4806-9e6a-b06a892f1c13,07/31/2025,hcris_nmrc,CMS HCRIS Hospital 2552-10 Worksheet S-3 Part II line 01100,https://downloads.cms.gov/Files/hcris/,ccn,512004,rn_contract_labor_dpc,blended,contract,82.88,,,1.0,,0.92,High,agency
0bef0062-48ce-445d-b8f2-18177a7884e2,07/31/2025,hcris_nmrc,CMS HCRIS Hospital 2552-10 Worksheet S-3 Part II line 01100,https://downloads.cms.gov/Files/hcris/,ccn,113037,rn_contract_labor_dpc,blended,contract,56.93,,,1.0,,0.92,High,agency
39edaa26-dda7-4447-8e2c-06fb8c35aa52,07/31/2025,hcris_nmrc,CMS HCRIS Hospital 2552-10 Worksheet S-3 Part II line 01100,https://downloads.cms.gov/Files/hcris/,ccn,180127,rn_contract_labor_dpc,blended,contract,61.77,,,1.0,,0.92,High,agency
38a14a81-ef9d-4247-b92a-ccac7db193d1,07/31/2025,hcris_nmrc,CMS HCRIS Hospital 2552-10 Worksheet S-3 Part II line 01100,https://downloads.cms.gov/Files/hcris/,ccn,033034,rn_contract_labor_dpc,blended,contract,90.97,,,1.0,,0.92,High,agency
6d38a92e-432c-4b9a-8b1a-618bba56b96c,07/31/2025,hcris_nmrc,CMS HCRIS Hospital 2552-10 Worksheet S-3 Part II line 01100,https://downloads.cms.gov/Files/hcris/,ccn,010164,rn_contract_labor_dpc,blended,contract,47.47,,,1.0,,0.92,High,agency
90c05072-4ab0-4682-a5ff-3a128c9ab01b,07/31/2025,hcris_nmrc,CMS HCRIS Hospital 2552-10 Worksheet S-3 Part II line 01100,https://downloads.cms.gov/Files/hcris/,ccn,453059,rn_contract_labor_dpc,blended,contract,70.13,,,1.0,,0.92,High,agency
d6dcea2b-b807-45c6-b6b7-f760c6132b74,07/31/2025,hcris_nmrc,CMS HCRIS Hospital 2552-10 Worksheet S-3 Part II line 01100,https://downloads.cms.gov/Files/hcris/,ccn,110044,rn_contract_labor_dpc,blended,contract,59.02,,,1.0,,0.92,High,agency
bbd646a5-c054-4c74-a159-2e974d2fc3fa,07/31/2025,hcris_nmrc,CMS HCRIS Hospital 2552-10 Worksheet S-3 Part II line 01100,https://downloads.cms.gov/Files/hcris/,ccn,102022,rn_contract_labor_dpc,blended,contract,66.72,,,1.0,,0.92,High,agency
f4bad1c2-c12c-4806-b35a-93c9145e9c0b,07/31/2025,hcris_nmrc,CMS HCRIS Hospital 2552-10 Worksheet S-3 Part II line 01100,https://downloads.cms.gov/Files/hcris/,ccn,150009,rn_contract_labor_dpc,blended,contract,84.41,,,1.0,,0.92,High,agency
302ecf7e-678e-41c2-9173-fa7cc36e2b0f,07/31/2025,hcris_nmrc,CMS HCRIS Hospital 2552-10 Worksheet S-3 Part II line 01100,https://downloads.cms.gov/Files/hcris/,ccn,340184,rn_contract_labor_dpc,blended,contract,80.57,,,1.0,,0.92,High,agency
b7db19aa-3d34-4fc3-85ab-1b3a5cd297ea,07/31/2025,hcris_nmrc,CMS HCRIS Hospital 2552-10 Worksheet S-3 Part II line 01100,https://downloads.cms.gov/Files/hcris/,ccn,082000,rn_contract_labor_dpc,blended,contract,78.85,,,1.0,,0.92,High,agency
89af5a35-5ca9-425b-8c75-54d282d21192,07/31/2025,hcris_nmrc,CMS HCRIS Hospital 2552-10 Worksheet S-3 Part II line 01100,https://downloads.cms.gov/Files/hcris/,ccn,453029,rn_contract_labor_dpc,blended,contract,54.13,,,1.0,,0.92,High,agency
350dc660-e83e-44df-9831-b34d22097ef7,07/31/2025,hcris_nmrc,CMS HCRIS Hospital 2552-10 Worksheet S-3 Part II line 01100,https://downloads.cms.gov/Files/hcris/,ccn,153025,rn_contract_labor_dpc,blended,contract,76.47,,,1.0,,0.92,High,agency
abf60d80-c18a-4cce-b6df-8cd9df06ee19,07/31/2025,hcris_nmrc,CMS HCRIS Hospital 2552-10 Worksheet S-3 Part II line 01100,https://downloads.cms.gov/Files/hcris/,ccn,033025,rn_contract_labor_dpc,blended,contract,75.24,,,1.0,,0.92,High,agency
f8f58dd6-7f77-4e65-8f9d-3279184464d3,07/31/2025,hcris_nmrc,CMS HCRIS Hospital 2552-10 Worksheet S-3 Part II line 01100,https://downloads.cms.gov/Files/hcris/,ccn,492009,rn_contract_labor_dpc,blended,contract,80.69,,,1.0,,0.92,High,agency
e3e89e23-28ec-4e50-b132-8ea5a2a06c37,07/31/2025,hcris_nmrc,CMS HCRIS Hospital 2552-10 Worksheet S-3 Part II line 01100,https://downloads.cms.gov/Files/hcris/,ccn,033028,rn_contract_labor_dpc,blended,contract,85.04,,,1.0,,0.92,High,agency
1f8b22e7-4e2d-4322-a293-e5de1b5da6dd,07/31/2025,hcris_nmrc,CMS HCRIS Hospital 2552-10 Worksheet S-3 Part II line 01100,https://downloads.cms.gov/Files/hcris/,ccn,450210,rn_contract_labor_dpc,blended,contract,89.67,,,1.0,,0.92,High,agency
57e03432-39c2-4c38-a895-1a3ced8d81e4,07/31/2025,hcris_nmrc,CMS HCRIS Hospital 2552-10 Worksheet S-3 Part II line 01100,https://downloads.cms.gov/Files/hcris/,ccn,252006,rn_contract_labor_dpc,blended,contract,71.89,,,1.0,,0.92,High,agency
135dccc8-1d8c-46e9-8343-f06376f50dd4,07/31/2025,hcris_nmrc,CMS HCRIS Hospital 2552-10 Worksheet S-3 Part II line 01100,https://downloads.cms.gov/Files/hcris/,ccn,324014,rn_contract_labor_dpc,blended,contract,68.51,,,1.0,,0.92,High,agency
ad41340c-0396-4363-bc57-1a6bfc23190a,07/31/2025,hcris_nmrc,CMS HCRIS Hospital 2552-10 Worksheet S-3 Part II line 01100,https://downloads.cms.gov/Files/hcris/,ccn,110007,rn_contract_labor_dpc,blended,contract,60.38,,,1.0,,0.92,High,agency
127cc605-b342-4536-94de-c367dbb7cbb4,07/31/2025,hcris_nmrc,CMS HCRIS Hospital 2552-10 Worksheet S-3 Part II line 01100,https://downloads.cms.gov/Files/hcris/,ccn,170200,rn_contract_labor_dpc,blended,contract,64.73,,,1.0,,0.92,High,agency
63879ae2-a770-47c1-b8fe-dd424a6950aa,07/31/2025,hcris_nmrc,CMS HCRIS Hospital 2552-10 Worksheet S-3 Part II line 01100,https://downloads.cms.gov/Files/hcris/,ccn,183027,rn_contract_labor_dpc,blended,contract,83.22,,,1.0,,0.92,High,agency
6f5f51d0-8390-4e24-be3d-f61f6e1e37f9,07/31/2025,hcris_nmrc,CMS HCRIS Hospital 2552-10 Worksheet S-3 Part II line 01100,https://downloads.cms.gov/Files/hcris/,ccn,033029,rn_contract_labor_dpc,blended,contract,75.42,,,1.0,,0.92,High,agency
b174746e-fdcc-4f0a-88ba-1cd02ff48160,07/31/2025,hcris_nmrc,CMS HCRIS Hospital 2552-10 Worksheet S-3 Part II line 01100,https://downloads.cms.gov/Files/hcris/,ccn,143028,rn_contract_labor_dpc,blended,contract,95.28,,,1.0,,0.92,High,agency
20e3635b-e437-4f18-9838-010d8b38c92f,07/31/2025,hcris_nmrc,CMS HCRIS Hospital 2552-10 Worksheet S-3 Part II line 01100,https://downloads.cms.gov/Files/hcris/,ccn,422009,rn_contract_labor_dpc,blended,contract,69.08,,,1.0,,0.92,High,agency
fd4f7da7-10f4-48a3-b910-26aa81546804,07/31/2025,hcris_nmrc,CMS HCRIS Hospital 2552-10 Worksheet S-3 Part II line 01100,https://downloads.cms.gov/Files/hcris/,ccn,513027,rn_contract_labor_dpc,blended,contract,80.46,,,1.0,,0.92,High,agency
c246fee8-5f71-4f3a-b50e-80b136f61717,07/31/2025,hcris_nmrc,CMS HCRIS Hospital 2552-10 Worksheet S-3 Part II line 01100,https://downloads.cms.gov/Files/hcris/,ccn,190079,rn_contract_labor_dpc,blended,contract,41.1,,,1.0,,0.92,High,agency
f564c4ef-e231-4194-be21-537218b0e053,07/31/2025,hcris_nmrc,CMS HCRIS Hospital 2552-10 Worksheet S-3 Part II line 01100,https://downloads.cms.gov/Files/hcris/,ccn,102017,rn_contract_labor_dpc,blended,contract,61.0,,,1.0,,0.92,High,agency
edfab801-0ba7-4dc9-9466-8f48d2b53d7a,08/31/2025,hcris_nmrc,CMS HCRIS Hospital 2552-10 Worksheet S-3 Part II line 01100,https://downloads.cms.gov/Files/hcris/,ccn,453057,rn_contract_labor_dpc,blended,contract,90.84,,,1.0,,0.92,High,agency
86da250d-a9b2-482a-a70e-fd8bf2c2652b,08/31/2025,hcris_nmrc,CMS HCRIS Hospital 2552-10 Worksheet S-3 Part II line 01100,https://downloads.cms.gov/Files/hcris/,ccn,054147,rn_contract_labor_dpc,blended,contract,82.1,,,1.0,,0.92,High,agency
abc4c8fe-225f-4a3f-8b84-81766d46e39e,08/31/2025,hcris_nmrc,CMS HCRIS Hospital 2552-10 Worksheet S-3 Part II line 01100,https://downloads.cms.gov/Files/hcris/,ccn,512002,rn_contract_labor_dpc,blended,contract,71.22,,,1.0,,0.92,High,agency
6d747bee-51f2-4cfc-8fbd-eb05e5865fe0,08/31/2025,hcris_nmrc,CMS HCRIS Hospital 2552-10 Worksheet S-3 Part II line 01100,https://downloads.cms.gov/Files/hcris/,ccn,140242,rn_contract_labor_dpc,blended,contract,102.06,,,1.0,,0.92,High,agency
a0e8fddf-64e1-4117-ba79-8618a4357234,08/31/2025,hcris_nmrc,CMS HCRIS Hospital 2552-10 Worksheet S-3 Part II line 01100,https://downloads.cms.gov/Files/hcris/,ccn,012008,rn_contract_labor_dpc,blended,contract,71.83,,,1.0,,0.92,High,agency
da84f855-e6b7-4c54-9bc2-11ef76ebbae2,08/31/2025,hcris_nmrc,CMS HCRIS Hospital 2552-10 Worksheet S-3 Part II line 01100,https://downloads.cms.gov/Files/hcris/,ccn,050283,rn_contract_labor_dpc,blended,contract,119.32,,,1.0,,0.92,High,agency
132651c9-e1f9-40f3-94c7-5d448000f998,08/31/2025,hcris_nmrc,CMS HCRIS Hospital 2552-10 Worksheet S-3 Part II line 01100,https://downloads.cms.gov/Files/hcris/,ccn,110010,rn_contract_labor_dpc,blended,contract,75.3,,,1.0,,0.92,High,agency
bb4f2d28-f2de-4166-a8f1-26ac7933da75,08/31/2025,hcris_nmrc,CMS HCRIS Hospital 2552-10 Worksheet S-3 Part II line 01100,https://downloads.cms.gov/Files/hcris/,ccn,140211,rn_contract_labor_dpc,blended,contract,89.35,,,1.0,,0.92,High,agency
87e802f8-0e7e-4040-8acd-ff9b15200791,08/31/2025,hcris_nmrc,CMS HCRIS Hospital 2552-10 Worksheet S-3 Part II line 01100,https://downloads.cms.gov/Files/hcris/,ccn,183026,rn_contract_labor_dpc,blended,contract,56.27,,,1.0,,0.92,High,agency
7ad0d9fa-8d3f-438a-b00f-7c985303b55b,08/31/2025,hcris_nmrc,CMS HCRIS Hospital 2552-10 Worksheet S-3 Part II line 01100,https://downloads.cms.gov/Files/hcris/,ccn,182004,rn_contract_labor_dpc,blended,contract,72.16,,,1.0,,0.92,High,agency
6e290cf2-a619-452d-b3f8-d4c7e2938460,08/31/2025,hcris_nmrc,CMS HCRIS Hospital 2552-10 Worksheet S-3 Part II line 01100,https://downloads.cms.gov/Files/hcris/,ccn,043031,rn_contract_labor_dpc,blended,contract,82.36,,,1.0,,0.92,High,agency
bbf76a77-9ee6-4529-8aea-d3b8ee23f746,08/31/2025,hcris_nmrc,CMS HCRIS Hospital 2552-10 Worksheet S-3 Part II line 01100,https://downloads.cms.gov/Files/hcris/,ccn,183033,rn_contract_labor_dpc,blended,contract,81.82,,,1.0,,0.92,High,agency
68d32a73-a1f9-4d37-8a07-11a4f520b934,08/31/2025,hcris_nmrc,CMS HCRIS Hospital 2552-10 Worksheet S-3 Part II line 01100,https://downloads.cms.gov/Files/hcris/,ccn,010055,rn_contract_labor_dpc,blended,contract,64.97,,,1.0,,0.92,High,agency
33569853-a747-4b8d-acf0-b9f275b4350f,08/31/2025,hcris_nmrc,CMS HCRIS Hospital 2552-10 Worksheet S-3 Part II line 01100,https://downloads.cms.gov/Files/hcris/,ccn,450229,rn_contract_labor_dpc,blended,contract,91.73,,,1.0,,0.92,High,agency
11bd1b9f-15b4-4b7e-90ee-ee09586a3169,08/31/2025,hcris_nmrc,CMS HCRIS Hospital 2552-10 Worksheet S-3 Part II line 01100,https://downloads.cms.gov/Files/hcris/,ccn,100212,rn_contract_labor_dpc,blended,contract,41.95,,,1.0,,0.92,High,agency
10cdbe35-a377-4510-98f6-59f37b46daca,08/31/2025,hcris_nmrc,CMS HCRIS Hospital 2552-10 Worksheet S-3 Part II line 01100,https://downloads.cms.gov/Files/hcris/,ccn,453053,rn_contract_labor_dpc,blended,contract,63.29,,,1.0,,0.92,High,agency
16d38c33-f61f-402b-b3d7-58dff2c324e5,08/31/2025,hcris_nmrc,CMS HCRIS Hospital 2552-10 Worksheet S-3 Part II line 01100,https://downloads.cms.gov/Files/hcris/,ccn,180138,rn_contract_labor_dpc,blended,contract,64.73,,,1.0,,0.92,High,agency
1288e7f3-de37-4a43-b320-f17c7f34db7f,08/31/2025,hcris_nmrc,CMS HCRIS Hospital 2552-10 Worksheet S-3 Part II line 01100,https://downloads.cms.gov/Files/hcris/,ccn,713025,rn_contract_labor_dpc,blended,contract,72.29,,,1.0,,0.92,High,agency
3ff1417a-3ba0-4535-92c0-ac1b2801dee4,08/31/2025,hcris_nmrc,CMS HCRIS Hospital 2552-10 Worksheet S-3 Part II line 01100,https://downloads.cms.gov/Files/hcris/,ccn,032002,rn_contract_labor_dpc,blended,contract,73.87,,,1.0,,0.92,High,agency
40e80b5e-4cd4-4761-b45c-c6bf2eaa7cc4,08/31/2025,hcris_nmrc,CMS HCRIS Hospital 2552-10 Worksheet S-3 Part II line 01100,https://downloads.cms.gov/Files/hcris/,ccn,252003,rn_contract_labor_dpc,blended,contract,71.23,,,1.0,,0.92,High,agency
5ce5e1bb-d102-4cf0-b5a0-3f574ba48025,08/31/2025,hcris_nmrc,CMS HCRIS Hospital 2552-10 Worksheet S-3 Part II line 01100,https://downloads.cms.gov/Files/hcris/,ccn,512005,rn_contract_labor_dpc,blended,contract,68.61,,,1.0,,0.92,High,agency
3b7bba09-68f3-422c-9f86-343356f71dc8,08/31/2025,hcris_nmrc,CMS HCRIS Hospital 2552-10 Worksheet S-3 Part II line 01100,https://downloads.cms.gov/Files/hcris/,ccn,330141,rn_contract_labor_dpc,blended,contract,107.94,,,1.0,,0.92,High,agency
0cda4042-7f88-461e-81ba-18e70464c067,08/31/2025,hcris_nmrc,CMS HCRIS Hospital 2552-10 Worksheet S-3 Part II line 01100,https://downloads.cms.gov/Files/hcris/,ccn,180130,rn_contract_labor_dpc,blended,contract,89.98,,,1.0,,0.92,High,agency
85a182fa-8349-4508-b4a1-6421d0bbafa2,08/31/2025,hcris_nmrc,CMS HCRIS Hospital 2552-10 Worksheet S-3 Part II line 01100,https://downloads.cms.gov/Files/hcris/,ccn,060014,rn_contract_labor_dpc,blended,contract,40.8,,,1.0,,0.92,High,agency
162a1e24-1a51-4c91-82c6-76b95c62df55,08/31/2025,hcris_nmrc,CMS HCRIS Hospital 2552-10 Worksheet S-3 Part II line 01100,https://downloads.cms.gov/Files/hcris/,ccn,110071,rn_contract_labor_dpc,blended,contract,40.46,,,1.0,,0.92,High,agency
11356466-3ca9-4629-bb55-254196146226,08/31/2025,hcris_nmrc,CMS HCRIS Hospital 2552-10 Worksheet S-3 Part II line 01100,https://downloads.cms.gov/Files/hcris/,ccn,180104,rn_contract_labor_dpc,blended,contract,89.34,,,1.0,,0.92,High,agency
e3b52669-cf5e-4a6e-b100-8ff8c10c5b54,08/31/2025,hcris_nmrc,CMS HCRIS Hospital 2552-10 Worksheet S-3 Part II line 01100,https://downloads.cms.gov/Files/hcris/,ccn,030101,rn_contract_labor_dpc,blended,contract,83.92,,,1.0,,0.92,High,agency
736aef29-7791-4eb2-a75e-5abdef9d2c72,08/31/2025,hcris_nmrc,CMS HCRIS Hospital 2552-10 Worksheet S-3 Part II line 01100,https://downloads.cms.gov/Files/hcris/,ccn,330214,rn_contract_labor_dpc,blended,contract,89.7,,,1.0,,0.92,High,agency
c7bf2642-458a-4113-a344-6181d702b78a,08/31/2025,hcris_nmrc,CMS HCRIS Hospital 2552-10 Worksheet S-3 Part II line 01100,https://downloads.cms.gov/Files/hcris/,ccn,450403,rn_contract_labor_dpc,blended,contract,36.99,,,1.0,,0.92,High,agency
6d3a5c67-7185-4718-819f-4565d2693c7d,08/31/2025,hcris_nmrc,CMS HCRIS Hospital 2552-10 Worksheet S-3 Part II line 01100,https://downloads.cms.gov/Files/hcris/,ccn,313035,rn_contract_labor_dpc,blended,contract,74.18,,,1.0,,0.92,High,agency
afd642a6-7b61-4a3c-9ea6-00f76eb50306,08/31/2025,hcris_nmrc,CMS HCRIS Hospital 2552-10 Worksheet S-3 Part II line 01100,https://downloads.cms.gov/Files/hcris/,ccn,040041,rn_contract_labor_dpc,blended,contract,83.26,,,1.0,,0.92,High,agency
9100a709-f91c-4d27-97a2-ac163fef93e7,08/31/2025,hcris_nmrc,CMS HCRIS Hospital 2552-10 Worksheet S-3 Part II line 01100,https://downloads.cms.gov/Files/hcris/,ccn,050492,rn_contract_labor_dpc,blended,contract,112.3,,,1.0,,0.92,High,agency
7a312c2e-aae1-4d29-ae84-e5603bb255bb,08/31/2025,hcris_nmrc,CMS HCRIS Hospital 2552-10 Worksheet S-3 Part II line 01100,https://downloads.cms.gov/Files/hcris/,ccn,450033,rn_contract_labor_dpc,blended,contract,54.62,,,1.0,,0.92,High,agency
2c84de40-4c46-4c95-85f1-0b5b31696bff,08/31/2025,hcris_nmrc,CMS HCRIS Hospital 2552-10 Worksheet S-3 Part II line 01100,https://downloads.cms.gov/Files/hcris/,ccn,050060,rn_contract_labor_dpc,blended,contract,114.87,,,1.0,,0.92,High,agency
9d8531bf-5091-4e06-a7ce-9ccb79d0f7cb,08/31/2025,hcris_nmrc,CMS HCRIS Hospital 2552-10 Worksheet S-3 Part II line 01100,https://downloads.cms.gov/Files/hcris/,ccn,112004,rn_contract_labor_dpc,blended,contract,62.17,,,1.0,,0.92,High,agency
5f31b72a-b7c4-4d9f-aa4b-52fe28e83abe,08/31/2025,hcris_nmrc,CMS HCRIS Hospital 2552-10 Worksheet S-3 Part II line 01100,https://downloads.cms.gov/Files/hcris/,ccn,140116,rn_contract_labor_dpc,blended,contract,94.12,,,1.0,,0.92,High,agency
fbd3ceaa-a012-4381-8261-2ab2195aab8d,08/31/2025,hcris_nmrc,CMS HCRIS Hospital 2552-10 Worksheet S-3 Part II line 01100,https://downloads.cms.gov/Files/hcris/,ccn,450346,rn_contract_labor_dpc,blended,contract,70.34,,,1.0,,0.92,High,agency
d8f7e12f-ff12-483b-bb99-acb5d6fa22f6,08/31/2025,hcris_nmrc,CMS HCRIS Hospital 2552-10 Worksheet S-3 Part II line 01100,https://downloads.cms.gov/Files/hcris/,ccn,312023,rn_contract_labor_dpc,blended,contract,75.77,,,1.0,,0.92,High,agency
b15fd7a3-eed6-4ade-ac8e-e47f59cb2b3a,08/31/2025,hcris_nmrc,CMS HCRIS Hospital 2552-10 Worksheet S-3 Part II line 01100,https://downloads.cms.gov/Files/hcris/,ccn,040078,rn_contract_labor_dpc,blended,contract,44.67,,,1.0,,0.92,High,agency
3771500a-c19a-437a-9abe-fd847d411ef3,08/31/2025,hcris_nmrc,CMS HCRIS Hospital 2552-10 Worksheet S-3 Part II line 01100,https://downloads.cms.gov/Files/hcris/,ccn,363038,rn_contract_labor_dpc,blended,contract,50.29,,,1.0,,0.92,High,agency
0060c4de-482b-4bf0-b3d4-f8c18ef33839,08/31/2025,hcris_nmrc,CMS HCRIS Hospital 2552-10 Worksheet S-3 Part II line 01100,https://downloads.cms.gov/Files/hcris/,ccn,312022,rn_contract_labor_dpc,blended,contract,82.64,,,1.0,,0.92,High,agency
7c8a41d7-d21f-4ae0-b26b-a3c14cfb94ea,08/31/2025,hcris_nmrc,CMS HCRIS Hospital 2552-10 Worksheet S-3 Part II line 01100,https://downloads.cms.gov/Files/hcris/,ccn,110230,rn_contract_labor_dpc,blended,contract,69.22,,,1.0,,0.92,High,agency
bb0f9a27-4d66-4e20-af16-2d5bd175784d,08/31/2025,hcris_nmrc,CMS HCRIS Hospital 2552-10 Worksheet S-3 Part II line 01100,https://downloads.cms.gov/Files/hcris/,ccn,362029,rn_contract_labor_dpc,blended,contract,71.24,,,1.0,,0.92,High,agency
3416530b-7a34-491b-824d-f018b6746946,08/31/2025,hcris_nmrc,CMS HCRIS Hospital 2552-10 Worksheet S-3 Part II line 01100,https://downloads.cms.gov/Files/hcris/,ccn,320063,rn_contract_labor_dpc,blended,contract,79.88,,,1.0,,0.92,High,agency
bf697f79-c687-41be-825a-625053cd2ab3,08/31/2025,hcris_nmrc,CMS HCRIS Hospital 2552-10 Worksheet S-3 Part II line 01100,https://downloads.cms.gov/Files/hcris/,ccn,450831,rn_contract_labor_dpc,blended,contract,52.69,,,1.0,,0.92,High,agency
16de4687-6bee-424b-b5c2-702f99d9cb64,08/31/2025,hcris_nmrc,CMS HCRIS Hospital 2552-10 Worksheet S-3 Part II line 01100,https://downloads.cms.gov/Files/hcris/,ccn,150044,rn_contract_labor_dpc,blended,contract,85.68,,,1.0,,0.92,High,agency
ebed690c-d3bc-4d6c-8bf5-cf578f4f69b5,08/31/2025,hcris_nmrc,CMS HCRIS Hospital 2552-10 Worksheet S-3 Part II line 01100,https://downloads.cms.gov/Files/hcris/,ccn,140062,rn_contract_labor_dpc,blended,contract,98.54,,,1.0,,0.92,High,agency
5688e241-43d6-4a5a-a323-5568ea0e2210,08/31/2025,hcris_nmrc,CMS HCRIS Hospital 2552-10 Worksheet S-3 Part II line 01100,https://downloads.cms.gov/Files/hcris/,ccn,450044,rn_contract_labor_dpc,blended,contract,74.06,,,1.0,,0.92,High,agency
3b52db05-2d59-4b0c-b131-4323cf213a59,08/31/2025,hcris_nmrc,CMS HCRIS Hospital 2552-10 Worksheet S-3 Part II line 01100,https://downloads.cms.gov/Files/hcris/,ccn,100167,rn_contract_labor_dpc,blended,contract,63.73,,,1.0,,0.92,High,agency
05f32ae5-fea3-45d6-aa32-f3949bc54d05,08/31/2025,hcris_nmrc,CMS HCRIS Hospital 2552-10 Worksheet S-3 Part II line 01100,https://downloads.cms.gov/Files/hcris/,ccn,192035,rn_contract_labor_dpc,blended,contract,60.32,,,1.0,,0.92,High,agency
dada05b0-2682-4956-9004-dc09b237c80c,08/31/2025,hcris_nmrc,CMS HCRIS Hospital 2552-10 Worksheet S-3 Part II line 01100,https://downloads.cms.gov/Files/hcris/,ccn,450690,rn_contract_labor_dpc,blended,contract,61.76,,,1.0,,0.92,High,agency
b3ef6542-8697-45a9-9a13-d3e001eceaae,08/31/2025,hcris_nmrc,CMS HCRIS Hospital 2552-10 Worksheet S-3 Part II line 01100,https://downloads.cms.gov/Files/hcris/,ccn,520116,rn_contract_labor_dpc,blended,contract,80.42,,,1.0,,0.92,High,agency
51d7175a-b17c-412b-bfee-0eb81aac84a9,08/31/2025,hcris_nmrc,CMS HCRIS Hospital 2552-10 Worksheet S-3 Part II line 01100,https://downloads.cms.gov/Files/hcris/,ccn,362022,rn_contract_labor_dpc,blended,contract,73.78,,,1.0,,0.92,High,agency
5cc06773-fcb1-4683-95e8-d05162868bad,08/31/2025,hcris_nmrc,CMS HCRIS Hospital 2552-10 Worksheet S-3 Part II line 01100,https://downloads.cms.gov/Files/hcris/,ccn,110226,rn_contract_labor_dpc,blended,contract,71.15,,,1.0,,0.92,High,agency
b912ed5c-d98d-469d-93fa-c2ebb2d64c86,08/31/2025,hcris_nmrc,CMS HCRIS Hospital 2552-10 Worksheet S-3 Part II line 01100,https://downloads.cms.gov/Files/hcris/,ccn,450054,rn_contract_labor_dpc,blended,contract,97.12,,,1.0,,0.92,High,agency
8adddf55-afa9-496d-8018-93fb6fe4bb82,08/31/2025,hcris_nmrc,CMS HCRIS Hospital 2552-10 Worksheet S-3 Part II line 01100,https://downloads.cms.gov/Files/hcris/,ccn,362026,rn_contract_labor_dpc,blended,contract,71.9,,,1.0,,0.92,High,agency
59759ae2-92f0-45f3-a88c-08bfc9db6f1b,08/31/2025,hcris_nmrc,CMS HCRIS Hospital 2552-10 Worksheet S-3 Part II line 01100,https://downloads.cms.gov/Files/hcris/,ccn,670265,rn_contract_labor_dpc,blended,contract,69.26,,,1.0,,0.92,High,agency
569f79d4-bf61-4f40-bc3b-4f1152f9adbc,08/31/2025,hcris_nmrc,CMS HCRIS Hospital 2552-10 Worksheet S-3 Part II line 01100,https://downloads.cms.gov/Files/hcris/,ccn,143032,rn_contract_labor_dpc,blended,contract,86.13,,,1.0,,0.92,High,agency
2b5fa447-db4e-41b8-8b93-943aaa432f48,08/31/2025,hcris_nmrc,CMS HCRIS Hospital 2552-10 Worksheet S-3 Part II line 01100,https://downloads.cms.gov/Files/hcris/,ccn,102029,rn_contract_labor_dpc,blended,contract,63.73,,,1.0,,0.92,High,agency
0fea3ea5-6afb-4c78-a70d-75f70b89ecbb,08/31/2025,hcris_nmrc,CMS HCRIS Hospital 2552-10 Worksheet S-3 Part II line 01100,https://downloads.cms.gov/Files/hcris/,ccn,450018,rn_contract_labor_dpc,blended,contract,67.73,,,1.0,,0.92,High,agency
77ea8323-1568-4e4d-83fc-e0af6111acec,08/31/2025,hcris_nmrc,CMS HCRIS Hospital 2552-10 Worksheet S-3 Part II line 01100,https://downloads.cms.gov/Files/hcris/,ccn,140286,rn_contract_labor_dpc,blended,contract,89.81,,,1.0,,0.92,High,agency
3ab39316-bf6f-4229-ad3b-0ac65a4270b6,08/31/2025,hcris_nmrc,CMS HCRIS Hospital 2552-10 Worksheet S-3 Part II line 01100,https://downloads.cms.gov/Files/hcris/,ccn,440035,rn_contract_labor_dpc,blended,contract,70.07,,,1.0,,0.92,High,agency
773d7ef7-fc0b-4de5-94a6-ffebb79c920d,08/31/2025,hcris_nmrc,CMS HCRIS Hospital 2552-10 Worksheet S-3 Part II line 01100,https://downloads.cms.gov/Files/hcris/,ccn,460013,rn_contract_labor_dpc,blended,contract,117.39,,,1.0,,0.92,High,agency
40200594-a9c7-4df7-a2aa-f8b8a9db5333,08/31/2025,hcris_nmrc,CMS HCRIS Hospital 2552-10 Worksheet S-3 Part II line 01100,https://downloads.cms.gov/Files/hcris/,ccn,140281,rn_contract_labor_dpc,blended,contract,46.24,,,1.0,,0.92,High,agency
97ab528c-1059-4b74-8564-66f7ce365ae4,08/31/2025,hcris_nmrc,CMS HCRIS Hospital 2552-10 Worksheet S-3 Part II line 01100,https://downloads.cms.gov/Files/hcris/,ccn,180080,rn_contract_labor_dpc,blended,contract,97.88,,,1.0,,0.92,High,agency
d548f9b0-46da-475f-ae0d-42a6eb4ba704,08/31/2025,hcris_nmrc,CMS HCRIS Hospital 2552-10 Worksheet S-3 Part II line 01100,https://downloads.cms.gov/Files/hcris/,ccn,450101,rn_contract_labor_dpc,blended,contract,92.81,,,1.0,,0.92,High,agency
e302065c-b51e-4f3d-abf2-5de565b7bd59,08/31/2025,hcris_nmrc,CMS HCRIS Hospital 2552-10 Worksheet S-3 Part II line 01100,https://downloads.cms.gov/Files/hcris/,ccn,180093,rn_contract_labor_dpc,blended,contract,96.84,,,1.0,,0.92,High,agency
9e6f4c22-b2d1-4bec-b4d4-9e6b55a8825d,08/31/2025,hcris_nmrc,CMS HCRIS Hospital 2552-10 Worksheet S-3 Part II line 01100,https://downloads.cms.gov/Files/hcris/,ccn,050441,rn_contract_labor_dpc,blended,contract,106.28,,,1.0,,0.92,High,agency
4fda7e82-d29c-45b7-9e6b-cc081c5b08bd,08/31/2025,hcris_nmrc,CMS HCRIS Hospital 2552-10 Worksheet S-3 Part II line 01100,https://downloads.cms.gov/Files/hcris/,ccn,180103,rn_contract_labor_dpc,blended,contract,97.19,,,1.0,,0.92,High,agency
0de21357-3b47-4fba-9602-dbcca261547b,08/31/2025,hcris_nmrc,CMS HCRIS Hospital 2552-10 Worksheet S-3 Part II line 01100,https://downloads.cms.gov/Files/hcris/,ccn,440173,rn_contract_labor_dpc,blended,contract,89.01,,,1.0,,0.92,High,agency
df6f8609-b668-4ea7-b10b-49d7c866052e,08/31/2025,hcris_nmrc,CMS HCRIS Hospital 2552-10 Worksheet S-3 Part II line 01100,https://downloads.cms.gov/Files/hcris/,ccn,180049,rn_contract_labor_dpc,blended,contract,95.54,,,1.0,,0.92,High,agency
83dd42ff-5aad-4e1a-9900-75ef2b936bf0,08/31/2025,hcris_nmrc,CMS HCRIS Hospital 2552-10 Worksheet S-3 Part II line 01100,https://downloads.cms.gov/Files/hcris/,ccn,450587,rn_contract_labor_dpc,blended,contract,90.95,,,1.0,,0.92,High,agency
357552fe-ef1c-4e47-8c56-397eb3950350,08/31/2025,hcris_nmrc,CMS HCRIS Hospital 2552-10 Worksheet S-3 Part II line 01100,https://downloads.cms.gov/Files/hcris/,ccn,392045,rn_contract_labor_dpc,blended,contract,71.67,,,1.0,,0.92,High,agency
c4223d0d-1ba4-4682-a051-1017050486f4,08/31/2025,hcris_nmrc,CMS HCRIS Hospital 2552-10 Worksheet S-3 Part II line 01100,https://downloads.cms.gov/Files/hcris/,ccn,110086,rn_contract_labor_dpc,blended,contract,210.44,,,1.0,,0.92,High,agency
95c472dd-85ef-4c9b-b87a-b06b8e0c9d90,08/31/2025,hcris_nmrc,CMS HCRIS Hospital 2552-10 Worksheet S-3 Part II line 01100,https://downloads.cms.gov/Files/hcris/,ccn,180012,rn_contract_labor_dpc,blended,contract,95.72,,,1.0,,0.92,High,agency
f9104a93-35b8-4f9d-b63a-7179597bf0e0,08/31/2025,hcris_nmrc,CMS HCRIS Hospital 2552-10 Worksheet S-3 Part II line 01100,https://downloads.cms.gov/Files/hcris/,ccn,110082,rn_contract_labor_dpc,blended,contract,77.62,,,1.0,,0.92,High,agency
3f2536cb-5076-4b56-bf78-d0ba68b06422,08/31/2025,hcris_nmrc,CMS HCRIS Hospital 2552-10 Worksheet S-3 Part II line 01100,https://downloads.cms.gov/Files/hcris/,ccn,440194,rn_contract_labor_dpc,blended,contract,32.53,,,1.0,,0.92,High,agency
cd848fa5-cdea-43d8-87d5-a52767ce08e4,08/31/2025,hcris_nmrc,CMS HCRIS Hospital 2552-10 Worksheet S-3 Part II line 01100,https://downloads.cms.gov/Files/hcris/,ccn,030069,rn_contract_labor_dpc,blended,contract,89.2,,,1.0,,0.92,High,agency
10440cac-5d83-49da-a974-5957cc0c14be,08/31/2025,hcris_nmrc,CMS HCRIS Hospital 2552-10 Worksheet S-3 Part II line 01100,https://downloads.cms.gov/Files/hcris/,ccn,110078,rn_contract_labor_dpc,blended,contract,76.7,,,1.0,,0.92,High,agency
20f0ec18-9760-4da5-90de-1d9f919a3f1c,08/31/2025,hcris_nmrc,CMS HCRIS Hospital 2552-10 Worksheet S-3 Part II line 01100,https://downloads.cms.gov/Files/hcris/,ccn,110076,rn_contract_labor_dpc,blended,contract,77.39,,,1.0,,0.92,High,agency
241739a7-df17-43db-a664-351e00088ce2,08/31/2025,hcris_nmrc,CMS HCRIS Hospital 2552-10 Worksheet S-3 Part II line 01100,https://downloads.cms.gov/Files/hcris/,ccn,263027,rn_contract_labor_dpc,blended,contract,51.38,,,1.0,,0.92,High,agency
c5a06a0d-5a1c-4e0a-98d4-b629f2693dfc,08/31/2025,hcris_nmrc,CMS HCRIS Hospital 2552-10 Worksheet S-3 Part II line 01100,https://downloads.cms.gov/Files/hcris/,ccn,450788,rn_contract_labor_dpc,blended,contract,100.0,,,1.0,,0.92,High,agency
afd3c46f-e804-47bc-887d-7d9e0b3881bf,08/31/2025,hcris_nmrc,CMS HCRIS Hospital 2552-10 Worksheet S-3 Part II line 01100,https://downloads.cms.gov/Files/hcris/,ccn,490112,rn_contract_labor_dpc,blended,contract,61.6,,,1.0,,0.92,High,agency
9a39a583-525c-42ca-a142-1c4134738bf2,08/31/2025,hcris_nmrc,CMS HCRIS Hospital 2552-10 Worksheet S-3 Part II line 01100,https://downloads.cms.gov/Files/hcris/,ccn,372007,rn_contract_labor_dpc,blended,contract,66.41,,,1.0,,0.92,High,agency
4b09410f-ff1a-4c29-bf39-68ac61942de2,08/31/2025,hcris_nmrc,CMS HCRIS Hospital 2552-10 Worksheet S-3 Part II line 01100,https://downloads.cms.gov/Files/hcris/,ccn,670322,rn_contract_labor_dpc,blended,contract,71.07,,,1.0,,0.92,High,agency
6bf49e69-5138-4700-8c05-21f920c81090,2024-05-01,bls_oews,"BLS Occupational Employment and Wage Statistics, May 2024",https://www.bls.gov/oes/tables.htm,cbsa,13820,rn_29-1141,all,staff,36.3,,,,,0.9,High,wage
a41c3839-d243-4287-b3ff-8448c87d0daa,2024-05-01,bls_oews,"BLS Occupational Employment and Wage Statistics, May 2024",https://www.bls.gov/oes/tables.htm,cbsa,11260,rn_29-1141,all,staff,57.3,,,,,0.9,High,wage
d8cb32cb-c435-4402-ba3b-3f6a3ae249d3,2024-05-01,bls_oews,"BLS Occupational Employment and Wage Statistics, May 2024",https://www.bls.gov/oes/tables.htm,cbsa,38060,rn_29-1141,all,staff,48.95,,,,,0.9,High,wage
b9362960-033e-4ba8-a693-2a541fd5456c,2024-05-01,bls_oews,"BLS Occupational Employment and Wage Statistics, May 2024",https://www.bls.gov/oes/tables.htm,cbsa,46060,rn_29-1141,all,staff,46.3,,,,,0.9,High,wage
f75e7a8b-d376-43ee-98cc-1dd936e425cc,2024-05-01,bls_oews,"BLS Occupational Employment and Wage Statistics, May 2024",https://www.bls.gov/oes/tables.htm,cbsa,32820,rn_29-1141,all,staff,35.6,,,,,0.9,High,wage
9a88ee26-6a33-4f69-b8cf-5e151a8e9125,2024-05-01,bls_oews,"BLS Occupational Employment and Wage Statistics, May 2024",https://www.bls.gov/oes/tables.htm,cbsa,41860,rn_29-1141,all,staff,78.95,,,,,0.9,High,wage
02d0e67c-4f5c-4087-8cf4-90f68f90b10c,2024-05-01,bls_oews,"BLS Occupational Employment and Wage Statistics, May 2024",https://www.bls.gov/oes/tables.htm,cbsa,40900,rn_29-1141,all,staff,73.45,,,,,0.9,High,wage
bcb2e04a-dcbb-42b5-a67b-4156b6b84a69,2024-05-01,bls_oews,"BLS Occupational Employment and Wage Statistics, May 2024",https://www.bls.gov/oes/tables.htm,cbsa,40140,rn_29-1141,all,staff,62.1,,,,,0.9,High,wage
4536b650-dedd-4e11-b42b-420fa832a3df,2024-05-01,bls_oews,"BLS Occupational Employment and Wage Statistics, May 2024",https://www.bls.gov/oes/tables.htm,cbsa,41740,rn_29-1141,all,staff,65.2,,,,,0.9,High,wage
a92b13d2-70ed-4a0b-af4c-8db479c3e39c,2024-05-01,bls_oews,"BLS Occupational Employment and Wage Statistics, May 2024",https://www.bls.gov/oes/tables.htm,cbsa,12540,rn_29-1141,all,staff,57.05,,,,,0.9,High,wage
eb83fcea-9293-45e1-8967-0f888f74518a,2024-05-01,bls_oews,"BLS Occupational Employment and Wage Statistics, May 2024",https://www.bls.gov/oes/tables.htm,cbsa,41940,rn_29-1141,all,staff,81.46,,,,,0.9,High,wage
f89c89a6-4a3e-44c3-8b0b-6f315f998937,2024-05-01,bls_oews,"BLS Occupational Employment and Wage Statistics, May 2024",https://www.bls.gov/oes/tables.htm,cbsa,31080,rn_29-1141,all,staff,66.85,,,,,0.9,High,wage
2a323e11-2a99-4df7-aa57-fb0c30a81b7a,2024-05-01,bls_oews,"BLS Occupational Employment and Wage Statistics, May 2024",https://www.bls.gov/oes/tables.htm,cbsa,47300,rn_29-1141,all,staff,55.85,,,,,0.9,High,wage
45c1f196-c284-4f8b-bf66-0e0e29070f83,2024-05-01,bls_oews,"BLS Occupational Employment and Wage Statistics, May 2024",https://www.bls.gov/oes/tables.htm,cbsa,23420,rn_29-1141,all,staff,61.55,,,,,0.9,High,wage
6fc2bbd7-ebbc-451f-a26d-6fc17291156f,2024-05-01,bls_oews,"BLS Occupational Employment and Wage Statistics, May 2024",https://www.bls.gov/oes/tables.htm,cbsa,44700,rn_29-1141,all,staff,65.8,,,,,0.9,High,wage
3401bd74-8886-4e08-aa9e-b77f13813c0d,2024-05-01,bls_oews,"BLS Occupational Employment and Wage Statistics, May 2024",https://www.bls.gov/oes/tables.htm,cbsa,42220,rn_29-1141,all,staff,65.95,,,,,0.9,High,wage
471eed18-e5b0-4bc1-9a9a-9ed7c8299e1d,2024-05-01,bls_oews,"BLS Occupational Employment and Wage Statistics, May 2024",https://www.bls.gov/oes/tables.htm,cbsa,41500,rn_29-1141,all,staff,71.1,,,,,0.9,High,wage
b92b88a0-5441-4d3c-8df3-58fc0aa85c87,2024-05-01,bls_oews,"BLS Occupational Employment and Wage Statistics, May 2024",https://www.bls.gov/oes/tables.htm,cbsa,42100,rn_29-1141,all,staff,72.75,,,,,0.9,High,wage
dc9137fa-b56e-49eb-b1e6-0e69c5a993af,2024-05-01,bls_oews,"BLS Occupational Employment and Wage Statistics, May 2024",https://www.bls.gov/oes/tables.htm,cbsa,32900,rn_29-1141,all,staff,63.4,,,,,0.9,High,wage
cfe69a95-bc4d-4e17-9145-97994c82858d,2024-05-01,bls_oews,"BLS Occupational Employment and Wage Statistics, May 2024",https://www.bls.gov/oes/tables.htm,cbsa,19740,rn_29-1141,all,staff,46.2,,,,,0.9,High,wage
fa3260b6-825a-4219-a7c9-b21a3c5c05f8,2024-05-01,bls_oews,"BLS Occupational Employment and Wage Statistics, May 2024",https://www.bls.gov/oes/tables.htm,cbsa,37980,rn_29-1141,all,staff,47.3,,,,,0.9,High,wage
0de1350c-f04b-4205-89e0-fec3b231d562,2024-05-01,bls_oews,"BLS Occupational Employment and Wage Statistics, May 2024",https://www.bls.gov/oes/tables.htm,cbsa,47900,rn_29-1141,all,staff,50.2,,,,,0.9,High,wage
706c30c9-4f0f-4cac-a671-c89bd495a4b8,2024-05-01,bls_oews,"BLS Occupational Employment and Wage Statistics, May 2024",https://www.bls.gov/oes/tables.htm,cbsa,27260,rn_29-1141,all,staff,39.4,,,,,0.9,High,wage
212221f2-c15b-4081-9bfe-3fe01eb20c1d,2024-05-01,bls_oews,"BLS Occupational Employment and Wage Statistics, May 2024",https://www.bls.gov/oes/tables.htm,cbsa,33100,rn_29-1141,all,staff,40.3,,,,,0.9,High,wage
f50c5a26-8d73-4f5b-80a6-92848906d821,2024-05-01,bls_oews,"BLS Occupational Employment and Wage Statistics, May 2024",https://www.bls.gov/oes/tables.htm,cbsa,36740,rn_29-1141,all,staff,39.95,,,,,0.9,High,wage
5a33e8ae-a0f9-489b-aa89-e4560b541cea,2024-05-01,bls_oews,"BLS Occupational Employment and Wage Statistics, May 2024",https://www.bls.gov/oes/tables.htm,cbsa,45300,rn_29-1141,all,staff,40.55,,,,,0.9,High,wage
7645d680-490e-4d3a-bafe-8102dddf564b,2024-05-01,bls_oews,"BLS Occupational Employment and Wage Statistics, May 2024",https://www.bls.gov/oes/tables.htm,cbsa,12060,rn_29-1141,all,staff,42.85,,,,,0.9,High,wage
ea360ca4-e001-4e15-8918-3dbdc6c0fe9a,2024-05-01,bls_oews,"BLS Occupational Employment and Wage Statistics, May 2024",https://www.bls.gov/oes/tables.htm,cbsa,12260,rn_29-1141,all,staff,36.45,,,,,0.9,High,wage
01dd980a-3597-4457-ba55-439604488650,2024-05-01,bls_oews,"BLS Occupational Employment and Wage Statistics, May 2024",https://www.bls.gov/oes/tables.htm,cbsa,41180,rn_29-1141,all,staff,37.7,,,,,0.9,High,wage
7758ffd3-ec46-44d7-9ff4-8f121e061e3d,2024-05-01,bls_oews,"BLS Occupational Employment and Wage Statistics, May 2024",https://www.bls.gov/oes/tables.htm,cbsa,16980,rn_29-1141,all,staff,45.5,,,,,0.9,High,wage
01bfdf31-d94e-46e8-8da1-e7713545b7f1,2024-05-01,bls_oews,"BLS Occupational Employment and Wage Statistics, May 2024",https://www.bls.gov/oes/tables.htm,cbsa,26900,rn_29-1141,all,staff,38.45,,,,,0.9,High,wage
b68a50b4-cdec-4c6f-8d67-4daffb9402db,2024-05-01,bls_oews,"BLS Occupational Employment and Wage Statistics, May 2024",https://www.bls.gov/oes/tables.htm,cbsa,31140,rn_29-1141,all,staff,37.55,,,,,0.9,High,wage
b8a08025-a742-44c5-8c6c-7e27ca522b1a,2024-05-01,bls_oews,"BLS Occupational Employment and Wage Statistics, May 2024",https://www.bls.gov/oes/tables.htm,cbsa,17140,rn_29-1141,all,staff,38.85,,,,,0.9,High,wage
2487ef24-f43b-4bc4-bc66-d9713687e153,2024-05-01,bls_oews,"BLS Occupational Employment and Wage Statistics, May 2024",https://www.bls.gov/oes/tables.htm,cbsa,28140,rn_29-1141,all,staff,38.3,,,,,0.9,High,wage
7c50555d-5ce6-4574-9acc-06081136c6b1,2024-05-01,bls_oews,"BLS Occupational Employment and Wage Statistics, May 2024",https://www.bls.gov/oes/tables.htm,cbsa,12580,rn_29-1141,all,staff,48.3,,,,,0.9,High,wage
9aa735fc-737b-4945-8173-54e16467dfbd,2024-05-01,bls_oews,"BLS Occupational Employment and Wage Statistics, May 2024",https://www.bls.gov/oes/tables.htm,cbsa,14460,rn_29-1141,all,staff,56.95,,,,,0.9,High,wage
ddfa42ba-6b39-490c-8c16-169435d2ad14,2024-05-01,bls_oews,"BLS Occupational Employment and Wage Statistics, May 2024",https://www.bls.gov/oes/tables.htm,cbsa,39300,rn_29-1141,all,staff,47.55,,,,,0.9,High,wage
9f11f6a1-c02b-4c0b-880f-226230c215e0,2024-05-01,bls_oews,"BLS Occupational Employment and Wage Statistics, May 2024",https://www.bls.gov/oes/tables.htm,cbsa,19820,rn_29-1141,all,staff,40.85,,,,,0.9,High,wage
a95c123c-a981-4e1a-b961-a121efeaa924,2024-05-01,bls_oews,"BLS Occupational Employment and Wage Statistics, May 2024",https://www.bls.gov/oes/tables.htm,cbsa,33460,rn_29-1141,all,staff,47.8,,,,,0.9,High,wage
180e1ff7-0b93-472d-81c6-d2a87fe7bf37,2024-05-01,bls_oews,"BLS Occupational Employment and Wage Statistics, May 2024",https://www.bls.gov/oes/tables.htm,cbsa,39900,rn_29-1141,all,staff,52.4,,,,,0.9,High,wage
aeaa0530-05f7-42c8-b58a-d30ab5663d50,2024-05-01,bls_oews,"BLS Occupational Employment and Wage Statistics, May 2024",https://www.bls.gov/oes/tables.htm,cbsa,29820,rn_29-1141,all,staff,54.65,,,,,0.9,High,wage
5e04e1af-0b7a-4f6e-9e93-412a94ecc077,2024-05-01,bls_oews,"BLS Occupational Employment and Wage Statistics, May 2024",https://www.bls.gov/oes/tables.htm,cbsa,31700,rn_29-1141,all,staff,44.65,,,,,0.9,High,wage
c4d19656-1f47-4f9d-924e-1b1ef6f13a02,2024-05-01,bls_oews,"BLS Occupational Employment and Wage Statistics, May 2024",https://www.bls.gov/oes/tables.htm,cbsa,35620,rn_29-1141,all,staff,56.1,,,,,0.9,High,wage
c44973e2-ae85-483f-bbda-db512f6d1c09,2024-05-01,bls_oews,"BLS Occupational Employment and Wage Statistics, May 2024",https://www.bls.gov/oes/tables.htm,cbsa,13780,rn_29-1141,all,staff,43.95,,,,,0.9,High,wage
b5b50ae9-5f23-4b7b-a0cf-ae2bd899b529,2024-05-01,bls_oews,"BLS Occupational Employment and Wage Statistics, May 2024",https://www.bls.gov/oes/tables.htm,cbsa,16740,rn_29-1141,all,staff,39.95,,,,,0.9,High,wage
8915cfc2-11f2-4fc8-b4d9-6d8f3efff6e2,2024-05-01,bls_oews,"BLS Occupational Employment and Wage Statistics, May 2024",https://www.bls.gov/oes/tables.htm,cbsa,39580,rn_29-1141,all,staff,39.3,,,,,0.9,High,wage
04aed10f-88ad-43ab-92d3-eaa19c32a062,2024-05-01,bls_oews,"BLS Occupational Employment and Wage Statistics, May 2024",https://www.bls.gov/oes/tables.htm,cbsa,18140,rn_29-1141,all,staff,39.55,,,,,0.9,High,wage
45aad397-b428-4aa6-b390-4d543371ff33,2024-05-01,bls_oews,"BLS Occupational Employment and Wage Statistics, May 2024",https://www.bls.gov/oes/tables.htm,cbsa,38900,rn_29-1141,all,staff,58.8,,,,,0.9,High,wage
a88b442e-57ea-4b59-884a-e825e67d0204,2024-05-01,bls_oews,"BLS Occupational Employment and Wage Statistics, May 2024",https://www.bls.gov/oes/tables.htm,cbsa,34980,rn_29-1141,all,staff,36.85,,,,,0.9,High,wage
72001ace-0539-4f70-8209-371095a77223,2024-05-01,bls_oews,"BLS Occupational Employment and Wage Statistics, May 2024",https://www.bls.gov/oes/tables.htm,cbsa,21340,rn_29-1141,all,staff,40.1,,,,,0.9,High,wage
c30cc73b-82d2-4007-a406-131a4797e6ea,2024-05-01,bls_oews,"BLS Occupational Employment and Wage Statistics, May 2024",https://www.bls.gov/oes/tables.htm,cbsa,19100,rn_29-1141,all,staff,45.2,,,,,0.9,High,wage
b3e9a043-9727-483e-82ea-4ab6b490219f,2024-05-01,bls_oews,"BLS Occupational Employment and Wage Statistics, May 2024",https://www.bls.gov/oes/tables.htm,cbsa,26420,rn_29-1141,all,staff,46.85,,,,,0.9,High,wage
1bc5e36d-7ef3-4e6d-91a5-fcc51b7be128,2024-05-01,bls_oews,"BLS Occupational Employment and Wage Statistics, May 2024",https://www.bls.gov/oes/tables.htm,cbsa,13140,rn_29-1141,all,staff,41.05,,,,,0.9,High,wage
f0c75820-4968-4a7e-a29c-ed4a4c3ca14f,2024-05-01,bls_oews,"BLS Occupational Employment and Wage Statistics, May 2024",https://www.bls.gov/oes/tables.htm,cbsa,12420,rn_29-1141,all,staff,45.95,,,,,0.9,High,wage
1305f87b-a28d-47ec-9d2d-a73921670f25,2024-05-01,bls_oews,"BLS Occupational Employment and Wage Statistics, May 2024",https://www.bls.gov/oes/tables.htm,cbsa,41700,rn_29-1141,all,staff,42.65,,,,,0.9,High,wage
879936ea-ced3-48a1-9e89-1de95091fbed,2024-05-01,bls_oews,"BLS Occupational Employment and Wage Statistics, May 2024",https://www.bls.gov/oes/tables.htm,cbsa,47260,rn_29-1141,all,staff,39.75,,,,,0.9,High,wage
45300f0e-633f-4d5b-9a2b-f59b7c4989e3,2024-05-01,bls_oews,"BLS Occupational Employment and Wage Statistics, May 2024",https://www.bls.gov/oes/tables.htm,cbsa,40060,rn_29-1141,all,staff,40.55,,,,,0.9,High,wage
ab04b9d1-3098-4c34-9010-fb88dd666ac4,2024-05-01,bls_oews,"BLS Occupational Employment and Wage Statistics, May 2024",https://www.bls.gov/oes/tables.htm,cbsa,42660,rn_29-1141,all,staff,61.5,,,,,0.9,High,wage
482bbd98-380f-4e96-b0da-81903548d182,2024-05-01,bls_oews,"BLS Occupational Employment and Wage Statistics, May 2024",https://www.bls.gov/oes/tables.htm,cbsa,44060,rn_29-1141,all,staff,51.85,,,,,0.9,High,wage
4666e6c1-6719-4504-b865-259f2a25eda1,2024-05-01,bls_oews,"BLS Occupational Employment and Wage Statistics, May 2024",https://www.bls.gov/oes/tables.htm,cbsa,33340,rn_29-1141,all,staff,42.7,,,,,0.9,High,wage
3ebd8bd6-2fe6-4cbe-82ab-738a15ca1352,2024-05-01,bls_oews,"BLS Occupational Employment and Wage Statistics, May 2024",https://www.bls.gov/oes/tables.htm,cbsa,31540,rn_29-1141,all,staff,43.85,,,,,0.9,High,wage
cfa33d62-b1ab-47e1-82b9-4eab7025bcfa,2024-05-01,bls_oews_state_placeholder,BLS OEWS May 2024 state-level estimate (hardcoded fallback),https://www.bls.gov/oes/tables.htm,state,AK,rn_29-1141,all,staff,55.1,,,,,0.4,Low,wage
d5fd0e0f-941c-4bb6-bcb1-b4bc63ba3209,2024-05-01,bls_oews_state_placeholder,BLS OEWS May 2024 state-level estimate (hardcoded fallback),https://www.bls.gov/oes/tables.htm,state,AL,rn_29-1141,all,staff,36.8,,,,,0.4,Low,wage
22ed5a68-4f26-41e1-ad86-c3d4f93f4de4,2024-05-01,bls_oews_state_placeholder,BLS OEWS May 2024 state-level estimate (hardcoded fallback),https://www.bls.gov/oes/tables.htm,state,AR,rn_29-1141,all,staff,38.4,,,,,0.4,Low,wage
5c9c04d0-731a-497f-a63d-b2220f606197,2024-05-01,bls_oews_state_placeholder,BLS OEWS May 2024 state-level estimate (hardcoded fallback),https://www.bls.gov/oes/tables.htm,state,AZ,rn_29-1141,all,staff,47.2,,,,,0.4,Low,wage
68329f4e-876e-4e79-8c31-fe0a97ab079e,2024-05-01,bls_oews_state_placeholder,BLS OEWS May 2024 state-level estimate (hardcoded fallback),https://www.bls.gov/oes/tables.htm,state,CA,rn_29-1141,all,staff,65.95,,,,,0.4,Low,wage
9d1cd593-1da0-46dc-96fc-b150f7aa28d0,2024-05-01,bls_oews_state_placeholder,BLS OEWS May 2024 state-level estimate (hardcoded fallback),https://www.bls.gov/oes/tables.htm,state,CO,rn_29-1141,all,staff,44.6,,,,,0.4,Low,wage
c024c2e5-898b-44c1-8f29-8efca9445a44,2024-05-01,bls_oews_state_placeholder,BLS OEWS May 2024 state-level estimate (hardcoded fallback),https://www.bls.gov/oes/tables.htm,state,CT,rn_29-1141,all,staff,47.2,,,,,0.4,Low,wage
a6c46372-ed70-4eaf-8eb0-50af466c4a54,2024-05-01,bls_oews_state_placeholder,BLS OEWS May 2024 state-level estimate (hardcoded fallback),https://www.bls.gov/oes/tables.htm,state,DC,rn_29-1141,all,staff,50.15,,,,,0.4,Low,wage
71b7b731-6163-4e97-b453-0b6346b42fe0,2024-05-01,bls_oews_state_placeholder,BLS OEWS May 2024 state-level estimate (hardcoded fallback),https://www.bls.gov/oes/tables.htm,state,DE,rn_29-1141,all,staff,43.5,,,,,0.4,Low,wage
f4ce6e6f-6532-4d70-8d07-1accfcbe6e96,2024-05-01,bls_oews_state_placeholder,BLS OEWS May 2024 state-level estimate (hardcoded fallback),https://www.bls.gov/oes/tables.htm,state,FL,rn_29-1141,all,staff,39.5,,,,,0.4,Low,wage
c966f815-3b1c-41d3-95e6-27d53fb0cc7d,2024-05-01,bls_oews_state_placeholder,BLS OEWS May 2024 state-level estimate (hardcoded fallback),https://www.bls.gov/oes/tables.htm,state,GA,rn_29-1141,all,staff,41.3,,,,,0.4,Low,wage
e1a80d26-f8fe-4d2c-8885-acfbb51469a4,2024-05-01,bls_oews_state_placeholder,BLS OEWS May 2024 state-level estimate (hardcoded fallback),https://www.bls.gov/oes/tables.htm,state,HI,rn_29-1141,all,staff,60.45,,,,,0.4,Low,wage
a17da971-b5c4-4027-ae3e-86dc53f27e89,2024-05-01,bls_oews_state_placeholder,BLS OEWS May 2024 state-level estimate (hardcoded fallback),https://www.bls.gov/oes/tables.htm,state,IA,rn_29-1141,all,staff,36.95,,,,,0.4,Low,wage
6d0a9afa-5dd1-414c-bbff-c89ee6cec099,2024-05-01,bls_oews_state_placeholder,BLS OEWS May 2024 state-level estimate (hardcoded fallback),https://www.bls.gov/oes/tables.htm,state,ID,rn_29-1141,all,staff,41.4,,,,,0.4,Low,wage
70d2177a-2037-4457-b2c2-6b5c24dec03a,2024-05-01,bls_oews_state_placeholder,BLS OEWS May 2024 state-level estimate (hardcoded fallback),https://www.bls.gov/oes/tables.htm,state,IL,rn_29-1141,all,staff,43.75,,,,,0.4,Low,wage
f4ca643a-8819-4bbe-b11e-8c0cf257af57,2024-05-01,bls_oews_state_placeholder,BLS OEWS May 2024 state-level estimate (hardcoded fallback),https://www.bls.gov/oes/tables.htm,state,IN,rn_29-1141,all,staff,37.75,,,,,0.4,Low,wage
1b6932b1-0e3d-4d72-a7d0-e95a756e1064,2024-05-01,bls_oews_state_placeholder,BLS OEWS May 2024 state-level estimate (hardcoded fallback),https://www.bls.gov/oes/tables.htm,state,KS,rn_29-1141,all,staff,36.4,,,,,0.4,Low,wage
ae9f38f3-7b4a-4a42-aa6c-242c67ec39fd,2024-05-01,bls_oews_state_placeholder,BLS OEWS May 2024 state-level estimate (hardcoded fallback),https://www.bls.gov/oes/tables.htm,state,KY,rn_29-1141,all,staff,38.3,,,,,0.4,Low,wage
4fbca349-f109-4173-a82f-1e8a93009ebc,2024-05-01,bls_oews_state_placeholder,BLS OEWS May 2024 state-level estimate (hardcoded fallback),https://www.bls.gov/oes/tables.htm,state,LA,rn_29-1141,all,staff,39.2,,,,,0.4,Low,wage
efa9e6b6-88c6-4197-864c-6e9b28fa18bd,2024-05-01,bls_oews_state_placeholder,BLS OEWS May 2024 state-level estimate (hardcoded fallback),https://www.bls.gov/oes/tables.htm,state,MA,rn_29-1141,all,staff,53.2,,,,,0.4,Low,wage
ac34a4cb-29e2-49ac-9845-327fa56f0844,2024-05-01,bls_oews_state_placeholder,BLS OEWS May 2024 state-level estimate (hardcoded fallback),https://www.bls.gov/oes/tables.htm,state,MD,rn_29-1141,all,staff,45.75,,,,,0.4,Low,wage
d4c33529-43d4-498f-ae7c-38ecf58b621a,2024-05-01,bls_oews_state_placeholder,BLS OEWS May 2024 state-level estimate (hardcoded fallback),https://www.bls.gov/oes/tables.htm,state,ME,rn_29-1141,all,staff,43.2,,,,,0.4,Low,wage
f20fbaa6-69b3-4d2f-993d-47672d58ff58,2024-05-01,bls_oews_state_placeholder,BLS OEWS May 2024 state-level estimate (hardcoded fallback),https://www.bls.gov/oes/tables.htm,state,MI,rn_29-1141,all,staff,40.6,,,,,0.4,Low,wage
76f401f1-d202-4cb1-9811-2485d9eaef0c,2024-05-01,bls_oews_state_placeholder,BLS OEWS May 2024 state-level estimate (hardcoded fallback),https://www.bls.gov/oes/tables.htm,state,MN,rn_29-1141,all,staff,46.85,,,,,0.4,Low,wage
5a44aa03-685b-496e-8ac9-26d3a3cc09ee,2024-05-01,bls_oews_state_placeholder,BLS OEWS May 2024 state-level estimate (hardcoded fallback),https://www.bls.gov/oes/tables.htm,state,MO,rn_29-1141,all,staff,38.1,,,,,0.4,Low,wage
a5e7e58f-89f3-482a-b87b-7f4b69058217,2024-05-01,bls_oews_state_placeholder,BLS OEWS May 2024 state-level estimate (hardcoded fallback),https://www.bls.gov/oes/tables.htm,state,MS,rn_29-1141,all,staff,35.45,,,,,0.4,Low,wage
ab695800-ec26-45b3-bb89-6d570c1b52a3,2024-05-01,bls_oews_state_placeholder,BLS OEWS May 2024 state-level estimate (hardcoded fallback),https://www.bls.gov/oes/tables.htm,state,MT,rn_29-1141,all,staff,39.8,,,,,0.4,Low,wage
db1f10f7-ad7c-4b2f-85d2-592d1c686cc8,2024-05-01,bls_oews_state_placeholder,BLS OEWS May 2024 state-level estimate (hardcoded fallback),https://www.bls.gov/oes/tables.htm,state,NC,rn_29-1141,all,staff,38.8,,,,,0.4,Low,wage
93c84de7-ebe8-459f-a701-2569d03acf0b,2024-05-01,bls_oews_state_placeholder,BLS OEWS May 2024 state-level estimate (hardcoded fallback),https://www.bls.gov/oes/tables.htm,state,ND,rn_29-1141,all,staff,38.95,,,,,0.4,Low,wage
df08f5f7-c5df-40b5-930f-57f49a26dc71,2024-05-01,bls_oews_state_placeholder,BLS OEWS May 2024 state-level estimate (hardcoded fallback),https://www.bls.gov/oes/tables.htm,state,NE,rn_29-1141,all,staff,38.45,,,,,0.4,Low,wage
69c9180e-5cad-49ba-acb3-4bce54d71698,2024-05-01,bls_oews_state_placeholder,BLS OEWS May 2024 state-level estimate (hardcoded fallback),https://www.bls.gov/oes/tables.htm,state,NH,rn_29-1141,all,staff,44.65,,,,,0.4,Low,wage
adf415e8-cba4-4327-a6ce-c5ea02a18e6f,2024-05-01,bls_oews_state_placeholder,BLS OEWS May 2024 state-level estimate (hardcoded fallback),https://www.bls.gov/oes/tables.htm,state,NJ,rn_29-1141,all,staff,50.95,,,,,0.4,Low,wage
51485ba4-4f8b-4bb0-a724-2b11d8a5f579,2024-05-01,bls_oews_state_placeholder,BLS OEWS May 2024 state-level estimate (hardcoded fallback),https://www.bls.gov/oes/tables.htm,state,NM,rn_29-1141,all,staff,42.75,,,,,0.4,Low,wage
3649c120-c87f-4dcf-aae7-b28cd3ea3312,2024-05-01,bls_oews_state_placeholder,BLS OEWS May 2024 state-level estimate (hardcoded fallback),https://www.bls.gov/oes/tables.htm,state,NV,rn_29-1141,all,staff,53.1,,,,,0.4,Low,wage
797db94d-303a-4265-90d7-d157729ab3cd,2024-05-01,bls_oews_state_placeholder,BLS OEWS May 2024 state-level estimate (hardcoded fallback),https://www.bls.gov/oes/tables.htm,state,NY,rn_29-1141,all,staff,52.85,,,,,0.4,Low,wage
1110cc99-20bf-4607-aeba-8dc4cfa02d0c,2024-05-01,bls_oews_state_placeholder,BLS OEWS May 2024 state-level estimate (hardcoded fallback),https://www.bls.gov/oes/tables.htm,state,OH,rn_29-1141,all,staff,40.25,,,,,0.4,Low,wage
bd5e8ba9-d631-4c18-bcee-fdec31119d96,2024-05-01,bls_oews_state_placeholder,BLS OEWS May 2024 state-level estimate (hardcoded fallback),https://www.bls.gov/oes/tables.htm,state,OK,rn_29-1141,all,staff,39.45,,,,,0.4,Low,wage
5e94b202-14eb-4765-8162-d8d1f4abb84c,2024-05-01,bls_oews_state_placeholder,BLS OEWS May 2024 state-level estimate (hardcoded fallback),https://www.bls.gov/oes/tables.htm,state,OR,rn_29-1141,all,staff,53.85,,,,,0.4,Low,wage
274ed728-9dff-403e-8eee-868a48fe621a,2024-05-01,bls_oews_state_placeholder,BLS OEWS May 2024 state-level estimate (hardcoded fallback),https://www.bls.gov/oes/tables.htm,state,PA,rn_29-1141,all,staff,42.5,,,,,0.4,Low,wage
3d9acc8f-9a98-4858-ac42-6ae421c8d615,2024-05-01,bls_oews_state_placeholder,BLS OEWS May 2024 state-level estimate (hardcoded fallback),https://www.bls.gov/oes/tables.htm,state,RI,rn_29-1141,all,staff,47.4,,,,,0.4,Low,wage
c17feb39-05f1-4a6a-921b-132c7b3fb3db,2024-05-01,bls_oews_state_placeholder,BLS OEWS May 2024 state-level estimate (hardcoded fallback),https://www.bls.gov/oes/tables.htm,state,SC,rn_29-1141,all,staff,39.1,,,,,0.4,Low,wage
acb11ae6-40f4-4901-a0e1-eb8e412211a7,2024-05-01,bls_oews_state_placeholder,BLS OEWS May 2024 state-level estimate (hardcoded fallback),https://www.bls.gov/oes/tables.htm,state,SD,rn_29-1141,all,staff,34.7,,,,,0.4,Low,wage
c6db3334-1009-4381-b82b-0f24084cfb32,2024-05-01,bls_oews_state_placeholder,BLS OEWS May 2024 state-level estimate (hardcoded fallback),https://www.bls.gov/oes/tables.htm,state,TN,rn_29-1141,all,staff,35.8,,,,,0.4,Low,wage
edf367e7-16b0-408d-8d52-32d746cb43e5,2024-05-01,bls_oews_state_placeholder,BLS OEWS May 2024 state-level estimate (hardcoded fallback),https://www.bls.gov/oes/tables.htm,state,TX,rn_29-1141,all,staff,44.05,,,,,0.4,Low,wage
6a30f01a-e159-42b2-b06b-f6a51ed1030a,2024-05-01,bls_oews_state_placeholder,BLS OEWS May 2024 state-level estimate (hardcoded fallback),https://www.bls.gov/oes/tables.htm,state,UT,rn_29-1141,all,staff,40.05,,,,,0.4,Low,wage
ceb7c1eb-acfd-4610-86db-f85fa6380217,2024-05-01,bls_oews_state_placeholder,BLS OEWS May 2024 state-level estimate (hardcoded fallback),https://www.bls.gov/oes/tables.htm,state,VA,rn_29-1141,all,staff,42.4,,,,,0.4,Low,wage
4ed7c370-6fc1-416c-b353-23e638f595f9,2024-05-01,bls_oews_state_placeholder,BLS OEWS May 2024 state-level estimate (hardcoded fallback),https://www.bls.gov/oes/tables.htm,state,VT,rn_29-1141,all,staff,42.95,,,,,0.4,Low,wage
d10d1a44-99a1-487e-86e6-519ea0245bc7,2024-05-01,bls_oews_state_placeholder,BLS OEWS May 2024 state-level estimate (hardcoded fallback),https://www.bls.gov/oes/tables.htm,state,WA,rn_29-1141,all,staff,51.85,,,,,0.4,Low,wage
b68b7bcb-d652-4e80-838b-9495796c33e4,2024-05-01,bls_oews_state_placeholder,BLS OEWS May 2024 state-level estimate (hardcoded fallback),https://www.bls.gov/oes/tables.htm,state,WI,rn_29-1141,all,staff,41.7,,,,,0.4,Low,wage
6628dc1e-484e-4cb2-9b28-4aa0c2982e6b,2024-05-01,bls_oews_state_placeholder,BLS OEWS May 2024 state-level estimate (hardcoded fallback),https://www.bls.gov/oes/tables.htm,state,WV,rn_29-1141,all,staff,38.35,,,,,0.4,Low,wage
29055098-8093-4005-a286-6bfbf8438445,2024-05-01,bls_oews_state_placeholder,BLS OEWS May 2024 state-level estimate (hardcoded fallback),https://www.bls.gov/oes/tables.htm,state,WY,rn_29-1141,all,staff,38.65,,,,,0.4,Low,wage
75b0698c-e1e3-4b90-9693-76d5cd30ac00,2024-05-01,bls_oews_state_placeholder,BLS OEWS May 2024 state-level estimate (hardcoded fallback),https://www.bls.gov/oes/tables.htm,state,PR,rn_29-1141,all,staff,22.0,,,,,0.4,Low,wage
5cdab5b5-8dc8-4444-ab34-08db9a62917b,2024-05-01,bls_oews_state_placeholder,BLS OEWS May 2024 state-level estimate (hardcoded fallback),https://www.bls.gov/oes/tables.htm,state,VI,rn_29-1141,all,staff,30.0,,,,,0.4,Low,wage
117dd8b2-5a18-4e4c-b47b-8f76ac91fc04,2024-05-01,bls_oews_state_placeholder,BLS OEWS May 2024 state-level estimate (hardcoded fallback),https://www.bls.gov/oes/tables.htm,state,GU,rn_29-1141,all,staff,32.0,,,,,0.4,Low,wage
97a964c3-6834-45d2-b14b-4407734e0529,2024-05-01,bls_oews_state_placeholder,BLS OEWS May 2024 state-level estimate (hardcoded fallback),https://www.bls.gov/oes/tables.htm,state,MP,rn_29-1141,all,staff,25.0,,,,,0.4,Low,wage
e166b32c-f1ed-4ea1-b8d8-d3417f9846ac,2024-05-01,bls_oews_state_placeholder,BLS OEWS May 2024 state-level estimate (hardcoded fallback),https://www.bls.gov/oes/tables.htm,state,AS,rn_29-1141,all,staff,22.0,,,,,0.4,Low,wage
f689b01f-b075-4e90-9f54-05d5a3f53a93,2024-12-31,system_msp_overlay,Health-system-level MSP markup not captured in HCRIS,User-disclosed; cross-referenced against AMN Healthcare 10-K filings and Kaiser Permanente Form 990 (KFH Permanente Medical Group reports).,ccn,050070,msp_markup,all,contract,17.39,,,,,0.95,High,agency_overlay
df6fab19-73bf-40ce-a2b9-ea3cb37f2453,2024-12-31,system_msp_overlay,Health-system-level MSP markup not captured in HCRIS,User-disclosed; cross-referenced against AMN Healthcare 10-K filings and Kaiser Permanente Form 990 (KFH Permanente Medical Group reports).,ccn,050071,msp_markup,all,contract,17.39,,,,,0.95,High,agency_overlay
f0f5052d-9dea-4db1-9c16-985aeba6aaea,2024-12-31,system_msp_overlay,Health-system-level MSP markup not captured in HCRIS,User-disclosed; cross-referenced against AMN Healthcare 10-K filings and Kaiser Permanente Form 990 (KFH Permanente Medical Group reports).,ccn,050072,msp_markup,all,contract,17.39,,,,,0.95,High,agency_overlay
75f5c28a-a627-4d91-a308-1a37d32c635b,2024-12-31,system_msp_overlay,Health-system-level MSP markup not captured in HCRIS,User-disclosed; cross-referenced against AMN Healthcare 10-K filings and Kaiser Permanente Form 990 (KFH Permanente Medical Group reports).,ccn,050073,msp_markup,all,contract,17.39,,,,,0.95,High,agency_overlay
698ed6a3-4dc9-4be7-96ca-40803d9383d3,2024-12-31,system_msp_overlay,Health-system-level MSP markup not captured in HCRIS,User-disclosed; cross-referenced against AMN Healthcare 10-K filings and Kaiser Permanente Form 990 (KFH Permanente Medical Group reports).,ccn,050075,msp_markup,all,contract,17.39,,,,,0.95,High,agency_overlay
9974d64c-2d0a-42d2-ad71-eeb49c9a2190,2024-12-31,system_msp_overlay,Health-system-level MSP markup not captured in HCRIS,User-disclosed; cross-referenced against AMN Healthcare 10-K filings and Kaiser Permanente Form 990 (KFH Permanente Medical Group reports).,ccn,050076,msp_markup,all,contract,17.39,,,,,0.95,High,agency_overlay
cd5f33d6-02e3-46db-a1bf-26741d5f1ae3,2024-12-31,system_msp_overlay,Health-system-level MSP markup not captured in HCRIS,User-disclosed; cross-referenced against AMN Healthcare 10-K filings and Kaiser Permanente Form 990 (KFH Permanente Medical Group reports).,ccn,050137,msp_markup,all,contract,17.39,,,,,0.95,High,agency_overlay
33673449-4de1-422b-a444-399d09b5ef5b,2024-12-31,system_msp_overlay,Health-system-level MSP markup not captured in HCRIS,User-disclosed; cross-referenced against AMN Healthcare 10-K filings and Kaiser Permanente Form 990 (KFH Permanente Medical Group reports).,ccn,050138,msp_markup,all,contract,17.39,,,,,0.95,High,agency_overlay
0055c6c7-7bcd-405f-a867-f41b256280cd,2024-12-31,system_msp_overlay,Health-system-level MSP markup not captured in HCRIS,User-disclosed; cross-referenced against AMN Healthcare 10-K filings and Kaiser Permanente Form 990 (KFH Permanente Medical Group reports).,ccn,050139,msp_markup,all,contract,17.39,,,,,0.95,High,agency_overlay
7a8e0cea-16b2-40b7-bfc6-eb87bbc63ad9,2024-12-31,system_msp_overlay,Health-system-level MSP markup not captured in HCRIS,User-disclosed; cross-referenced against AMN Healthcare 10-K filings and Kaiser Permanente Form 990 (KFH Permanente Medical Group reports).,ccn,050140,msp_markup,all,contract,17.39,,,,,0.95,High,agency_overlay
c460e566-8432-4fa9-a195-c577754288cb,2024-12-31,system_msp_overlay,Health-system-level MSP markup not captured in HCRIS,User-disclosed; cross-referenced against AMN Healthcare 10-K filings and Kaiser Permanente Form 990 (KFH Permanente Medical Group reports).,ccn,050411,msp_markup,all,contract,17.39,,,,,0.95,High,agency_overlay
489cfc53-4c08-463a-a5c4-2426ee3fe4c2,2024-12-31,system_msp_overlay,Health-system-level MSP markup not captured in HCRIS,User-disclosed; cross-referenced against AMN Healthcare 10-K filings and Kaiser Permanente Form 990 (KFH Permanente Medical Group reports).,ccn,050425,msp_markup,all,contract,17.39,,,,,0.95,High,agency_overlay
47c5929c-3336-497c-8ad1-34c162f68ea8,2024-12-31,system_msp_overlay,Health-system-level MSP markup not captured in HCRIS,User-disclosed; cross-referenced against AMN Healthcare 10-K filings and Kaiser Permanente Form 990 (KFH Permanente Medical Group reports).,ccn,050510,msp_markup,all,contract,17.39,,,,,0.95,High,agency_overlay
2ac45476-dbff-41c5-91ad-4a7b287b2973,2024-12-31,system_msp_overlay,Health-system-level MSP markup not captured in HCRIS,User-disclosed; cross-referenced against AMN Healthcare 10-K filings and Kaiser Permanente Form 990 (KFH Permanente Medical Group reports).,ccn,050512,msp_markup,all,contract,17.39,,,,,0.95,High,agency_overlay
d6337d1e-933c-42e8-a6c4-6c14f1f899ab,2024-12-31,system_msp_overlay,Health-system-level MSP markup not captured in HCRIS,User-disclosed; cross-referenced against AMN Healthcare 10-K filings and Kaiser Permanente Form 990 (KFH Permanente Medical Group reports).,ccn,050515,msp_markup,all,contract,17.39,,,,,0.95,High,agency_overlay
168a1d9c-8ffa-4e1d-a9e8-c06282aa943a,2024-12-31,system_msp_overlay,Health-system-level MSP markup not captured in HCRIS,User-disclosed; cross-referenced against AMN Healthcare 10-K filings and Kaiser Permanente Form 990 (KFH Permanente Medical Group reports).,ccn,050541,msp_markup,all,contract,17.39,,,,,0.95,High,agency_overlay
41b81dd1-73ae-4073-bf67-ae3f7ae301c4,2024-12-31,system_msp_overlay,Health-system-level MSP markup not captured in HCRIS,User-disclosed; cross-referenced against AMN Healthcare 10-K filings and Kaiser Permanente Form 990 (KFH Permanente Medical Group reports).,ccn,050561,msp_markup,all,contract,17.39,,,,,0.95,High,agency_overlay
acf358c9-4efa-4491-9247-d9feb2b79298,2024-12-31,system_msp_overlay,Health-system-level MSP markup not captured in HCRIS,User-disclosed; cross-referenced against AMN Healthcare 10-K filings and Kaiser Permanente Form 990 (KFH Permanente Medical Group reports).,ccn,050604,msp_markup,all,contract,17.39,,,,,0.95,High,agency_overlay
60e6a683-fee8-4f78-8e8d-9d01bceb0033,2024-12-31,system_msp_overlay,Health-system-level MSP markup not captured in HCRIS,User-disclosed; cross-referenced against AMN Healthcare 10-K filings and Kaiser Permanente Form 990 (KFH Permanente Medical Group reports).,ccn,050609,msp_markup,all,contract,17.39,,,,,0.95,High,agency_overlay
57385c13-ae3e-4dfc-89c1-a7d9bd6c6fad,2024-12-31,system_msp_overlay,Health-system-level MSP markup not captured in HCRIS,User-disclosed; cross-referenced against AMN Healthcare 10-K filings and Kaiser Permanente Form 990 (KFH Permanente Medical Group reports).,ccn,050674,msp_markup,all,contract,17.39,,,,,0.95,High,agency_overlay
4081219c-1dbb-465c-9b20-165e8e2db929,2024-12-31,system_msp_overlay,Health-system-level MSP markup not captured in HCRIS,User-disclosed; cross-referenced against AMN Healthcare 10-K filings and Kaiser Permanente Form 990 (KFH Permanente Medical Group reports).,ccn,050677,msp_markup,all,contract,17.39,,,,,0.95,High,agency_overlay
92766a61-d4d0-4b60-819d-497a93fd3c26,2024-12-31,system_msp_overlay,Health-system-level MSP markup not captured in HCRIS,User-disclosed; cross-referenced against AMN Healthcare 10-K filings and Kaiser Permanente Form 990 (KFH Permanente Medical Group reports).,ccn,050686,msp_markup,all,contract,17.39,,,,,0.95,High,agency_overlay
a8d29bd7-6e14-45ed-8ff8-c7c031db0d9b,2024-12-31,system_msp_overlay,Health-system-level MSP markup not captured in HCRIS,User-disclosed; cross-referenced against AMN Healthcare 10-K filings and Kaiser Permanente Form 990 (KFH Permanente Medical Group reports).,ccn,050690,msp_markup,all,contract,17.39,,,,,0.95,High,agency_overlay
c4477757-7834-4b38-9a65-640b23eb26fa,2024-12-31,system_msp_overlay,Health-system-level MSP markup not captured in HCRIS,User-disclosed; cross-referenced against AMN Healthcare 10-K filings and Kaiser Permanente Form 990 (KFH Permanente Medical Group reports).,ccn,050710,msp_markup,all,contract,17.39,,,,,0.95,High,agency_overlay
d4758558-6280-48e6-bf1f-b2c94b24e369,2024-12-31,system_msp_overlay,Health-system-level MSP markup not captured in HCRIS,User-disclosed; cross-referenced against AMN Healthcare 10-K filings and Kaiser Permanente Form 990 (KFH Permanente Medical Group reports).,ccn,050723,msp_markup,all,contract,17.39,,,,,0.95,High,agency_overlay
55e99187-1205-4d61-9f78-d97ccda42456,2024-12-31,system_msp_overlay,Health-system-level MSP markup not captured in HCRIS,User-disclosed; cross-referenced against AMN Healthcare 10-K filings and Kaiser Permanente Form 990 (KFH Permanente Medical Group reports).,ccn,050748,msp_markup,all,contract,17.39,,,,,0.95,High,agency_overlay
b43b2a8e-03b0-4b01-bc82-f9b08dd85f6c,2024-12-31,system_msp_overlay,Health-system-level MSP markup not captured in HCRIS,User-disclosed; cross-referenced against AMN Healthcare 10-K filings and Kaiser Permanente Form 990 (KFH Permanente Medical Group reports).,ccn,050760,msp_markup,all,contract,17.39,,,,,0.95,High,agency_overlay
c5da067b-7a71-4505-b1a6-b03e992fa204,2024-12-31,system_msp_overlay,Health-system-level MSP markup not captured in HCRIS,User-disclosed; cross-referenced against AMN Healthcare 10-K filings and Kaiser Permanente Form 990 (KFH Permanente Medical Group reports).,ccn,050765,msp_markup,all,contract,17.39,,,,,0.95,High,agency_overlay
12f9d3cb-6e65-4162-abf1-4ef49523a148,2024-12-31,system_msp_overlay,Health-system-level MSP markup not captured in HCRIS,User-disclosed; cross-referenced against AMN Healthcare 10-K filings and Kaiser Permanente Form 990 (KFH Permanente Medical Group reports).,ccn,050767,msp_markup,all,contract,17.39,,,,,0.95,High,agency_overlay
a1ecbebe-166e-486d-a1e2-bd1a5daae1bf,2024-12-31,system_msp_overlay,Health-system-level MSP markup not captured in HCRIS,User-disclosed; cross-referenced against AMN Healthcare 10-K filings and Kaiser Permanente Form 990 (KFH Permanente Medical Group reports).,ccn,050772,msp_markup,all,contract,17.39,,,,,0.95,High,agency_overlay
f843a32d-1292-470e-8252-664927793f56,2024-12-31,system_msp_overlay,Health-system-level MSP markup not captured in HCRIS,User-disclosed; cross-referenced against AMN Healthcare 10-K filings and Kaiser Permanente Form 990 (KFH Permanente Medical Group reports).,ccn,050777,msp_markup,all,contract,17.39,,,,,0.95,High,agency_overlay
d43b9d80-6607-4009-a515-b653259af342,2024-12-31,system_msp_overlay,Health-system-level MSP markup not captured in HCRIS,User-disclosed; cross-referenced against AMN Healthcare 10-K filings and Kaiser Permanente Form 990 (KFH Permanente Medical Group reports).,ccn,050855,msp_markup,all,contract,17.39,,,,,0.95,High,agency_overlay
5723a2c7-ce09-4f58-aac3-5431a32a6490,2024-12-31,system_msp_overlay,Health-system-level MSP markup not captured in HCRIS,User-disclosed; cross-referenced against AMN Healthcare 10-K filings and Kaiser Permanente Form 990 (KFH Permanente Medical Group reports).,ccn,120011,msp_markup,all,contract,17.39,,,,,0.95,High,agency_overlay
5414a48e-5c39-4bac-bca5-b6152144bf91,2024-12-31,system_msp_overlay,Health-system-level MSP markup not captured in HCRIS,User-disclosed; cross-referenced against AMN Healthcare 10-K filings and Kaiser Permanente Form 990 (KFH Permanente Medical Group reports).,ccn,380091,msp_markup,all,contract,17.39,,,,,0.95,High,agency_overlay
1638de0c-7e92-4adf-a303-02da9fee7894,2024-12-31,system_msp_overlay,Health-system-level MSP markup not captured in HCRIS,User-disclosed; cross-referenced against AMN Healthcare 10-K filings and Kaiser Permanente Form 990 (KFH Permanente Medical Group reports).,ccn,380103,msp_markup,all,contract,17.39,,,,,0.95,High,agency_overlay
bd87dd9b-da05-40b8-8bcc-35e8c7967906,2024-06-30,commonspirit_demo,CommonSpirit internal facility-level disclosure (seed dataset),florenceos/supabase/functions/demo-ingest-data-v2,ccn,040010,rn,blended,contract,83.81,,,,,0.85,Medium,agency
52c00cfa-8566-4e30-9e00-aedcc70ec119,2024-06-30,commonspirit_demo,CommonSpirit internal facility-level disclosure (seed dataset),florenceos/supabase/functions/demo-ingest-data-v2,ccn,041324,rn,blended,contract,83.81,,,,,0.85,Medium,agency
530590ed-ff48-499a-9477-1df61557955b,2024-06-30,commonspirit_demo,CommonSpirit internal facility-level disclosure (seed dataset),florenceos/supabase/functions/demo-ingest-data-v2,ccn,041329,rn,blended,contract,83.81,,,,,0.85,Medium,agency
7b5bbdfc-e240-40b2-8065-2c3fd7589bea,2024-06-30,commonspirit_demo,CommonSpirit internal facility-level disclosure (seed dataset),florenceos/supabase/functions/demo-ingest-data-v2,ccn,051332,rn,blended,contract,153.84,,,,,0.85,Medium,agency
c32c35ad-8162-42b4-867f-f18a2ec2191b,2024-06-30,commonspirit_demo,CommonSpirit internal facility-level disclosure (seed dataset),florenceos/supabase/functions/demo-ingest-data-v2,ccn,061321,rn,blended,contract,125.16,,,,,0.85,Medium,agency
aad53c72-7a2e-480f-bbb1-9f88550c737b,2024-06-30,commonspirit_demo,CommonSpirit internal facility-level disclosure (seed dataset),florenceos/supabase/functions/demo-ingest-data-v2,ccn,061344,rn,blended,contract,125.15,,,,,0.85,Medium,agency
e8ac8d9f-457b-4d3f-ac83-eafe5d014a11,2024-06-30,commonspirit_demo,CommonSpirit internal facility-level disclosure (seed dataset),florenceos/supabase/functions/demo-ingest-data-v2,ccn,161304,rn,blended,contract,83.81,,,,,0.85,Medium,agency
78179bbb-aee0-4082-8962-05960834adf3,2024-06-30,commonspirit_demo,CommonSpirit internal facility-level disclosure (seed dataset),florenceos/supabase/functions/demo-ingest-data-v2,ccn,161309,rn,blended,contract,83.81,,,,,0.85,Medium,agency
b9ac4c49-b663-4030-8557-29907719333a,2024-06-30,commonspirit_demo,CommonSpirit internal facility-level disclosure (seed dataset),florenceos/supabase/functions/demo-ingest-data-v2,ccn,171308,rn,blended,contract,83.81,,,,,0.85,Medium,agency
ca72eec1-2f2f-4aba-adfd-928f69471188,2024-06-30,commonspirit_demo,CommonSpirit internal facility-level disclosure (seed dataset),florenceos/supabase/functions/demo-ingest-data-v2,ccn,190027,rn,blended,contract,102.85,,,,,0.85,Medium,agency
cc2bd951-6842-4cd1-833f-902fdfa8182a,2024-06-30,commonspirit_demo,CommonSpirit internal facility-level disclosure (seed dataset),florenceos/supabase/functions/demo-ingest-data-v2,ccn,190308,rn,blended,contract,102.85,,,,,0.85,Medium,agency
4486402f-f148-4e9a-8900-f150e9b7d93a,2024-06-30,commonspirit_demo,CommonSpirit internal facility-level disclosure (seed dataset),florenceos/supabase/functions/demo-ingest-data-v2,ccn,261316,rn,blended,contract,83.81,,,,,0.85,Medium,agency
7acbc807-7ffb-44ef-af98-cc1935269911,2024-06-30,commonspirit_demo,CommonSpirit internal facility-level disclosure (seed dataset),florenceos/supabase/functions/demo-ingest-data-v2,ccn,261317,rn,blended,contract,83.81,,,,,0.85,Medium,agency
0bea957f-2594-4315-a416-a71d0d917554,2024-06-30,commonspirit_demo,CommonSpirit internal facility-level disclosure (seed dataset),florenceos/supabase/functions/demo-ingest-data-v2,ccn,261338,rn,blended,contract,83.81,,,,,0.85,Medium,agency
3979e716-f6d3-41a9-bf39-1734e6fb3755,2024-06-30,commonspirit_demo,CommonSpirit internal facility-level disclosure (seed dataset),florenceos/supabase/functions/demo-ingest-data-v2,ccn,281323,rn,blended,contract,83.81,,,,,0.85,Medium,agency
364eeab8-ff4b-4f0d-9036-d14da75ade16,2024-06-30,commonspirit_demo,CommonSpirit internal facility-level disclosure (seed dataset),florenceos/supabase/functions/demo-ingest-data-v2,ccn,281342,rn,blended,contract,83.81,,,,,0.85,Medium,agency
fcb748a1-0b9f-41d8-b403-7bf1052e313e,2024-06-30,commonspirit_demo,CommonSpirit internal facility-level disclosure (seed dataset),florenceos/supabase/functions/demo-ingest-data-v2,ccn,281346,rn,blended,contract,83.81,,,,,0.85,Medium,agency
6054533d-27e5-47e5-82c3-d6b75ad709a8,2024-06-30,commonspirit_demo,CommonSpirit internal facility-level disclosure (seed dataset),florenceos/supabase/functions/demo-ingest-data-v2,ccn,290012,rn,blended,contract,130.47,,,,,0.85,Medium,agency
715db8c5-291f-4cab-9a6c-e54d333d34b2,2024-06-30,commonspirit_demo,CommonSpirit internal facility-level disclosure (seed dataset),florenceos/supabase/functions/demo-ingest-data-v2,ccn,351303,rn,blended,contract,137.51,,,,,0.85,Medium,agency
8224247a-b740-4cc7-8a45-18720810276a,2024-06-30,commonspirit_demo,CommonSpirit internal facility-level disclosure (seed dataset),florenceos/supabase/functions/demo-ingest-data-v2,ccn,351304,rn,blended,contract,137.51,,,,,0.85,Medium,agency
acaed525-192f-4ec5-bd6d-b6b16432f2db,2024-06-30,commonspirit_demo,CommonSpirit internal facility-level disclosure (seed dataset),florenceos/supabase/functions/demo-ingest-data-v2,ccn,351333,rn,blended,contract,137.51,,,,,0.85,Medium,agency
ad71f081-cf28-49b3-a409-d69c85082aee,2024-06-30,commonspirit_demo,CommonSpirit internal facility-level disclosure (seed dataset),florenceos/supabase/functions/demo-ingest-data-v2,ccn,351336,rn,blended,contract,137.51,,,,,0.85,Medium,agency
d8bfb33d-c704-4815-bc3f-0dd5608a27e1,2024-06-30,commonspirit_demo,CommonSpirit internal facility-level disclosure (seed dataset),florenceos/supabase/functions/demo-ingest-data-v2,ccn,371302,rn,blended,contract,83.81,,,,,0.85,Medium,agency
5a05b870-050d-46cf-a39b-b60a296847e7,2024-06-30,commonspirit_demo,CommonSpirit internal facility-level disclosure (seed dataset),florenceos/supabase/functions/demo-ingest-data-v2,ccn,371304,rn,blended,contract,83.81,,,,,0.85,Medium,agency
e8a7e31a-0bef-4c8c-8118-cbcd0de19dfe,2024-06-30,commonspirit_demo,CommonSpirit internal facility-level disclosure (seed dataset),florenceos/supabase/functions/demo-ingest-data-v2,ccn,371306,rn,blended,contract,83.81,,,,,0.85,Medium,agency
a0eed337-ddad-4901-af30-321749292d88,2024-06-30,commonspirit_demo,CommonSpirit internal facility-level disclosure (seed dataset),florenceos/supabase/functions/demo-ingest-data-v2,ccn,371310,rn,blended,contract,83.81,,,,,0.85,Medium,agency
dcb38c99-3a7a-474f-aa22-fd183e61da16,2024-06-30,commonspirit_demo,CommonSpirit internal facility-level disclosure (seed dataset),florenceos/supabase/functions/demo-ingest-data-v2,ccn,371313,rn,blended,contract,83.81,,,,,0.85,Medium,agency
f2b048bf-ab4f-4a18-954b-53d6e824fa76,2024-06-30,commonspirit_demo,CommonSpirit internal facility-level disclosure (seed dataset),florenceos/supabase/functions/demo-ingest-data-v2,ccn,371317,rn,blended,contract,83.81,,,,,0.85,Medium,agency
3d6c42d4-04c9-4eef-accc-fa3f83424ad8,2024-06-30,commonspirit_demo,CommonSpirit internal facility-level disclosure (seed dataset),florenceos/supabase/functions/demo-ingest-data-v2,ccn,501335,rn,blended,contract,160.2,,,,,0.85,Medium,agency
844a2fe4-858b-4673-b64a-a3ef288eb219,2024-06-30,commonspirit_demo,CommonSpirit internal facility-level disclosure (seed dataset),florenceos/supabase/functions/demo-ingest-data-v2,ccn,670031,rn,blended,contract,108.21,,,,,0.85,Medium,agency
950af34d-9d98-456b-b818-8ea3085b9af6,2024-06-30,commonspirit_demo,CommonSpirit internal facility-level disclosure (seed dataset),florenceos/supabase/functions/demo-ingest-data-v2,ccn,670783,rn,blended,contract,108.21,,,,,0.85,Medium,agency
