ccn,zip,state,cbsa_code,cbsa_title,taxable_wage_per_hour,wage_source,wage_confidence,source_year
010001,36301,AL,20020,"Dothan, AL",56.85,hcris_blended_x_multiplier,0.7,2024
010005,35957,AL,10700,"Albertville, AL",36.8,bls_oews_state_placeholder,0.4,2024
010006,35630,AL,22520,"Florence-Muscle Shoals, AL",36.8,bls_oews_state_placeholder,0.4,2024
010007,36467,AL,,Rural / Nonmetro,36.93,hcris_blended_x_multiplier,0.7,2024
010011,35235,AL,13820,"Birmingham, AL",36.3,bls_oews_msa,0.9,2024
010012,35968,AL,22840,"Fort Payne, AL",44.44,hcris_blended_x_multiplier,0.7,2024
010016,35007,AL,13820,"Birmingham, AL",36.3,bls_oews_msa,0.9,2024
010018,35233,AL,13820,"Birmingham, AL",36.3,bls_oews_msa,0.9,2024
010019,35660,AL,22520,"Florence-Muscle Shoals, AL",54.03,hcris_blended_x_multiplier,0.7,2024
010021,36360,AL,37120,"Ozark, AL",36.25,hcris_blended_x_multiplier,0.7,2024
010022,35960,AL,,Rural / Nonmetro,36.8,bls_oews_state_placeholder,0.4,2024
010023,36116,AL,33860,"Montgomery, AL",53.33,hcris_blended_x_multiplier,0.7,2024
010024,36106,AL,33860,"Montgomery, AL",60.21,hcris_blended_x_multiplier,0.7,2024
010029,36801,AL,12220,"Auburn-Opelika, AL",51.16,hcris_blended_x_multiplier,0.7,2024
010033,35233,AL,13820,"Birmingham, AL",36.3,bls_oews_msa,0.9,2024
010034,36078,AL,33860,"Montgomery, AL",36.8,bls_oews_state_placeholder,0.4,2024
010035,35058,AL,18980,"Cullman, AL",36.8,bls_oews_state_placeholder,0.4,2024
010036,36420,AL,,Rural / Nonmetro,51.95,hcris_blended_x_multiplier,0.7,2024
010039,35801,AL,26620,"Huntsville, AL",63.14,hcris_blended_x_multiplier,0.7,2024
010040,35903,AL,23460,"Gadsden, AL",44.67,hcris_blended_x_multiplier,0.7,2024
010044,35570,AL,,Rural / Nonmetro,36.8,bls_oews_state_placeholder,0.4,2024
010045,35555,AL,,Rural / Nonmetro,44.28,hcris_blended_x_multiplier,0.7,2024
010046,35901,AL,23460,"Gadsden, AL",44.07,hcris_blended_x_multiplier,0.7,2024
010049,36330,AL,21460,"Enterprise, AL",42.17,hcris_blended_x_multiplier,0.7,2024
010051,35462,AL,46220,"Tuscaloosa, AL",36.8,bls_oews_state_placeholder,0.4,2024
010052,36853,AL,10760,"Alexander City, AL",36.8,bls_oews_state_placeholder,0.4,2024
010055,36302,AL,,,43.32,hcris_blended_x_multiplier,0.7,2024
010056,35205,AL,13820,"Birmingham, AL",36.3,bls_oews_msa,0.9,2024
010058,35042,AL,13820,"Birmingham, AL",36.3,bls_oews_msa,0.9,2024
010061,35768,AL,42460,"Scottsboro, AL",36.8,bls_oews_state_placeholder,0.4,2024
010062,36340,AL,20020,"Dothan, AL",36.8,bls_oews_state_placeholder,0.4,2024
010065,35010,AL,10760,"Alexander City, AL",47.91,hcris_blended_x_multiplier,0.7,2024
010073,36251,AL,,Rural / Nonmetro,34.61,hcris_blended_x_multiplier,0.7,2024
010078,36207,AL,11500,"Anniston-Oxford, AL",44.86,hcris_blended_x_multiplier,0.7,2024
010079,35611,AL,26620,"Huntsville, AL",51.07,hcris_blended_x_multiplier,0.7,2024
010083,36535,AL,19300,"Daphne-Fairhope-Foley, AL",36.8,bls_oews_state_placeholder,0.4,2024
010085,35601,AL,19460,"Decatur, AL",36.8,bls_oews_state_placeholder,0.4,2024
010086,35594,AL,,Rural / Nonmetro,41.22,hcris_blended_x_multiplier,0.7,2024
010087,36617,AL,33660,"Mobile, AL",49.97,hcris_blended_x_multiplier,0.7,2024
010089,35502,AL,,,52.88,hcris_blended_x_multiplier,0.7,2024
010090,36608,AL,33660,"Mobile, AL",49.07,hcris_blended_x_multiplier,0.7,2024
010091,36451,AL,,Rural / Nonmetro,36.8,bls_oews_state_placeholder,0.4,2024
010092,35401,AL,46220,"Tuscaloosa, AL",51.94,hcris_blended_x_multiplier,0.7,2024
010095,36744,AL,46220,"Tuscaloosa, AL",39.59,hcris_blended_x_multiplier,0.7,2024
010097,36092,AL,33860,"Montgomery, AL",36.8,bls_oews_state_placeholder,0.4,2024
010099,36426,AL,,Rural / Nonmetro,46.59,hcris_blended_x_multiplier,0.7,2024
010100,36532,AL,19300,"Daphne-Fairhope-Foley, AL",36.8,bls_oews_state_placeholder,0.4,2024
010101,35160,AL,45180,"Talladega-Sylacauga, AL",36.8,bls_oews_state_placeholder,0.4,2024
010103,35211,AL,13820,"Birmingham, AL",36.3,bls_oews_msa,0.9,2024
010104,35243,AL,13820,"Birmingham, AL",36.3,bls_oews_msa,0.9,2024
010108,36067,AL,33860,"Montgomery, AL",53.4,hcris_blended_x_multiplier,0.7,2024
010110,36089,AL,,Rural / Nonmetro,36.23,hcris_blended_x_multiplier,0.7,2024
010112,36732,AL,,Rural / Nonmetro,40.33,hcris_blended_x_multiplier,0.7,2024
010113,36607,AL,33660,"Mobile, AL",51.28,hcris_blended_x_multiplier,0.7,2024
010114,35022,AL,13820,"Birmingham, AL",36.3,bls_oews_msa,0.9,2024
010118,36701,AL,42820,"Selma, AL",53.8,hcris_blended_x_multiplier,0.7,2024
010120,36460,AL,,Rural / Nonmetro,38.26,hcris_blended_x_multiplier,0.7,2024
010125,35565,AL,,Rural / Nonmetro,39.94,hcris_blended_x_multiplier,0.7,2024
010126,36081,AL,45980,"Troy, AL",53.75,hcris_blended_x_multiplier,0.7,2024
010128,36545,AL,,Rural / Nonmetro,36.8,bls_oews_state_placeholder,0.4,2024
010129,36507,AL,19300,"Daphne-Fairhope-Foley, AL",36.8,bls_oews_state_placeholder,0.4,2024
010130,35125,AL,13820,"Birmingham, AL",36.3,bls_oews_msa,0.9,2024
010131,35801,AL,26620,"Huntsville, AL",48.26,hcris_blended_x_multiplier,0.7,2024
010138,36925,AL,,Rural / Nonmetro,36.8,bls_oews_state_placeholder,0.4,2024
010139,35216,AL,13820,"Birmingham, AL",36.3,bls_oews_msa,0.9,2024
010144,36608,AL,33660,"Mobile, AL",45.6,hcris_blended_x_multiplier,0.7,2024
010148,36401,AL,,Rural / Nonmetro,36.8,bls_oews_state_placeholder,0.4,2024
010149,36117,AL,33860,"Montgomery, AL",54.91,hcris_blended_x_multiplier,0.7,2024
01014F,35233,AL,13820,"Birmingham, AL",36.3,bls_oews_msa,0.9,2024
010150,36037,AL,,Rural / Nonmetro,44.63,hcris_blended_x_multiplier,0.7,2024
010157,35661,AL,22520,"Florence-Muscle Shoals, AL",47.87,hcris_blended_x_multiplier,0.7,2024
010158,35653,AL,40770,"Russellville, AL",36.8,bls_oews_state_placeholder,0.4,2024
010164,35150,AL,45180,"Talladega-Sylacauga, AL",48.19,hcris_blended_x_multiplier,0.7,2024
010168,36867,AL,17980,"Columbus, GA-AL",36.8,bls_oews_state_placeholder,0.4,2024
010169,36502,AL,,Rural / Nonmetro,44.59,hcris_blended_x_multiplier,0.7,2024
010173,35045,AL,13820,"Birmingham, AL",36.3,bls_oews_msa,0.9,2024
01019F,36109,AL,33860,"Montgomery, AL",36.8,bls_oews_state_placeholder,0.4,2024
01021F,35404,AL,46220,"Tuscaloosa, AL",36.8,bls_oews_state_placeholder,0.4,2024
010779,36089,AL,,Rural / Nonmetro,36.8,bls_oews_state_placeholder,0.4,2024
010780,36854,AL,29300,"LaGrange, GA-AL",36.8,bls_oews_state_placeholder,0.4,2024
010781,36726,AL,,Rural / Nonmetro,36.8,bls_oews_state_placeholder,0.4,2024
011300,36518,AL,,Rural / Nonmetro,36.8,bls_oews_state_placeholder,0.4,2024
011302,35582,AL,40770,"Russellville, AL",36.8,bls_oews_state_placeholder,0.4,2024
011304,36904,AL,,Rural / Nonmetro,36.8,bls_oews_state_placeholder,0.4,2024
011305,35121,AL,13820,"Birmingham, AL",36.3,bls_oews_msa,0.9,2024
011306,36278,AL,,Rural / Nonmetro,36.8,bls_oews_state_placeholder,0.4,2024
011307,36027,AL,21640,"Eufaula, AL-GA",36.8,bls_oews_state_placeholder,0.4,2024
011308,36049,AL,,Rural / Nonmetro,36.8,bls_oews_state_placeholder,0.4,2024
011309,36340,AL,20020,"Dothan, AL",36.8,bls_oews_state_placeholder,0.4,2024
013300,35233,AL,13820,"Birmingham, AL",36.3,bls_oews_msa,0.9,2024
013301,36604,AL,33660,"Mobile, AL",36.8,bls_oews_state_placeholder,0.4,2024
014000,35212,AL,13820,"Birmingham, AL",36.3,bls_oews_msa,0.9,2024
014006,35902,AL,,,36.8,bls_oews_state_placeholder,0.4,2024
014007,35404,AL,46220,"Tuscaloosa, AL",36.8,bls_oews_state_placeholder,0.4,2024
014012,35401,AL,46220,"Tuscaloosa, AL",36.8,bls_oews_state_placeholder,0.4,2024
014014,36693,AL,33660,"Mobile, AL",36.8,bls_oews_state_placeholder,0.4,2024
014015,36049,AL,,Rural / Nonmetro,36.8,bls_oews_state_placeholder,0.4,2024
014016,35055,AL,18980,"Cullman, AL",36.8,bls_oews_state_placeholder,0.4,2024
014017,36526,AL,19300,"Daphne-Fairhope-Foley, AL",36.8,bls_oews_state_placeholder,0.4,2024
014018,35806,AL,26620,"Huntsville, AL",36.8,bls_oews_state_placeholder,0.4,2024
020001,99508,AK,11260,"Anchorage, AK",57.3,bls_oews_msa,0.9,2024
020006,99645,AK,11260,"Anchorage, AK",57.3,bls_oews_msa,0.9,2024
020008,99801,AK,27940,"Juneau, AK",71.79,hcris_blended_x_multiplier,0.7,2024
020012,99701,AK,,Rural / Nonmetro,73.43,hcris_blended_x_multiplier,0.7,2024
020017,99508,AK,11260,"Anchorage, AK",57.3,bls_oews_msa,0.9,2024
020018,99559,AK,,Rural / Nonmetro,55.1,bls_oews_state_placeholder,0.4,2024
020024,99669,AK,,Rural / Nonmetro,84.81,hcris_blended_x_multiplier,0.7,2024
020026,99508,AK,11260,"Anchorage, AK",57.3,bls_oews_msa,0.9,2024
02013F,99506,AK,11260,"Anchorage, AK",57.3,bls_oews_msa,0.9,2024
02014F,99703,AK,21820,"Fairbanks-College, AK",55.1,bls_oews_state_placeholder,0.4,2024
021301,99686,AK,,Rural / Nonmetro,55.1,bls_oews_state_placeholder,0.4,2024
021302,99664,AK,,Rural / Nonmetro,55.1,bls_oews_state_placeholder,0.4,2024
021304,99833,AK,,Rural / Nonmetro,55.1,bls_oews_state_placeholder,0.4,2024
021305,99929,AK,,Rural / Nonmetro,55.1,bls_oews_state_placeholder,0.4,2024
021306,99615,AK,,Rural / Nonmetro,55.1,bls_oews_state_placeholder,0.4,2024
021307,99574,AK,,Rural / Nonmetro,55.1,bls_oews_state_placeholder,0.4,2024
021308,99762,AK,,Rural / Nonmetro,55.1,bls_oews_state_placeholder,0.4,2024
021309,99576,AK,,Rural / Nonmetro,55.1,bls_oews_state_placeholder,0.4,2024
021310,99752,AK,,Rural / Nonmetro,55.1,bls_oews_state_placeholder,0.4,2024
021311,99901,AK,28540,"Ketchikan, AK",55.1,bls_oews_state_placeholder,0.4,2024
021312,99723,AK,,Rural / Nonmetro,55.1,bls_oews_state_placeholder,0.4,2024
021313,99603,AK,,Rural / Nonmetro,55.1,bls_oews_state_placeholder,0.4,2024
021314,99835,AK,,Rural / Nonmetro,55.1,bls_oews_state_placeholder,0.4,2024
024001,99508,AK,11260,"Anchorage, AK",57.3,bls_oews_msa,0.9,2024
024002,99508,AK,11260,"Anchorage, AK",57.3,bls_oews_msa,0.9,2024
030002,85006,AZ,38060,"Phoenix-Mesa-Chandler, AZ",48.95,bls_oews_msa,0.9,2024
030006,85712,AZ,46060,"Tucson, AZ",46.3,bls_oews_msa,0.9,2024
030007,86326,AZ,39150,"Prescott Valley-Prescott, AZ",60.94,hcris_blended_x_multiplier,0.7,2024
030010,85745,AZ,46060,"Tucson, AZ",46.3,bls_oews_msa,0.9,2024
030011,85711,AZ,46060,"Tucson, AZ",46.3,bls_oews_msa,0.9,2024
030012,86301,AZ,39150,"Prescott Valley-Prescott, AZ",63.9,hcris_blended_x_multiplier,0.7,2024
030013,85364,AZ,49740,"Yuma, AZ",72.02,hcris_blended_x_multiplier,0.7,2024
030014,85020,AZ,38060,"Phoenix-Mesa-Chandler, AZ",48.95,bls_oews_msa,0.9,2024
030016,85122,AZ,38060,"Phoenix-Mesa-Chandler, AZ",48.95,bls_oews_msa,0.9,2024
030022,85008,AZ,38060,"Phoenix-Mesa-Chandler, AZ",48.95,bls_oews_msa,0.9,2024
030023,86001,AZ,22380,"Flagstaff, AZ",59.54,hcris_blended_x_multiplier,0.7,2024
030024,85013,AZ,38060,"Phoenix-Mesa-Chandler, AZ",48.95,bls_oews_msa,0.9,2024
030030,85015,AZ,38060,"Phoenix-Mesa-Chandler, AZ",48.95,bls_oews_msa,0.9,2024
030036,85224,AZ,38060,"Phoenix-Mesa-Chandler, AZ",48.95,bls_oews_msa,0.9,2024
030037,85006,AZ,38060,"Phoenix-Mesa-Chandler, AZ",48.95,bls_oews_msa,0.9,2024
030038,85251,AZ,38060,"Phoenix-Mesa-Chandler, AZ",48.95,bls_oews_msa,0.9,2024
030043,85635,AZ,43420,"Sierra Vista-Douglas, AZ",64.69,hcris_blended_x_multiplier,0.7,2024
030055,86401,AZ,29420,"Lake Havasu City-Kingman, AZ",61.94,hcris_blended_x_multiplier,0.7,2024
030061,85351,AZ,38060,"Phoenix-Mesa-Chandler, AZ",48.95,bls_oews_msa,0.9,2024
030062,85901,AZ,43320,"Show Low, AZ",62.33,hcris_blended_x_multiplier,0.7,2024
030064,85719,AZ,46060,"Tucson, AZ",46.3,bls_oews_msa,0.9,2024
030065,85202,AZ,38060,"Phoenix-Mesa-Chandler, AZ",48.95,bls_oews_msa,0.9,2024
030069,86403,AZ,29420,"Lake Havasu City-Kingman, AZ",63.98,hcris_blended_x_multiplier,0.7,2024
030071,86504,AZ,,Rural / Nonmetro,47.2,bls_oews_state_placeholder,0.4,2024
030073,86045,AZ,22380,"Flagstaff, AZ",47.2,bls_oews_state_placeholder,0.4,2024
030074,85634,AZ,46060,"Tucson, AZ",46.3,bls_oews_msa,0.9,2024
030078,85016,AZ,38060,"Phoenix-Mesa-Chandler, AZ",48.95,bls_oews_msa,0.9,2024
030083,85032,AZ,38060,"Phoenix-Mesa-Chandler, AZ",48.95,bls_oews_msa,0.9,2024
030084,86503,AZ,,Rural / Nonmetro,47.2,bls_oews_state_placeholder,0.4,2024
030085,85741,AZ,46060,"Tucson, AZ",46.3,bls_oews_msa,0.9,2024
030087,85260,AZ,38060,"Phoenix-Mesa-Chandler, AZ",48.95,bls_oews_msa,0.9,2024
030088,85206,AZ,38060,"Phoenix-Mesa-Chandler, AZ",48.95,bls_oews_msa,0.9,2024
030089,85306,AZ,38060,"Phoenix-Mesa-Chandler, AZ",48.95,bls_oews_msa,0.9,2024
030092,85027,AZ,38060,"Phoenix-Mesa-Chandler, AZ",48.95,bls_oews_msa,0.9,2024
030093,85375,AZ,38060,"Phoenix-Mesa-Chandler, AZ",48.95,bls_oews_msa,0.9,2024
030094,85308,AZ,38060,"Phoenix-Mesa-Chandler, AZ",48.95,bls_oews_msa,0.9,2024
030101,86442,AZ,29420,"Lake Havasu City-Kingman, AZ",56.22,hcris_blended_x_multiplier,0.7,2024
030103,85054,AZ,38060,"Phoenix-Mesa-Chandler, AZ",48.95,bls_oews_msa,0.9,2024
030105,85206,AZ,38060,"Phoenix-Mesa-Chandler, AZ",48.95,bls_oews_msa,0.9,2024
030107,85206,AZ,38060,"Phoenix-Mesa-Chandler, AZ",48.95,bls_oews_msa,0.9,2024
030108,85015,AZ,38060,"Phoenix-Mesa-Chandler, AZ",48.95,bls_oews_msa,0.9,2024
030110,85395,AZ,38060,"Phoenix-Mesa-Chandler, AZ",48.95,bls_oews_msa,0.9,2024
030111,85713,AZ,46060,"Tucson, AZ",46.3,bls_oews_msa,0.9,2024
030112,85008,AZ,38060,"Phoenix-Mesa-Chandler, AZ",48.95,bls_oews_msa,0.9,2024
030113,85941,AZ,37740,"Payson, AZ",47.2,bls_oews_state_placeholder,0.4,2024
030114,85755,AZ,46060,"Tucson, AZ",46.3,bls_oews_msa,0.9,2024
030115,85037,AZ,38060,"Phoenix-Mesa-Chandler, AZ",48.95,bls_oews_msa,0.9,2024
030117,86426,AZ,29420,"Lake Havasu City-Kingman, AZ",57.08,hcris_blended_x_multiplier,0.7,2024
030119,85297,AZ,38060,"Phoenix-Mesa-Chandler, AZ",48.95,bls_oews_msa,0.9,2024
030121,85209,AZ,38060,"Phoenix-Mesa-Chandler, AZ",48.95,bls_oews_msa,0.9,2024
030122,85234,AZ,38060,"Phoenix-Mesa-Chandler, AZ",48.95,bls_oews_msa,0.9,2024
030123,85255,AZ,38060,"Phoenix-Mesa-Chandler, AZ",48.95,bls_oews_msa,0.9,2024
03012F,85012,AZ,38060,"Phoenix-Mesa-Chandler, AZ",48.95,bls_oews_msa,0.9,2024
030130,85140,AZ,38060,"Phoenix-Mesa-Chandler, AZ",48.95,bls_oews_msa,0.9,2024
030134,85120,AZ,38060,"Phoenix-Mesa-Chandler, AZ",48.95,bls_oews_msa,0.9,2024
030136,85339,AZ,38060,"Phoenix-Mesa-Chandler, AZ",48.95,bls_oews_msa,0.9,2024
030138,85338,AZ,38060,"Phoenix-Mesa-Chandler, AZ",48.95,bls_oews_msa,0.9,2024
030139,85212,AZ,38060,"Phoenix-Mesa-Chandler, AZ",48.95,bls_oews_msa,0.9,2024
03013F,85723,AZ,46060,"Tucson, AZ",46.3,bls_oews_msa,0.9,2024
030146,85085,AZ,38060,"Phoenix-Mesa-Chandler, AZ",48.95,bls_oews_msa,0.9,2024
030147,85286,AZ,38060,"Phoenix-Mesa-Chandler, AZ",48.95,bls_oews_msa,0.9,2024
030148,85629,AZ,46060,"Tucson, AZ",46.3,bls_oews_msa,0.9,2024
030152,85139,AZ,38060,"Phoenix-Mesa-Chandler, AZ",48.95,bls_oews_msa,0.9,2024
030153,85295,AZ,38060,"Phoenix-Mesa-Chandler, AZ",48.95,bls_oews_msa,0.9,2024
030154,85365,AZ,49740,"Yuma, AZ",81.26,hcris_blended_x_multiplier,0.7,2024
030155,86442,AZ,29420,"Lake Havasu City-Kingman, AZ",54.68,hcris_blended_x_multiplier,0.7,2024
030195,86033,AZ,43320,"Show Low, AZ",47.2,bls_oews_state_placeholder,0.4,2024
03033F,86313,AZ,39150,"Prescott Valley-Prescott, AZ",47.2,bls_oews_state_placeholder,0.4,2024
031300,85390,AZ,38060,"Phoenix-Mesa-Chandler, AZ",48.95,bls_oews_msa,0.9,2024
031301,85602,AZ,43420,"Sierra Vista-Douglas, AZ",47.2,bls_oews_state_placeholder,0.4,2024
031302,85643,AZ,40940,"Safford, AZ",47.2,bls_oews_state_placeholder,0.4,2024
031304,86040,AZ,22380,"Flagstaff, AZ",47.2,bls_oews_state_placeholder,0.4,2024
031305,86042,AZ,43320,"Show Low, AZ",47.2,bls_oews_state_placeholder,0.4,2024
031307,85344,AZ,,Rural / Nonmetro,47.2,bls_oews_state_placeholder,0.4,2024
031308,85147,AZ,38060,"Phoenix-Mesa-Chandler, AZ",48.95,bls_oews_msa,0.9,2024
031309,86505,AZ,,Rural / Nonmetro,47.2,bls_oews_state_placeholder,0.4,2024
031311,86047,AZ,43320,"Show Low, AZ",47.2,bls_oews_state_placeholder,0.4,2024
031312,85603,AZ,43420,"Sierra Vista-Douglas, AZ",47.2,bls_oews_state_placeholder,0.4,2024
031313,85621,AZ,35700,"Nogales, AZ",47.2,bls_oews_state_placeholder,0.4,2024
031314,85501,AZ,37740,"Payson, AZ",47.2,bls_oews_state_placeholder,0.4,2024
031315,85938,AZ,,Rural / Nonmetro,47.2,bls_oews_state_placeholder,0.4,2024
031317,85344,AZ,,Rural / Nonmetro,47.2,bls_oews_state_placeholder,0.4,2024
031318,85541,AZ,37740,"Payson, AZ",47.2,bls_oews_state_placeholder,0.4,2024
031319,85546,AZ,40940,"Safford, AZ",47.2,bls_oews_state_placeholder,0.4,2024
031320,85542,AZ,40940,"Safford, AZ",47.2,bls_oews_state_placeholder,0.4,2024
033302,85016,AZ,38060,"Phoenix-Mesa-Chandler, AZ",48.95,bls_oews_msa,0.9,2024
034004,85251,AZ,38060,"Phoenix-Mesa-Chandler, AZ",48.95,bls_oews_msa,0.9,2024
034013,85006,AZ,38060,"Phoenix-Mesa-Chandler, AZ",48.95,bls_oews_msa,0.9,2024
034020,85007,AZ,38060,"Phoenix-Mesa-Chandler, AZ",48.95,bls_oews_msa,0.9,2024
034021,85008,AZ,38060,"Phoenix-Mesa-Chandler, AZ",48.95,bls_oews_msa,0.9,2024
034022,85704,AZ,46060,"Tucson, AZ",46.3,bls_oews_msa,0.9,2024
034023,86004,AZ,22380,"Flagstaff, AZ",47.2,bls_oews_state_placeholder,0.4,2024
034024,85302,AZ,38060,"Phoenix-Mesa-Chandler, AZ",48.95,bls_oews_msa,0.9,2024
034025,86301,AZ,39150,"Prescott Valley-Prescott, AZ",47.2,bls_oews_state_placeholder,0.4,2024
034026,85018,AZ,38060,"Phoenix-Mesa-Chandler, AZ",48.95,bls_oews_msa,0.9,2024
034027,85929,AZ,43320,"Show Low, AZ",47.2,bls_oews_state_placeholder,0.4,2024
034028,85283,AZ,38060,"Phoenix-Mesa-Chandler, AZ",48.95,bls_oews_msa,0.9,2024
034029,85225,AZ,38060,"Phoenix-Mesa-Chandler, AZ",48.95,bls_oews_msa,0.9,2024
034030,85712,AZ,46060,"Tucson, AZ",46.3,bls_oews_msa,0.9,2024
034031,85027,AZ,38060,"Phoenix-Mesa-Chandler, AZ",48.95,bls_oews_msa,0.9,2024
034032,85392,AZ,38060,"Phoenix-Mesa-Chandler, AZ",48.95,bls_oews_msa,0.9,2024
034033,85712,AZ,46060,"Tucson, AZ",46.3,bls_oews_msa,0.9,2024
034034,85378,AZ,38060,"Phoenix-Mesa-Chandler, AZ",48.95,bls_oews_msa,0.9,2024
034035,85374,AZ,38060,"Phoenix-Mesa-Chandler, AZ",48.95,bls_oews_msa,0.9,2024
034038,85006,AZ,38060,"Phoenix-Mesa-Chandler, AZ",48.95,bls_oews_msa,0.9,2024
034040,85258,AZ,38060,"Phoenix-Mesa-Chandler, AZ",48.95,bls_oews_msa,0.9,2024
034041,85212,AZ,38060,"Phoenix-Mesa-Chandler, AZ",48.95,bls_oews_msa,0.9,2024
040001,72761,AR,22220,"Fayetteville-Springdale-Rogers, AR",57.08,hcris_blended_x_multiplier,0.7,2024
040002,72830,AR,,Rural / Nonmetro,38.4,bls_oews_state_placeholder,0.4,2024
040004,72703,AR,22220,"Fayetteville-Springdale-Rogers, AR",38.4,bls_oews_state_placeholder,0.4,2024
040007,72205,AR,30780,"Little Rock-North Little Rock-Conway, AR",68.32,hcris_blended_x_multiplier,0.7,2024
040010,72758,AR,22220,"Fayetteville-Springdale-Rogers, AR",38.4,bls_oews_state_placeholder,0.4,2024
040011,72833,AR,40780,"Russellville, AR",41.47,hcris_blended_x_multiplier,0.7,2024
040014,72143,AR,42620,"Searcy, AR",57.82,hcris_blended_x_multiplier,0.7,2024
040016,72205,AR,30780,"Little Rock-North Little Rock-Conway, AR",52.01,hcris_blended_x_multiplier,0.7,2024
040017,72601,AR,25460,"Harrison, AR",51.8,hcris_blended_x_multiplier,0.7,2024
040018,72956,AR,22900,"Fort Smith, AR-OK",59.58,hcris_blended_x_multiplier,0.7,2024
040019,72335,AR,22620,"Forrest City, AR",47.52,hcris_blended_x_multiplier,0.7,2024
040020,72401,AR,27860,"Jonesboro, AR",51.04,hcris_blended_x_multiplier,0.7,2024
040022,72764,AR,22220,"Fayetteville-Springdale-Rogers, AR",54.39,hcris_blended_x_multiplier,0.7,2024
040026,71903,AR,,,60.3,hcris_blended_x_multiplier,0.7,2024
040027,72653,AR,34260,"Mountain Home, AR",52.75,hcris_blended_x_multiplier,0.7,2024
040029,72034,AR,30780,"Little Rock-North Little Rock-Conway, AR",56.6,hcris_blended_x_multiplier,0.7,2024
040036,72117,AR,30780,"Little Rock-North Little Rock-Conway, AR",51.94,hcris_blended_x_multiplier,0.7,2024
040039,72450,AR,37500,"Paragould, AR",46.79,hcris_blended_x_multiplier,0.7,2024
040041,72801,AR,40780,"Russellville, AR",56.78,hcris_blended_x_multiplier,0.7,2024
040050,71701,AR,15780,"Camden, AR",33.03,hcris_blended_x_multiplier,0.7,2024
040051,71655,AR,,Rural / Nonmetro,38.4,bls_oews_state_placeholder,0.4,2024
040055,72901,AR,22900,"Fort Smith, AR-OK",50.76,hcris_blended_x_multiplier,0.7,2024
040062,72903,AR,22900,"Fort Smith, AR-OK",57.78,hcris_blended_x_multiplier,0.7,2024
040067,71753,AR,31620,"Magnolia, AR",42.88,hcris_blended_x_multiplier,0.7,2024
040069,72315,AR,14180,"Blytheville, AR",41.33,hcris_blended_x_multiplier,0.7,2024
040071,71603,AR,38220,"Pine Bluff, AR",56.27,hcris_blended_x_multiplier,0.7,2024
040072,72160,AR,,Rural / Nonmetro,56.55,hcris_blended_x_multiplier,0.7,2024
040076,72104,AR,31680,"Malvern, AR",38.4,bls_oews_state_placeholder,0.4,2024
040078,71901,AR,26300,"Hot Springs, AR",44.67,hcris_blended_x_multiplier,0.7,2024
040084,72015,AR,30780,"Little Rock-North Little Rock-Conway, AR",59.28,hcris_blended_x_multiplier,0.7,2024
040088,71730,AR,20980,"El Dorado, AR",49.8,hcris_blended_x_multiplier,0.7,2024
04009F,72703,AR,22220,"Fayetteville-Springdale-Rogers, AR",38.4,bls_oews_state_placeholder,0.4,2024
04010F,72205,AR,30780,"Little Rock-North Little Rock-Conway, AR",38.4,bls_oews_state_placeholder,0.4,2024
040114,72205,AR,30780,"Little Rock-North Little Rock-Conway, AR",59.09,hcris_blended_x_multiplier,0.7,2024
040118,72405,AR,27860,"Jonesboro, AR",38.4,bls_oews_state_placeholder,0.4,2024
040119,72503,AR,,,53.52,hcris_blended_x_multiplier,0.7,2024
040132,71901,AR,26300,"Hot Springs, AR",38.4,bls_oews_state_placeholder,0.4,2024
040134,72211,AR,30780,"Little Rock-North Little Rock-Conway, AR",48.34,hcris_blended_x_multiplier,0.7,2024
040137,72120,AR,30780,"Little Rock-North Little Rock-Conway, AR",67.65,hcris_blended_x_multiplier,0.7,2024
040147,72118,AR,30780,"Little Rock-North Little Rock-Conway, AR",66.46,hcris_blended_x_multiplier,0.7,2024
040153,71801,AR,,Rural / Nonmetro,38.4,bls_oews_state_placeholder,0.4,2024
040154,72032,AR,30780,"Little Rock-North Little Rock-Conway, AR",53.45,hcris_blended_x_multiplier,0.7,2024
040156,72301,AR,32820,"Memphis, TN-MS-AR",35.6,bls_oews_msa,0.9,2024
040161,72019,AR,30780,"Little Rock-North Little Rock-Conway, AR",38.4,bls_oews_state_placeholder,0.4,2024
040164,72076,AR,30780,"Little Rock-North Little Rock-Conway, AR",38.4,bls_oews_state_placeholder,0.4,2024
040779,72455,AR,,Rural / Nonmetro,38.4,bls_oews_state_placeholder,0.4,2024
040780,72632,AR,,Rural / Nonmetro,38.4,bls_oews_state_placeholder,0.4,2024
040781,72342,AR,,Rural / Nonmetro,38.4,bls_oews_state_placeholder,0.4,2024
040782,72370,AR,14180,"Blytheville, AR",38.4,bls_oews_state_placeholder,0.4,2024
040783,72042,AR,,Rural / Nonmetro,38.4,bls_oews_state_placeholder,0.4,2024
041300,72855,AR,,Rural / Nonmetro,38.4,bls_oews_state_placeholder,0.4,2024
041302,72834,AR,40780,"Russellville, AR",38.4,bls_oews_state_placeholder,0.4,2024
041303,72949,AR,,Rural / Nonmetro,38.4,bls_oews_state_placeholder,0.4,2024
041305,72958,AR,,Rural / Nonmetro,38.4,bls_oews_state_placeholder,0.4,2024
041306,72519,AR,34260,"Mountain Home, AR",38.4,bls_oews_state_placeholder,0.4,2024
041307,72396,AR,,Rural / Nonmetro,38.4,bls_oews_state_placeholder,0.4,2024
041308,71654,AR,,Rural / Nonmetro,38.4,bls_oews_state_placeholder,0.4,2024
041309,72476,AR,,Rural / Nonmetro,38.4,bls_oews_state_placeholder,0.4,2024
041310,72560,AR,,Rural / Nonmetro,38.4,bls_oews_state_placeholder,0.4,2024
041311,71852,AR,,Rural / Nonmetro,38.4,bls_oews_state_placeholder,0.4,2024
041312,72543,AR,,Rural / Nonmetro,38.4,bls_oews_state_placeholder,0.4,2024
041313,72031,AR,,Rural / Nonmetro,38.4,bls_oews_state_placeholder,0.4,2024
041317,71742,AR,,Rural / Nonmetro,38.4,bls_oews_state_placeholder,0.4,2024
041318,72927,AR,,Rural / Nonmetro,38.4,bls_oews_state_placeholder,0.4,2024
041320,71822,AR,45500,"Texarkana, TX-AR",38.4,bls_oews_state_placeholder,0.4,2024
041321,71923,AR,11660,"Arkadelphia, AR",38.4,bls_oews_state_placeholder,0.4,2024
041322,72576,AR,,Rural / Nonmetro,38.4,bls_oews_state_placeholder,0.4,2024
041323,71635,AR,,Rural / Nonmetro,38.4,bls_oews_state_placeholder,0.4,2024
041324,72110,AR,,Rural / Nonmetro,38.4,bls_oews_state_placeholder,0.4,2024
041326,71639,AR,,Rural / Nonmetro,38.4,bls_oews_state_placeholder,0.4,2024
041327,71671,AR,,Rural / Nonmetro,38.4,bls_oews_state_placeholder,0.4,2024
041328,71653,AR,,Rural / Nonmetro,38.4,bls_oews_state_placeholder,0.4,2024
041329,72616,AR,,Rural / Nonmetro,38.4,bls_oews_state_placeholder,0.4,2024
041330,72454,AR,,Rural / Nonmetro,38.4,bls_oews_state_placeholder,0.4,2024
041331,72736,AR,22220,"Fayetteville-Springdale-Rogers, AR",38.4,bls_oews_state_placeholder,0.4,2024
041332,72112,AR,,Rural / Nonmetro,38.4,bls_oews_state_placeholder,0.4,2024
041333,71832,AR,,Rural / Nonmetro,38.4,bls_oews_state_placeholder,0.4,2024
041334,71953,AR,,Rural / Nonmetro,38.4,bls_oews_state_placeholder,0.4,2024
041335,71801,AR,,Rural / Nonmetro,38.4,bls_oews_state_placeholder,0.4,2024
043300,72202,AR,30780,"Little Rock-North Little Rock-Conway, AR",38.4,bls_oews_state_placeholder,0.4,2024
043301,72762,AR,22220,"Fayetteville-Springdale-Rogers, AR",38.4,bls_oews_state_placeholder,0.4,2024
044004,72703,AR,22220,"Fayetteville-Springdale-Rogers, AR",38.4,bls_oews_state_placeholder,0.4,2024
044005,72113,AR,30780,"Little Rock-North Little Rock-Conway, AR",38.4,bls_oews_state_placeholder,0.4,2024
044006,72923,AR,22900,"Fort Smith, AR-OK",38.4,bls_oews_state_placeholder,0.4,2024
044007,72019,AR,30780,"Little Rock-North Little Rock-Conway, AR",38.4,bls_oews_state_placeholder,0.4,2024
044011,72205,AR,30780,"Little Rock-North Little Rock-Conway, AR",38.4,bls_oews_state_placeholder,0.4,2024
044017,72113,AR,30780,"Little Rock-North Little Rock-Conway, AR",38.4,bls_oews_state_placeholder,0.4,2024
044019,72704,AR,22220,"Fayetteville-Springdale-Rogers, AR",38.4,bls_oews_state_placeholder,0.4,2024
044020,71854,AR,45500,"Texarkana, TX-AR",38.4,bls_oews_state_placeholder,0.4,2024
044021,72301,AR,32820,"Memphis, TN-MS-AR",35.6,bls_oews_msa,0.9,2024
044022,72034,AR,30780,"Little Rock-North Little Rock-Conway, AR",38.4,bls_oews_state_placeholder,0.4,2024
050002,94545,CA,41860,"San Francisco-Oakland-Fremont, CA",78.95,bls_oews_msa,0.9,2024
050006,95501,CA,21700,"Eureka-Arcata, CA",87.36,hcris_blended_x_multiplier,0.7,2024
050007,94010,CA,41860,"San Francisco-Oakland-Fremont, CA",78.95,bls_oews_msa,0.9,2024
050008,94117,CA,41860,"San Francisco-Oakland-Fremont, CA",78.95,bls_oews_msa,0.9,2024
050009,94558,CA,34900,"Napa, CA",101.89,hcris_blended_x_multiplier,0.7,2024
050013,94574,CA,34900,"Napa, CA",86.03,hcris_blended_x_multiplier,0.7,2024
050014,95642,CA,,Rural / Nonmetro,65.95,bls_oews_state_placeholder,0.4,2024
050017,95819,CA,40900,"Sacramento-Roseville-Folsom, CA",73.45,bls_oews_msa,0.9,2024
050022,92501,CA,40140,"Riverside-San Bernardino-Ontario, CA",62.1,bls_oews_msa,0.9,2024
050024,91950,CA,41740,"San Diego-Chula Vista-Carlsbad, CA",65.2,bls_oews_msa,0.9,2024
050025,92103,CA,41740,"San Diego-Chula Vista-Carlsbad, CA",65.2,bls_oews_msa,0.9,2024
050026,91942,CA,41740,"San Diego-Chula Vista-Carlsbad, CA",65.2,bls_oews_msa,0.9,2024
050028,95521,CA,21700,"Eureka-Arcata, CA",44.21,hcris_blended_x_multiplier,0.7,2024
050030,95966,CA,17020,"Chico, CA",63.1,hcris_blended_x_multiplier,0.7,2024
050036,93301,CA,12540,"Bakersfield-Delano, CA",57.05,bls_oews_msa,0.9,2024
050038,95128,CA,41940,"San Jose-Sunnyvale-Santa Clara, CA",81.46,bls_oews_msa,0.9,2024
050039,95926,CA,17020,"Chico, CA",74.84,hcris_blended_x_multiplier,0.7,2024
050040,91342,CA,31080,"Los Angeles-Long Beach-Anaheim, CA",66.85,bls_oews_msa,0.9,2024
050042,96080,CA,39780,"Red Bluff, CA",84.49,hcris_blended_x_multiplier,0.7,2024
050043,94609,CA,41860,"San Francisco-Oakland-Fremont, CA",78.95,bls_oews_msa,0.9,2024
050045,92243,CA,20940,"El Centro, CA",49.01,hcris_blended_x_multiplier,0.7,2024
050047,94109,CA,41860,"San Francisco-Oakland-Fremont, CA",78.95,bls_oews_msa,0.9,2024
050054,92220,CA,40140,"Riverside-San Bernardino-Ontario, CA",62.1,bls_oews_msa,0.9,2024
050055,94110,CA,41860,"San Francisco-Oakland-Fremont, CA",78.95,bls_oews_msa,0.9,2024
050056,93534,CA,31080,"Los Angeles-Long Beach-Anaheim, CA",66.85,bls_oews_msa,0.9,2024
050057,93291,CA,47300,"Visalia, CA",55.85,bls_oews_msa,0.9,2024
050058,91204,CA,31080,"Los Angeles-Long Beach-Anaheim, CA",66.85,bls_oews_msa,0.9,2024
050060,93721,CA,23420,"Fresno, CA",61.55,bls_oews_msa,0.9,2024
050063,90027,CA,31080,"Los Angeles-Long Beach-Anaheim, CA",66.85,bls_oews_msa,0.9,2024
050067,95361,CA,33700,"Modesto, CA",58.23,hcris_blended_x_multiplier,0.7,2024
050069,92868,CA,31080,"Los Angeles-Long Beach-Anaheim, CA",66.85,bls_oews_msa,0.9,2024
050070,94080,CA,41860,"San Francisco-Oakland-Fremont, CA",78.95,bls_oews_msa,0.9,2024
050071,95051,CA,41940,"San Jose-Sunnyvale-Santa Clara, CA",81.46,bls_oews_msa,0.9,2024
050072,94596,CA,41860,"San Francisco-Oakland-Fremont, CA",78.95,bls_oews_msa,0.9,2024
050073,94589,CA,46700,"Vallejo, CA",113.51,hcris_blended_x_multiplier,0.7,2024
050075,94611,CA,41860,"San Francisco-Oakland-Fremont, CA",78.95,bls_oews_msa,0.9,2024
050076,94115,CA,41860,"San Francisco-Oakland-Fremont, CA",78.95,bls_oews_msa,0.9,2024
050077,92103,CA,41740,"San Diego-Chula Vista-Carlsbad, CA",65.2,bls_oews_msa,0.9,2024
050078,90732,CA,31080,"Los Angeles-Long Beach-Anaheim, CA",66.85,bls_oews_msa,0.9,2024
050082,93030,CA,37100,"Oxnard-Thousand Oaks-Ventura, CA",85.58,hcris_blended_x_multiplier,0.7,2024
050084,95204,CA,44700,"Stockton-Lodi, CA",65.8,bls_oews_msa,0.9,2024
050089,92411,CA,40140,"Riverside-San Bernardino-Ontario, CA",62.1,bls_oews_msa,0.9,2024
050090,95476,CA,42220,"Santa Rosa-Petaluma, CA",65.95,bls_oews_msa,0.9,2024
050091,90255,CA,31080,"Los Angeles-Long Beach-Anaheim, CA",66.85,bls_oews_msa,0.9,2024
050093,93720,CA,23420,"Fresno, CA",61.55,bls_oews_msa,0.9,2024
050099,91786,CA,40140,"Riverside-San Bernardino-Ontario, CA",62.1,bls_oews_msa,0.9,2024
050100,92123,CA,41740,"San Diego-Chula Vista-Carlsbad, CA",65.2,bls_oews_msa,0.9,2024
050101,94589,CA,46700,"Vallejo, CA",65.95,bls_oews_state_placeholder,0.4,2024
050102,92503,CA,40140,"Riverside-San Bernardino-Ontario, CA",62.1,bls_oews_msa,0.9,2024
050103,90033,CA,31080,"Los Angeles-Long Beach-Anaheim, CA",66.85,bls_oews_msa,0.9,2024
050104,90262,CA,31080,"Los Angeles-Long Beach-Anaheim, CA",66.85,bls_oews_msa,0.9,2024
050107,93454,CA,42200,"Santa Maria-Santa Barbara, CA",76.76,hcris_blended_x_multiplier,0.7,2024
050108,95816,CA,40900,"Sacramento-Roseville-Folsom, CA",73.45,bls_oews_msa,0.9,2024
050110,93436,CA,42200,"Santa Maria-Santa Barbara, CA",49.24,hcris_blended_x_multiplier,0.7,2024
050112,90404,CA,31080,"Los Angeles-Long Beach-Anaheim, CA",66.85,bls_oews_msa,0.9,2024
050113,94403,CA,41860,"San Francisco-Oakland-Fremont, CA",78.95,bls_oews_msa,0.9,2024
050115,92025,CA,41740,"San Diego-Chula Vista-Carlsbad, CA",65.2,bls_oews_msa,0.9,2024
050116,91325,CA,31080,"Los Angeles-Long Beach-Anaheim, CA",66.85,bls_oews_msa,0.9,2024
050118,95336,CA,44700,"Stockton-Lodi, CA",65.8,bls_oews_msa,0.9,2024
050121,93230,CA,25260,"Hanford-Corcoran, CA",74.55,hcris_blended_x_multiplier,0.7,2024
050122,95203,CA,44700,"Stockton-Lodi, CA",65.8,bls_oews_msa,0.9,2024
050124,91208,CA,31080,"Los Angeles-Long Beach-Anaheim, CA",66.85,bls_oews_msa,0.9,2024
050125,95116,CA,41940,"San Jose-Sunnyvale-Santa Clara, CA",81.46,bls_oews_msa,0.9,2024
050126,91405,CA,31080,"Los Angeles-Long Beach-Anaheim, CA",66.85,bls_oews_msa,0.9,2024
050127,95695,CA,40900,"Sacramento-Roseville-Folsom, CA",73.45,bls_oews_msa,0.9,2024
050128,92056,CA,41740,"San Diego-Chula Vista-Carlsbad, CA",65.2,bls_oews_msa,0.9,2024
050129,92404,CA,40140,"Riverside-San Bernardino-Ontario, CA",62.1,bls_oews_msa,0.9,2024
050131,94945,CA,41860,"San Francisco-Oakland-Fremont, CA",78.95,bls_oews_msa,0.9,2024
050132,91776,CA,31080,"Los Angeles-Long Beach-Anaheim, CA",66.85,bls_oews_msa,0.9,2024
050133,95901,CA,49700,"Yuba City, CA",93.25,hcris_blended_x_multiplier,0.7,2024
050135,90028,CA,31080,"Los Angeles-Long Beach-Anaheim, CA",66.85,bls_oews_msa,0.9,2024
050136,94954,CA,42220,"Santa Rosa-Petaluma, CA",65.95,bls_oews_msa,0.9,2024
050137,91402,CA,31080,"Los Angeles-Long Beach-Anaheim, CA",66.85,bls_oews_msa,0.9,2024
050138,90027,CA,31080,"Los Angeles-Long Beach-Anaheim, CA",66.85,bls_oews_msa,0.9,2024
050139,90242,CA,31080,"Los Angeles-Long Beach-Anaheim, CA",66.85,bls_oews_msa,0.9,2024
050140,92335,CA,40140,"Riverside-San Bernardino-Ontario, CA",62.1,bls_oews_msa,0.9,2024
050145,93940,CA,41500,"Salinas, CA",71.1,bls_oews_msa,0.9,2024
050149,90015,CA,31080,"Los Angeles-Long Beach-Anaheim, CA",66.85,bls_oews_msa,0.9,2024
050150,95945,CA,46020,"Truckee-Grass Valley, CA",90.61,hcris_blended_x_multiplier,0.7,2024
050152,94109,CA,41860,"San Francisco-Oakland-Fremont, CA",78.95,bls_oews_msa,0.9,2024
050158,91436,CA,31080,"Los Angeles-Long Beach-Anaheim, CA",66.85,bls_oews_msa,0.9,2024
050159,93003,CA,37100,"Oxnard-Thousand Oaks-Ventura, CA",74.84,hcris_blended_x_multiplier,0.7,2024
05015F,94535,CA,46700,"Vallejo, CA",65.95,bls_oews_state_placeholder,0.4,2024
050167,95231,CA,44700,"Stockton-Lodi, CA",65.8,bls_oews_msa,0.9,2024
050168,92835,CA,31080,"Los Angeles-Long Beach-Anaheim, CA",66.85,bls_oews_msa,0.9,2024
050169,90602,CA,31080,"Los Angeles-Long Beach-Anaheim, CA",66.85,bls_oews_msa,0.9,2024
050174,95405,CA,42220,"Santa Rosa-Petaluma, CA",65.95,bls_oews_msa,0.9,2024
050179,95382,CA,33700,"Modesto, CA",76.78,hcris_blended_x_multiplier,0.7,2024
050180,94598,CA,41860,"San Francisco-Oakland-Fremont, CA",78.95,bls_oews_msa,0.9,2024
050191,90813,CA,31080,"Los Angeles-Long Beach-Anaheim, CA",66.85,bls_oews_msa,0.9,2024
050192,93654,CA,23420,"Fresno, CA",61.55,bls_oews_msa,0.9,2024
050194,95076,CA,42100,"Santa Cruz-Watsonville, CA",72.75,bls_oews_msa,0.9,2024
050195,94538,CA,41860,"San Francisco-Oakland-Fremont, CA",78.95,bls_oews_msa,0.9,2024
050197,94062,CA,41860,"San Francisco-Oakland-Fremont, CA",78.95,bls_oews_msa,0.9,2024
050204,93552,CA,31080,"Los Angeles-Long Beach-Anaheim, CA",66.85,bls_oews_msa,0.9,2024
05020F,92055,CA,41740,"San Diego-Chula Vista-Carlsbad, CA",65.2,bls_oews_msa,0.9,2024
050211,94501,CA,41860,"San Francisco-Oakland-Fremont, CA",78.95,bls_oews_msa,0.9,2024
050222,91911,CA,41740,"San Diego-Chula Vista-Carlsbad, CA",65.2,bls_oews_msa,0.9,2024
050224,92663,CA,31080,"Los Angeles-Long Beach-Anaheim, CA",66.85,bls_oews_msa,0.9,2024
050226,92801,CA,31080,"Los Angeles-Long Beach-Anaheim, CA",66.85,bls_oews_msa,0.9,2024
050228,94110,CA,41860,"San Francisco-Oakland-Fremont, CA",78.95,bls_oews_msa,0.9,2024
05022F,92134,CA,41740,"San Diego-Chula Vista-Carlsbad, CA",65.2,bls_oews_msa,0.9,2024
050230,92843,CA,31080,"Los Angeles-Long Beach-Anaheim, CA",66.85,bls_oews_msa,0.9,2024
050231,91767,CA,31080,"Los Angeles-Long Beach-Anaheim, CA",66.85,bls_oews_msa,0.9,2024
050232,93401,CA,42020,"San Luis Obispo-Paso Robles, CA",85.51,hcris_blended_x_multiplier,0.7,2024
050234,92118,CA,41740,"San Diego-Chula Vista-Carlsbad, CA",65.2,bls_oews_msa,0.9,2024
050235,91505,CA,31080,"Los Angeles-Long Beach-Anaheim, CA",66.85,bls_oews_msa,0.9,2024
050236,93065,CA,37100,"Oxnard-Thousand Oaks-Ventura, CA",74.54,hcris_blended_x_multiplier,0.7,2024
050238,91007,CA,31080,"Los Angeles-Long Beach-Anaheim, CA",66.85,bls_oews_msa,0.9,2024
050239,91206,CA,31080,"Los Angeles-Long Beach-Anaheim, CA",66.85,bls_oews_msa,0.9,2024
050242,95065,CA,42100,"Santa Cruz-Watsonville, CA",72.75,bls_oews_msa,0.9,2024
050243,92262,CA,40140,"Riverside-San Bernardino-Ontario, CA",62.1,bls_oews_msa,0.9,2024
050245,92324,CA,40140,"Riverside-San Bernardino-Ontario, CA",62.1,bls_oews_msa,0.9,2024
050248,93906,CA,41500,"Salinas, CA",71.1,bls_oews_msa,0.9,2024
050254,95667,CA,40900,"Sacramento-Roseville-Folsom, CA",73.45,bls_oews_msa,0.9,2024
050257,93308,CA,12540,"Bakersfield-Delano, CA",57.05,bls_oews_msa,0.9,2024
05025F,93703,CA,23420,"Fresno, CA",61.55,bls_oews_msa,0.9,2024
050261,93257,CA,47300,"Visalia, CA",55.85,bls_oews_msa,0.9,2024
050262,90095,CA,31080,"Los Angeles-Long Beach-Anaheim, CA",66.85,bls_oews_msa,0.9,2024
050272,92373,CA,40140,"Riverside-San Bernardino-Ontario, CA",62.1,bls_oews_msa,0.9,2024
050276,94553,CA,41860,"San Francisco-Oakland-Fremont, CA",78.95,bls_oews_msa,0.9,2024
050278,91346,CA,,,79.17,hcris_blended_x_multiplier,0.7,2024
050279,92252,CA,40140,"Riverside-San Bernardino-Ontario, CA",62.1,bls_oews_msa,0.9,2024
05027F,90822,CA,31080,"Los Angeles-Long Beach-Anaheim, CA",66.85,bls_oews_msa,0.9,2024
050280,96001,CA,39820,"Redding, CA",90.08,hcris_blended_x_multiplier,0.7,2024
050281,91801,CA,31080,"Los Angeles-Long Beach-Anaheim, CA",66.85,bls_oews_msa,0.9,2024
050283,94588,CA,41860,"San Francisco-Oakland-Fremont, CA",78.95,bls_oews_msa,0.9,2024
050289,94015,CA,41860,"San Francisco-Oakland-Fremont, CA",78.95,bls_oews_msa,0.9,2024
050290,90404,CA,31080,"Los Angeles-Long Beach-Anaheim, CA",66.85,bls_oews_msa,0.9,2024
050291,95403,CA,42220,"Santa Rosa-Petaluma, CA",65.95,bls_oews_msa,0.9,2024
050292,92555,CA,40140,"Riverside-San Bernardino-Ontario, CA",62.1,bls_oews_msa,0.9,2024
050295,93301,CA,12540,"Bakersfield-Delano, CA",57.05,bls_oews_msa,0.9,2024
050298,92311,CA,40140,"Riverside-San Bernardino-Ontario, CA",62.1,bls_oews_msa,0.9,2024
050300,92307,CA,40140,"Riverside-San Bernardino-Ontario, CA",62.1,bls_oews_msa,0.9,2024
050301,95482,CA,46380,"Ukiah, CA",77.2,hcris_blended_x_multiplier,0.7,2024
050305,94705,CA,41860,"San Francisco-Oakland-Fremont, CA",78.95,bls_oews_msa,0.9,2024
050308,94040,CA,41940,"San Jose-Sunnyvale-Santa Clara, CA",81.46,bls_oews_msa,0.9,2024
050309,95661,CA,40900,"Sacramento-Roseville-Folsom, CA",73.45,bls_oews_msa,0.9,2024
05030F,95655,CA,40900,"Sacramento-Roseville-Folsom, CA",73.45,bls_oews_msa,0.9,2024
050313,95376,CA,44700,"Stockton-Lodi, CA",65.8,bls_oews_msa,0.9,2024
050315,93306,CA,12540,"Bakersfield-Delano, CA",57.05,bls_oews_msa,0.9,2024
05031F,94304,CA,41940,"San Jose-Sunnyvale-Santa Clara, CA",81.46,bls_oews_msa,0.9,2024
050320,94602,CA,41860,"San Francisco-Oakland-Fremont, CA",78.95,bls_oews_msa,0.9,2024
050324,92037,CA,41740,"San Diego-Chula Vista-Carlsbad, CA",65.2,bls_oews_msa,0.9,2024
050327,92354,CA,40140,"Riverside-San Bernardino-Ontario, CA",62.1,bls_oews_msa,0.9,2024
050329,92882,CA,40140,"Riverside-San Bernardino-Ontario, CA",62.1,bls_oews_msa,0.9,2024
050334,93901,CA,41500,"Salinas, CA",71.1,bls_oews_msa,0.9,2024
050335,95370,CA,43760,"Sonora, CA",70.07,hcris_blended_x_multiplier,0.7,2024
050336,95240,CA,44700,"Stockton-Lodi, CA",65.8,bls_oews_msa,0.9,2024
050342,92227,CA,20940,"El Centro, CA",55.87,hcris_blended_x_multiplier,0.7,2024
050348,92868,CA,31080,"Los Angeles-Long Beach-Anaheim, CA",66.85,bls_oews_msa,0.9,2024
050350,90640,CA,31080,"Los Angeles-Long Beach-Anaheim, CA",66.85,bls_oews_msa,0.9,2024
050351,90509,CA,,,76.83,hcris_blended_x_multiplier,0.7,2024
050352,96150,CA,40900,"Sacramento-Roseville-Folsom, CA",73.45,bls_oews_msa,0.9,2024
050353,90503,CA,31080,"Los Angeles-Long Beach-Anaheim, CA",66.85,bls_oews_msa,0.9,2024
050357,93111,CA,42200,"Santa Maria-Santa Barbara, CA",80.3,hcris_blended_x_multiplier,0.7,2024
050360,94904,CA,41860,"San Francisco-Oakland-Fremont, CA",78.95,bls_oews_msa,0.9,2024
050367,94533,CA,46700,"Vallejo, CA",97.93,hcris_blended_x_multiplier,0.7,2024
050373,90033,CA,31080,"Los Angeles-Long Beach-Anaheim, CA",66.85,bls_oews_msa,0.9,2024
050376,90509,CA,,,85.64,hcris_blended_x_multiplier,0.7,2024
050378,91352,CA,31080,"Los Angeles-Long Beach-Anaheim, CA",66.85,bls_oews_msa,0.9,2024
050380,95124,CA,41940,"San Jose-Sunnyvale-Santa Clara, CA",81.46,bls_oews_msa,0.9,2024
050382,91723,CA,31080,"Los Angeles-Long Beach-Anaheim, CA",66.85,bls_oews_msa,0.9,2024
050390,92543,CA,40140,"Riverside-San Bernardino-Ontario, CA",62.1,bls_oews_msa,0.9,2024
050393,90241,CA,31080,"Los Angeles-Long Beach-Anaheim, CA",66.85,bls_oews_msa,0.9,2024
050394,93003,CA,37100,"Oxnard-Thousand Oaks-Ventura, CA",71.4,hcris_blended_x_multiplier,0.7,2024
050396,93105,CA,42200,"Santa Maria-Santa Barbara, CA",81.12,hcris_blended_x_multiplier,0.7,2024
05039F,92278,CA,40140,"Riverside-San Bernardino-Ontario, CA",62.1,bls_oews_msa,0.9,2024
050407,94133,CA,41860,"San Francisco-Oakland-Fremont, CA",78.95,bls_oews_msa,0.9,2024
050411,90710,CA,31080,"Los Angeles-Long Beach-Anaheim, CA",66.85,bls_oews_msa,0.9,2024
050414,95630,CA,40900,"Sacramento-Roseville-Folsom, CA",73.45,bls_oews_msa,0.9,2024
050417,95531,CA,18860,"Crescent City, CA",65.95,bls_oews_state_placeholder,0.4,2024
05041F,92310,CA,40140,"Riverside-San Bernardino-Ontario, CA",62.1,bls_oews_msa,0.9,2024
050424,92037,CA,41740,"San Diego-Chula Vista-Carlsbad, CA",65.2,bls_oews_msa,0.9,2024
050425,95825,CA,40900,"Sacramento-Roseville-Folsom, CA",73.45,bls_oews_msa,0.9,2024
050426,92804,CA,31080,"Los Angeles-Long Beach-Anaheim, CA",66.85,bls_oews_msa,0.9,2024
050438,91109,CA,,,80.12,hcris_blended_x_multiplier,0.7,2024
050441,94305,CA,41940,"San Jose-Sunnyvale-Santa Clara, CA",81.46,bls_oews_msa,0.9,2024
050444,95340,CA,32900,"Merced, CA",63.4,bls_oews_msa,0.9,2024
050454,94143,CA,,,114.04,hcris_blended_x_multiplier,0.7,2024
050455,93301,CA,12540,"Bakersfield-Delano, CA",57.05,bls_oews_msa,0.9,2024
050457,94117,CA,41860,"San Francisco-Oakland-Fremont, CA",78.95,bls_oews_msa,0.9,2024
050464,95350,CA,33700,"Modesto, CA",89.04,hcris_blended_x_multiplier,0.7,2024
050468,90247,CA,31080,"Los Angeles-Long Beach-Anaheim, CA",66.85,bls_oews_msa,0.9,2024
050471,90017,CA,31080,"Los Angeles-Long Beach-Anaheim, CA",66.85,bls_oews_msa,0.9,2024
050481,91307,CA,31080,"Los Angeles-Long Beach-Anaheim, CA",66.85,bls_oews_msa,0.9,2024
050485,90806,CA,31080,"Los Angeles-Long Beach-Anaheim, CA",66.85,bls_oews_msa,0.9,2024
050488,94546,CA,41860,"San Francisco-Oakland-Fremont, CA",78.95,bls_oews_msa,0.9,2024
050492,93611,CA,23420,"Fresno, CA",61.55,bls_oews_msa,0.9,2024
050496,94520,CA,41860,"San Francisco-Oakland-Fremont, CA",78.95,bls_oews_msa,0.9,2024
050498,95603,CA,40900,"Sacramento-Roseville-Folsom, CA",73.45,bls_oews_msa,0.9,2024
050503,92024,CA,41740,"San Diego-Chula Vista-Carlsbad, CA",65.2,bls_oews_msa,0.9,2024
050506,93405,CA,42020,"San Luis Obispo-Paso Robles, CA",90.26,hcris_blended_x_multiplier,0.7,2024
050510,94903,CA,41860,"San Francisco-Oakland-Fremont, CA",78.95,bls_oews_msa,0.9,2024
050512,94538,CA,41860,"San Francisco-Oakland-Fremont, CA",78.95,bls_oews_msa,0.9,2024
050515,92120,CA,41740,"San Diego-Chula Vista-Carlsbad, CA",65.2,bls_oews_msa,0.9,2024
050516,95608,CA,40900,"Sacramento-Roseville-Folsom, CA",73.45,bls_oews_msa,0.9,2024
050517,92395,CA,40140,"Riverside-San Bernardino-Ontario, CA",62.1,bls_oews_msa,0.9,2024
050523,94509,CA,41860,"San Francisco-Oakland-Fremont, CA",78.95,bls_oews_msa,0.9,2024
050526,92647,CA,31080,"Los Angeles-Long Beach-Anaheim, CA",66.85,bls_oews_msa,0.9,2024
050528,93635,CA,32900,"Merced, CA",63.4,bls_oews_msa,0.9,2024
050534,92201,CA,40140,"Riverside-San Bernardino-Ontario, CA",62.1,bls_oews_msa,0.9,2024
050537,95616,CA,40900,"Sacramento-Roseville-Folsom, CA",73.45,bls_oews_msa,0.9,2024
050541,94063,CA,41860,"San Francisco-Oakland-Fremont, CA",78.95,bls_oews_msa,0.9,2024
050543,92627,CA,31080,"Los Angeles-Long Beach-Anaheim, CA",66.85,bls_oews_msa,0.9,2024
050546,93258,CA,47300,"Visalia, CA",55.85,bls_oews_msa,0.9,2024
050549,91360,CA,37100,"Oxnard-Thousand Oaks-Ventura, CA",94.11,hcris_blended_x_multiplier,0.7,2024
050551,90720,CA,31080,"Los Angeles-Long Beach-Anaheim, CA",66.85,bls_oews_msa,0.9,2024
050557,95355,CA,33700,"Modesto, CA",65.95,bls_oews_state_placeholder,0.4,2024
050561,90034,CA,31080,"Los Angeles-Long Beach-Anaheim, CA",66.85,bls_oews_msa,0.9,2024
050567,92691,CA,31080,"Los Angeles-Long Beach-Anaheim, CA",66.85,bls_oews_msa,0.9,2024
050570,92708,CA,31080,"Los Angeles-Long Beach-Anaheim, CA",66.85,bls_oews_msa,0.9,2024
050573,92270,CA,40140,"Riverside-San Bernardino-Ontario, CA",62.1,bls_oews_msa,0.9,2024
050580,90623,CA,31080,"Los Angeles-Long Beach-Anaheim, CA",66.85,bls_oews_msa,0.9,2024
050581,90712,CA,31080,"Los Angeles-Long Beach-Anaheim, CA",66.85,bls_oews_msa,0.9,2024
050586,91710,CA,40140,"Riverside-San Bernardino-Ontario, CA",62.1,bls_oews_msa,0.9,2024
050588,91773,CA,31080,"Los Angeles-Long Beach-Anaheim, CA",66.85,bls_oews_msa,0.9,2024
050590,95823,CA,40900,"Sacramento-Roseville-Folsom, CA",73.45,bls_oews_msa,0.9,2024
050597,91740,CA,31080,"Los Angeles-Long Beach-Anaheim, CA",66.85,bls_oews_msa,0.9,2024
050599,95817,CA,40900,"Sacramento-Roseville-Folsom, CA",73.45,bls_oews_msa,0.9,2024
050603,92653,CA,31080,"Los Angeles-Long Beach-Anaheim, CA",66.85,bls_oews_msa,0.9,2024
050604,95119,CA,41940,"San Jose-Sunnyvale-Santa Clara, CA",81.46,bls_oews_msa,0.9,2024
050608,93215,CA,12540,"Bakersfield-Delano, CA",57.05,bls_oews_msa,0.9,2024
050609,92806,CA,31080,"Los Angeles-Long Beach-Anaheim, CA",66.85,bls_oews_msa,0.9,2024
050624,91355,CA,31080,"Los Angeles-Long Beach-Anaheim, CA",66.85,bls_oews_msa,0.9,2024
050625,90048,CA,31080,"Los Angeles-Long Beach-Anaheim, CA",66.85,bls_oews_msa,0.9,2024
050633,93465,CA,42020,"San Luis Obispo-Paso Robles, CA",82.22,hcris_blended_x_multiplier,0.7,2024
050636,92064,CA,41740,"San Diego-Chula Vista-Carlsbad, CA",65.2,bls_oews_msa,0.9,2024
050641,90023,CA,31080,"Los Angeles-Long Beach-Anaheim, CA",66.85,bls_oews_msa,0.9,2024
050663,90023,CA,31080,"Los Angeles-Long Beach-Anaheim, CA",66.85,bls_oews_msa,0.9,2024
050668,94116,CA,41860,"San Francisco-Oakland-Fremont, CA",78.95,bls_oews_msa,0.9,2024
050674,95823,CA,40900,"Sacramento-Roseville-Folsom, CA",73.45,bls_oews_msa,0.9,2024
050677,91367,CA,31080,"Los Angeles-Long Beach-Anaheim, CA",66.85,bls_oews_msa,0.9,2024
050678,92708,CA,31080,"Los Angeles-Long Beach-Anaheim, CA",66.85,bls_oews_msa,0.9,2024
050684,92585,CA,40140,"Riverside-San Bernardino-Ontario, CA",62.1,bls_oews_msa,0.9,2024
050686,92505,CA,40140,"Riverside-San Bernardino-Ontario, CA",62.1,bls_oews_msa,0.9,2024
050689,94583,CA,41860,"San Francisco-Oakland-Fremont, CA",78.95,bls_oews_msa,0.9,2024
050690,95403,CA,42220,"Santa Rosa-Petaluma, CA",65.95,bls_oews_msa,0.9,2024
050696,90033,CA,31080,"Los Angeles-Long Beach-Anaheim, CA",66.85,bls_oews_msa,0.9,2024
050697,96001,CA,39820,"Redding, CA",58.07,hcris_blended_x_multiplier,0.7,2024
050701,92562,CA,40140,"Riverside-San Bernardino-Ontario, CA",62.1,bls_oews_msa,0.9,2024
050704,91402,CA,31080,"Los Angeles-Long Beach-Anaheim, CA",66.85,bls_oews_msa,0.9,2024
050708,93710,CA,23420,"Fresno, CA",61.55,bls_oews_msa,0.9,2024
050709,92395,CA,40140,"Riverside-San Bernardino-Ontario, CA",62.1,bls_oews_msa,0.9,2024
050710,93720,CA,23420,"Fresno, CA",61.55,bls_oews_msa,0.9,2024
050714,95065,CA,42100,"Santa Cruz-Watsonville, CA",72.75,bls_oews_msa,0.9,2024
050717,90242,CA,31080,"Los Angeles-Long Beach-Anaheim, CA",66.85,bls_oews_msa,0.9,2024
050723,91706,CA,31080,"Los Angeles-Long Beach-Anaheim, CA",66.85,bls_oews_msa,0.9,2024
050726,95355,CA,33700,"Modesto, CA",52.82,hcris_blended_x_multiplier,0.7,2024
050735,90605,CA,31080,"Los Angeles-Long Beach-Anaheim, CA",66.85,bls_oews_msa,0.9,2024
050736,91754,CA,31080,"Los Angeles-Long Beach-Anaheim, CA",66.85,bls_oews_msa,0.9,2024
050737,91754,CA,31080,"Los Angeles-Long Beach-Anaheim, CA",66.85,bls_oews_msa,0.9,2024
050738,91733,CA,31080,"Los Angeles-Long Beach-Anaheim, CA",66.85,bls_oews_msa,0.9,2024
050739,90301,CA,31080,"Los Angeles-Long Beach-Anaheim, CA",66.85,bls_oews_msa,0.9,2024
050740,90292,CA,31080,"Los Angeles-Long Beach-Anaheim, CA",66.85,bls_oews_msa,0.9,2024
050744,92805,CA,31080,"Los Angeles-Long Beach-Anaheim, CA",66.85,bls_oews_msa,0.9,2024
050745,92869,CA,31080,"Los Angeles-Long Beach-Anaheim, CA",66.85,bls_oews_msa,0.9,2024
050746,92705,CA,31080,"Los Angeles-Long Beach-Anaheim, CA",66.85,bls_oews_msa,0.9,2024
050747,92704,CA,31080,"Los Angeles-Long Beach-Anaheim, CA",66.85,bls_oews_msa,0.9,2024
050748,95337,CA,44700,"Stockton-Lodi, CA",65.8,bls_oews_msa,0.9,2024
050755,91403,CA,31080,"Los Angeles-Long Beach-Anaheim, CA",66.85,bls_oews_msa,0.9,2024
050758,91763,CA,40140,"Riverside-San Bernardino-Ontario, CA",62.1,bls_oews_msa,0.9,2024
050760,94531,CA,41860,"San Francisco-Oakland-Fremont, CA",78.95,bls_oews_msa,0.9,2024
050761,91356,CA,31080,"Los Angeles-Long Beach-Anaheim, CA",66.85,bls_oews_msa,0.9,2024
050763,90026,CA,31080,"Los Angeles-Long Beach-Anaheim, CA",66.85,bls_oews_msa,0.9,2024
050764,96001,CA,39820,"Redding, CA",66.43,hcris_blended_x_multiplier,0.7,2024
050765,92555,CA,40140,"Riverside-San Bernardino-Ontario, CA",62.1,bls_oews_msa,0.9,2024
050766,95991,CA,49700,"Yuba City, CA",65.95,bls_oews_state_placeholder,0.4,2024
050767,95688,CA,46700,"Vallejo, CA",120.69,hcris_blended_x_multiplier,0.7,2024
050769,92618,CA,31080,"Los Angeles-Long Beach-Anaheim, CA",66.85,bls_oews_msa,0.9,2024
050770,92563,CA,40140,"Riverside-San Bernardino-Ontario, CA",62.1,bls_oews_msa,0.9,2024
050771,90650,CA,31080,"Los Angeles-Long Beach-Anaheim, CA",66.85,bls_oews_msa,0.9,2024
050772,95661,CA,40900,"Sacramento-Roseville-Folsom, CA",73.45,bls_oews_msa,0.9,2024
050775,92592,CA,40140,"Riverside-San Bernardino-Ontario, CA",62.1,bls_oews_msa,0.9,2024
050776,90806,CA,31080,"Los Angeles-Long Beach-Anaheim, CA",66.85,bls_oews_msa,0.9,2024
050777,94577,CA,41860,"San Francisco-Oakland-Fremont, CA",78.95,bls_oews_msa,0.9,2024
050778,92354,CA,40140,"Riverside-San Bernardino-Ontario, CA",62.1,bls_oews_msa,0.9,2024
050779,90059,CA,31080,"Los Angeles-Long Beach-Anaheim, CA",66.85,bls_oews_msa,0.9,2024
050780,92780,CA,31080,"Los Angeles-Long Beach-Anaheim, CA",66.85,bls_oews_msa,0.9,2024
050782,91767,CA,31080,"Los Angeles-Long Beach-Anaheim, CA",66.85,bls_oews_msa,0.9,2024
050783,95932,CA,,Rural / Nonmetro,65.95,bls_oews_state_placeholder,0.4,2024
050784,93274,CA,47300,"Visalia, CA",55.85,bls_oews_msa,0.9,2024
050785,90036,CA,31080,"Los Angeles-Long Beach-Anaheim, CA",66.85,bls_oews_msa,0.9,2024
050854,92804,CA,31080,"Los Angeles-Long Beach-Anaheim, CA",66.85,bls_oews_msa,0.9,2024
050855,92078,CA,41740,"San Diego-Chula Vista-Carlsbad, CA",65.2,bls_oews_msa,0.9,2024
050856,93637,CA,23420,"Fresno, CA",61.55,bls_oews_msa,0.9,2024
05114F,92161,CA,41740,"San Diego-Chula Vista-Carlsbad, CA",65.2,bls_oews_msa,0.9,2024
05127F,92357,CA,,,65.95,bls_oews_state_placeholder,0.4,2024
05128F,90073,CA,31080,"Los Angeles-Long Beach-Anaheim, CA",66.85,bls_oews_msa,0.9,2024
051300,96122,CA,,Rural / Nonmetro,65.95,bls_oews_state_placeholder,0.4,2024
051301,93561,CA,12540,"Bakersfield-Delano, CA",57.05,bls_oews_msa,0.9,2024
051302,93545,CA,13860,"Bishop, CA",65.95,bls_oews_state_placeholder,0.4,2024
051303,93546,CA,,Rural / Nonmetro,65.95,bls_oews_state_placeholder,0.4,2024
051304,95338,CA,,Rural / Nonmetro,65.95,bls_oews_state_placeholder,0.4,2024
051305,96028,CA,39820,"Redding, CA",65.95,bls_oews_state_placeholder,0.4,2024
051306,95988,CA,,Rural / Nonmetro,65.95,bls_oews_state_placeholder,0.4,2024
051307,90704,CA,31080,"Los Angeles-Long Beach-Anaheim, CA",66.85,bls_oews_msa,0.9,2024
051308,96104,CA,,Rural / Nonmetro,65.95,bls_oews_state_placeholder,0.4,2024
051309,95542,CA,21700,"Eureka-Arcata, CA",65.95,bls_oews_state_placeholder,0.4,2024
05130F,94121,CA,41860,"San Francisco-Oakland-Fremont, CA",78.95,bls_oews_msa,0.9,2024
051310,95490,CA,46380,"Ukiah, CA",65.95,bls_oews_state_placeholder,0.4,2024
051311,95948,CA,17020,"Chico, CA",65.95,bls_oews_state_placeholder,0.4,2024
051312,92352,CA,40140,"Riverside-San Bernardino-Ontario, CA",62.1,bls_oews_msa,0.9,2024
051314,93240,CA,12540,"Bakersfield-Delano, CA",57.05,bls_oews_msa,0.9,2024
051315,96093,CA,,Rural / Nonmetro,65.95,bls_oews_state_placeholder,0.4,2024
051316,96097,CA,,Rural / Nonmetro,65.95,bls_oews_state_placeholder,0.4,2024
051317,95422,CA,17340,"Clearlake, CA",65.95,bls_oews_state_placeholder,0.4,2024
051318,95540,CA,21700,"Eureka-Arcata, CA",65.95,bls_oews_state_placeholder,0.4,2024
051319,96067,CA,,Rural / Nonmetro,65.95,bls_oews_state_placeholder,0.4,2024
051320,96130,CA,45000,"Susanville, CA",65.95,bls_oews_state_placeholder,0.4,2024
051321,95448,CA,42220,"Santa Rosa-Petaluma, CA",65.95,bls_oews_msa,0.9,2024
051323,92363,CA,40140,"Riverside-San Bernardino-Ontario, CA",62.1,bls_oews_msa,0.9,2024
051324,93514,CA,,Rural / Nonmetro,65.95,bls_oews_state_placeholder,0.4,2024
051325,95437,CA,46380,"Ukiah, CA",65.95,bls_oews_state_placeholder,0.4,2024
051326,95971,CA,,Rural / Nonmetro,65.95,bls_oews_state_placeholder,0.4,2024
051327,96020,CA,,Rural / Nonmetro,65.95,bls_oews_state_placeholder,0.4,2024
051328,96161,CA,46020,"Truckee-Grass Valley, CA",65.95,bls_oews_state_placeholder,0.4,2024
051329,95453,CA,17340,"Clearlake, CA",65.95,bls_oews_state_placeholder,0.4,2024
051330,96101,CA,,Rural / Nonmetro,65.95,bls_oews_state_placeholder,0.4,2024
051331,93463,CA,42200,"Santa Maria-Santa Barbara, CA",65.95,bls_oews_state_placeholder,0.4,2024
051332,95249,CA,,Rural / Nonmetro,65.95,bls_oews_state_placeholder,0.4,2024
051333,93555,CA,12540,"Bakersfield-Delano, CA",57.05,bls_oews_msa,0.9,2024
051334,93023,CA,37100,"Oxnard-Thousand Oaks-Ventura, CA",65.95,bls_oews_state_placeholder,0.4,2024
051335,92315,CA,40140,"Riverside-San Bernardino-Ontario, CA",62.1,bls_oews_msa,0.9,2024
051336,93930,CA,41500,"Salinas, CA",71.1,bls_oews_msa,0.9,2024
051337,95032,CA,41940,"San Jose-Sunnyvale-Santa Clara, CA",81.46,bls_oews_msa,0.9,2024
051338,93210,CA,23420,"Fresno, CA",61.55,bls_oews_msa,0.9,2024
051339,92225,CA,40140,"Riverside-San Bernardino-Ontario, CA",62.1,bls_oews_msa,0.9,2024
053300,93636,CA,23420,"Fresno, CA",61.55,bls_oews_msa,0.9,2024
053301,94609,CA,41860,"San Francisco-Oakland-Fremont, CA",78.95,bls_oews_msa,0.9,2024
053302,90027,CA,31080,"Los Angeles-Long Beach-Anaheim, CA",66.85,bls_oews_msa,0.9,2024
053303,92123,CA,41740,"San Diego-Chula Vista-Carlsbad, CA",65.2,bls_oews_msa,0.9,2024
053304,92868,CA,31080,"Los Angeles-Long Beach-Anaheim, CA",66.85,bls_oews_msa,0.9,2024
053305,94304,CA,41940,"San Jose-Sunnyvale-Santa Clara, CA",81.46,bls_oews_msa,0.9,2024
053306,92691,CA,31080,"Los Angeles-Long Beach-Anaheim, CA",66.85,bls_oews_msa,0.9,2024
053308,92866,CA,31080,"Los Angeles-Long Beach-Anaheim, CA",66.85,bls_oews_msa,0.9,2024
053309,90806,CA,31080,"Los Angeles-Long Beach-Anaheim, CA",66.85,bls_oews_msa,0.9,2024
053311,95817,CA,40900,"Sacramento-Roseville-Folsom, CA",73.45,bls_oews_msa,0.9,2024
054009,90095,CA,31080,"Los Angeles-Long Beach-Anaheim, CA",66.85,bls_oews_msa,0.9,2024
054028,90026,CA,31080,"Los Angeles-Long Beach-Anaheim, CA",66.85,bls_oews_msa,0.9,2024
054032,91770,CA,31080,"Los Angeles-Long Beach-Anaheim, CA",66.85,bls_oews_msa,0.9,2024
054053,90505,CA,31080,"Los Angeles-Long Beach-Anaheim, CA",66.85,bls_oews_msa,0.9,2024
054055,90703,CA,31080,"Los Angeles-Long Beach-Anaheim, CA",66.85,bls_oews_msa,0.9,2024
054069,91724,CA,31080,"Los Angeles-Long Beach-Anaheim, CA",66.85,bls_oews_msa,0.9,2024
054074,94590,CA,46700,"Vallejo, CA",65.95,bls_oews_state_placeholder,0.4,2024
054075,91942,CA,41740,"San Diego-Chula Vista-Carlsbad, CA",65.2,bls_oews_msa,0.9,2024
054077,93001,CA,37100,"Oxnard-Thousand Oaks-Ventura, CA",65.95,bls_oews_state_placeholder,0.4,2024
054078,91107,CA,31080,"Los Angeles-Long Beach-Anaheim, CA",66.85,bls_oews_msa,0.9,2024
054087,95823,CA,40900,"Sacramento-Roseville-Folsom, CA",73.45,bls_oews_msa,0.9,2024
054089,94112,CA,41860,"San Francisco-Oakland-Fremont, CA",78.95,bls_oews_msa,0.9,2024
054095,92128,CA,41740,"San Diego-Chula Vista-Carlsbad, CA",65.2,bls_oews_msa,0.9,2024
054096,95826,CA,40900,"Sacramento-Roseville-Folsom, CA",73.45,bls_oews_msa,0.9,2024
054104,95841,CA,40900,"Sacramento-Roseville-Folsom, CA",73.45,bls_oews_msa,0.9,2024
054110,94538,CA,41860,"San Francisco-Oakland-Fremont, CA",78.95,bls_oews_msa,0.9,2024
054111,91710,CA,40140,"Riverside-San Bernardino-Ontario, CA",62.1,bls_oews_msa,0.9,2024
054122,94558,CA,34900,"Napa, CA",65.95,bls_oews_state_placeholder,0.4,2024
054123,95204,CA,44700,"Stockton-Lodi, CA",65.8,bls_oews_msa,0.9,2024
054124,95501,CA,21700,"Eureka-Arcata, CA",65.95,bls_oews_state_placeholder,0.4,2024
054125,93110,CA,42200,"Santa Maria-Santa Barbara, CA",65.95,bls_oews_state_placeholder,0.4,2024
054130,92506,CA,40140,"Riverside-San Bernardino-Ontario, CA",62.1,bls_oews_msa,0.9,2024
054131,94520,CA,41860,"San Francisco-Oakland-Fremont, CA",78.95,bls_oews_msa,0.9,2024
054133,90650,CA,31080,"Los Angeles-Long Beach-Anaheim, CA",66.85,bls_oews_msa,0.9,2024
054144,94143,CA,,,65.95,bls_oews_state_placeholder,0.4,2024
054145,92123,CA,41740,"San Diego-Chula Vista-Carlsbad, CA",65.2,bls_oews_msa,0.9,2024
054146,94601,CA,41860,"San Francisco-Oakland-Fremont, CA",78.95,bls_oews_msa,0.9,2024
054147,91335,CA,31080,"Los Angeles-Long Beach-Anaheim, CA",66.85,bls_oews_msa,0.9,2024
054148,91356,CA,31080,"Los Angeles-Long Beach-Anaheim, CA",66.85,bls_oews_msa,0.9,2024
054149,94578,CA,41860,"San Francisco-Oakland-Fremont, CA",78.95,bls_oews_msa,0.9,2024
054150,95051,CA,41940,"San Jose-Sunnyvale-Santa Clara, CA",81.46,bls_oews_msa,0.9,2024
054151,95401,CA,42220,"Santa Rosa-Petaluma, CA",65.95,bls_oews_msa,0.9,2024
054152,95062,CA,42100,"Santa Cruz-Watsonville, CA",72.75,bls_oews_msa,0.9,2024
054153,90806,CA,31080,"Los Angeles-Long Beach-Anaheim, CA",66.85,bls_oews_msa,0.9,2024
054154,95138,CA,41940,"San Jose-Sunnyvale-Santa Clara, CA",81.46,bls_oews_msa,0.9,2024
054155,93309,CA,12540,"Bakersfield-Delano, CA",57.05,bls_oews_msa,0.9,2024
054157,91740,CA,31080,"Los Angeles-Long Beach-Anaheim, CA",66.85,bls_oews_msa,0.9,2024
054158,92656,CA,31080,"Los Angeles-Long Beach-Anaheim, CA",66.85,bls_oews_msa,0.9,2024
054159,95815,CA,40900,"Sacramento-Roseville-Folsom, CA",73.45,bls_oews_msa,0.9,2024
054160,93636,CA,23420,"Fresno, CA",61.55,bls_oews_msa,0.9,2024
060001,80631,CO,24540,"Greeley, CO",61.12,hcris_blended_x_multiplier,0.7,2024
060003,80501,CO,14500,"Boulder, CO",89.61,hcris_blended_x_multiplier,0.7,2024
060004,80601,CO,19740,"Denver-Aurora-Centennial, CO",46.2,bls_oews_msa,0.9,2024
060006,81401,CO,33940,"Montrose, CO",69.73,hcris_blended_x_multiplier,0.7,2024
060008,81101,CO,10480,"Alamosa, CO",61.73,hcris_blended_x_multiplier,0.7,2024
060009,80033,CO,19740,"Denver-Aurora-Centennial, CO",46.2,bls_oews_msa,0.9,2024
060010,80524,CO,22660,"Fort Collins-Loveland, CO",63.84,hcris_blended_x_multiplier,0.7,2024
060011,80204,CO,19740,"Denver-Aurora-Centennial, CO",46.2,bls_oews_msa,0.9,2024
060012,81004,CO,39380,"Pueblo, CO",74.54,hcris_blended_x_multiplier,0.7,2024
060013,81301,CO,20420,"Durango, CO",81.0,hcris_blended_x_multiplier,0.7,2024
060014,80218,CO,19740,"Denver-Aurora-Centennial, CO",46.2,bls_oews_msa,0.9,2024
060015,80228,CO,19740,"Denver-Aurora-Centennial, CO",46.2,bls_oews_msa,0.9,2024
060020,81003,CO,39380,"Pueblo, CO",68.53,hcris_blended_x_multiplier,0.7,2024
060022,80909,CO,17820,"Colorado Springs, CO",64.81,hcris_blended_x_multiplier,0.7,2024
060023,81501,CO,24300,"Grand Junction, CO",65.94,hcris_blended_x_multiplier,0.7,2024
060024,80045,CO,19740,"Denver-Aurora-Centennial, CO",46.2,bls_oews_msa,0.9,2024
060027,80304,CO,14500,"Boulder, CO",85.93,hcris_blended_x_multiplier,0.7,2024
060028,80218,CO,19740,"Denver-Aurora-Centennial, CO",46.2,bls_oews_msa,0.9,2024
060030,80538,CO,22660,"Fort Collins-Loveland, CO",62.78,hcris_blended_x_multiplier,0.7,2024
060031,80907,CO,17820,"Colorado Springs, CO",74.69,hcris_blended_x_multiplier,0.7,2024
060032,80220,CO,19740,"Denver-Aurora-Centennial, CO",46.2,bls_oews_msa,0.9,2024
060034,80113,CO,19740,"Denver-Aurora-Centennial, CO",46.2,bls_oews_msa,0.9,2024
06003F,80913,CO,17820,"Colorado Springs, CO",44.6,bls_oews_state_placeholder,0.4,2024
060044,80701,CO,22820,"Fort Morgan, CO",80.93,hcris_blended_x_multiplier,0.7,2024
060049,80487,CO,44460,"Steamboat Springs, CO",72.6,hcris_blended_x_multiplier,0.7,2024
060054,81505,CO,24300,"Grand Junction, CO",71.02,hcris_blended_x_multiplier,0.7,2024
06005F,80045,CO,19740,"Denver-Aurora-Centennial, CO",46.2,bls_oews_msa,0.9,2024
060064,80210,CO,19740,"Denver-Aurora-Centennial, CO",46.2,bls_oews_msa,0.9,2024
060065,80229,CO,19740,"Denver-Aurora-Centennial, CO",46.2,bls_oews_msa,0.9,2024
060071,81416,CO,,Rural / Nonmetro,63.43,hcris_blended_x_multiplier,0.7,2024
060075,81601,CO,40090,"Rifle, CO",71.34,hcris_blended_x_multiplier,0.7,2024
060076,80751,CO,44540,"Sterling, CO",65.45,hcris_blended_x_multiplier,0.7,2024
06007F,81501,CO,24300,"Grand Junction, CO",44.6,bls_oews_state_placeholder,0.4,2024
060096,81657,CO,20780,"Edwards, CO",75.82,hcris_blended_x_multiplier,0.7,2024
060100,80012,CO,19740,"Denver-Aurora-Centennial, CO",46.2,bls_oews_msa,0.9,2024
060103,80027,CO,14500,"Boulder, CO",79.7,hcris_blended_x_multiplier,0.7,2024
060104,80023,CO,19740,"Denver-Aurora-Centennial, CO",46.2,bls_oews_msa,0.9,2024
060107,80206,CO,19740,"Denver-Aurora-Centennial, CO",46.2,bls_oews_msa,0.9,2024
060112,80124,CO,19740,"Denver-Aurora-Centennial, CO",46.2,bls_oews_msa,0.9,2024
060113,80122,CO,19740,"Denver-Aurora-Centennial, CO",46.2,bls_oews_msa,0.9,2024
060114,80138,CO,19740,"Denver-Aurora-Centennial, CO",46.2,bls_oews_msa,0.9,2024
060116,80026,CO,14500,"Boulder, CO",72.53,hcris_blended_x_multiplier,0.7,2024
060117,81301,CO,20420,"Durango, CO",62.86,hcris_blended_x_multiplier,0.7,2024
060118,80443,CO,14720,"Breckenridge, CO",93.6,hcris_blended_x_multiplier,0.7,2024
060119,80538,CO,22660,"Fort Collins-Loveland, CO",64.88,hcris_blended_x_multiplier,0.7,2024
060124,80228,CO,19740,"Denver-Aurora-Centennial, CO",46.2,bls_oews_msa,0.9,2024
060125,80109,CO,19740,"Denver-Aurora-Centennial, CO",46.2,bls_oews_msa,0.9,2024
060126,80528,CO,22660,"Fort Collins-Loveland, CO",68.85,hcris_blended_x_multiplier,0.7,2024
060128,80504,CO,24540,"Greeley, CO",69.34,hcris_blended_x_multiplier,0.7,2024
060129,80021,CO,19740,"Denver-Aurora-Centennial, CO",46.2,bls_oews_msa,0.9,2024
060130,80918,CO,17820,"Colorado Springs, CO",70.21,hcris_blended_x_multiplier,0.7,2024
060131,80634,CO,24540,"Greeley, CO",62.89,hcris_blended_x_multiplier,0.7,2024
060132,80129,CO,19740,"Denver-Aurora-Centennial, CO",46.2,bls_oews_msa,0.9,2024
060133,80921,CO,17820,"Colorado Springs, CO",84.08,hcris_blended_x_multiplier,0.7,2024
061300,81036,CO,,Rural / Nonmetro,44.6,bls_oews_state_placeholder,0.4,2024
061301,81132,CO,,Rural / Nonmetro,44.6,bls_oews_state_placeholder,0.4,2024
061302,81521,CO,24300,"Grand Junction, CO",44.6,bls_oews_state_placeholder,0.4,2024
061303,80723,CO,22820,"Fort Morgan, CO",44.6,bls_oews_state_placeholder,0.4,2024
061304,80731,CO,,Rural / Nonmetro,44.6,bls_oews_state_placeholder,0.4,2024
061305,80734,CO,,Rural / Nonmetro,44.6,bls_oews_state_placeholder,0.4,2024
061306,80821,CO,,Rural / Nonmetro,44.6,bls_oews_state_placeholder,0.4,2024
061307,81648,CO,,Rural / Nonmetro,44.6,bls_oews_state_placeholder,0.4,2024
061308,81140,CO,10480,"Alamosa, CO",44.6,bls_oews_state_placeholder,0.4,2024
061309,80758,CO,,Rural / Nonmetro,44.6,bls_oews_state_placeholder,0.4,2024
061310,80737,CO,,Rural / Nonmetro,44.6,bls_oews_state_placeholder,0.4,2024
061311,81073,CO,,Rural / Nonmetro,44.6,bls_oews_state_placeholder,0.4,2024
061312,80517,CO,22660,"Fort Collins-Loveland, CO",44.6,bls_oews_state_placeholder,0.4,2024
061313,80807,CO,,Rural / Nonmetro,44.6,bls_oews_state_placeholder,0.4,2024
061314,81625,CO,44460,"Steamboat Springs, CO",44.6,bls_oews_state_placeholder,0.4,2024
061315,80759,CO,,Rural / Nonmetro,44.6,bls_oews_state_placeholder,0.4,2024
061316,81089,CO,,Rural / Nonmetro,44.6,bls_oews_state_placeholder,0.4,2024
061317,81650,CO,,Rural / Nonmetro,44.6,bls_oews_state_placeholder,0.4,2024
061318,80459,CO,,Rural / Nonmetro,44.6,bls_oews_state_placeholder,0.4,2024
061319,80461,CO,14720,"Breckenridge, CO",44.6,bls_oews_state_placeholder,0.4,2024
061320,81230,CO,,Rural / Nonmetro,44.6,bls_oews_state_placeholder,0.4,2024
061321,81082,CO,,Rural / Nonmetro,44.6,bls_oews_state_placeholder,0.4,2024
061322,81201,CO,,Rural / Nonmetro,44.6,bls_oews_state_placeholder,0.4,2024
061323,81052,CO,,Rural / Nonmetro,44.6,bls_oews_state_placeholder,0.4,2024
061324,81611,CO,40090,"Rifle, CO",44.6,bls_oews_state_placeholder,0.4,2024
061325,81641,CO,,Rural / Nonmetro,44.6,bls_oews_state_placeholder,0.4,2024
061326,80863,CO,17820,"Colorado Springs, CO",44.6,bls_oews_state_placeholder,0.4,2024
061327,81321,CO,,Rural / Nonmetro,44.6,bls_oews_state_placeholder,0.4,2024
061328,81147,CO,,Rural / Nonmetro,44.6,bls_oews_state_placeholder,0.4,2024
061336,81050,CO,,Rural / Nonmetro,44.6,bls_oews_state_placeholder,0.4,2024
061343,80810,CO,,Rural / Nonmetro,44.6,bls_oews_state_placeholder,0.4,2024
061344,81212,CO,15860,"Cañon City, CO",44.6,bls_oews_state_placeholder,0.4,2024
063301,80045,CO,19740,"Denver-Aurora-Centennial, CO",46.2,bls_oews_msa,0.9,2024
063303,80920,CO,17820,"Colorado Springs, CO",44.6,bls_oews_state_placeholder,0.4,2024
064001,81003,CO,39380,"Pueblo, CO",44.6,bls_oews_state_placeholder,0.4,2024
064003,80236,CO,19740,"Denver-Aurora-Centennial, CO",46.2,bls_oews_msa,0.9,2024
064007,80027,CO,14500,"Boulder, CO",44.6,bls_oews_state_placeholder,0.4,2024
064009,80906,CO,17820,"Colorado Springs, CO",44.6,bls_oews_state_placeholder,0.4,2024
064024,80130,CO,19740,"Denver-Aurora-Centennial, CO",46.2,bls_oews_msa,0.9,2024
064026,80923,CO,17820,"Colorado Springs, CO",44.6,bls_oews_state_placeholder,0.4,2024
064028,80112,CO,19740,"Denver-Aurora-Centennial, CO",46.2,bls_oews_msa,0.9,2024
064029,80534,CO,24540,"Greeley, CO",44.6,bls_oews_state_placeholder,0.4,2024
064030,80234,CO,19740,"Denver-Aurora-Centennial, CO",46.2,bls_oews_msa,0.9,2024
070002,06105,CT,,Rural / Nonmetro,57.62,hcris_blended_x_multiplier,0.7,2024
070003,06260,CT,,Rural / Nonmetro,52.92,hcris_blended_x_multiplier,0.7,2024
070004,06069,CT,,Rural / Nonmetro,67.19,hcris_blended_x_multiplier,0.7,2024
070005,06721,CT,,,65.16,hcris_blended_x_multiplier,0.7,2024
070006,06904,CT,,,106.65,hcris_blended_x_multiplier,0.7,2024
070007,06320,CT,,Rural / Nonmetro,65.9,hcris_blended_x_multiplier,0.7,2024
070008,06076,CT,,Rural / Nonmetro,65.02,hcris_blended_x_multiplier,0.7,2024
070010,06610,CT,,Rural / Nonmetro,47.2,bls_oews_state_placeholder,0.4,2024
070011,06790,CT,,Rural / Nonmetro,73.54,hcris_blended_x_multiplier,0.7,2024
070016,06706,CT,,Rural / Nonmetro,57.86,hcris_blended_x_multiplier,0.7,2024
070017,06450,CT,,Rural / Nonmetro,61.88,hcris_blended_x_multiplier,0.7,2024
070018,06830,CT,,Rural / Nonmetro,80.92,hcris_blended_x_multiplier,0.7,2024
070020,06457,CT,,Rural / Nonmetro,67.79,hcris_blended_x_multiplier,0.7,2024
070021,06226,CT,,Rural / Nonmetro,58.1,hcris_blended_x_multiplier,0.7,2024
070022,06504,CT,,,67.96,hcris_blended_x_multiplier,0.7,2024
070024,06360,CT,,Rural / Nonmetro,67.56,hcris_blended_x_multiplier,0.7,2024
070025,06102,CT,,,66.05,hcris_blended_x_multiplier,0.7,2024
070027,06040,CT,,Rural / Nonmetro,60.68,hcris_blended_x_multiplier,0.7,2024
070028,06606,CT,,Rural / Nonmetro,59.53,hcris_blended_x_multiplier,0.7,2024
070029,06010,CT,,Rural / Nonmetro,47.2,bls_oews_state_placeholder,0.4,2024
070031,06418,CT,,Rural / Nonmetro,56.29,hcris_blended_x_multiplier,0.7,2024
070033,06810,CT,,Rural / Nonmetro,66.21,hcris_blended_x_multiplier,0.7,2024
070034,06856,CT,,,62.72,hcris_blended_x_multiplier,0.7,2024
070035,06050,CT,,,70.01,hcris_blended_x_multiplier,0.7,2024
070036,06032,CT,,Rural / Nonmetro,77.43,hcris_blended_x_multiplier,0.7,2024
070038,06405,CT,,Rural / Nonmetro,47.2,bls_oews_state_placeholder,0.4,2024
07003F,06516,CT,,Rural / Nonmetro,47.2,bls_oews_state_placeholder,0.4,2024
073300,06106,CT,,Rural / Nonmetro,47.2,bls_oews_state_placeholder,0.4,2024
074003,06457,CT,,Rural / Nonmetro,47.2,bls_oews_state_placeholder,0.4,2024
074008,06250,CT,,Rural / Nonmetro,47.2,bls_oews_state_placeholder,0.4,2024
074011,06508,CT,,,47.2,bls_oews_state_placeholder,0.4,2024
074012,06610,CT,,Rural / Nonmetro,47.2,bls_oews_state_placeholder,0.4,2024
074014,06840,CT,,Rural / Nonmetro,47.2,bls_oews_state_placeholder,0.4,2024
074015,06457,CT,,Rural / Nonmetro,47.2,bls_oews_state_placeholder,0.4,2024
074016,06492,CT,,Rural / Nonmetro,47.2,bls_oews_state_placeholder,0.4,2024
074017,06117,CT,,Rural / Nonmetro,47.2,bls_oews_state_placeholder,0.4,2024
080001,19718,DE,,,77.55,hcris_blended_x_multiplier,0.7,2024
080003,19805,DE,37980,"Philadelphia-Camden-Wilmington, PA-NJ-DE-MD",47.3,bls_oews_msa,0.9,2024
080004,19901,DE,20100,"Dover, DE",65.32,hcris_blended_x_multiplier,0.7,2024
080006,19973,DE,42580,"Seaford, DE",61.45,hcris_blended_x_multiplier,0.7,2024
080007,19958,DE,42580,"Seaford, DE",43.5,bls_oews_state_placeholder,0.4,2024
080009,19963,DE,42580,"Seaford, DE",64.74,hcris_blended_x_multiplier,0.7,2024
08002F,19805,DE,37980,"Philadelphia-Camden-Wilmington, PA-NJ-DE-MD",47.3,bls_oews_msa,0.9,2024
083300,19899,DE,,,43.5,bls_oews_state_placeholder,0.4,2024
084001,19720,DE,37980,"Philadelphia-Camden-Wilmington, PA-NJ-DE-MD",47.3,bls_oews_msa,0.9,2024
084002,19713,DE,37980,"Philadelphia-Camden-Wilmington, PA-NJ-DE-MD",47.3,bls_oews_msa,0.9,2024
084003,19720,DE,37980,"Philadelphia-Camden-Wilmington, PA-NJ-DE-MD",47.3,bls_oews_msa,0.9,2024
084004,19901,DE,20100,"Dover, DE",43.5,bls_oews_state_placeholder,0.4,2024
084005,19947,DE,42580,"Seaford, DE",43.5,bls_oews_state_placeholder,0.4,2024
090001,20037,DC,47900,"Washington-Arlington-Alexandria, DC-VA-MD-WV",50.2,bls_oews_msa,0.9,2024
090003,20060,DC,,,55.57,hcris_blended_x_multiplier,0.7,2024
090004,20007,DC,47900,"Washington-Arlington-Alexandria, DC-VA-MD-WV",50.2,bls_oews_msa,0.9,2024
090005,20016,DC,47900,"Washington-Arlington-Alexandria, DC-VA-MD-WV",50.2,bls_oews_msa,0.9,2024
090008,20032,DC,47900,"Washington-Arlington-Alexandria, DC-VA-MD-WV",50.2,bls_oews_msa,0.9,2024
090011,20010,DC,47900,"Washington-Arlington-Alexandria, DC-VA-MD-WV",50.2,bls_oews_msa,0.9,2024
09002F,20422,DC,47900,"Washington-Arlington-Alexandria, DC-VA-MD-WV",50.2,bls_oews_msa,0.9,2024
093300,20010,DC,47900,"Washington-Arlington-Alexandria, DC-VA-MD-WV",50.2,bls_oews_msa,0.9,2024
094001,20032,DC,47900,"Washington-Arlington-Alexandria, DC-VA-MD-WV",50.2,bls_oews_msa,0.9,2024
094004,20016,DC,47900,"Washington-Arlington-Alexandria, DC-VA-MD-WV",50.2,bls_oews_msa,0.9,2024
100001,32209,FL,27260,"Jacksonville, FL",39.4,bls_oews_msa,0.9,2024
100002,33435,FL,33100,"Miami-Fort Lauderdale-West Palm Beach, FL",40.3,bls_oews_msa,0.9,2024
100006,32806,FL,36740,"Orlando-Kissimmee-Sanford, FL",39.95,bls_oews_msa,0.9,2024
100007,32803,FL,36740,"Orlando-Kissimmee-Sanford, FL",39.95,bls_oews_msa,0.9,2024
100008,33176,FL,33100,"Miami-Fort Lauderdale-West Palm Beach, FL",40.3,bls_oews_msa,0.9,2024
100012,33901,FL,15980,"Cape Coral-Fort Myers, FL",58.53,hcris_blended_x_multiplier,0.7,2024
100014,32170,FL,,,56.85,hcris_blended_x_multiplier,0.7,2024
100017,32114,FL,19660,"Deltona-Daytona Beach-Ormond Beach, FL",57.71,hcris_blended_x_multiplier,0.7,2024
100018,34102,FL,34940,"Naples-Marco Island, FL",63.06,hcris_blended_x_multiplier,0.7,2024
100019,32901,FL,37340,"Palm Bay-Melbourne-Titusville, FL",52.88,hcris_blended_x_multiplier,0.7,2024
100022,33136,FL,33100,"Miami-Fort Lauderdale-West Palm Beach, FL",40.3,bls_oews_msa,0.9,2024
100023,34452,FL,26140,"Homosassa Springs, FL",39.5,bls_oews_state_placeholder,0.4,2024
100025,32504,FL,37860,"Pensacola-Ferry Pass-Brent, FL",68.82,hcris_blended_x_multiplier,0.7,2024
100026,32401,FL,37460,"Panama City-Panama City Beach, FL",60.05,hcris_blended_x_multiplier,0.7,2024
100028,32796,FL,37340,"Palm Bay-Melbourne-Titusville, FL",51.88,hcris_blended_x_multiplier,0.7,2024
100029,33150,FL,33100,"Miami-Fort Lauderdale-West Palm Beach, FL",40.3,bls_oews_msa,0.9,2024
100030,34761,FL,36740,"Orlando-Kissimmee-Sanford, FL",39.95,bls_oews_msa,0.9,2024
100032,33701,FL,45300,"Tampa-St. Petersburg-Clearwater, FL",40.55,bls_oews_msa,0.9,2024
100034,33140,FL,33100,"Miami-Fort Lauderdale-West Palm Beach, FL",40.3,bls_oews_msa,0.9,2024
100035,34208,FL,35840,"North Port-Bradenton-Sarasota, FL",55.22,hcris_blended_x_multiplier,0.7,2024
100038,33021,FL,33100,"Miami-Fort Lauderdale-West Palm Beach, FL",40.3,bls_oews_msa,0.9,2024
100039,33316,FL,33100,"Miami-Fort Lauderdale-West Palm Beach, FL",40.3,bls_oews_msa,0.9,2024
100040,32204,FL,27260,"Jacksonville, FL",39.4,bls_oews_msa,0.9,2024
100043,34698,FL,45300,"Tampa-St. Petersburg-Clearwater, FL",40.55,bls_oews_msa,0.9,2024
100044,34994,FL,38940,"Port St. Lucie, FL",56.95,hcris_blended_x_multiplier,0.7,2024
100045,32720,FL,19660,"Deltona-Daytona Beach-Ormond Beach, FL",56.03,hcris_blended_x_multiplier,0.7,2024
100046,33541,FL,45300,"Tampa-St. Petersburg-Clearwater, FL",40.55,bls_oews_msa,0.9,2024
100049,33870,FL,42700,"Sebring, FL",55.3,hcris_blended_x_multiplier,0.7,2024
100050,33012,FL,33100,"Miami-Fort Lauderdale-West Palm Beach, FL",40.3,bls_oews_msa,0.9,2024
100051,34711,FL,36740,"Orlando-Kissimmee-Sanford, FL",39.95,bls_oews_msa,0.9,2024
100052,33881,FL,29460,"Lakeland-Winter Haven, FL",54.07,hcris_blended_x_multiplier,0.7,2024
100053,33013,FL,33100,"Miami-Fort Lauderdale-West Palm Beach, FL",40.3,bls_oews_msa,0.9,2024
100054,32578,FL,18880,"Crestview-Fort Walton Beach-Destin, FL",56.64,hcris_blended_x_multiplier,0.7,2024
100055,34689,FL,45300,"Tampa-St. Petersburg-Clearwater, FL",40.55,bls_oews_msa,0.9,2024
100057,32778,FL,36740,"Orlando-Kissimmee-Sanford, FL",39.95,bls_oews_msa,0.9,2024
100062,34474,FL,36100,"Ocala, FL",59.67,hcris_blended_x_multiplier,0.7,2024
100063,34652,FL,45300,"Tampa-St. Petersburg-Clearwater, FL",40.55,bls_oews_msa,0.9,2024
100067,33705,FL,45300,"Tampa-St. Petersburg-Clearwater, FL",40.55,bls_oews_msa,0.9,2024
100068,32117,FL,19660,"Deltona-Daytona Beach-Ormond Beach, FL",56.31,hcris_blended_x_multiplier,0.7,2024
100069,33614,FL,45300,"Tampa-St. Petersburg-Clearwater, FL",40.55,bls_oews_msa,0.9,2024
100071,34601,FL,45300,"Tampa-St. Petersburg-Clearwater, FL",40.55,bls_oews_msa,0.9,2024
100072,32763,FL,19660,"Deltona-Daytona Beach-Ormond Beach, FL",56.57,hcris_blended_x_multiplier,0.7,2024
100073,33308,FL,33100,"Miami-Fort Lauderdale-West Palm Beach, FL",40.3,bls_oews_msa,0.9,2024
100075,33607,FL,45300,"Tampa-St. Petersburg-Clearwater, FL",40.55,bls_oews_msa,0.9,2024
100077,33952,FL,39460,"Punta Gorda, FL",53.13,hcris_blended_x_multiplier,0.7,2024
100080,33462,FL,33100,"Miami-Fort Lauderdale-West Palm Beach, FL",40.3,bls_oews_msa,0.9,2024
100084,34748,FL,36740,"Orlando-Kissimmee-Sanford, FL",39.95,bls_oews_msa,0.9,2024
100086,33064,FL,33100,"Miami-Fort Lauderdale-West Palm Beach, FL",40.3,bls_oews_msa,0.9,2024
100087,34239,FL,35840,"North Port-Bradenton-Sarasota, FL",54.84,hcris_blended_x_multiplier,0.7,2024
100088,32207,FL,27260,"Jacksonville, FL",39.4,bls_oews_msa,0.9,2024
100090,32086,FL,27260,"Jacksonville, FL",39.4,bls_oews_msa,0.9,2024
100093,32503,FL,37860,"Pensacola-Ferry Pass-Brent, FL",46.44,hcris_blended_x_multiplier,0.7,2024
100099,33853,FL,29460,"Lakeland-Winter Haven, FL",39.5,bls_oews_state_placeholder,0.4,2024
10009F,33744,FL,45300,"Tampa-St. Petersburg-Clearwater, FL",40.55,bls_oews_msa,0.9,2024
100105,32960,FL,42680,"Sebastian-Vero Beach-West Vero Corridor, FL",77.88,hcris_blended_x_multiplier,0.7,2024
100107,33936,FL,17500,"Clewiston, FL",44.42,hcris_blended_x_multiplier,0.7,2024
100109,33872,FL,42700,"Sebring, FL",60.9,hcris_blended_x_multiplier,0.7,2024
100110,34741,FL,36740,"Orlando-Kissimmee-Sanford, FL",39.95,bls_oews_msa,0.9,2024
100113,32610,FL,23540,"Gainesville, FL",53.58,hcris_blended_x_multiplier,0.7,2024
100117,32250,FL,27260,"Jacksonville, FL",39.4,bls_oews_msa,0.9,2024
100118,32164,FL,19660,"Deltona-Daytona Beach-Ormond Beach, FL",81.55,hcris_blended_x_multiplier,0.7,2024
100121,33830,FL,29460,"Lakeland-Winter Haven, FL",58.59,hcris_blended_x_multiplier,0.7,2024
100122,32539,FL,18880,"Crestview-Fort Walton Beach-Destin, FL",50.71,hcris_blended_x_multiplier,0.7,2024
100124,32570,FL,37860,"Pensacola-Ferry Pass-Brent, FL",52.53,hcris_blended_x_multiplier,0.7,2024
100125,33033,FL,33100,"Miami-Fort Lauderdale-West Palm Beach, FL",40.3,bls_oews_msa,0.9,2024
100126,33707,FL,45300,"Tampa-St. Petersburg-Clearwater, FL",40.55,bls_oews_msa,0.9,2024
100127,33756,FL,45300,"Tampa-St. Petersburg-Clearwater, FL",40.55,bls_oews_msa,0.9,2024
100128,33606,FL,45300,"Tampa-St. Petersburg-Clearwater, FL",40.55,bls_oews_msa,0.9,2024
100130,33430,FL,33100,"Miami-Fort Lauderdale-West Palm Beach, FL",40.3,bls_oews_msa,0.9,2024
100131,33180,FL,33100,"Miami-Fort Lauderdale-West Palm Beach, FL",40.3,bls_oews_msa,0.9,2024
100132,33563,FL,45300,"Tampa-St. Petersburg-Clearwater, FL",40.55,bls_oews_msa,0.9,2024
100134,32063,FL,27260,"Jacksonville, FL",39.4,bls_oews_msa,0.9,2024
100135,32308,FL,45220,"Tallahassee, FL",55.12,hcris_blended_x_multiplier,0.7,2024
100137,33837,FL,29460,"Lakeland-Winter Haven, FL",65.94,hcris_blended_x_multiplier,0.7,2024
10013F,32214,FL,27260,"Jacksonville, FL",39.4,bls_oews_msa,0.9,2024
100140,32034,FL,27260,"Jacksonville, FL",39.4,bls_oews_msa,0.9,2024
100142,32446,FL,,Rural / Nonmetro,48.3,hcris_blended_x_multiplier,0.7,2024
100150,33040,FL,28580,"Key West-Key Largo, FL",61.25,hcris_blended_x_multiplier,0.7,2024
100151,32224,FL,27260,"Jacksonville, FL",39.4,bls_oews_msa,0.9,2024
100154,33143,FL,33100,"Miami-Fort Lauderdale-West Palm Beach, FL",40.3,bls_oews_msa,0.9,2024
100156,32055,FL,29380,"Lake City, FL",39.5,bls_oews_state_placeholder,0.4,2024
100157,33805,FL,29460,"Lakeland-Winter Haven, FL",52.88,hcris_blended_x_multiplier,0.7,2024
10015F,32025,FL,29380,"Lake City, FL",39.5,bls_oews_state_placeholder,0.4,2024
100161,32771,FL,36740,"Orlando-Kissimmee-Sanford, FL",39.95,bls_oews_msa,0.9,2024
100166,34233,FL,35840,"North Port-Bradenton-Sarasota, FL",56.43,hcris_blended_x_multiplier,0.7,2024
100167,33317,FL,33100,"Miami-Fort Lauderdale-West Palm Beach, FL",40.3,bls_oews_msa,0.9,2024
100168,33486,FL,33100,"Miami-Fort Lauderdale-West Palm Beach, FL",40.3,bls_oews_msa,0.9,2024
100173,33613,FL,45300,"Tampa-St. Petersburg-Clearwater, FL",40.55,bls_oews_msa,0.9,2024
100175,34266,FL,11580,"Arcadia, FL",52.08,hcris_blended_x_multiplier,0.7,2024
100176,33410,FL,33100,"Miami-Fort Lauderdale-West Palm Beach, FL",40.3,bls_oews_msa,0.9,2024
100177,32931,FL,37340,"Palm Bay-Melbourne-Titusville, FL",54.91,hcris_blended_x_multiplier,0.7,2024
100179,32216,FL,27260,"Jacksonville, FL",39.4,bls_oews_msa,0.9,2024
100180,33710,FL,45300,"Tampa-St. Petersburg-Clearwater, FL",40.55,bls_oews_msa,0.9,2024
100181,33143,FL,33100,"Miami-Fort Lauderdale-West Palm Beach, FL",40.3,bls_oews_msa,0.9,2024
100183,33134,FL,33100,"Miami-Fort Lauderdale-West Palm Beach, FL",40.3,bls_oews_msa,0.9,2024
100187,33016,FL,33100,"Miami-Fort Lauderdale-West Palm Beach, FL",40.3,bls_oews_msa,0.9,2024
100189,33063,FL,33100,"Miami-Fort Lauderdale-West Palm Beach, FL",40.3,bls_oews_msa,0.9,2024
100191,34655,FL,45300,"Tampa-St. Petersburg-Clearwater, FL",40.55,bls_oews_msa,0.9,2024
100200,33308,FL,33100,"Miami-Fort Lauderdale-West Palm Beach, FL",40.3,bls_oews_msa,0.9,2024
100204,32605,FL,23540,"Gainesville, FL",52.72,hcris_blended_x_multiplier,0.7,2024
100206,33609,FL,45300,"Tampa-St. Petersburg-Clearwater, FL",40.55,bls_oews_msa,0.9,2024
100209,33175,FL,33100,"Miami-Fort Lauderdale-West Palm Beach, FL",40.3,bls_oews_msa,0.9,2024
100211,33525,FL,45300,"Tampa-St. Petersburg-Clearwater, FL",40.55,bls_oews_msa,0.9,2024
100212,34471,FL,36100,"Ocala, FL",55.54,hcris_blended_x_multiplier,0.7,2024
100213,34209,FL,35840,"North Port-Bradenton-Sarasota, FL",53.55,hcris_blended_x_multiplier,0.7,2024
100217,32958,FL,42680,"Sebastian-Vero Beach-West Vero Corridor, FL",39.5,bls_oews_state_placeholder,0.4,2024
10021F,32542,FL,18880,"Crestview-Fort Walton Beach-Destin, FL",39.5,bls_oews_state_placeholder,0.4,2024
100220,33912,FL,15980,"Cape Coral-Fort Myers, FL",60.63,hcris_blended_x_multiplier,0.7,2024
100223,32547,FL,18880,"Crestview-Fort Walton Beach-Destin, FL",55.03,hcris_blended_x_multiplier,0.7,2024
100224,33321,FL,33100,"Miami-Fort Lauderdale-West Palm Beach, FL",40.3,bls_oews_msa,0.9,2024
100226,32073,FL,27260,"Jacksonville, FL",39.4,bls_oews_msa,0.9,2024
100228,33324,FL,33100,"Miami-Fort Lauderdale-West Palm Beach, FL",40.3,bls_oews_msa,0.9,2024
100230,33024,FL,33100,"Miami-Fort Lauderdale-West Palm Beach, FL",40.3,bls_oews_msa,0.9,2024
100231,32514,FL,37860,"Pensacola-Ferry Pass-Brent, FL",54.33,hcris_blended_x_multiplier,0.7,2024
100232,32177,FL,37260,"Palatka, FL",39.5,bls_oews_state_placeholder,0.4,2024
100236,33952,FL,39460,"Punta Gorda, FL",39.5,bls_oews_state_placeholder,0.4,2024
100238,33709,FL,45300,"Tampa-St. Petersburg-Clearwater, FL",40.55,bls_oews_msa,0.9,2024
100242,32405,FL,37460,"Panama City-Panama City Beach, FL",39.5,bls_oews_state_placeholder,0.4,2024
100243,33511,FL,45300,"Tampa-St. Petersburg-Clearwater, FL",40.55,bls_oews_msa,0.9,2024
100244,33990,FL,15980,"Cape Coral-Fort Myers, FL",54.98,hcris_blended_x_multiplier,0.7,2024
100246,34950,FL,38940,"Port St. Lucie, FL",54.52,hcris_blended_x_multiplier,0.7,2024
100248,33770,FL,45300,"Tampa-St. Petersburg-Clearwater, FL",40.55,bls_oews_msa,0.9,2024
100249,34428,FL,26140,"Homosassa Springs, FL",49.35,hcris_blended_x_multiplier,0.7,2024
100252,34972,FL,36380,"Okeechobee, FL",39.5,bls_oews_state_placeholder,0.4,2024
100253,33458,FL,33100,"Miami-Fort Lauderdale-West Palm Beach, FL",40.3,bls_oews_msa,0.9,2024
100254,32308,FL,45220,"Tallahassee, FL",54.17,hcris_blended_x_multiplier,0.7,2024
100256,34667,FL,45300,"Tampa-St. Petersburg-Clearwater, FL",40.55,bls_oews_msa,0.9,2024
100258,33484,FL,33100,"Miami-Fort Lauderdale-West Palm Beach, FL",40.3,bls_oews_msa,0.9,2024
100259,33573,FL,45300,"Tampa-St. Petersburg-Clearwater, FL",40.55,bls_oews_msa,0.9,2024
100260,34952,FL,38940,"Port St. Lucie, FL",54.67,hcris_blended_x_multiplier,0.7,2024
100264,34613,FL,45300,"Tampa-St. Petersburg-Clearwater, FL",40.55,bls_oews_msa,0.9,2024
100265,34695,FL,45300,"Tampa-St. Petersburg-Clearwater, FL",40.55,bls_oews_msa,0.9,2024
100266,32561,FL,37860,"Pensacola-Ferry Pass-Brent, FL",48.4,hcris_blended_x_multiplier,0.7,2024
100267,34223,FL,35840,"North Port-Bradenton-Sarasota, FL",39.5,bls_oews_state_placeholder,0.4,2024
100268,33428,FL,33100,"Miami-Fort Lauderdale-West Palm Beach, FL",40.3,bls_oews_msa,0.9,2024
100269,33470,FL,33100,"Miami-Fort Lauderdale-West Palm Beach, FL",40.3,bls_oews_msa,0.9,2024
100275,33414,FL,33100,"Miami-Fort Lauderdale-West Palm Beach, FL",40.3,bls_oews_msa,0.9,2024
100276,33065,FL,33100,"Miami-Fort Lauderdale-West Palm Beach, FL",40.3,bls_oews_msa,0.9,2024
100277,33137,FL,33100,"Miami-Fort Lauderdale-West Palm Beach, FL",40.3,bls_oews_msa,0.9,2024
100281,33028,FL,33100,"Miami-Fort Lauderdale-West Palm Beach, FL",40.3,bls_oews_msa,0.9,2024
100284,33155,FL,33100,"Miami-Fort Lauderdale-West Palm Beach, FL",40.3,bls_oews_msa,0.9,2024
100285,33029,FL,33100,"Miami-Fort Lauderdale-West Palm Beach, FL",40.3,bls_oews_msa,0.9,2024
100286,34119,FL,34940,"Naples-Marco Island, FL",39.5,bls_oews_state_placeholder,0.4,2024
100287,33401,FL,33100,"Miami-Fort Lauderdale-West Palm Beach, FL",40.3,bls_oews_msa,0.9,2024
100288,33407,FL,33100,"Miami-Fort Lauderdale-West Palm Beach, FL",40.3,bls_oews_msa,0.9,2024
100289,33331,FL,33100,"Miami-Fort Lauderdale-West Palm Beach, FL",40.3,bls_oews_msa,0.9,2024
100290,32159,FL,36740,"Orlando-Kissimmee-Sanford, FL",39.95,bls_oews_msa,0.9,2024
100291,32935,FL,37340,"Palm Bay-Melbourne-Titusville, FL",39.5,bls_oews_state_placeholder,0.4,2024
100292,32550,FL,18880,"Crestview-Fort Walton Beach-Destin, FL",61.81,hcris_blended_x_multiplier,0.7,2024
100296,33146,FL,33100,"Miami-Fort Lauderdale-West Palm Beach, FL",40.3,bls_oews_msa,0.9,2024
100298,32324,FL,45220,"Tallahassee, FL",39.5,bls_oews_state_placeholder,0.4,2024
100299,34202,FL,35840,"North Port-Bradenton-Sarasota, FL",58.49,hcris_blended_x_multiplier,0.7,2024
100302,34769,FL,36740,"Orlando-Kissimmee-Sanford, FL",39.95,bls_oews_msa,0.9,2024
100307,32216,FL,27260,"Jacksonville, FL",39.4,bls_oews_msa,0.9,2024
100313,32456,FL,,Rural / Nonmetro,63.99,hcris_blended_x_multiplier,0.7,2024
100314,33196,FL,33100,"Miami-Fort Lauderdale-West Palm Beach, FL",40.3,bls_oews_msa,0.9,2024
100315,32940,FL,37340,"Palm Bay-Melbourne-Titusville, FL",53.19,hcris_blended_x_multiplier,0.7,2024
100316,32907,FL,37340,"Palm Bay-Melbourne-Titusville, FL",53.1,hcris_blended_x_multiplier,0.7,2024
100319,33544,FL,45300,"Tampa-St. Petersburg-Clearwater, FL",40.55,bls_oews_msa,0.9,2024
100320,34758,FL,36740,"Orlando-Kissimmee-Sanford, FL",39.95,bls_oews_msa,0.9,2024
100321,32068,FL,27260,"Jacksonville, FL",39.4,bls_oews_msa,0.9,2024
100329,32765,FL,36740,"Orlando-Kissimmee-Sanford, FL",39.95,bls_oews_msa,0.9,2024
100330,32725,FL,19660,"Deltona-Daytona Beach-Ormond Beach, FL",57.69,hcris_blended_x_multiplier,0.7,2024
100350,32827,FL,36740,"Orlando-Kissimmee-Sanford, FL",39.95,bls_oews_msa,0.9,2024
100359,34275,FL,35840,"North Port-Bradenton-Sarasota, FL",56.32,hcris_blended_x_multiplier,0.7,2024
100360,33328,FL,33100,"Miami-Fort Lauderdale-West Palm Beach, FL",40.3,bls_oews_msa,0.9,2024
100361,32259,FL,27260,"Jacksonville, FL",39.4,bls_oews_msa,0.9,2024
100362,33544,FL,45300,"Tampa-St. Petersburg-Clearwater, FL",40.55,bls_oews_msa,0.9,2024
100363,32137,FL,19660,"Deltona-Daytona Beach-Ormond Beach, FL",50.89,hcris_blended_x_multiplier,0.7,2024
100364,33578,FL,45300,"Tampa-St. Petersburg-Clearwater, FL",40.55,bls_oews_msa,0.9,2024
100365,32435,FL,18880,"Crestview-Fort Walton Beach-Destin, FL",39.5,bls_oews_state_placeholder,0.4,2024
10057F,32608,FL,23540,"Gainesville, FL",39.5,bls_oews_state_placeholder,0.4,2024
10063F,33612,FL,45300,"Tampa-St. Petersburg-Clearwater, FL",40.55,bls_oews_msa,0.9,2024
10064F,33125,FL,33100,"Miami-Fort Lauderdale-West Palm Beach, FL",40.3,bls_oews_msa,0.9,2024
10065F,33410,FL,33100,"Miami-Fort Lauderdale-West Palm Beach, FL",40.3,bls_oews_msa,0.9,2024
10099F,32827,FL,36740,"Orlando-Kissimmee-Sanford, FL",39.95,bls_oews_msa,0.9,2024
101300,33873,FL,,Rural / Nonmetro,39.5,bls_oews_state_placeholder,0.4,2024
101303,32054,FL,,Rural / Nonmetro,39.5,bls_oews_state_placeholder,0.4,2024
101304,32424,FL,,Rural / Nonmetro,39.5,bls_oews_state_placeholder,0.4,2024
101305,32320,FL,,Rural / Nonmetro,39.5,bls_oews_state_placeholder,0.4,2024
101307,32425,FL,,Rural / Nonmetro,39.5,bls_oews_state_placeholder,0.4,2024
101308,32428,FL,37460,"Panama City-Panama City Beach, FL",39.5,bls_oews_state_placeholder,0.4,2024
101309,33440,FL,17500,"Clewiston, FL",39.5,bls_oews_state_placeholder,0.4,2024
101311,32340,FL,,Rural / Nonmetro,39.5,bls_oews_state_placeholder,0.4,2024
101312,33050,FL,28580,"Key West-Key Largo, FL",39.5,bls_oews_state_placeholder,0.4,2024
101313,33070,FL,28580,"Key West-Key Largo, FL",39.5,bls_oews_state_placeholder,0.4,2024
101314,32347,FL,,Rural / Nonmetro,39.5,bls_oews_state_placeholder,0.4,2024
101315,32565,FL,37860,"Pensacola-Ferry Pass-Brent, FL",39.5,bls_oews_state_placeholder,0.4,2024
103300,33701,FL,45300,"Tampa-St. Petersburg-Clearwater, FL",40.55,bls_oews_msa,0.9,2024
103301,33155,FL,33100,"Miami-Fort Lauderdale-West Palm Beach, FL",40.3,bls_oews_msa,0.9,2024
103304,32827,FL,36740,"Orlando-Kissimmee-Sanford, FL",39.95,bls_oews_msa,0.9,2024
104000,32324,FL,45220,"Tallahassee, FL",39.5,bls_oews_state_placeholder,0.4,2024
104001,33025,FL,33100,"Miami-Fort Lauderdale-West Palm Beach, FL",40.3,bls_oews_msa,0.9,2024
104007,32063,FL,27260,"Jacksonville, FL",39.4,bls_oews_msa,0.9,2024
104016,32216,FL,27260,"Jacksonville, FL",39.4,bls_oews_msa,0.9,2024
104017,33764,FL,45300,"Tampa-St. Petersburg-Clearwater, FL",40.55,bls_oews_msa,0.9,2024
104018,34748,FL,36740,"Orlando-Kissimmee-Sanford, FL",39.95,bls_oews_msa,0.9,2024
104024,32901,FL,37340,"Palm Bay-Melbourne-Titusville, FL",39.5,bls_oews_state_placeholder,0.4,2024
104026,33334,FL,33100,"Miami-Fort Lauderdale-West Palm Beach, FL",40.3,bls_oews_msa,0.9,2024
104040,34208,FL,35840,"North Port-Bradenton-Sarasota, FL",39.5,bls_oews_state_placeholder,0.4,2024
104049,33012,FL,33100,"Miami-Fort Lauderdale-West Palm Beach, FL",40.3,bls_oews_msa,0.9,2024
104057,34609,FL,45300,"Tampa-St. Petersburg-Clearwater, FL",40.55,bls_oews_msa,0.9,2024
104059,32308,FL,45220,"Tallahassee, FL",39.5,bls_oews_state_placeholder,0.4,2024
104063,34113,FL,34940,"Naples-Marco Island, FL",39.5,bls_oews_state_placeholder,0.4,2024
104067,32808,FL,36740,"Orlando-Kissimmee-Sanford, FL",39.95,bls_oews_msa,0.9,2024
104069,32216,FL,27260,"Jacksonville, FL",39.4,bls_oews_msa,0.9,2024
104070,34952,FL,38940,"Port St. Lucie, FL",39.5,bls_oews_state_placeholder,0.4,2024
104071,34471,FL,36100,"Ocala, FL",39.5,bls_oews_state_placeholder,0.4,2024
104072,32821,FL,36740,"Orlando-Kissimmee-Sanford, FL",39.95,bls_oews_msa,0.9,2024
104073,32405,FL,37460,"Panama City-Panama City Beach, FL",39.5,bls_oews_state_placeholder,0.4,2024
104074,33908,FL,15980,"Cape Coral-Fort Myers, FL",39.5,bls_oews_state_placeholder,0.4,2024
104075,33543,FL,45300,"Tampa-St. Petersburg-Clearwater, FL",40.55,bls_oews_msa,0.9,2024
104076,32826,FL,36740,"Orlando-Kissimmee-Sanford, FL",39.95,bls_oews_msa,0.9,2024
104078,34210,FL,35840,"North Port-Bradenton-Sarasota, FL",39.5,bls_oews_state_placeholder,0.4,2024
104079,33021,FL,33100,"Miami-Fort Lauderdale-West Palm Beach, FL",40.3,bls_oews_msa,0.9,2024
104080,34997,FL,38940,"Port St. Lucie, FL",39.5,bls_oews_state_placeholder,0.4,2024
104081,34769,FL,36740,"Orlando-Kissimmee-Sanford, FL",39.95,bls_oews_msa,0.9,2024
104082,32796,FL,37340,"Palm Bay-Melbourne-Titusville, FL",39.5,bls_oews_state_placeholder,0.4,2024
104084,33407,FL,33100,"Miami-Fort Lauderdale-West Palm Beach, FL",40.3,bls_oews_msa,0.9,2024
104085,33426,FL,33100,"Miami-Fort Lauderdale-West Palm Beach, FL",40.3,bls_oews_msa,0.9,2024
104087,34288,FL,35840,"North Port-Bradenton-Sarasota, FL",39.5,bls_oews_state_placeholder,0.4,2024
110001,30720,GA,19140,"Dalton, GA",57.37,hcris_blended_x_multiplier,0.7,2024
110002,30286,GA,45580,"Thomaston, GA",53.83,hcris_blended_x_multiplier,0.7,2024
110003,31501,GA,48180,"Waycross, GA",41.3,bls_oews_state_placeholder,0.4,2024
110005,30041,GA,12060,"Atlanta-Sandy Springs-Roswell, GA",42.85,bls_oews_msa,0.9,2024
110006,30606,GA,12020,"Athens-Clarke County, GA",54.04,hcris_blended_x_multiplier,0.7,2024
110007,31703,GA,,,50.15,hcris_blended_x_multiplier,0.7,2024
110008,30115,GA,12060,"Atlanta-Sandy Springs-Roswell, GA",42.85,bls_oews_msa,0.9,2024
110010,30322,GA,12060,"Atlanta-Sandy Springs-Roswell, GA",42.85,bls_oews_msa,0.9,2024
110011,30117,GA,12060,"Atlanta-Sandy Springs-Roswell, GA",42.85,bls_oews_msa,0.9,2024
110015,30180,GA,12060,"Atlanta-Sandy Springs-Roswell, GA",42.85,bls_oews_msa,0.9,2024
110016,30240,GA,29300,"LaGrange, GA-AL",54.05,hcris_blended_x_multiplier,0.7,2024
110018,30014,GA,12060,"Atlanta-Sandy Springs-Roswell, GA",42.85,bls_oews_msa,0.9,2024
110023,30701,GA,15660,"Calhoun, GA",92.47,hcris_blended_x_multiplier,0.7,2024
110024,31405,GA,42340,"Savannah, GA",55.68,hcris_blended_x_multiplier,0.7,2024
110025,31520,GA,15260,"Brunswick-St. Simons, GA",57.58,hcris_blended_x_multiplier,0.7,2024
110027,30553,GA,,Rural / Nonmetro,41.3,bls_oews_state_placeholder,0.4,2024
110028,30901,GA,12260,"Augusta-Richmond County, GA-SC",36.45,bls_oews_msa,0.9,2024
110029,30501,GA,23580,"Gainesville, GA",59.75,hcris_blended_x_multiplier,0.7,2024
110030,30120,GA,12060,"Atlanta-Sandy Springs-Roswell, GA",42.85,bls_oews_msa,0.9,2024
110031,30223,GA,12060,"Atlanta-Sandy Springs-Roswell, GA",42.85,bls_oews_msa,0.9,2024
110032,30577,GA,45740,"Toccoa, GA",44.88,hcris_blended_x_multiplier,0.7,2024
110034,30912,GA,12260,"Augusta-Richmond County, GA-SC",36.45,bls_oews_msa,0.9,2024
110035,30060,GA,12060,"Atlanta-Sandy Springs-Roswell, GA",42.85,bls_oews_msa,0.9,2024
110036,31404,GA,42340,"Savannah, GA",55.02,hcris_blended_x_multiplier,0.7,2024
110038,31792,GA,45620,"Thomasville, GA",49.32,hcris_blended_x_multiplier,0.7,2024
110041,30535,GA,18460,"Cornelia, GA",58.8,hcris_blended_x_multiplier,0.7,2024
110042,30141,GA,12060,"Atlanta-Sandy Springs-Roswell, GA",42.85,bls_oews_msa,0.9,2024
110043,31419,GA,42340,"Savannah, GA",54.8,hcris_blended_x_multiplier,0.7,2024
110044,31719,GA,11140,"Americus, GA",49.81,hcris_blended_x_multiplier,0.7,2024
110045,30680,GA,12060,"Atlanta-Sandy Springs-Roswell, GA",42.85,bls_oews_msa,0.9,2024
110046,30655,GA,12060,"Atlanta-Sandy Springs-Roswell, GA",42.85,bls_oews_msa,0.9,2024
110050,30705,GA,19140,"Dalton, GA",75.7,hcris_blended_x_multiplier,0.7,2024
110051,30512,GA,,Rural / Nonmetro,52.6,hcris_blended_x_multiplier,0.7,2024
110054,30162,GA,,,57.79,hcris_blended_x_multiplier,0.7,2024
110064,31901,GA,17980,"Columbus, GA-AL",60.49,hcris_blended_x_multiplier,0.7,2024
110069,31093,GA,47580,"Warner Robins, GA",46.93,hcris_blended_x_multiplier,0.7,2024
110071,31513,GA,,Rural / Nonmetro,38.7,hcris_blended_x_multiplier,0.7,2024
110073,31750,GA,22340,"Fitzgerald, GA",40.94,hcris_blended_x_multiplier,0.7,2024
110074,30606,GA,12020,"Athens-Clarke County, GA",59.75,hcris_blended_x_multiplier,0.7,2024
110075,30458,GA,44340,"Statesboro, GA",49.88,hcris_blended_x_multiplier,0.7,2024
110076,30033,GA,12060,"Atlanta-Sandy Springs-Roswell, GA",42.85,bls_oews_msa,0.9,2024
110078,30308,GA,12060,"Atlanta-Sandy Springs-Roswell, GA",42.85,bls_oews_msa,0.9,2024
110079,30303,GA,12060,"Atlanta-Sandy Springs-Roswell, GA",42.85,bls_oews_msa,0.9,2024
110082,30342,GA,12060,"Atlanta-Sandy Springs-Roswell, GA",42.85,bls_oews_msa,0.9,2024
110083,30309,GA,12060,"Atlanta-Sandy Springs-Roswell, GA",42.85,bls_oews_msa,0.9,2024
110086,31082,GA,,Rural / Nonmetro,38.79,hcris_blended_x_multiplier,0.7,2024
110087,30045,GA,12060,"Atlanta-Sandy Springs-Roswell, GA",42.85,bls_oews_msa,0.9,2024
110089,31642,GA,20060,"Douglas, GA",55.82,hcris_blended_x_multiplier,0.7,2024
110091,30012,GA,12060,"Atlanta-Sandy Springs-Roswell, GA",42.85,bls_oews_msa,0.9,2024
110092,31023,GA,,Rural / Nonmetro,37.69,hcris_blended_x_multiplier,0.7,2024
110095,31794,GA,45700,"Tifton, GA",62.72,hcris_blended_x_multiplier,0.7,2024
110100,30434,GA,,Rural / Nonmetro,41.47,hcris_blended_x_multiplier,0.7,2024
110101,31620,GA,,Rural / Nonmetro,41.3,bls_oews_state_placeholder,0.4,2024
110104,31015,GA,18380,"Cordele, GA",55.24,hcris_blended_x_multiplier,0.7,2024
110105,31768,GA,34220,"Moultrie, GA",41.3,bls_oews_state_placeholder,0.4,2024
110107,31201,GA,31420,"Macon-Bibb County, GA",53.37,hcris_blended_x_multiplier,0.7,2024
110109,30401,GA,,Rural / Nonmetro,41.3,bls_oews_state_placeholder,0.4,2024
110111,30824,GA,12260,"Augusta-Richmond County, GA-SC",36.45,bls_oews_msa,0.9,2024
110113,30830,GA,12260,"Augusta-Richmond County, GA-SC",36.45,bls_oews_msa,0.9,2024
110121,39828,GA,45620,"Thomasville, GA",45.09,hcris_blended_x_multiplier,0.7,2024
110122,31602,GA,46660,"Valdosta, GA",56.77,hcris_blended_x_multiplier,0.7,2024
110124,31545,GA,27700,"Jesup, GA",41.3,bls_oews_state_placeholder,0.4,2024
110125,31021,GA,20140,"Dublin, GA",51.83,hcris_blended_x_multiplier,0.7,2024
110128,30474,GA,47080,"Vidalia, GA",49.48,hcris_blended_x_multiplier,0.7,2024
110129,31995,GA,,,56.78,hcris_blended_x_multiplier,0.7,2024
110132,39819,GA,12460,"Bainbridge, GA",41.3,bls_oews_state_placeholder,0.4,2024
110142,30417,GA,44340,"Statesboro, GA",51.13,hcris_blended_x_multiplier,0.7,2024
110143,30106,GA,12060,"Atlanta-Sandy Springs-Roswell, GA",42.85,bls_oews_msa,0.9,2024
110146,31558,GA,28680,"Kingsland, GA",54.45,hcris_blended_x_multiplier,0.7,2024
110150,31061,GA,33300,"Milledgeville, GA",50.74,hcris_blended_x_multiplier,0.7,2024
110161,30342,GA,12060,"Atlanta-Sandy Springs-Roswell, GA",42.85,bls_oews_msa,0.9,2024
110164,31217,GA,31420,"Macon-Bibb County, GA",55.61,hcris_blended_x_multiplier,0.7,2024
110165,30274,GA,12060,"Atlanta-Sandy Springs-Roswell, GA",42.85,bls_oews_msa,0.9,2024
110168,30165,GA,40660,"Rome, GA",60.77,hcris_blended_x_multiplier,0.7,2024
110177,30909,GA,12260,"Augusta-Richmond County, GA-SC",36.45,bls_oews_msa,0.9,2024
110184,30134,GA,12060,"Atlanta-Sandy Springs-Roswell, GA",42.85,bls_oews_msa,0.9,2024
110190,31063,GA,,Rural / Nonmetro,42.11,hcris_blended_x_multiplier,0.7,2024
110191,30281,GA,12060,"Atlanta-Sandy Springs-Roswell, GA",42.85,bls_oews_msa,0.9,2024
110192,30078,GA,12060,"Atlanta-Sandy Springs-Roswell, GA",42.85,bls_oews_msa,0.9,2024
110194,39845,GA,,Rural / Nonmetro,38.51,hcris_blended_x_multiplier,0.7,2024
110198,30076,GA,12060,"Atlanta-Sandy Springs-Roswell, GA",42.85,bls_oews_msa,0.9,2024
110200,31909,GA,17980,"Columbus, GA-AL",55.41,hcris_blended_x_multiplier,0.7,2024
110201,31210,GA,31420,"Macon-Bibb County, GA",56.62,hcris_blended_x_multiplier,0.7,2024
110209,31788,GA,34220,"Moultrie, GA",41.3,bls_oews_state_placeholder,0.4,2024
110215,30214,GA,12060,"Atlanta-Sandy Springs-Roswell, GA",42.85,bls_oews_msa,0.9,2024
110225,30143,GA,12060,"Atlanta-Sandy Springs-Roswell, GA",42.85,bls_oews_msa,0.9,2024
110226,30058,GA,12060,"Atlanta-Sandy Springs-Roswell, GA",42.85,bls_oews_msa,0.9,2024
110229,30265,GA,12060,"Atlanta-Sandy Springs-Roswell, GA",42.85,bls_oews_msa,0.9,2024
110230,30097,GA,12060,"Atlanta-Sandy Springs-Roswell, GA",42.85,bls_oews_msa,0.9,2024
110233,30265,GA,12060,"Atlanta-Sandy Springs-Roswell, GA",42.85,bls_oews_msa,0.9,2024
110234,31639,GA,,Rural / Nonmetro,51.3,hcris_blended_x_multiplier,0.7,2024
110236,30736,GA,16860,"Chattanooga, TN-GA",58.18,hcris_blended_x_multiplier,0.7,2024
110237,30533,GA,12060,"Atlanta-Sandy Springs-Roswell, GA",42.85,bls_oews_msa,0.9,2024
110252,30096,GA,12060,"Atlanta-Sandy Springs-Roswell, GA",42.85,bls_oews_msa,0.9,2024
110253,31701,GA,10500,"Albany, GA",41.3,bls_oews_state_placeholder,0.4,2024
110256,31036,GA,,Rural / Nonmetro,41.3,bls_oews_state_placeholder,0.4,2024
11029F,30033,GA,12060,"Atlanta-Sandy Springs-Roswell, GA",42.85,bls_oews_msa,0.9,2024
11030F,30904,GA,12260,"Augusta-Richmond County, GA-SC",36.45,bls_oews_msa,0.9,2024
11031F,31021,GA,20140,"Dublin, GA",41.3,bls_oews_state_placeholder,0.4,2024
11032F,31905,GA,17980,"Columbus, GA-AL",41.3,bls_oews_state_placeholder,0.4,2024
11033F,30905,GA,12260,"Augusta-Richmond County, GA-SC",36.45,bls_oews_msa,0.9,2024
11035F,31314,GA,25980,"Hinesville, GA",41.3,bls_oews_state_placeholder,0.4,2024
110779,31774,GA,,Rural / Nonmetro,41.3,bls_oews_state_placeholder,0.4,2024
111302,31014,GA,,Rural / Nonmetro,41.3,bls_oews_state_placeholder,0.4,2024
111303,31064,GA,12060,"Atlanta-Sandy Springs-Roswell, GA",42.85,bls_oews_msa,0.9,2024
111304,30650,GA,12060,"Atlanta-Sandy Springs-Roswell, GA",42.85,bls_oews_msa,0.9,2024
111305,39837,GA,,Rural / Nonmetro,41.3,bls_oews_state_placeholder,0.4,2024
111306,31329,GA,42340,"Savannah, GA",41.3,bls_oews_state_placeholder,0.4,2024
111308,31634,GA,,Rural / Nonmetro,41.3,bls_oews_state_placeholder,0.4,2024
111310,31008,GA,47580,"Warner Robins, GA",41.3,bls_oews_state_placeholder,0.4,2024
111311,30442,GA,,Rural / Nonmetro,41.3,bls_oews_state_placeholder,0.4,2024
111312,30467,GA,,Rural / Nonmetro,41.3,bls_oews_state_placeholder,0.4,2024
111313,31024,GA,,Rural / Nonmetro,41.3,bls_oews_state_placeholder,0.4,2024
111314,39823,GA,,Rural / Nonmetro,41.3,bls_oews_state_placeholder,0.4,2024
111316,31830,GA,12060,"Atlanta-Sandy Springs-Roswell, GA",42.85,bls_oews_msa,0.9,2024
111318,31029,GA,31420,"Macon-Bibb County, GA",41.3,bls_oews_state_placeholder,0.4,2024
111319,30233,GA,12060,"Atlanta-Sandy Springs-Roswell, GA",42.85,bls_oews_msa,0.9,2024
111320,30110,GA,12060,"Atlanta-Sandy Springs-Roswell, GA",42.85,bls_oews_msa,0.9,2024
111323,30453,GA,,Rural / Nonmetro,41.3,bls_oews_state_placeholder,0.4,2024
111324,30546,GA,,Rural / Nonmetro,41.3,bls_oews_state_placeholder,0.4,2024
111325,30673,GA,,Rural / Nonmetro,41.3,bls_oews_state_placeholder,0.4,2024
111326,31635,GA,46660,"Valdosta, GA",41.3,bls_oews_state_placeholder,0.4,2024
111327,31510,GA,,Rural / Nonmetro,41.3,bls_oews_state_placeholder,0.4,2024
111328,31791,GA,10500,"Albany, GA",41.3,bls_oews_state_placeholder,0.4,2024
111329,30642,GA,,Rural / Nonmetro,41.3,bls_oews_state_placeholder,0.4,2024
111330,30125,GA,16340,"Cedartown, GA",41.3,bls_oews_state_placeholder,0.4,2024
111331,31730,GA,,Rural / Nonmetro,41.3,bls_oews_state_placeholder,0.4,2024
111332,31643,GA,46660,"Valdosta, GA",41.3,bls_oews_state_placeholder,0.4,2024
111333,31539,GA,,Rural / Nonmetro,41.3,bls_oews_state_placeholder,0.4,2024
111334,30439,GA,,Rural / Nonmetro,41.3,bls_oews_state_placeholder,0.4,2024
111335,31313,GA,25980,"Hinesville, GA",41.3,bls_oews_state_placeholder,0.4,2024
111336,30525,GA,,Rural / Nonmetro,41.3,bls_oews_state_placeholder,0.4,2024
111337,30635,GA,,Rural / Nonmetro,41.3,bls_oews_state_placeholder,0.4,2024
111338,30513,GA,,Rural / Nonmetro,41.3,bls_oews_state_placeholder,0.4,2024
113300,30329,GA,12060,"Atlanta-Sandy Springs-Roswell, GA",42.85,bls_oews_msa,0.9,2024
113301,30342,GA,12060,"Atlanta-Sandy Springs-Roswell, GA",42.85,bls_oews_msa,0.9,2024
114004,30046,GA,12060,"Atlanta-Sandy Springs-Roswell, GA",42.85,bls_oews_msa,0.9,2024
114008,31406,GA,42340,"Savannah, GA",41.3,bls_oews_state_placeholder,0.4,2024
114010,30338,GA,12060,"Atlanta-Sandy Springs-Roswell, GA",42.85,bls_oews_msa,0.9,2024
114012,30080,GA,12060,"Atlanta-Sandy Springs-Roswell, GA",42.85,bls_oews_msa,0.9,2024
114013,31917,GA,,,41.3,bls_oews_state_placeholder,0.4,2024
114016,31522,GA,15260,"Brunswick-St. Simons, GA",41.3,bls_oews_state_placeholder,0.4,2024
114019,30034,GA,12060,"Atlanta-Sandy Springs-Roswell, GA",42.85,bls_oews_msa,0.9,2024
114028,31416,GA,,,41.3,bls_oews_state_placeholder,0.4,2024
114029,30906,GA,12260,"Augusta-Richmond County, GA-SC",36.45,bls_oews_msa,0.9,2024
114032,30349,GA,12060,"Atlanta-Sandy Springs-Roswell, GA",42.85,bls_oews_msa,0.9,2024
114035,30274,GA,12060,"Atlanta-Sandy Springs-Roswell, GA",42.85,bls_oews_msa,0.9,2024
114036,31602,GA,46660,"Valdosta, GA",41.3,bls_oews_state_placeholder,0.4,2024
114037,30655,GA,12060,"Atlanta-Sandy Springs-Roswell, GA",42.85,bls_oews_msa,0.9,2024
120001,96813,HI,46520,"Urban Honolulu, HI",80.29,hcris_blended_x_multiplier,0.7,2024
120002,96793,HI,27980,"Kahului-Wailuku, HI",74.02,hcris_blended_x_multiplier,0.7,2024
120005,96720,HI,25900,"Hilo-Kailua, HI",60.8,hcris_blended_x_multiplier,0.7,2024
120006,96734,HI,46520,"Urban Honolulu, HI",73.86,hcris_blended_x_multiplier,0.7,2024
120007,96817,HI,46520,"Urban Honolulu, HI",59.23,hcris_blended_x_multiplier,0.7,2024
120011,96819,HI,46520,"Urban Honolulu, HI",85.78,hcris_blended_x_multiplier,0.7,2024
120014,96766,HI,28180,"Kapaa, HI",67.96,hcris_blended_x_multiplier,0.7,2024
120019,96750,HI,25900,"Hilo-Kailua, HI",75.38,hcris_blended_x_multiplier,0.7,2024
12001F,96859,HI,46520,"Urban Honolulu, HI",60.45,bls_oews_state_placeholder,0.4,2024
120022,96813,HI,46520,"Urban Honolulu, HI",65.83,hcris_blended_x_multiplier,0.7,2024
120026,96701,HI,46520,"Urban Honolulu, HI",70.46,hcris_blended_x_multiplier,0.7,2024
120028,96743,HI,25900,"Hilo-Kailua, HI",83.83,hcris_blended_x_multiplier,0.7,2024
121300,96796,HI,28180,"Kapaa, HI",60.45,bls_oews_state_placeholder,0.4,2024
121301,96777,HI,25900,"Hilo-Kailua, HI",60.45,bls_oews_state_placeholder,0.4,2024
121302,96755,HI,25900,"Hilo-Kailua, HI",60.45,bls_oews_state_placeholder,0.4,2024
121303,96748,HI,27980,"Kahului-Wailuku, HI",60.45,bls_oews_state_placeholder,0.4,2024
121304,96731,HI,46520,"Urban Honolulu, HI",60.45,bls_oews_state_placeholder,0.4,2024
121305,96763,HI,27980,"Kahului-Wailuku, HI",60.45,bls_oews_state_placeholder,0.4,2024
121306,96746,HI,28180,"Kapaa, HI",60.45,bls_oews_state_placeholder,0.4,2024
121307,96727,HI,25900,"Hilo-Kailua, HI",60.45,bls_oews_state_placeholder,0.4,2024
121308,96790,HI,27980,"Kahului-Wailuku, HI",60.45,bls_oews_state_placeholder,0.4,2024
123300,96826,HI,46520,"Urban Honolulu, HI",60.45,bls_oews_state_placeholder,0.4,2024
123301,96826,HI,46520,"Urban Honolulu, HI",60.45,bls_oews_state_placeholder,0.4,2024
124001,96706,HI,46520,"Urban Honolulu, HI",60.45,bls_oews_state_placeholder,0.4,2024
130002,83301,ID,46300,"Twin Falls, ID",60.16,hcris_blended_x_multiplier,0.7,2024
130003,83501,ID,30300,"Lewiston, ID-WA",69.17,hcris_blended_x_multiplier,0.7,2024
130006,83712,ID,14260,"Boise City, ID",73.68,hcris_blended_x_multiplier,0.7,2024
130007,83706,ID,14260,"Boise City, ID",74.82,hcris_blended_x_multiplier,0.7,2024
130013,83687,ID,14260,"Boise City, ID",68.07,hcris_blended_x_multiplier,0.7,2024
130014,83605,ID,14260,"Boise City, ID",57.4,hcris_blended_x_multiplier,0.7,2024
130018,83404,ID,26820,"Idaho Falls, ID",41.4,bls_oews_state_placeholder,0.4,2024
130025,83440,ID,39940,"Rexburg, ID",49.91,hcris_blended_x_multiplier,0.7,2024
130028,83201,ID,38540,"Pocatello, ID",69.8,hcris_blended_x_multiplier,0.7,2024
13003F,83702,ID,14260,"Boise City, ID",41.4,bls_oews_state_placeholder,0.4,2024
130049,83814,ID,17660,"Coeur d'Alene, ID",79.21,hcris_blended_x_multiplier,0.7,2024
130063,83704,ID,14260,"Boise City, ID",59.15,hcris_blended_x_multiplier,0.7,2024
130065,83404,ID,26820,"Idaho Falls, ID",44.2,hcris_blended_x_multiplier,0.7,2024
130066,83854,ID,17660,"Coeur d'Alene, ID",59.08,hcris_blended_x_multiplier,0.7,2024
130071,83687,ID,14260,"Boise City, ID",66.47,hcris_blended_x_multiplier,0.7,2024
130073,83221,ID,13940,"Blackfoot, ID",46.23,hcris_blended_x_multiplier,0.7,2024
130074,83404,ID,26820,"Idaho Falls, ID",46.17,hcris_blended_x_multiplier,0.7,2024
130779,83611,ID,,Rural / Nonmetro,41.4,bls_oews_state_placeholder,0.4,2024
131301,83805,ID,,Rural / Nonmetro,41.4,bls_oews_state_placeholder,0.4,2024
131302,83330,ID,,Rural / Nonmetro,41.4,bls_oews_state_placeholder,0.4,2024
131303,83252,ID,14940,"Brigham City, UT-ID",41.4,bls_oews_state_placeholder,0.4,2024
131304,83211,ID,,Rural / Nonmetro,41.4,bls_oews_state_placeholder,0.4,2024
131305,83467,ID,,Rural / Nonmetro,41.4,bls_oews_state_placeholder,0.4,2024
131307,83672,ID,,Rural / Nonmetro,41.4,bls_oews_state_placeholder,0.4,2024
131309,83276,ID,,Rural / Nonmetro,41.4,bls_oews_state_placeholder,0.4,2024
131310,83338,ID,46300,"Twin Falls, ID",41.4,bls_oews_state_placeholder,0.4,2024
131311,83647,ID,34300,"Mountain Home, ID",41.4,bls_oews_state_placeholder,0.4,2024
131312,83638,ID,,Rural / Nonmetro,41.4,bls_oews_state_placeholder,0.4,2024
131313,83422,ID,27220,"Jackson, WY-ID",41.4,bls_oews_state_placeholder,0.4,2024
131314,83837,ID,,Rural / Nonmetro,41.4,bls_oews_state_placeholder,0.4,2024
131315,83530,ID,,Rural / Nonmetro,41.4,bls_oews_state_placeholder,0.4,2024
131316,83254,ID,,Rural / Nonmetro,41.4,bls_oews_state_placeholder,0.4,2024
131317,83861,ID,,Rural / Nonmetro,41.4,bls_oews_state_placeholder,0.4,2024
131318,83617,ID,14260,"Boise City, ID",41.4,bls_oews_state_placeholder,0.4,2024
131319,83350,ID,15420,"Burley, ID",41.4,bls_oews_state_placeholder,0.4,2024
131320,83544,ID,,Rural / Nonmetro,41.4,bls_oews_state_placeholder,0.4,2024
131321,83522,ID,,Rural / Nonmetro,41.4,bls_oews_state_placeholder,0.4,2024
131322,83263,ID,30860,"Logan, UT-ID",41.4,bls_oews_state_placeholder,0.4,2024
131323,83340,ID,25200,"Hailey, ID",41.4,bls_oews_state_placeholder,0.4,2024
131324,83213,ID,26820,"Idaho Falls, ID",41.4,bls_oews_state_placeholder,0.4,2024
131325,83221,ID,13940,"Blackfoot, ID",41.4,bls_oews_state_placeholder,0.4,2024
131326,83318,ID,15420,"Burley, ID",41.4,bls_oews_state_placeholder,0.4,2024
131327,83843,ID,34140,"Moscow, ID",41.4,bls_oews_state_placeholder,0.4,2024
131328,83864,ID,41760,"Sandpoint, ID",41.4,bls_oews_state_placeholder,0.4,2024
134002,83704,ID,14260,"Boise City, ID",41.4,bls_oews_state_placeholder,0.4,2024
134009,83704,ID,14260,"Boise City, ID",41.4,bls_oews_state_placeholder,0.4,2024
134010,83221,ID,13940,"Blackfoot, ID",41.4,bls_oews_state_placeholder,0.4,2024
134017,83642,ID,14260,"Boise City, ID",41.4,bls_oews_state_placeholder,0.4,2024
140001,61520,IL,15900,"Canton, IL",57.23,hcris_blended_x_multiplier,0.7,2024
140002,62002,IL,41180,"St. Louis, MO-IL",37.7,bls_oews_msa,0.9,2024
140007,60435,IL,16980,"Chicago-Naperville-Elgin, IL-IN",45.5,bls_oews_msa,0.9,2024
140008,60160,IL,16980,"Chicago-Naperville-Elgin, IL-IN",45.5,bls_oews_msa,0.9,2024
140010,60201,IL,16980,"Chicago-Naperville-Elgin, IL-IN",45.5,bls_oews_msa,0.9,2024
140011,62948,IL,32060,"Marion-Herrin, IL",53.1,hcris_blended_x_multiplier,0.7,2024
140012,61021,IL,19940,"Dixon, IL",68.24,hcris_blended_x_multiplier,0.7,2024
140013,61354,IL,36837,"Ottawa, IL",49.77,hcris_blended_x_multiplier,0.7,2024
140015,62301,IL,39500,"Quincy, IL-MO",59.79,hcris_blended_x_multiplier,0.7,2024
140018,60608,IL,16980,"Chicago-Naperville-Elgin, IL-IN",45.5,bls_oews_msa,0.9,2024
140029,60504,IL,16980,"Chicago-Naperville-Elgin, IL-IN",45.5,bls_oews_msa,0.9,2024
140030,60123,IL,16980,"Chicago-Naperville-Elgin, IL-IN",45.5,bls_oews_msa,0.9,2024
140032,62401,IL,20820,"Effingham, IL",59.91,hcris_blended_x_multiplier,0.7,2024
140034,62801,IL,16460,"Centralia, IL",56.97,hcris_blended_x_multiplier,0.7,2024
14003F,60612,IL,16980,"Chicago-Naperville-Elgin, IL-IN",45.5,bls_oews_msa,0.9,2024
140043,61081,IL,44580,"Sterling, IL",68.45,hcris_blended_x_multiplier,0.7,2024
140046,62864,IL,34500,"Mount Vernon, IL",60.86,hcris_blended_x_multiplier,0.7,2024
140048,60617,IL,16980,"Chicago-Naperville-Elgin, IL-IN",45.5,bls_oews_msa,0.9,2024
140049,60302,IL,16980,"Chicago-Naperville-Elgin, IL-IN",45.5,bls_oews_msa,0.9,2024
14004F,61832,IL,19180,"Danville, IL",43.75,bls_oews_state_placeholder,0.4,2024
140052,62002,IL,41180,"St. Louis, MO-IL",37.7,bls_oews_msa,0.9,2024
140053,62769,IL,,,58.09,hcris_blended_x_multiplier,0.7,2024
140054,60402,IL,16980,"Chicago-Naperville-Elgin, IL-IN",45.5,bls_oews_msa,0.9,2024
140059,62052,IL,41180,"St. Louis, MO-IL",37.7,bls_oews_msa,0.9,2024
140062,60463,IL,16980,"Chicago-Naperville-Elgin, IL-IN",45.5,bls_oews_msa,0.9,2024
140063,60304,IL,16980,"Chicago-Naperville-Elgin, IL-IN",45.5,bls_oews_msa,0.9,2024
140064,61401,IL,23660,"Galesburg, IL",62.71,hcris_blended_x_multiplier,0.7,2024
140065,60525,IL,16980,"Chicago-Naperville-Elgin, IL-IN",45.5,bls_oews_msa,0.9,2024
140067,61637,IL,,,55.47,hcris_blended_x_multiplier,0.7,2024
140068,60628,IL,16980,"Chicago-Naperville-Elgin, IL-IN",45.5,bls_oews_msa,0.9,2024
140077,62207,IL,41180,"St. Louis, MO-IL",37.7,bls_oews_msa,0.9,2024
14007F,60141,IL,16980,"Chicago-Naperville-Elgin, IL-IN",45.5,bls_oews_msa,0.9,2024
140080,60202,IL,16980,"Chicago-Naperville-Elgin, IL-IN",45.5,bls_oews_msa,0.9,2024
140082,60640,IL,16980,"Chicago-Naperville-Elgin, IL-IN",45.5,bls_oews_msa,0.9,2024
140083,60644,IL,16980,"Chicago-Naperville-Elgin, IL-IN",45.5,bls_oews_msa,0.9,2024
140084,60085,IL,16980,"Chicago-Naperville-Elgin, IL-IN",45.5,bls_oews_msa,0.9,2024
140088,60637,IL,16980,"Chicago-Naperville-Elgin, IL-IN",45.5,bls_oews_msa,0.9,2024
140089,61455,IL,31380,"Macomb, IL",61.38,hcris_blended_x_multiplier,0.7,2024
14008F,62959,IL,32060,"Marion-Herrin, IL",43.75,bls_oews_state_placeholder,0.4,2024
140091,61801,IL,16580,"Champaign-Urbana, IL",59.33,hcris_blended_x_multiplier,0.7,2024
140093,61832,IL,19180,"Danville, IL",55.15,hcris_blended_x_multiplier,0.7,2024
140095,60623,IL,16980,"Chicago-Naperville-Elgin, IL-IN",45.5,bls_oews_msa,0.9,2024
140100,60099,IL,16980,"Chicago-Naperville-Elgin, IL-IN",45.5,bls_oews_msa,0.9,2024
140101,60450,IL,16980,"Chicago-Naperville-Elgin, IL-IN",45.5,bls_oews_msa,0.9,2024
140103,60621,IL,16980,"Chicago-Naperville-Elgin, IL-IN",45.5,bls_oews_msa,0.9,2024
140110,61354,IL,36837,"Ottawa, IL",61.63,hcris_blended_x_multiplier,0.7,2024
140113,61801,IL,16580,"Champaign-Urbana, IL",58.56,hcris_blended_x_multiplier,0.7,2024
140114,60625,IL,16980,"Chicago-Naperville-Elgin, IL-IN",45.5,bls_oews_msa,0.9,2024
140115,60613,IL,16980,"Chicago-Naperville-Elgin, IL-IN",45.5,bls_oews_msa,0.9,2024
140116,60050,IL,16980,"Chicago-Naperville-Elgin, IL-IN",45.5,bls_oews_msa,0.9,2024
140117,60631,IL,16980,"Chicago-Naperville-Elgin, IL-IN",45.5,bls_oews_msa,0.9,2024
140119,60612,IL,16980,"Chicago-Naperville-Elgin, IL-IN",45.5,bls_oews_msa,0.9,2024
140120,61554,IL,37900,"Peoria, IL",50.01,hcris_blended_x_multiplier,0.7,2024
140122,60521,IL,16980,"Chicago-Naperville-Elgin, IL-IN",45.5,bls_oews_msa,0.9,2024
140124,60612,IL,16980,"Chicago-Naperville-Elgin, IL-IN",45.5,bls_oews_msa,0.9,2024
140125,62040,IL,41180,"St. Louis, MO-IL",37.7,bls_oews_msa,0.9,2024
140127,61761,IL,14010,"Bloomington, IL",56.43,hcris_blended_x_multiplier,0.7,2024
140130,60045,IL,16980,"Chicago-Naperville-Elgin, IL-IN",45.5,bls_oews_msa,0.9,2024
140133,60629,IL,16980,"Chicago-Naperville-Elgin, IL-IN",45.5,bls_oews_msa,0.9,2024
140135,62526,IL,19500,"Decatur, IL",68.36,hcris_blended_x_multiplier,0.7,2024
140137,62246,IL,41180,"St. Louis, MO-IL",37.7,bls_oews_msa,0.9,2024
140145,62230,IL,41180,"St. Louis, MO-IL",37.7,bls_oews_msa,0.9,2024
140148,62702,IL,44100,"Springfield, IL",47.47,hcris_blended_x_multiplier,0.7,2024
140150,60612,IL,16980,"Chicago-Naperville-Elgin, IL-IN",45.5,bls_oews_msa,0.9,2024
140155,60901,IL,28100,"Kankakee, IL",64.44,hcris_blended_x_multiplier,0.7,2024
140158,60616,IL,16980,"Chicago-Naperville-Elgin, IL-IN",45.5,bls_oews_msa,0.9,2024
140160,61032,IL,23300,"Freeport, IL",61.67,hcris_blended_x_multiplier,0.7,2024
140161,61764,IL,38700,"Pontiac, IL",66.25,hcris_blended_x_multiplier,0.7,2024
140162,61701,IL,14010,"Bloomington, IL",55.45,hcris_blended_x_multiplier,0.7,2024
140164,62901,IL,16060,"Carbondale, IL",53.26,hcris_blended_x_multiplier,0.7,2024
140166,62521,IL,19500,"Decatur, IL",58.2,hcris_blended_x_multiplier,0.7,2024
140172,60461,IL,16980,"Chicago-Naperville-Elgin, IL-IN",45.5,bls_oews_msa,0.9,2024
140174,60506,IL,16980,"Chicago-Naperville-Elgin, IL-IN",45.5,bls_oews_msa,0.9,2024
140177,60649,IL,16980,"Chicago-Naperville-Elgin, IL-IN",45.5,bls_oews_msa,0.9,2024
140179,60805,IL,16980,"Chicago-Naperville-Elgin, IL-IN",45.5,bls_oews_msa,0.9,2024
140180,60622,IL,16980,"Chicago-Naperville-Elgin, IL-IN",45.5,bls_oews_msa,0.9,2024
140181,60617,IL,16980,"Chicago-Naperville-Elgin, IL-IN",45.5,bls_oews_msa,0.9,2024
140182,60657,IL,16980,"Chicago-Naperville-Elgin, IL-IN",45.5,bls_oews_msa,0.9,2024
140184,62959,IL,32060,"Marion-Herrin, IL",57.58,hcris_blended_x_multiplier,0.7,2024
140185,62226,IL,41180,"St. Louis, MO-IL",37.7,bls_oews_msa,0.9,2024
140186,60901,IL,28100,"Kankakee, IL",64.43,hcris_blended_x_multiplier,0.7,2024
140187,62269,IL,41180,"St. Louis, MO-IL",37.7,bls_oews_msa,0.9,2024
140189,61938,IL,16660,"Charleston-Mattoon, IL",43.75,bls_oews_state_placeholder,0.4,2024
140191,60426,IL,16980,"Chicago-Naperville-Elgin, IL-IN",45.5,bls_oews_msa,0.9,2024
140197,60640,IL,16980,"Chicago-Naperville-Elgin, IL-IN",45.5,bls_oews_msa,0.9,2024
140200,60126,IL,16980,"Chicago-Naperville-Elgin, IL-IN",45.5,bls_oews_msa,0.9,2024
140202,60048,IL,16980,"Chicago-Naperville-Elgin, IL-IN",45.5,bls_oews_msa,0.9,2024
140206,60622,IL,16980,"Chicago-Naperville-Elgin, IL-IN",45.5,bls_oews_msa,0.9,2024
140208,60453,IL,16980,"Chicago-Naperville-Elgin, IL-IN",45.5,bls_oews_msa,0.9,2024
140209,61636,IL,,,70.74,hcris_blended_x_multiplier,0.7,2024
140210,62946,IL,,Rural / Nonmetro,53.7,hcris_blended_x_multiplier,0.7,2024
140211,60134,IL,16980,"Chicago-Naperville-Elgin, IL-IN",45.5,bls_oews_msa,0.9,2024
140213,60451,IL,16980,"Chicago-Naperville-Elgin, IL-IN",45.5,bls_oews_msa,0.9,2024
140217,60123,IL,16980,"Chicago-Naperville-Elgin, IL-IN",45.5,bls_oews_msa,0.9,2024
140223,60068,IL,16980,"Chicago-Naperville-Elgin, IL-IN",45.5,bls_oews_msa,0.9,2024
140224,60657,IL,16980,"Chicago-Naperville-Elgin, IL-IN",45.5,bls_oews_msa,0.9,2024
140228,61104,IL,40420,"Rockford, IL",68.03,hcris_blended_x_multiplier,0.7,2024
140231,60540,IL,16980,"Chicago-Naperville-Elgin, IL-IN",45.5,bls_oews_msa,0.9,2024
140233,61108,IL,40420,"Rockford, IL",63.15,hcris_blended_x_multiplier,0.7,2024
140239,61103,IL,40420,"Rockford, IL",57.88,hcris_blended_x_multiplier,0.7,2024
140242,60190,IL,16980,"Chicago-Naperville-Elgin, IL-IN",45.5,bls_oews_msa,0.9,2024
140251,60634,IL,16980,"Chicago-Naperville-Elgin, IL-IN",45.5,bls_oews_msa,0.9,2024
140252,60005,IL,16980,"Chicago-Naperville-Elgin, IL-IN",45.5,bls_oews_msa,0.9,2024
140258,60007,IL,16980,"Chicago-Naperville-Elgin, IL-IN",45.5,bls_oews_msa,0.9,2024
140275,61282,IL,19340,"Davenport-Moline-Rock Island, IA-IL",57.74,hcris_blended_x_multiplier,0.7,2024
140276,60153,IL,16980,"Chicago-Naperville-Elgin, IL-IN",45.5,bls_oews_msa,0.9,2024
140280,61201,IL,19340,"Davenport-Moline-Rock Island, IA-IL",58.44,hcris_blended_x_multiplier,0.7,2024
140281,60611,IL,16980,"Chicago-Naperville-Elgin, IL-IN",45.5,bls_oews_msa,0.9,2024
140286,60115,IL,16980,"Chicago-Naperville-Elgin, IL-IN",45.5,bls_oews_msa,0.9,2024
140288,60515,IL,16980,"Chicago-Naperville-Elgin, IL-IN",45.5,bls_oews_msa,0.9,2024
140289,62062,IL,41180,"St. Louis, MO-IL",37.7,bls_oews_msa,0.9,2024
140290,60169,IL,16980,"Chicago-Naperville-Elgin, IL-IN",45.5,bls_oews_msa,0.9,2024
140291,60010,IL,16980,"Chicago-Naperville-Elgin, IL-IN",45.5,bls_oews_msa,0.9,2024
140292,60139,IL,16980,"Chicago-Naperville-Elgin, IL-IN",45.5,bls_oews_msa,0.9,2024
140294,62864,IL,34500,"Mount Vernon, IL",52.79,hcris_blended_x_multiplier,0.7,2024
140300,60615,IL,16980,"Chicago-Naperville-Elgin, IL-IN",45.5,bls_oews_msa,0.9,2024
140304,60440,IL,16980,"Chicago-Naperville-Elgin, IL-IN",45.5,bls_oews_msa,0.9,2024
140308,60014,IL,16980,"Chicago-Naperville-Elgin, IL-IN",45.5,bls_oews_msa,0.9,2024
14034F,60064,IL,16980,"Chicago-Naperville-Elgin, IL-IN",45.5,bls_oews_msa,0.9,2024
141300,62016,IL,,Rural / Nonmetro,43.75,bls_oews_state_placeholder,0.4,2024
141301,61856,IL,16580,"Champaign-Urbana, IL",43.75,bls_oews_state_placeholder,0.4,2024
141302,61036,IL,,Rural / Nonmetro,43.75,bls_oews_state_placeholder,0.4,2024
141303,61727,IL,,Rural / Nonmetro,43.75,bls_oews_state_placeholder,0.4,2024
141304,61231,IL,19340,"Davenport-Moline-Rock Island, IA-IL",43.75,bls_oews_state_placeholder,0.4,2024
141305,62321,IL,,Rural / Nonmetro,43.75,bls_oews_state_placeholder,0.4,2024
141306,62088,IL,41180,"St. Louis, MO-IL",37.7,bls_oews_msa,0.9,2024
141307,62274,IL,,Rural / Nonmetro,43.75,bls_oews_state_placeholder,0.4,2024
141308,62263,IL,,Rural / Nonmetro,43.75,bls_oews_state_placeholder,0.4,2024
141309,61530,IL,37900,"Peoria, IL",43.75,bls_oews_state_placeholder,0.4,2024
141310,61342,IL,36837,"Ottawa, IL",43.75,bls_oews_state_placeholder,0.4,2024
141311,62837,IL,,Rural / Nonmetro,43.75,bls_oews_state_placeholder,0.4,2024
141312,61068,IL,40300,"Rochelle, IL",43.75,bls_oews_state_placeholder,0.4,2024
141313,62644,IL,,Rural / Nonmetro,43.75,bls_oews_state_placeholder,0.4,2024
141315,62363,IL,,Rural / Nonmetro,43.75,bls_oews_state_placeholder,0.4,2024
141316,60942,IL,19180,"Danville, IL",43.75,bls_oews_state_placeholder,0.4,2024
141317,60936,IL,16580,"Champaign-Urbana, IL",43.75,bls_oews_state_placeholder,0.4,2024
141318,61462,IL,,Rural / Nonmetro,43.75,bls_oews_state_placeholder,0.4,2024
141319,61254,IL,19340,"Davenport-Moline-Rock Island, IA-IL",43.75,bls_oews_state_placeholder,0.4,2024
141320,61944,IL,,Rural / Nonmetro,43.75,bls_oews_state_placeholder,0.4,2024
141321,62812,IL,,Rural / Nonmetro,43.75,bls_oews_state_placeholder,0.4,2024
141322,62656,IL,30660,"Lincoln, IL",43.75,bls_oews_state_placeholder,0.4,2024
141323,62960,IL,37140,"Paducah, KY-IL",43.75,bls_oews_state_placeholder,0.4,2024
141324,62930,IL,,Rural / Nonmetro,43.75,bls_oews_state_placeholder,0.4,2024
141325,61443,IL,19340,"Davenport-Moline-Rock Island, IA-IL",43.75,bls_oews_state_placeholder,0.4,2024
141326,62859,IL,,Rural / Nonmetro,43.75,bls_oews_state_placeholder,0.4,2024
141327,62863,IL,,Rural / Nonmetro,43.75,bls_oews_state_placeholder,0.4,2024
141328,62982,IL,,Rural / Nonmetro,43.75,bls_oews_state_placeholder,0.4,2024
141329,61270,IL,44580,"Sterling, IL",43.75,bls_oews_state_placeholder,0.4,2024
141330,61747,IL,37900,"Peoria, IL",43.75,bls_oews_state_placeholder,0.4,2024
141331,62832,IL,,Rural / Nonmetro,43.75,bls_oews_state_placeholder,0.4,2024
141332,62049,IL,,Rural / Nonmetro,43.75,bls_oews_state_placeholder,0.4,2024
141333,62681,IL,,Rural / Nonmetro,43.75,bls_oews_state_placeholder,0.4,2024
141334,62966,IL,16060,"Carbondale, IL",43.75,bls_oews_state_placeholder,0.4,2024
141335,60033,IL,16980,"Chicago-Naperville-Elgin, IL-IN",45.5,bls_oews_msa,0.9,2024
141336,62249,IL,41180,"St. Louis, MO-IL",37.7,bls_oews_msa,0.9,2024
141337,61356,IL,36837,"Ottawa, IL",43.75,bls_oews_state_placeholder,0.4,2024
141338,62233,IL,,Rural / Nonmetro,43.75,bls_oews_state_placeholder,0.4,2024
141339,62568,IL,45380,"Taylorville, IL",43.75,bls_oews_state_placeholder,0.4,2024
141340,60548,IL,16980,"Chicago-Naperville-Elgin, IL-IN",45.5,bls_oews_msa,0.9,2024
141341,62557,IL,45380,"Taylorville, IL",43.75,bls_oews_state_placeholder,0.4,2024
141342,62906,IL,,Rural / Nonmetro,43.75,bls_oews_state_placeholder,0.4,2024
141343,62454,IL,,Rural / Nonmetro,43.75,bls_oews_state_placeholder,0.4,2024
141344,62439,IL,,Rural / Nonmetro,43.75,bls_oews_state_placeholder,0.4,2024
141345,62881,IL,16460,"Centralia, IL",43.75,bls_oews_state_placeholder,0.4,2024
141346,62471,IL,,Rural / Nonmetro,43.75,bls_oews_state_placeholder,0.4,2024
141347,62626,IL,41180,"St. Louis, MO-IL",37.7,bls_oews_msa,0.9,2024
141348,62278,IL,41180,"St. Louis, MO-IL",37.7,bls_oews_msa,0.9,2024
141349,62286,IL,,Rural / Nonmetro,43.75,bls_oews_state_placeholder,0.4,2024
141350,62056,IL,,Rural / Nonmetro,43.75,bls_oews_state_placeholder,0.4,2024
141351,62839,IL,,Rural / Nonmetro,43.75,bls_oews_state_placeholder,0.4,2024
141352,62650,IL,27300,"Jacksonville, IL",43.75,bls_oews_state_placeholder,0.4,2024
141353,60970,IL,,Rural / Nonmetro,43.75,bls_oews_state_placeholder,0.4,2024
141354,62565,IL,,Rural / Nonmetro,43.75,bls_oews_state_placeholder,0.4,2024
141355,62450,IL,,Rural / Nonmetro,43.75,bls_oews_state_placeholder,0.4,2024
143300,60611,IL,16980,"Chicago-Naperville-Elgin, IL-IN",45.5,bls_oews_msa,0.9,2024
143301,60649,IL,16980,"Chicago-Naperville-Elgin, IL-IN",45.5,bls_oews_msa,0.9,2024
143302,60707,IL,16980,"Chicago-Naperville-Elgin, IL-IN",45.5,bls_oews_msa,0.9,2024
144009,60130,IL,16980,"Chicago-Naperville-Elgin, IL-IN",45.5,bls_oews_msa,0.9,2024
144010,60634,IL,16980,"Chicago-Naperville-Elgin, IL-IN",45.5,bls_oews_msa,0.9,2024
144016,62002,IL,41180,"St. Louis, MO-IL",37.7,bls_oews_msa,0.9,2024
144021,62703,IL,44100,"Springfield, IL",43.75,bls_oews_state_placeholder,0.4,2024
144026,60644,IL,16980,"Chicago-Naperville-Elgin, IL-IN",45.5,bls_oews_msa,0.9,2024
144028,60141,IL,16980,"Chicago-Naperville-Elgin, IL-IN",45.5,bls_oews_msa,0.9,2024
144029,61820,IL,16580,"Champaign-Urbana, IL",43.75,bls_oews_state_placeholder,0.4,2024
144031,60169,IL,16980,"Chicago-Naperville-Elgin, IL-IN",45.5,bls_oews_msa,0.9,2024
144034,60107,IL,16980,"Chicago-Naperville-Elgin, IL-IN",45.5,bls_oews_msa,0.9,2024
144035,60540,IL,16980,"Chicago-Naperville-Elgin, IL-IN",45.5,bls_oews_msa,0.9,2024
144037,60123,IL,16980,"Chicago-Naperville-Elgin, IL-IN",45.5,bls_oews_msa,0.9,2024
144038,62906,IL,,Rural / Nonmetro,43.75,bls_oews_state_placeholder,0.4,2024
144039,60624,IL,16980,"Chicago-Naperville-Elgin, IL-IN",45.5,bls_oews_msa,0.9,2024
144040,60016,IL,16980,"Chicago-Naperville-Elgin, IL-IN",45.5,bls_oews_msa,0.9,2024
144041,60451,IL,16980,"Chicago-Naperville-Elgin, IL-IN",45.5,bls_oews_msa,0.9,2024
144042,60085,IL,16980,"Chicago-Naperville-Elgin, IL-IN",45.5,bls_oews_msa,0.9,2024
144043,60640,IL,16980,"Chicago-Naperville-Elgin, IL-IN",45.5,bls_oews_msa,0.9,2024
150001,46131,IN,26900,"Indianapolis-Carmel-Greenwood, IN",38.45,bls_oews_msa,0.9,2024
150002,46402,IN,16980,"Chicago-Naperville-Elgin, IL-IN",45.5,bls_oews_msa,0.9,2024
150005,46122,IN,26900,"Indianapolis-Carmel-Greenwood, IN",38.45,bls_oews_msa,0.9,2024
150006,46350,IN,33140,"Michigan City-La Porte, IN",54.56,hcris_blended_x_multiplier,0.7,2024
150007,46902,IN,29020,"Kokomo, IN",60.16,hcris_blended_x_multiplier,0.7,2024
150008,46312,IN,16980,"Chicago-Naperville-Elgin, IL-IN",45.5,bls_oews_msa,0.9,2024
150009,47130,IN,31140,"Louisville/Jefferson County, KY-IN",37.55,bls_oews_msa,0.9,2024
150010,46904,IN,,,61.0,hcris_blended_x_multiplier,0.7,2024
150011,46952,IN,31980,"Marion, IN",64.54,hcris_blended_x_multiplier,0.7,2024
150012,46545,IN,43780,"South Bend-Mishawaka, IN-MI",57.02,hcris_blended_x_multiplier,0.7,2024
150015,46360,IN,33140,"Michigan City-La Porte, IN",55.51,hcris_blended_x_multiplier,0.7,2024
150017,46804,IN,23060,"Fort Wayne, IN",59.07,hcris_blended_x_multiplier,0.7,2024
150018,46514,IN,21140,"Elkhart-Goshen, IN",60.26,hcris_blended_x_multiplier,0.7,2024
150021,46845,IN,23060,"Fort Wayne, IN",73.98,hcris_blended_x_multiplier,0.7,2024
150022,47933,IN,18820,"Crawfordsville, IN",51.34,hcris_blended_x_multiplier,0.7,2024
150023,47804,IN,45460,"Terre Haute, IN",55.89,hcris_blended_x_multiplier,0.7,2024
150024,46202,IN,26900,"Indianapolis-Carmel-Greenwood, IN",38.45,bls_oews_msa,0.9,2024
150026,46526,IN,21140,"Elkhart-Goshen, IN",56.91,hcris_blended_x_multiplier,0.7,2024
150030,47362,IN,35220,"New Castle, IN",37.75,bls_oews_state_placeholder,0.4,2024
150034,46342,IN,16980,"Chicago-Naperville-Elgin, IL-IN",45.5,bls_oews_msa,0.9,2024
150035,46383,IN,16980,"Chicago-Naperville-Elgin, IL-IN",45.5,bls_oews_msa,0.9,2024
150037,46140,IN,26900,"Indianapolis-Carmel-Greenwood, IN",38.45,bls_oews_msa,0.9,2024
15003F,46202,IN,26900,"Indianapolis-Carmel-Greenwood, IN",38.45,bls_oews_msa,0.9,2024
150042,47591,IN,47180,"Vincennes, IN",57.19,hcris_blended_x_multiplier,0.7,2024
150044,47150,IN,31140,"Louisville/Jefferson County, KY-IN",37.55,bls_oews_msa,0.9,2024
150045,46706,IN,12140,"Auburn, IN",56.39,hcris_blended_x_multiplier,0.7,2024
150046,47802,IN,45460,"Terre Haute, IN",37.75,bls_oews_state_placeholder,0.4,2024
150047,46802,IN,23060,"Fort Wayne, IN",58.49,hcris_blended_x_multiplier,0.7,2024
150048,47374,IN,39980,"Richmond, IN",53.38,hcris_blended_x_multiplier,0.7,2024
15004F,46953,IN,31980,"Marion, IN",37.75,bls_oews_state_placeholder,0.4,2024
150051,47403,IN,14020,"Bloomington, IN",54.67,hcris_blended_x_multiplier,0.7,2024
150056,46202,IN,26900,"Indianapolis-Carmel-Greenwood, IN",38.45,bls_oews_msa,0.9,2024
150057,46158,IN,26900,"Indianapolis-Carmel-Greenwood, IN",38.45,bls_oews_msa,0.9,2024
150058,46601,IN,43780,"South Bend-Mishawaka, IN-MI",61.33,hcris_blended_x_multiplier,0.7,2024
150059,46060,IN,26900,"Indianapolis-Carmel-Greenwood, IN",38.45,bls_oews_msa,0.9,2024
150061,47501,IN,47780,"Washington, IN",49.29,hcris_blended_x_multiplier,0.7,2024
150065,47274,IN,42980,"Seymour, IN",67.82,hcris_blended_x_multiplier,0.7,2024
150069,47250,IN,31500,"Madison, IN",62.86,hcris_blended_x_multiplier,0.7,2024
150072,46947,IN,30900,"Logansport, IN",54.11,hcris_blended_x_multiplier,0.7,2024
150074,46219,IN,26900,"Indianapolis-Carmel-Greenwood, IN",38.45,bls_oews_msa,0.9,2024
150075,46714,IN,23060,"Fort Wayne, IN",51.45,hcris_blended_x_multiplier,0.7,2024
150076,46563,IN,38500,"Plymouth, IN",50.43,hcris_blended_x_multiplier,0.7,2024
150082,47747,IN,,,61.01,hcris_blended_x_multiplier,0.7,2024
150084,46260,IN,26900,"Indianapolis-Carmel-Greenwood, IN",38.45,bls_oews_msa,0.9,2024
150086,47025,IN,17140,"Cincinnati, OH-KY-IN",38.85,bls_oews_msa,0.9,2024
150088,46016,IN,26900,"Indianapolis-Carmel-Greenwood, IN",38.45,bls_oews_msa,0.9,2024
150089,47303,IN,34620,"Muncie, IN",53.05,hcris_blended_x_multiplier,0.7,2024
150090,46311,IN,16980,"Chicago-Naperville-Elgin, IL-IN",45.5,bls_oews_msa,0.9,2024
150091,46750,IN,26540,"Huntington, IN",58.46,hcris_blended_x_multiplier,0.7,2024
150097,46176,IN,26900,"Indianapolis-Carmel-Greenwood, IN",38.45,bls_oews_msa,0.9,2024
150100,47750,IN,,,56.43,hcris_blended_x_multiplier,0.7,2024
150101,46725,IN,23060,"Fort Wayne, IN",57.74,hcris_blended_x_multiplier,0.7,2024
150102,46534,IN,,Rural / Nonmetro,53.82,hcris_blended_x_multiplier,0.7,2024
150104,46052,IN,26900,"Indianapolis-Carmel-Greenwood, IN",38.45,bls_oews_msa,0.9,2024
150109,47905,IN,29200,"Lafayette-West Lafayette, IN",57.18,hcris_blended_x_multiplier,0.7,2024
150112,47201,IN,18020,"Columbus, IN",58.49,hcris_blended_x_multiplier,0.7,2024
150113,46011,IN,26900,"Indianapolis-Carmel-Greenwood, IN",38.45,bls_oews_msa,0.9,2024
150115,47546,IN,27540,"Jasper, IN",67.42,hcris_blended_x_multiplier,0.7,2024
150125,46321,IN,16980,"Chicago-Naperville-Elgin, IL-IN",45.5,bls_oews_msa,0.9,2024
150126,46307,IN,16980,"Chicago-Naperville-Elgin, IL-IN",45.5,bls_oews_msa,0.9,2024
150128,46227,IN,26900,"Indianapolis-Carmel-Greenwood, IN",38.45,bls_oews_msa,0.9,2024
150133,46580,IN,47700,"Warsaw, IN",55.41,hcris_blended_x_multiplier,0.7,2024
150146,46755,IN,28340,"Kendallville, IN",56.92,hcris_blended_x_multiplier,0.7,2024
150149,47630,IN,21780,"Evansville, IN",69.26,hcris_blended_x_multiplier,0.7,2024
150150,46825,IN,23060,"Fort Wayne, IN",58.69,hcris_blended_x_multiplier,0.7,2024
150153,46290,IN,26900,"Indianapolis-Carmel-Greenwood, IN",38.45,bls_oews_msa,0.9,2024
150157,46032,IN,26900,"Indianapolis-Carmel-Greenwood, IN",38.45,bls_oews_msa,0.9,2024
150158,46123,IN,26900,"Indianapolis-Carmel-Greenwood, IN",38.45,bls_oews_msa,0.9,2024
150160,46278,IN,26900,"Indianapolis-Carmel-Greenwood, IN",38.45,bls_oews_msa,0.9,2024
150161,46032,IN,26900,"Indianapolis-Carmel-Greenwood, IN",38.45,bls_oews_msa,0.9,2024
150162,46237,IN,26900,"Indianapolis-Carmel-Greenwood, IN",38.45,bls_oews_msa,0.9,2024
150165,46321,IN,16980,"Chicago-Naperville-Elgin, IL-IN",45.5,bls_oews_msa,0.9,2024
150166,46307,IN,16980,"Chicago-Naperville-Elgin, IL-IN",45.5,bls_oews_msa,0.9,2024
150167,46845,IN,23060,"Fort Wayne, IN",60.3,hcris_blended_x_multiplier,0.7,2024
150168,46804,IN,23060,"Fort Wayne, IN",53.96,hcris_blended_x_multiplier,0.7,2024
150169,46256,IN,26900,"Indianapolis-Carmel-Greenwood, IN",38.45,bls_oews_msa,0.9,2024
150172,47150,IN,31140,"Louisville/Jefferson County, KY-IN",37.55,bls_oews_msa,0.9,2024
150173,47905,IN,29200,"Lafayette-West Lafayette, IN",57.53,hcris_blended_x_multiplier,0.7,2024
150177,46545,IN,43780,"South Bend-Mishawaka, IN-MI",55.75,hcris_blended_x_multiplier,0.7,2024
150179,46256,IN,26900,"Indianapolis-Carmel-Greenwood, IN",38.45,bls_oews_msa,0.9,2024
150181,46037,IN,26900,"Indianapolis-Carmel-Greenwood, IN",38.45,bls_oews_msa,0.9,2024
150183,47403,IN,14020,"Bloomington, IN",50.95,hcris_blended_x_multiplier,0.7,2024
150193,46032,IN,26900,"Indianapolis-Carmel-Greenwood, IN",38.45,bls_oews_msa,0.9,2024
150195,46307,IN,16980,"Chicago-Naperville-Elgin, IL-IN",45.5,bls_oews_msa,0.9,2024
151300,46506,IN,38500,"Plymouth, IN",37.75,bls_oews_state_placeholder,0.4,2024
151301,47394,IN,,Rural / Nonmetro,37.75,bls_oews_state_placeholder,0.4,2024
151303,47265,IN,,Rural / Nonmetro,37.75,bls_oews_state_placeholder,0.4,2024
151304,46173,IN,,Rural / Nonmetro,37.75,bls_oews_state_placeholder,0.4,2024
151305,46996,IN,,Rural / Nonmetro,37.75,bls_oews_state_placeholder,0.4,2024
151306,47454,IN,,Rural / Nonmetro,37.75,bls_oews_state_placeholder,0.4,2024
151307,47993,IN,29200,"Lafayette-West Lafayette, IN",37.75,bls_oews_state_placeholder,0.4,2024
151308,46036,IN,26900,"Indianapolis-Carmel-Greenwood, IN",38.45,bls_oews_msa,0.9,2024
151309,47834,IN,45460,"Terre Haute, IN",37.75,bls_oews_state_placeholder,0.4,2024
151310,46992,IN,47340,"Wabash, IN",37.75,bls_oews_state_placeholder,0.4,2024
151311,46072,IN,26900,"Indianapolis-Carmel-Greenwood, IN",38.45,bls_oews_msa,0.9,2024
151312,47960,IN,33900,"Monticello, IN",37.75,bls_oews_state_placeholder,0.4,2024
151313,46975,IN,,Rural / Nonmetro,37.75,bls_oews_state_placeholder,0.4,2024
151314,47167,IN,31140,"Louisville/Jefferson County, KY-IN",37.55,bls_oews_msa,0.9,2024
151315,46703,IN,11420,"Angola, IN",37.75,bls_oews_state_placeholder,0.4,2024
151316,46041,IN,23140,"Frankfort, IN",37.75,bls_oews_state_placeholder,0.4,2024
151317,47441,IN,,Rural / Nonmetro,37.75,bls_oews_state_placeholder,0.4,2024
151318,46970,IN,37940,"Peru, IN",37.75,bls_oews_state_placeholder,0.4,2024
151319,47670,IN,,Rural / Nonmetro,37.75,bls_oews_state_placeholder,0.4,2024
151320,47371,IN,,Rural / Nonmetro,37.75,bls_oews_state_placeholder,0.4,2024
151322,47586,IN,,Rural / Nonmetro,37.75,bls_oews_state_placeholder,0.4,2024
151323,46761,IN,,Rural / Nonmetro,37.75,bls_oews_state_placeholder,0.4,2024
151324,47978,IN,16980,"Chicago-Naperville-Elgin, IL-IN",45.5,bls_oews_msa,0.9,2024
151325,47601,IN,21780,"Evansville, IN",37.75,bls_oews_state_placeholder,0.4,2024
151326,47842,IN,45460,"Terre Haute, IN",37.75,bls_oews_state_placeholder,0.4,2024
151327,47882,IN,45460,"Terre Haute, IN",37.75,bls_oews_state_placeholder,0.4,2024
151328,47421,IN,13260,"Bedford, IN",37.75,bls_oews_state_placeholder,0.4,2024
151329,47006,IN,,Rural / Nonmetro,37.75,bls_oews_state_placeholder,0.4,2024
151330,46733,IN,19540,"Decatur, IN",37.75,bls_oews_state_placeholder,0.4,2024
151331,47112,IN,31140,"Louisville/Jefferson County, KY-IN",37.55,bls_oews_msa,0.9,2024
151332,47240,IN,24700,"Greensburg, IN",37.75,bls_oews_state_placeholder,0.4,2024
151333,46135,IN,24600,"Greencastle, IN",37.75,bls_oews_state_placeholder,0.4,2024
151334,47170,IN,,Rural / Nonmetro,37.75,bls_oews_state_placeholder,0.4,2024
154005,47906,IN,29200,"Lafayette-West Lafayette, IN",37.75,bls_oews_state_placeholder,0.4,2024
154008,46218,IN,26900,"Indianapolis-Carmel-Greenwood, IN",38.45,bls_oews_msa,0.9,2024
154009,47804,IN,45460,"Terre Haute, IN",37.75,bls_oews_state_placeholder,0.4,2024
154011,47025,IN,17140,"Cincinnati, OH-KY-IN",38.85,bls_oews_msa,0.9,2024
154014,46562,IN,47700,"Warsaw, IN",37.75,bls_oews_state_placeholder,0.4,2024
154018,47374,IN,39980,"Richmond, IN",37.75,bls_oews_state_placeholder,0.4,2024
154019,47250,IN,31500,"Madison, IN",37.75,bls_oews_state_placeholder,0.4,2024
154020,46410,IN,16980,"Chicago-Naperville-Elgin, IL-IN",45.5,bls_oews_msa,0.9,2024
154021,46952,IN,31980,"Marion, IN",37.75,bls_oews_state_placeholder,0.4,2024
154024,46143,IN,26900,"Indianapolis-Carmel-Greenwood, IN",38.45,bls_oews_msa,0.9,2024
154031,46527,IN,,,37.75,bls_oews_state_placeholder,0.4,2024
154035,46947,IN,30900,"Logansport, IN",37.75,bls_oews_state_placeholder,0.4,2024
154041,47404,IN,14020,"Bloomington, IN",37.75,bls_oews_state_placeholder,0.4,2024
154047,46563,IN,38500,"Plymouth, IN",37.75,bls_oews_state_placeholder,0.4,2024
154050,46706,IN,12140,"Auburn, IN",37.75,bls_oews_state_placeholder,0.4,2024
154051,47130,IN,31140,"Louisville/Jefferson County, KY-IN",37.55,bls_oews_msa,0.9,2024
154052,46383,IN,16980,"Chicago-Naperville-Elgin, IL-IN",45.5,bls_oews_msa,0.9,2024
154054,47802,IN,45460,"Terre Haute, IN",37.75,bls_oews_state_placeholder,0.4,2024
154055,47630,IN,21780,"Evansville, IN",37.75,bls_oews_state_placeholder,0.4,2024
154056,47714,IN,21780,"Evansville, IN",37.75,bls_oews_state_placeholder,0.4,2024
154057,46226,IN,26900,"Indianapolis-Carmel-Greenwood, IN",38.45,bls_oews_msa,0.9,2024
154058,46506,IN,38500,"Plymouth, IN",37.75,bls_oews_state_placeholder,0.4,2024
154059,47905,IN,29200,"Lafayette-West Lafayette, IN",37.75,bls_oews_state_placeholder,0.4,2024
154060,46805,IN,23060,"Fort Wayne, IN",37.75,bls_oews_state_placeholder,0.4,2024
154061,46545,IN,43780,"South Bend-Mishawaka, IN-MI",37.75,bls_oews_state_placeholder,0.4,2024
154063,46254,IN,26900,"Indianapolis-Carmel-Greenwood, IN",38.45,bls_oews_msa,0.9,2024
154064,46214,IN,26900,"Indianapolis-Carmel-Greenwood, IN",38.45,bls_oews_msa,0.9,2024
154065,46307,IN,16980,"Chicago-Naperville-Elgin, IL-IN",45.5,bls_oews_msa,0.9,2024
154066,47129,IN,31140,"Louisville/Jefferson County, KY-IN",37.55,bls_oews_msa,0.9,2024
154067,46168,IN,26900,"Indianapolis-Carmel-Greenwood, IN",38.45,bls_oews_msa,0.9,2024
154068,46143,IN,26900,"Indianapolis-Carmel-Greenwood, IN",38.45,bls_oews_msa,0.9,2024
154070,46818,IN,23060,"Fort Wayne, IN",37.75,bls_oews_state_placeholder,0.4,2024
154071,46254,IN,26900,"Indianapolis-Carmel-Greenwood, IN",38.45,bls_oews_msa,0.9,2024
154072,47542,IN,27540,"Jasper, IN",37.75,bls_oews_state_placeholder,0.4,2024
160001,50158,IA,32260,"Marshalltown, IA",65.88,hcris_blended_x_multiplier,0.7,2024
160013,52761,IA,34700,"Muscatine, IA",61.66,hcris_blended_x_multiplier,0.7,2024
160016,50501,IA,22700,"Fort Dodge, IA",36.95,bls_oews_state_placeholder,0.4,2024
160028,51503,IA,36540,"Omaha, NE-IA",66.51,hcris_blended_x_multiplier,0.7,2024
160029,52245,IA,26980,"Iowa City, IA",53.76,hcris_blended_x_multiplier,0.7,2024
160030,50010,IA,11180,"Ames, IA",52.91,hcris_blended_x_multiplier,0.7,2024
160032,50208,IA,19780,"Des Moines-West Des Moines, IA",51.81,hcris_blended_x_multiplier,0.7,2024
160033,52803,IA,19340,"Davenport-Moline-Rock Island, IA-IL",58.52,hcris_blended_x_multiplier,0.7,2024
16003F,50310,IA,19780,"Des Moines-West Des Moines, IA",36.95,bls_oews_state_placeholder,0.4,2024
160040,50613,IA,47940,"Waterloo-Cedar Falls, IA",52.29,hcris_blended_x_multiplier,0.7,2024
160045,52402,IA,16300,"Cedar Rapids, IA",61.7,hcris_blended_x_multiplier,0.7,2024
160047,51503,IA,36540,"Omaha, NE-IA",60.44,hcris_blended_x_multiplier,0.7,2024
16004F,52246,IA,26980,"Iowa City, IA",36.95,bls_oews_state_placeholder,0.4,2024
160057,52655,IA,15460,"Burlington, IA-IL",68.53,hcris_blended_x_multiplier,0.7,2024
160058,52242,IA,26980,"Iowa City, IA",52.36,hcris_blended_x_multiplier,0.7,2024
160064,50401,IA,32380,"Mason City, IA",62.45,hcris_blended_x_multiplier,0.7,2024
160067,50702,IA,47940,"Waterloo-Cedar Falls, IA",66.99,hcris_blended_x_multiplier,0.7,2024
160069,52001,IA,20220,"Dubuque, IA",48.34,hcris_blended_x_multiplier,0.7,2024
160079,52403,IA,16300,"Cedar Rapids, IA",67.7,hcris_blended_x_multiplier,0.7,2024
160080,52732,IA,17540,"Clinton, IA",50.48,hcris_blended_x_multiplier,0.7,2024
160082,50309,IA,19780,"Des Moines-West Des Moines, IA",61.98,hcris_blended_x_multiplier,0.7,2024
160083,50314,IA,19780,"Des Moines-West Des Moines, IA",66.71,hcris_blended_x_multiplier,0.7,2024
160089,52501,IA,36900,"Ottumwa, IA",54.29,hcris_blended_x_multiplier,0.7,2024
160101,50314,IA,19780,"Des Moines-West Des Moines, IA",61.75,hcris_blended_x_multiplier,0.7,2024
160104,52722,IA,19340,"Davenport-Moline-Rock Island, IA-IL",58.77,hcris_blended_x_multiplier,0.7,2024
160110,50703,IA,47940,"Waterloo-Cedar Falls, IA",61.6,hcris_blended_x_multiplier,0.7,2024
160112,51301,IA,43980,"Spencer, IA",55.29,hcris_blended_x_multiplier,0.7,2024
160117,52001,IA,20220,"Dubuque, IA",64.96,hcris_blended_x_multiplier,0.7,2024
160124,51360,IA,44020,"Spirit Lake, IA",53.26,hcris_blended_x_multiplier,0.7,2024
160146,51104,IA,43580,"Sioux City, IA-NE-SD",63.85,hcris_blended_x_multiplier,0.7,2024
160147,50112,IA,,Rural / Nonmetro,61.8,hcris_blended_x_multiplier,0.7,2024
160153,51101,IA,43580,"Sioux City, IA-NE-SD",53.87,hcris_blended_x_multiplier,0.7,2024
161301,50421,IA,,Rural / Nonmetro,36.95,bls_oews_state_placeholder,0.4,2024
161302,50525,IA,,Rural / Nonmetro,36.95,bls_oews_state_placeholder,0.4,2024
161303,50638,IA,47940,"Waterloo-Cedar Falls, IA",36.95,bls_oews_state_placeholder,0.4,2024
161304,50841,IA,,Rural / Nonmetro,36.95,bls_oews_state_placeholder,0.4,2024
161305,50574,IA,,Rural / Nonmetro,36.95,bls_oews_state_placeholder,0.4,2024
161306,52205,IA,16300,"Cedar Rapids, IA",36.95,bls_oews_state_placeholder,0.4,2024
161307,50423,IA,,Rural / Nonmetro,36.95,bls_oews_state_placeholder,0.4,2024
161308,50441,IA,,Rural / Nonmetro,36.95,bls_oews_state_placeholder,0.4,2024
161309,51555,IA,36540,"Omaha, NE-IA",36.95,bls_oews_state_placeholder,0.4,2024
161310,50849,IA,,Rural / Nonmetro,36.95,bls_oews_state_placeholder,0.4,2024
161311,51023,IA,,Rural / Nonmetro,36.95,bls_oews_state_placeholder,0.4,2024
161312,52052,IA,,Rural / Nonmetro,36.95,bls_oews_state_placeholder,0.4,2024
161313,52742,IA,17540,"Clinton, IA",36.95,bls_oews_state_placeholder,0.4,2024
161314,50115,IA,19780,"Des Moines-West Des Moines, IA",36.95,bls_oews_state_placeholder,0.4,2024
161315,52591,IA,,Rural / Nonmetro,36.95,bls_oews_state_placeholder,0.4,2024
161316,52175,IA,,Rural / Nonmetro,36.95,bls_oews_state_placeholder,0.4,2024
161317,52301,IA,,Rural / Nonmetro,36.95,bls_oews_state_placeholder,0.4,2024
161318,52172,IA,,Rural / Nonmetro,36.95,bls_oews_state_placeholder,0.4,2024
161319,52043,IA,,Rural / Nonmetro,36.95,bls_oews_state_placeholder,0.4,2024
161320,50674,IA,47940,"Waterloo-Cedar Falls, IA",36.95,bls_oews_state_placeholder,0.4,2024
161321,51246,IA,,Rural / Nonmetro,36.95,bls_oews_state_placeholder,0.4,2024
161322,50220,IA,19780,"Des Moines-West Des Moines, IA",36.95,bls_oews_state_placeholder,0.4,2024
161323,50461,IA,,Rural / Nonmetro,36.95,bls_oews_state_placeholder,0.4,2024
161324,51640,IA,,Rural / Nonmetro,36.95,bls_oews_state_placeholder,0.4,2024
161325,50129,IA,,Rural / Nonmetro,36.95,bls_oews_state_placeholder,0.4,2024
161326,50273,IA,19780,"Des Moines-West Des Moines, IA",36.95,bls_oews_state_placeholder,0.4,2024
161327,52537,IA,,Rural / Nonmetro,36.95,bls_oews_state_placeholder,0.4,2024
161328,52136,IA,,Rural / Nonmetro,36.95,bls_oews_state_placeholder,0.4,2024
161329,52060,IA,,Rural / Nonmetro,36.95,bls_oews_state_placeholder,0.4,2024
161330,50025,IA,,Rural / Nonmetro,36.95,bls_oews_state_placeholder,0.4,2024
161331,50659,IA,,Rural / Nonmetro,36.95,bls_oews_state_placeholder,0.4,2024
161332,51455,IA,16140,"Carroll, IA",36.95,bls_oews_state_placeholder,0.4,2024
161333,50201,IA,11180,"Ames, IA",36.95,bls_oews_state_placeholder,0.4,2024
161334,50548,IA,,Rural / Nonmetro,36.95,bls_oews_state_placeholder,0.4,2024
161335,50644,IA,,Rural / Nonmetro,36.95,bls_oews_state_placeholder,0.4,2024
161336,51247,IA,,Rural / Nonmetro,36.95,bls_oews_state_placeholder,0.4,2024
161337,52565,IA,,Rural / Nonmetro,36.95,bls_oews_state_placeholder,0.4,2024
161338,50662,IA,,Rural / Nonmetro,36.95,bls_oews_state_placeholder,0.4,2024
161339,50677,IA,47940,"Waterloo-Cedar Falls, IA",36.95,bls_oews_state_placeholder,0.4,2024
161340,50144,IA,,Rural / Nonmetro,36.95,bls_oews_state_placeholder,0.4,2024
161341,50049,IA,,Rural / Nonmetro,36.95,bls_oews_state_placeholder,0.4,2024
161342,52531,IA,,Rural / Nonmetro,36.95,bls_oews_state_placeholder,0.4,2024
161343,52057,IA,,Rural / Nonmetro,36.95,bls_oews_state_placeholder,0.4,2024
161344,52353,IA,26980,"Iowa City, IA",36.95,bls_oews_state_placeholder,0.4,2024
161345,51249,IA,,Rural / Nonmetro,36.95,bls_oews_state_placeholder,0.4,2024
161346,51250,IA,,Rural / Nonmetro,36.95,bls_oews_state_placeholder,0.4,2024
161347,50616,IA,,Rural / Nonmetro,36.95,bls_oews_state_placeholder,0.4,2024
161348,50213,IA,,Rural / Nonmetro,36.95,bls_oews_state_placeholder,0.4,2024
161349,52349,IA,16300,"Cedar Rapids, IA",36.95,bls_oews_state_placeholder,0.4,2024
161350,51449,IA,,Rural / Nonmetro,36.95,bls_oews_state_placeholder,0.4,2024
161351,51334,IA,,Rural / Nonmetro,36.95,bls_oews_state_placeholder,0.4,2024
161352,51632,IA,,Rural / Nonmetro,36.95,bls_oews_state_placeholder,0.4,2024
161353,50511,IA,,Rural / Nonmetro,36.95,bls_oews_state_placeholder,0.4,2024
161354,51445,IA,,Rural / Nonmetro,36.95,bls_oews_state_placeholder,0.4,2024
161355,50138,IA,37800,"Pella, IA",36.95,bls_oews_state_placeholder,0.4,2024
161356,52641,IA,,Rural / Nonmetro,36.95,bls_oews_state_placeholder,0.4,2024
161357,50536,IA,,Rural / Nonmetro,36.95,bls_oews_state_placeholder,0.4,2024
161358,50060,IA,,Rural / Nonmetro,36.95,bls_oews_state_placeholder,0.4,2024
161359,51040,IA,,Rural / Nonmetro,36.95,bls_oews_state_placeholder,0.4,2024
161360,51041,IA,,Rural / Nonmetro,36.95,bls_oews_state_placeholder,0.4,2024
161361,50595,IA,,Rural / Nonmetro,36.95,bls_oews_state_placeholder,0.4,2024
161362,51012,IA,,Rural / Nonmetro,36.95,bls_oews_state_placeholder,0.4,2024
161363,51566,IA,,Rural / Nonmetro,36.95,bls_oews_state_placeholder,0.4,2024
161364,52556,IA,,Rural / Nonmetro,36.95,bls_oews_state_placeholder,0.4,2024
161365,50801,IA,,Rural / Nonmetro,36.95,bls_oews_state_placeholder,0.4,2024
161366,51601,IA,,Rural / Nonmetro,36.95,bls_oews_state_placeholder,0.4,2024
161367,50219,IA,37800,"Pella, IA",36.95,bls_oews_state_placeholder,0.4,2024
161368,51031,IA,30180,"Le Mars, IA",36.95,bls_oews_state_placeholder,0.4,2024
161369,51442,IA,,Rural / Nonmetro,36.95,bls_oews_state_placeholder,0.4,2024
161370,50583,IA,,Rural / Nonmetro,36.95,bls_oews_state_placeholder,0.4,2024
161371,52101,IA,,Rural / Nonmetro,36.95,bls_oews_state_placeholder,0.4,2024
161372,50036,IA,11180,"Ames, IA",36.95,bls_oews_state_placeholder,0.4,2024
161373,50854,IA,,Rural / Nonmetro,36.95,bls_oews_state_placeholder,0.4,2024
161374,51537,IA,,Rural / Nonmetro,36.95,bls_oews_state_placeholder,0.4,2024
161375,50588,IA,44740,"Storm Lake, IA",36.95,bls_oews_state_placeholder,0.4,2024
161376,50022,IA,,Rural / Nonmetro,36.95,bls_oews_state_placeholder,0.4,2024
161377,52544,IA,,Rural / Nonmetro,36.95,bls_oews_state_placeholder,0.4,2024
161378,52040,IA,,Rural / Nonmetro,36.95,bls_oews_state_placeholder,0.4,2024
161379,52577,IA,36820,"Oskaloosa, IA",36.95,bls_oews_state_placeholder,0.4,2024
161380,50126,IA,,Rural / Nonmetro,36.95,bls_oews_state_placeholder,0.4,2024
161381,51201,IA,,Rural / Nonmetro,36.95,bls_oews_state_placeholder,0.4,2024
161382,51401,IA,16140,"Carroll, IA",36.95,bls_oews_state_placeholder,0.4,2024
164002,51012,IA,,Rural / Nonmetro,36.95,bls_oews_state_placeholder,0.4,2024
164003,50644,IA,,Rural / Nonmetro,36.95,bls_oews_state_placeholder,0.4,2024
164006,52722,IA,19340,"Davenport-Moline-Rock Island, IA-IL",36.95,bls_oews_state_placeholder,0.4,2024
164007,50325,IA,19780,"Des Moines-West Des Moines, IA",36.95,bls_oews_state_placeholder,0.4,2024
170006,66762,KS,38260,"Pittsburg, KS",66.16,hcris_blended_x_multiplier,0.7,2024
170009,66048,KS,28140,"Kansas City, MO-KS",38.3,bls_oews_msa,0.9,2024
170012,67401,KS,41460,"Salina, KS",63.57,hcris_blended_x_multiplier,0.7,2024
170013,67601,KS,25700,"Hays, KS",66.01,hcris_blended_x_multiplier,0.7,2024
170014,66067,KS,36840,"Ottawa, KS",57.4,hcris_blended_x_multiplier,0.7,2024
170016,66606,KS,45820,"Topeka, KS",56.21,hcris_blended_x_multiplier,0.7,2024
170017,67042,KS,48620,"Wichita, KS",36.4,bls_oews_state_placeholder,0.4,2024
170020,67502,KS,26740,"Hutchinson, KS",36.4,bls_oews_state_placeholder,0.4,2024
170023,67846,KS,23780,"Garden City, KS",69.82,hcris_blended_x_multiplier,0.7,2024
170027,67124,KS,,Rural / Nonmetro,55.76,hcris_blended_x_multiplier,0.7,2024
17002F,66442,KS,31740,"Manhattan, KS",36.4,bls_oews_state_placeholder,0.4,2024
170040,66160,KS,28140,"Kansas City, MO-KS",38.3,bls_oews_msa,0.9,2024
170049,66061,KS,28140,"Kansas City, MO-KS",38.3,bls_oews_msa,0.9,2024
17005F,66622,KS,45820,"Topeka, KS",36.4,bls_oews_state_placeholder,0.4,2024
170068,67901,KS,30580,"Liberal, KS",60.69,hcris_blended_x_multiplier,0.7,2024
170074,66441,KS,31740,"Manhattan, KS",71.22,hcris_blended_x_multiplier,0.7,2024
170086,66604,KS,45820,"Topeka, KS",36.4,bls_oews_state_placeholder,0.4,2024
17008F,67218,KS,48620,"Wichita, KS",36.4,bls_oews_state_placeholder,0.4,2024
170103,67114,KS,48620,"Wichita, KS",53.58,hcris_blended_x_multiplier,0.7,2024
170104,66204,KS,28140,"Kansas City, MO-KS",38.3,bls_oews_msa,0.9,2024
170105,67460,KS,32700,"McPherson, KS",50.36,hcris_blended_x_multiplier,0.7,2024
170109,66071,KS,28140,"Kansas City, MO-KS",38.3,bls_oews_msa,0.9,2024
170120,67357,KS,,Rural / Nonmetro,49.49,hcris_blended_x_multiplier,0.7,2024
170122,67214,KS,48620,"Wichita, KS",52.61,hcris_blended_x_multiplier,0.7,2024
170123,67214,KS,48620,"Wichita, KS",50.51,hcris_blended_x_multiplier,0.7,2024
170137,66044,KS,29940,"Lawrence, KS",67.21,hcris_blended_x_multiplier,0.7,2024
170142,66502,KS,31740,"Manhattan, KS",63.45,hcris_blended_x_multiplier,0.7,2024
170146,66112,KS,28140,"Kansas City, MO-KS",38.3,bls_oews_msa,0.9,2024
170175,67801,KS,19980,"Dodge City, KS",74.79,hcris_blended_x_multiplier,0.7,2024
170176,66215,KS,28140,"Kansas City, MO-KS",38.3,bls_oews_msa,0.9,2024
170182,66209,KS,28140,"Kansas City, MO-KS",38.3,bls_oews_msa,0.9,2024
170183,67226,KS,48620,"Wichita, KS",49.85,hcris_blended_x_multiplier,0.7,2024
170185,66213,KS,28140,"Kansas City, MO-KS",38.3,bls_oews_msa,0.9,2024
170186,67226,KS,48620,"Wichita, KS",57.22,hcris_blended_x_multiplier,0.7,2024
170187,67401,KS,41460,"Salina, KS",53.31,hcris_blended_x_multiplier,0.7,2024
170188,66211,KS,28140,"Kansas City, MO-KS",38.3,bls_oews_msa,0.9,2024
170190,66502,KS,31740,"Manhattan, KS",58.11,hcris_blended_x_multiplier,0.7,2024
170191,67530,KS,24460,"Great Bend, KS",48.4,hcris_blended_x_multiplier,0.7,2024
170194,66211,KS,28140,"Kansas City, MO-KS",38.3,bls_oews_msa,0.9,2024
170196,67226,KS,48620,"Wichita, KS",55.08,hcris_blended_x_multiplier,0.7,2024
170197,67002,KS,48620,"Wichita, KS",47.82,hcris_blended_x_multiplier,0.7,2024
170198,67502,KS,26740,"Hutchinson, KS",45.96,hcris_blended_x_multiplier,0.7,2024
170199,66219,KS,28140,"Kansas City, MO-KS",38.3,bls_oews_msa,0.9,2024
170200,67235,KS,48620,"Wichita, KS",57.44,hcris_blended_x_multiplier,0.7,2024
170203,66739,KS,27900,"Joplin, MO-KS",48.55,hcris_blended_x_multiplier,0.7,2024
170204,67037,KS,48620,"Wichita, KS",47.28,hcris_blended_x_multiplier,0.7,2024
170208,66223,KS,28140,"Kansas City, MO-KS",38.3,bls_oews_msa,0.9,2024
170779,67005,KS,11680,"Arkansas City-Winfield, KS",36.4,bls_oews_state_placeholder,0.4,2024
170780,67107,KS,32700,"McPherson, KS",36.4,bls_oews_state_placeholder,0.4,2024
170781,67548,KS,,Rural / Nonmetro,36.4,bls_oews_state_placeholder,0.4,2024
171300,67572,KS,,Rural / Nonmetro,36.4,bls_oews_state_placeholder,0.4,2024
171301,67526,KS,24460,"Great Bend, KS",36.4,bls_oews_state_placeholder,0.4,2024
171303,67839,KS,,Rural / Nonmetro,36.4,bls_oews_state_placeholder,0.4,2024
171304,67831,KS,,Rural / Nonmetro,36.4,bls_oews_state_placeholder,0.4,2024
171306,67861,KS,,Rural / Nonmetro,36.4,bls_oews_state_placeholder,0.4,2024
171307,67730,KS,,Rural / Nonmetro,36.4,bls_oews_state_placeholder,0.4,2024
171308,66725,KS,27900,"Joplin, MO-KS",36.4,bls_oews_state_placeholder,0.4,2024
171309,66956,KS,,Rural / Nonmetro,36.4,bls_oews_state_placeholder,0.4,2024
171310,67756,KS,,Rural / Nonmetro,36.4,bls_oews_state_placeholder,0.4,2024
171311,67663,KS,,Rural / Nonmetro,36.4,bls_oews_state_placeholder,0.4,2024
171312,67029,KS,,Rural / Nonmetro,36.4,bls_oews_state_placeholder,0.4,2024
171313,67860,KS,,Rural / Nonmetro,36.4,bls_oews_state_placeholder,0.4,2024
171314,66097,KS,45820,"Topeka, KS",36.4,bls_oews_state_placeholder,0.4,2024
171315,66538,KS,,Rural / Nonmetro,36.4,bls_oews_state_placeholder,0.4,2024
171316,66032,KS,,Rural / Nonmetro,36.4,bls_oews_state_placeholder,0.4,2024
171317,67547,KS,,Rural / Nonmetro,36.4,bls_oews_state_placeholder,0.4,2024
171318,67361,KS,,Rural / Nonmetro,36.4,bls_oews_state_placeholder,0.4,2024
171319,66436,KS,45820,"Topeka, KS",36.4,bls_oews_state_placeholder,0.4,2024
171321,67864,KS,,Rural / Nonmetro,36.4,bls_oews_state_placeholder,0.4,2024
171322,67878,KS,,Rural / Nonmetro,36.4,bls_oews_state_placeholder,0.4,2024
171323,67578,KS,,Rural / Nonmetro,36.4,bls_oews_state_placeholder,0.4,2024
171324,67870,KS,,Rural / Nonmetro,36.4,bls_oews_state_placeholder,0.4,2024
171325,67642,KS,,Rural / Nonmetro,36.4,bls_oews_state_placeholder,0.4,2024
171326,67748,KS,,Rural / Nonmetro,36.4,bls_oews_state_placeholder,0.4,2024
171327,67439,KS,,Rural / Nonmetro,36.4,bls_oews_state_placeholder,0.4,2024
171328,67467,KS,41460,"Salina, KS",36.4,bls_oews_state_placeholder,0.4,2024
171329,67022,KS,48620,"Wichita, KS",36.4,bls_oews_state_placeholder,0.4,2024
171330,67554,KS,,Rural / Nonmetro,36.4,bls_oews_state_placeholder,0.4,2024
171331,67070,KS,,Rural / Nonmetro,36.4,bls_oews_state_placeholder,0.4,2024
171332,67054,KS,,Rural / Nonmetro,36.4,bls_oews_state_placeholder,0.4,2024
171333,67544,KS,24460,"Great Bend, KS",36.4,bls_oews_state_placeholder,0.4,2024
171334,67104,KS,,Rural / Nonmetro,36.4,bls_oews_state_placeholder,0.4,2024
171335,67951,KS,,Rural / Nonmetro,36.4,bls_oews_state_placeholder,0.4,2024
171336,67560,KS,,Rural / Nonmetro,36.4,bls_oews_state_placeholder,0.4,2024
171337,66547,KS,31740,"Manhattan, KS",36.4,bls_oews_state_placeholder,0.4,2024
171338,66534,KS,,Rural / Nonmetro,36.4,bls_oews_state_placeholder,0.4,2024
171339,67045,KS,,Rural / Nonmetro,36.4,bls_oews_state_placeholder,0.4,2024
171341,66434,KS,,Rural / Nonmetro,36.4,bls_oews_state_placeholder,0.4,2024
171343,67855,KS,,Rural / Nonmetro,36.4,bls_oews_state_placeholder,0.4,2024
171344,66757,KS,,Rural / Nonmetro,36.4,bls_oews_state_placeholder,0.4,2024
171345,67550,KS,,Rural / Nonmetro,36.4,bls_oews_state_placeholder,0.4,2024
171346,67003,KS,,Rural / Nonmetro,36.4,bls_oews_state_placeholder,0.4,2024
171347,67740,KS,,Rural / Nonmetro,36.4,bls_oews_state_placeholder,0.4,2024
171348,67654,KS,,Rural / Nonmetro,36.4,bls_oews_state_placeholder,0.4,2024
171349,66901,KS,,Rural / Nonmetro,36.4,bls_oews_state_placeholder,0.4,2024
171350,67665,KS,,Rural / Nonmetro,36.4,bls_oews_state_placeholder,0.4,2024
171351,66968,KS,,Rural / Nonmetro,36.4,bls_oews_state_placeholder,0.4,2024
171352,67749,KS,,Rural / Nonmetro,36.4,bls_oews_state_placeholder,0.4,2024
171353,67661,KS,,Rural / Nonmetro,36.4,bls_oews_state_placeholder,0.4,2024
171354,66521,KS,31740,"Manhattan, KS",36.4,bls_oews_state_placeholder,0.4,2024
171355,67672,KS,,Rural / Nonmetro,36.4,bls_oews_state_placeholder,0.4,2024
171356,66861,KS,,Rural / Nonmetro,36.4,bls_oews_state_placeholder,0.4,2024
171357,67063,KS,,Rural / Nonmetro,36.4,bls_oews_state_placeholder,0.4,2024
171358,67456,KS,32700,"McPherson, KS",36.4,bls_oews_state_placeholder,0.4,2024
171359,67879,KS,,Rural / Nonmetro,36.4,bls_oews_state_placeholder,0.4,2024
171360,67455,KS,,Rural / Nonmetro,36.4,bls_oews_state_placeholder,0.4,2024
171361,66935,KS,,Rural / Nonmetro,36.4,bls_oews_state_placeholder,0.4,2024
171362,67701,KS,,Rural / Nonmetro,36.4,bls_oews_state_placeholder,0.4,2024
171363,66508,KS,,Rural / Nonmetro,36.4,bls_oews_state_placeholder,0.4,2024
171364,67473,KS,,Rural / Nonmetro,36.4,bls_oews_state_placeholder,0.4,2024
171365,66945,KS,,Rural / Nonmetro,36.4,bls_oews_state_placeholder,0.4,2024
171367,67752,KS,,Rural / Nonmetro,36.4,bls_oews_state_placeholder,0.4,2024
171368,67865,KS,,Rural / Nonmetro,36.4,bls_oews_state_placeholder,0.4,2024
171369,67854,KS,,Rural / Nonmetro,36.4,bls_oews_state_placeholder,0.4,2024
171370,67735,KS,,Rural / Nonmetro,36.4,bls_oews_state_placeholder,0.4,2024
171371,67432,KS,,Rural / Nonmetro,36.4,bls_oews_state_placeholder,0.4,2024
171372,67871,KS,,Rural / Nonmetro,36.4,bls_oews_state_placeholder,0.4,2024
171373,66749,KS,,Rural / Nonmetro,36.4,bls_oews_state_placeholder,0.4,2024
171374,66736,KS,,Rural / Nonmetro,36.4,bls_oews_state_placeholder,0.4,2024
171375,67420,KS,,Rural / Nonmetro,36.4,bls_oews_state_placeholder,0.4,2024
171376,66743,KS,38260,"Pittsburg, KS",36.4,bls_oews_state_placeholder,0.4,2024
171377,66967,KS,,Rural / Nonmetro,36.4,bls_oews_state_placeholder,0.4,2024
171378,67068,KS,,Rural / Nonmetro,36.4,bls_oews_state_placeholder,0.4,2024
171379,66846,KS,,Rural / Nonmetro,36.4,bls_oews_state_placeholder,0.4,2024
171380,66720,KS,,Rural / Nonmetro,36.4,bls_oews_state_placeholder,0.4,2024
171381,67410,KS,,Rural / Nonmetro,36.4,bls_oews_state_placeholder,0.4,2024
171382,66002,KS,11860,"Atchison, KS",36.4,bls_oews_state_placeholder,0.4,2024
171383,67156,KS,11680,"Arkansas City-Winfield, KS",36.4,bls_oews_state_placeholder,0.4,2024
171384,66801,KS,21380,"Emporia, KS",36.4,bls_oews_state_placeholder,0.4,2024
171385,66839,KS,,Rural / Nonmetro,36.4,bls_oews_state_placeholder,0.4,2024
171386,67950,KS,,Rural / Nonmetro,36.4,bls_oews_state_placeholder,0.4,2024
171388,67880,KS,,Rural / Nonmetro,36.4,bls_oews_state_placeholder,0.4,2024
173300,66211,KS,28140,"Kansas City, MO-KS",38.3,bls_oews_msa,0.9,2024
174006,67550,KS,,Rural / Nonmetro,36.4,bls_oews_state_placeholder,0.4,2024
174020,66062,KS,28140,"Kansas City, MO-KS",38.3,bls_oews_msa,0.9,2024
174022,66064,KS,28140,"Kansas City, MO-KS",38.3,bls_oews_msa,0.9,2024
174026,67205,KS,48620,"Wichita, KS",36.4,bls_oews_state_placeholder,0.4,2024
174027,67226,KS,48620,"Wichita, KS",36.4,bls_oews_state_placeholder,0.4,2024
180001,41075,KY,17140,"Cincinnati, OH-KY-IN",38.85,bls_oews_msa,0.9,2024
180002,41858,KY,,Rural / Nonmetro,56.17,hcris_blended_x_multiplier,0.7,2024
180004,42345,KY,,Rural / Nonmetro,46.63,hcris_blended_x_multiplier,0.7,2024
180005,41653,KY,38210,"Pikeville, KY",57.62,hcris_blended_x_multiplier,0.7,2024
180009,41101,KY,26580,"Huntington-Ashland, WV-KY-OH",48.8,hcris_blended_x_multiplier,0.7,2024
180010,40504,KY,30460,"Lexington-Fayette, KY",63.57,hcris_blended_x_multiplier,0.7,2024
180011,40741,KY,18340,"Corbin, KY",57.89,hcris_blended_x_multiplier,0.7,2024
180012,42701,KY,21060,"Elizabethtown, KY",53.77,hcris_blended_x_multiplier,0.7,2024
180013,42101,KY,14540,"Bowling Green, KY",47.84,hcris_blended_x_multiplier,0.7,2024
180016,40065,KY,31140,"Louisville/Jefferson County, KY-IN",37.55,bls_oews_msa,0.9,2024
180017,42141,KY,23980,"Glasgow, KY",60.12,hcris_blended_x_multiplier,0.7,2024
180018,40351,KY,,Rural / Nonmetro,65.91,hcris_blended_x_multiplier,0.7,2024
180019,41056,KY,,Rural / Nonmetro,63.2,hcris_blended_x_multiplier,0.7,2024
180020,40965,KY,33180,"Middlesborough, KY",50.97,hcris_blended_x_multiplier,0.7,2024
180024,40033,KY,,Rural / Nonmetro,57.93,hcris_blended_x_multiplier,0.7,2024
180025,40004,KY,31140,"Louisville/Jefferson County, KY-IN",37.55,bls_oews_msa,0.9,2024
180027,42071,KY,34660,"Murray, KY",55.13,hcris_blended_x_multiplier,0.7,2024
180029,41701,KY,,Rural / Nonmetro,57.44,hcris_blended_x_multiplier,0.7,2024
180035,41017,KY,17140,"Cincinnati, OH-KY-IN",38.85,bls_oews_msa,0.9,2024
180038,42303,KY,36980,"Owensboro, KY",55.05,hcris_blended_x_multiplier,0.7,2024
18003F,42223,KY,17300,"Clarksville, TN-KY",38.3,bls_oews_state_placeholder,0.4,2024
180040,40202,KY,31140,"Louisville/Jefferson County, KY-IN",37.55,bls_oews_msa,0.9,2024
180043,40962,KY,18340,"Corbin, KY",49.17,hcris_blended_x_multiplier,0.7,2024
180044,41501,KY,38210,"Pikeville, KY",60.58,hcris_blended_x_multiplier,0.7,2024
180045,41042,KY,17140,"Cincinnati, OH-KY-IN",38.85,bls_oews_msa,0.9,2024
180046,40361,KY,30460,"Lexington-Fayette, KY",58.52,hcris_blended_x_multiplier,0.7,2024
180048,40422,KY,19220,"Danville, KY",62.38,hcris_blended_x_multiplier,0.7,2024
180049,40475,KY,40080,"Richmond-Berea, KY",54.68,hcris_blended_x_multiplier,0.7,2024
180050,40831,KY,,Rural / Nonmetro,54.33,hcris_blended_x_multiplier,0.7,2024
180051,42241,KY,,,61.47,hcris_blended_x_multiplier,0.7,2024
180056,42420,KY,25775,"Henderson, KY",58.51,hcris_blended_x_multiplier,0.7,2024
180064,40353,KY,34460,"Mount Sterling, KY",57.78,hcris_blended_x_multiplier,0.7,2024
180066,42276,KY,,Rural / Nonmetro,38.3,bls_oews_state_placeholder,0.4,2024
180067,40536,KY,30460,"Lexington-Fayette, KY",55.19,hcris_blended_x_multiplier,0.7,2024
180069,41503,KY,38210,"Pikeville, KY",51.13,hcris_blended_x_multiplier,0.7,2024
18006F,40206,KY,31140,"Louisville/Jefferson County, KY-IN",37.55,bls_oews_msa,0.9,2024
180070,42754,KY,,Rural / Nonmetro,49.5,hcris_blended_x_multiplier,0.7,2024
180078,41240,KY,,Rural / Nonmetro,57.74,hcris_blended_x_multiplier,0.7,2024
180079,41031,KY,,Rural / Nonmetro,51.8,hcris_blended_x_multiplier,0.7,2024
18007F,40502,KY,30460,"Lexington-Fayette, KY",38.3,bls_oews_state_placeholder,0.4,2024
180080,40701,KY,18340,"Corbin, KY",51.09,hcris_blended_x_multiplier,0.7,2024
180087,42718,KY,15820,"Campbellsville, KY",54.91,hcris_blended_x_multiplier,0.7,2024
180088,40202,KY,31140,"Louisville/Jefferson County, KY-IN",37.55,bls_oews_msa,0.9,2024
180092,40391,KY,30460,"Lexington-Fayette, KY",64.71,hcris_blended_x_multiplier,0.7,2024
180093,42431,KY,31580,"Madisonville, KY",54.88,hcris_blended_x_multiplier,0.7,2024
180101,40324,KY,30460,"Lexington-Fayette, KY",65.41,hcris_blended_x_multiplier,0.7,2024
180102,42003,KY,37140,"Paducah, KY-IL",52.39,hcris_blended_x_multiplier,0.7,2024
180103,40503,KY,30460,"Lexington-Fayette, KY",55.29,hcris_blended_x_multiplier,0.7,2024
180104,42003,KY,37140,"Paducah, KY-IL",55.48,hcris_blended_x_multiplier,0.7,2024
180105,42167,KY,,Rural / Nonmetro,43.39,hcris_blended_x_multiplier,0.7,2024
180115,40456,KY,40080,"Richmond-Berea, KY",38.3,bls_oews_state_placeholder,0.4,2024
180116,42066,KY,32460,"Mayfield, KY",38.3,bls_oews_state_placeholder,0.4,2024
180124,42104,KY,14540,"Bowling Green, KY",49.57,hcris_blended_x_multiplier,0.7,2024
180127,40601,KY,23180,"Frankfort, KY",54.98,hcris_blended_x_multiplier,0.7,2024
180128,41230,KY,26580,"Huntington-Ashland, WV-KY-OH",47.01,hcris_blended_x_multiplier,0.7,2024
180130,40207,KY,31140,"Louisville/Jefferson County, KY-IN",37.55,bls_oews_msa,0.9,2024
180132,42503,KY,43700,"Somerset, KY",59.92,hcris_blended_x_multiplier,0.7,2024
180138,40031,KY,31140,"Louisville/Jefferson County, KY-IN",37.55,bls_oews_msa,0.9,2024
180141,40202,KY,31140,"Louisville/Jefferson County, KY-IN",37.55,bls_oews_msa,0.9,2024
180143,40509,KY,30460,"Lexington-Fayette, KY",63.13,hcris_blended_x_multiplier,0.7,2024
180149,42728,KY,,Rural / Nonmetro,56.2,hcris_blended_x_multiplier,0.7,2024
180154,40977,KY,33180,"Middlesborough, KY",38.3,bls_oews_state_placeholder,0.4,2024
180779,42064,KY,,Rural / Nonmetro,38.3,bls_oews_state_placeholder,0.4,2024
180780,41041,KY,,Rural / Nonmetro,38.3,bls_oews_state_placeholder,0.4,2024
181301,40336,KY,40080,"Richmond-Berea, KY",38.3,bls_oews_state_placeholder,0.4,2024
181302,40330,KY,,Rural / Nonmetro,38.3,bls_oews_state_placeholder,0.4,2024
181304,42211,KY,17300,"Clarksville, TN-KY",38.3,bls_oews_state_placeholder,0.4,2024
181305,41649,KY,38210,"Pikeville, KY",38.3,bls_oews_state_placeholder,0.4,2024
181306,42437,KY,,Rural / Nonmetro,38.3,bls_oews_state_placeholder,0.4,2024
181307,41472,KY,,Rural / Nonmetro,38.3,bls_oews_state_placeholder,0.4,2024
181308,40383,KY,30460,"Lexington-Fayette, KY",38.3,bls_oews_state_placeholder,0.4,2024
181309,42539,KY,,Rural / Nonmetro,38.3,bls_oews_state_placeholder,0.4,2024
181310,41008,KY,,Rural / Nonmetro,38.3,bls_oews_state_placeholder,0.4,2024
181311,41097,KY,17140,"Cincinnati, OH-KY-IN",38.85,bls_oews_msa,0.9,2024
181314,42749,KY,,Rural / Nonmetro,38.3,bls_oews_state_placeholder,0.4,2024
181315,40484,KY,19220,"Danville, KY",38.3,bls_oews_state_placeholder,0.4,2024
181316,41749,KY,,Rural / Nonmetro,38.3,bls_oews_state_placeholder,0.4,2024
181317,42717,KY,,Rural / Nonmetro,38.3,bls_oews_state_placeholder,0.4,2024
181318,42135,KY,,,38.3,bls_oews_state_placeholder,0.4,2024
181319,40143,KY,,Rural / Nonmetro,38.3,bls_oews_state_placeholder,0.4,2024
181320,42078,KY,37140,"Paducah, KY-IL",38.3,bls_oews_state_placeholder,0.4,2024
181321,42633,KY,,Rural / Nonmetro,38.3,bls_oews_state_placeholder,0.4,2024
181322,42445,KY,,Rural / Nonmetro,38.3,bls_oews_state_placeholder,0.4,2024
181323,42347,KY,,Rural / Nonmetro,38.3,bls_oews_state_placeholder,0.4,2024
181324,42164,KY,14540,"Bowling Green, KY",38.3,bls_oews_state_placeholder,0.4,2024
181325,42743,KY,15820,"Campbellsville, KY",38.3,bls_oews_state_placeholder,0.4,2024
181327,42025,KY,,Rural / Nonmetro,38.3,bls_oews_state_placeholder,0.4,2024
181328,40906,KY,18340,"Corbin, KY",38.3,bls_oews_state_placeholder,0.4,2024
181329,40403,KY,40080,"Richmond-Berea, KY",38.3,bls_oews_state_placeholder,0.4,2024
181330,42642,KY,,Rural / Nonmetro,38.3,bls_oews_state_placeholder,0.4,2024
181331,41647,KY,38210,"Pikeville, KY",38.3,bls_oews_state_placeholder,0.4,2024
181333,42602,KY,,Rural / Nonmetro,38.3,bls_oews_state_placeholder,0.4,2024
181334,41339,KY,,Rural / Nonmetro,38.3,bls_oews_state_placeholder,0.4,2024
184002,42240,KY,17300,"Clarksville, TN-KY",38.3,bls_oews_state_placeholder,0.4,2024
184004,40511,KY,30460,"Lexington-Fayette, KY",38.3,bls_oews_state_placeholder,0.4,2024
184006,41018,KY,17140,"Cincinnati, OH-KY-IN",38.85,bls_oews_msa,0.9,2024
184007,40207,KY,31140,"Louisville/Jefferson County, KY-IN",37.55,bls_oews_msa,0.9,2024
184008,40242,KY,31140,"Louisville/Jefferson County, KY-IN",37.55,bls_oews_msa,0.9,2024
184009,40509,KY,30460,"Lexington-Fayette, KY",38.3,bls_oews_state_placeholder,0.4,2024
184012,40160,KY,21060,"Elizabethtown, KY",38.3,bls_oews_state_placeholder,0.4,2024
184014,42240,KY,17300,"Clarksville, TN-KY",38.3,bls_oews_state_placeholder,0.4,2024
184015,40223,KY,31140,"Louisville/Jefferson County, KY-IN",37.55,bls_oews_msa,0.9,2024
184017,42103,KY,14540,"Bowling Green, KY",38.3,bls_oews_state_placeholder,0.4,2024
190002,70503,LA,29180,"Lafayette, LA",49.32,hcris_blended_x_multiplier,0.7,2024
190004,70301,LA,26380,"Houma-Bayou Cane-Thibodaux, LA",68.45,hcris_blended_x_multiplier,0.7,2024
190005,70112,LA,35380,"New Orleans-Metairie, LA",54.5,hcris_blended_x_multiplier,0.7,2024
190006,70506,LA,29180,"Lafayette, LA",47.54,hcris_blended_x_multiplier,0.7,2024
190007,71457,LA,35060,"Natchitoches, LA",49.84,hcris_blended_x_multiplier,0.7,2024
190008,70360,LA,26380,"Houma-Bayou Cane-Thibodaux, LA",48.05,hcris_blended_x_multiplier,0.7,2024
190011,71202,LA,33740,"Monroe, LA",48.94,hcris_blended_x_multiplier,0.7,2024
190013,70663,LA,29340,"Lake Charles, LA",48.24,hcris_blended_x_multiplier,0.7,2024
190014,70380,LA,12940,"Baton Rouge, LA",46.83,hcris_blended_x_multiplier,0.7,2024
190015,70403,LA,25220,"Hammond, LA",58.59,hcris_blended_x_multiplier,0.7,2024
190017,70570,LA,36660,"Opelousas, LA",52.53,hcris_blended_x_multiplier,0.7,2024
190019,71301,LA,10780,"Alexandria, LA",49.94,hcris_blended_x_multiplier,0.7,2024
190020,70791,LA,12940,"Baton Rouge, LA",39.2,bls_oews_state_placeholder,0.4,2024
190025,70554,LA,,Rural / Nonmetro,49.92,hcris_blended_x_multiplier,0.7,2024
190026,71301,LA,10780,"Alexandria, LA",51.52,hcris_blended_x_multiplier,0.7,2024
190027,70601,LA,29340,"Lake Charles, LA",39.2,bls_oews_state_placeholder,0.4,2024
190034,70510,LA,29180,"Lafayette, LA",50.96,hcris_blended_x_multiplier,0.7,2024
190036,70121,LA,35380,"New Orleans-Metairie, LA",54.68,hcris_blended_x_multiplier,0.7,2024
190039,70072,LA,35380,"New Orleans-Metairie, LA",61.07,hcris_blended_x_multiplier,0.7,2024
190040,70458,LA,43640,"Slidell-Mandeville-Covington, LA",54.29,hcris_blended_x_multiplier,0.7,2024
190041,71105,LA,43340,"Shreveport-Bossier City, LA",57.62,hcris_blended_x_multiplier,0.7,2024
190044,70526,LA,29180,"Lafayette, LA",49.32,hcris_blended_x_multiplier,0.7,2024
190045,70433,LA,43640,"Slidell-Mandeville-Covington, LA",61.68,hcris_blended_x_multiplier,0.7,2024
190046,70115,LA,35380,"New Orleans-Metairie, LA",66.96,hcris_blended_x_multiplier,0.7,2024
190050,70634,LA,19760,"DeRidder, LA",47.11,hcris_blended_x_multiplier,0.7,2024
190053,70546,LA,29340,"Lake Charles, LA",55.01,hcris_blended_x_multiplier,0.7,2024
190054,70560,LA,35340,"New Iberia, LA",53.47,hcris_blended_x_multiplier,0.7,2024
190060,70601,LA,29340,"Lake Charles, LA",53.73,hcris_blended_x_multiplier,0.7,2024
190064,70808,LA,12940,"Baton Rouge, LA",49.8,hcris_blended_x_multiplier,0.7,2024
190065,70809,LA,12940,"Baton Rouge, LA",45.86,hcris_blended_x_multiplier,0.7,2024
190079,70070,LA,35380,"New Orleans-Metairie, LA",49.99,hcris_blended_x_multiplier,0.7,2024
190086,71270,LA,40820,"Ruston, LA",39.2,bls_oews_state_placeholder,0.4,2024
190088,71075,LA,33380,"Minden, LA",40.77,hcris_blended_x_multiplier,0.7,2024
190090,71483,LA,,Rural / Nonmetro,39.2,bls_oews_state_placeholder,0.4,2024
190098,71130,LA,,,53.66,hcris_blended_x_multiplier,0.7,2024
190099,71351,LA,,Rural / Nonmetro,39.2,bls_oews_state_placeholder,0.4,2024
190102,70508,LA,29180,"Lafayette, LA",54.15,hcris_blended_x_multiplier,0.7,2024
190106,71463,LA,,Rural / Nonmetro,39.2,bls_oews_state_placeholder,0.4,2024
190111,71103,LA,43340,"Shreveport-Bossier City, LA",57.06,hcris_blended_x_multiplier,0.7,2024
190114,71040,LA,,Rural / Nonmetro,46.34,hcris_blended_x_multiplier,0.7,2024
190116,71220,LA,33740,"Monroe, LA",39.2,bls_oews_state_placeholder,0.4,2024
190118,71052,LA,43340,"Shreveport-Bossier City, LA",41.41,hcris_blended_x_multiplier,0.7,2024
190125,71201,LA,33740,"Monroe, LA",54.63,hcris_blended_x_multiplier,0.7,2024
190128,70817,LA,12940,"Baton Rouge, LA",57.4,hcris_blended_x_multiplier,0.7,2024
190133,70648,LA,,Rural / Nonmetro,50.46,hcris_blended_x_multiplier,0.7,2024
190140,71295,LA,,Rural / Nonmetro,39.2,bls_oews_state_placeholder,0.4,2024
190144,71055,LA,33380,"Minden, LA",39.2,bls_oews_state_placeholder,0.4,2024
190145,71342,LA,,Rural / Nonmetro,34.55,hcris_blended_x_multiplier,0.7,2024
190151,71269,LA,33740,"Monroe, LA",43.64,hcris_blended_x_multiplier,0.7,2024
190160,71291,LA,33740,"Monroe, LA",54.11,hcris_blended_x_multiplier,0.7,2024
190164,71446,LA,,Rural / Nonmetro,39.2,bls_oews_state_placeholder,0.4,2024
190167,70586,LA,,Rural / Nonmetro,39.2,bls_oews_state_placeholder,0.4,2024
190176,70006,LA,35380,"New Orleans-Metairie, LA",98.69,hcris_blended_x_multiplier,0.7,2024
190183,70363,LA,26380,"Houma-Bayou Cane-Thibodaux, LA",48.85,hcris_blended_x_multiplier,0.7,2024
190184,71418,LA,,Rural / Nonmetro,39.2,bls_oews_state_placeholder,0.4,2024
190190,71418,LA,,Rural / Nonmetro,55.4,hcris_blended_x_multiplier,0.7,2024
190201,70605,LA,29340,"Lake Charles, LA",63.98,hcris_blended_x_multiplier,0.7,2024
190202,70816,LA,12940,"Baton Rouge, LA",44.48,hcris_blended_x_multiplier,0.7,2024
190208,71254,LA,,Rural / Nonmetro,53.58,hcris_blended_x_multiplier,0.7,2024
190218,71449,LA,,Rural / Nonmetro,39.2,bls_oews_state_placeholder,0.4,2024
190241,70360,LA,26380,"Houma-Bayou Cane-Thibodaux, LA",41.34,hcris_blended_x_multiplier,0.7,2024
190245,71201,LA,33740,"Monroe, LA",43.53,hcris_blended_x_multiplier,0.7,2024
190251,70810,LA,12940,"Baton Rouge, LA",39.2,bls_oews_state_placeholder,0.4,2024
190255,70508,LA,29180,"Lafayette, LA",39.2,bls_oews_state_placeholder,0.4,2024
190256,70458,LA,43640,"Slidell-Mandeville-Covington, LA",45.26,hcris_blended_x_multiplier,0.7,2024
190259,70508,LA,29180,"Lafayette, LA",55.12,hcris_blended_x_multiplier,0.7,2024
190266,70810,LA,12940,"Baton Rouge, LA",39.2,bls_oews_state_placeholder,0.4,2024
190267,70433,LA,43640,"Slidell-Mandeville-Covington, LA",47.8,hcris_blended_x_multiplier,0.7,2024
190270,70458,LA,43640,"Slidell-Mandeville-Covington, LA",45.92,hcris_blended_x_multiplier,0.7,2024
190274,70065,LA,35380,"New Orleans-Metairie, LA",54.88,hcris_blended_x_multiplier,0.7,2024
190278,71101,LA,43340,"Shreveport-Bossier City, LA",35.6,hcris_blended_x_multiplier,0.7,2024
190298,71301,LA,10780,"Alexandria, LA",35.31,hcris_blended_x_multiplier,0.7,2024
190300,70130,LA,35380,"New Orleans-Metairie, LA",58.93,hcris_blended_x_multiplier,0.7,2024
190302,70002,LA,35380,"New Orleans-Metairie, LA",39.2,bls_oews_state_placeholder,0.4,2024
190303,70403,LA,25220,"Hammond, LA",34.8,hcris_blended_x_multiplier,0.7,2024
190308,70043,LA,35380,"New Orleans-Metairie, LA",39.2,bls_oews_state_placeholder,0.4,2024
190312,70427,LA,14220,"Bogalusa, LA",60.41,hcris_blended_x_multiplier,0.7,2024
190313,70127,LA,35380,"New Orleans-Metairie, LA",26.15,hcris_blended_x_multiplier,0.7,2024
190316,70806,LA,12940,"Baton Rouge, LA",51.65,hcris_blended_x_multiplier,0.7,2024
190317,71101,LA,43340,"Shreveport-Bossier City, LA",51.0,hcris_blended_x_multiplier,0.7,2024
190318,70535,LA,29180,"Lafayette, LA",39.2,bls_oews_state_placeholder,0.4,2024
190319,71303,LA,10780,"Alexandria, LA",39.2,bls_oews_state_placeholder,0.4,2024
19043F,71360,LA,10780,"Alexandria, LA",39.2,bls_oews_state_placeholder,0.4,2024
19047F,70119,LA,35380,"New Orleans-Metairie, LA",39.2,bls_oews_state_placeholder,0.4,2024
19048F,71101,LA,43340,"Shreveport-Bossier City, LA",39.2,bls_oews_state_placeholder,0.4,2024
19050F,71459,LA,,Rural / Nonmetro,39.2,bls_oews_state_placeholder,0.4,2024
190779,70390,LA,12940,"Baton Rouge, LA",39.2,bls_oews_state_placeholder,0.4,2024
191300,70441,LA,12940,"Baton Rouge, LA",39.2,bls_oews_state_placeholder,0.4,2024
191301,71241,LA,33740,"Monroe, LA",39.2,bls_oews_state_placeholder,0.4,2024
191302,70517,LA,29180,"Lafayette, LA",39.2,bls_oews_state_placeholder,0.4,2024
191304,71082,LA,43340,"Shreveport-Bossier City, LA",39.2,bls_oews_state_placeholder,0.4,2024
191305,70071,LA,35380,"New Orleans-Metairie, LA",39.2,bls_oews_state_placeholder,0.4,2024
191306,70775,LA,12940,"Baton Rouge, LA",39.2,bls_oews_state_placeholder,0.4,2024
191307,70633,LA,29340,"Lake Charles, LA",39.2,bls_oews_state_placeholder,0.4,2024
191308,70346,LA,12940,"Baton Rouge, LA",39.2,bls_oews_state_placeholder,0.4,2024
191309,70422,LA,25220,"Hammond, LA",39.2,bls_oews_state_placeholder,0.4,2024
191310,70538,LA,34020,"Morgan City, LA",39.2,bls_oews_state_placeholder,0.4,2024
191311,71322,LA,,Rural / Nonmetro,39.2,bls_oews_state_placeholder,0.4,2024
191312,71019,LA,,Rural / Nonmetro,39.2,bls_oews_state_placeholder,0.4,2024
191313,70438,LA,14220,"Bogalusa, LA",39.2,bls_oews_state_placeholder,0.4,2024
191314,71282,LA,,Rural / Nonmetro,39.2,bls_oews_state_placeholder,0.4,2024
191315,71465,LA,,Rural / Nonmetro,39.2,bls_oews_state_placeholder,0.4,2024
191316,70760,LA,12940,"Baton Rouge, LA",39.2,bls_oews_state_placeholder,0.4,2024
191317,71251,LA,,Rural / Nonmetro,39.2,bls_oews_state_placeholder,0.4,2024
191318,71334,LA,35020,"Natchez, MS-LA",39.2,bls_oews_state_placeholder,0.4,2024
191319,70525,LA,29180,"Lafayette, LA",39.2,bls_oews_state_placeholder,0.4,2024
191320,71001,LA,,Rural / Nonmetro,39.2,bls_oews_state_placeholder,0.4,2024
191321,70443,LA,25220,"Hammond, LA",39.2,bls_oews_state_placeholder,0.4,2024
191322,70548,LA,29180,"Lafayette, LA",39.2,bls_oews_state_placeholder,0.4,2024
191323,71232,LA,,Rural / Nonmetro,39.2,bls_oews_state_placeholder,0.4,2024
191324,70394,LA,26380,"Houma-Bayou Cane-Thibodaux, LA",39.2,bls_oews_state_placeholder,0.4,2024
191325,70345,LA,26380,"Houma-Bayou Cane-Thibodaux, LA",39.2,bls_oews_state_placeholder,0.4,2024
191326,71222,LA,33740,"Monroe, LA",39.2,bls_oews_state_placeholder,0.4,2024
191327,71263,LA,,Rural / Nonmetro,39.2,bls_oews_state_placeholder,0.4,2024
192008,70726,LA,12940,"Baton Rouge, LA",39.2,bls_oews_state_placeholder,0.4,2024
192010,71101,LA,43340,"Shreveport-Bossier City, LA",39.2,bls_oews_state_placeholder,0.4,2024
193300,70118,LA,35380,"New Orleans-Metairie, LA",39.2,bls_oews_state_placeholder,0.4,2024
194007,70470,LA,,,30.72,hcris_blended_x_multiplier,0.7,2024
194008,70748,LA,12940,"Baton Rouge, LA",39.2,bls_oews_state_placeholder,0.4,2024
194020,71106,LA,43340,"Shreveport-Bossier City, LA",39.2,bls_oews_state_placeholder,0.4,2024
194022,71303,LA,10780,"Alexandria, LA",39.2,bls_oews_state_placeholder,0.4,2024
194025,71360,LA,10780,"Alexandria, LA",39.2,bls_oews_state_placeholder,0.4,2024
194031,70123,LA,35380,"New Orleans-Metairie, LA",39.2,bls_oews_state_placeholder,0.4,2024
194044,70507,LA,29180,"Lafayette, LA",39.2,bls_oews_state_placeholder,0.4,2024
194056,70115,LA,35380,"New Orleans-Metairie, LA",39.2,bls_oews_state_placeholder,0.4,2024
194069,70433,LA,43640,"Slidell-Mandeville-Covington, LA",39.2,bls_oews_state_placeholder,0.4,2024
194073,70518,LA,29180,"Lafayette, LA",39.2,bls_oews_state_placeholder,0.4,2024
194074,71270,LA,40820,"Ruston, LA",39.2,bls_oews_state_placeholder,0.4,2024
194079,71111,LA,43340,"Shreveport-Bossier City, LA",39.2,bls_oews_state_placeholder,0.4,2024
194080,70445,LA,43640,"Slidell-Mandeville-Covington, LA",39.2,bls_oews_state_placeholder,0.4,2024
194081,70634,LA,19760,"DeRidder, LA",39.2,bls_oews_state_placeholder,0.4,2024
194082,70546,LA,29340,"Lake Charles, LA",39.2,bls_oews_state_placeholder,0.4,2024
194083,71220,LA,33740,"Monroe, LA",39.2,bls_oews_state_placeholder,0.4,2024
194084,70128,LA,35380,"New Orleans-Metairie, LA",39.2,bls_oews_state_placeholder,0.4,2024
194085,70508,LA,29180,"Lafayette, LA",39.2,bls_oews_state_placeholder,0.4,2024
194086,70815,LA,12940,"Baton Rouge, LA",39.2,bls_oews_state_placeholder,0.4,2024
194087,71203,LA,33740,"Monroe, LA",39.2,bls_oews_state_placeholder,0.4,2024
194088,70737,LA,12940,"Baton Rouge, LA",39.2,bls_oews_state_placeholder,0.4,2024
194089,70517,LA,29180,"Lafayette, LA",39.2,bls_oews_state_placeholder,0.4,2024
194090,70605,LA,29340,"Lake Charles, LA",39.2,bls_oews_state_placeholder,0.4,2024
194091,70444,LA,25220,"Hammond, LA",39.2,bls_oews_state_placeholder,0.4,2024
194094,71103,LA,43340,"Shreveport-Bossier City, LA",39.2,bls_oews_state_placeholder,0.4,2024
194095,70570,LA,36660,"Opelousas, LA",39.2,bls_oews_state_placeholder,0.4,2024
194096,71303,LA,10780,"Alexandria, LA",39.2,bls_oews_state_placeholder,0.4,2024
194098,70065,LA,35380,"New Orleans-Metairie, LA",39.2,bls_oews_state_placeholder,0.4,2024
194102,70071,LA,35380,"New Orleans-Metairie, LA",39.2,bls_oews_state_placeholder,0.4,2024
194103,70806,LA,12940,"Baton Rouge, LA",39.2,bls_oews_state_placeholder,0.4,2024
194105,70809,LA,12940,"Baton Rouge, LA",39.2,bls_oews_state_placeholder,0.4,2024
194106,71301,LA,10780,"Alexandria, LA",39.2,bls_oews_state_placeholder,0.4,2024
194107,70806,LA,12940,"Baton Rouge, LA",39.2,bls_oews_state_placeholder,0.4,2024
194109,70364,LA,26380,"Houma-Bayou Cane-Thibodaux, LA",39.2,bls_oews_state_placeholder,0.4,2024
194112,71322,LA,,Rural / Nonmetro,39.2,bls_oews_state_placeholder,0.4,2024
194113,70065,LA,35380,"New Orleans-Metairie, LA",39.2,bls_oews_state_placeholder,0.4,2024
194114,70068,LA,35380,"New Orleans-Metairie, LA",39.2,bls_oews_state_placeholder,0.4,2024
194115,70806,LA,12940,"Baton Rouge, LA",39.2,bls_oews_state_placeholder,0.4,2024
194116,71106,LA,43340,"Shreveport-Bossier City, LA",39.2,bls_oews_state_placeholder,0.4,2024
194117,70403,LA,25220,"Hammond, LA",39.2,bls_oews_state_placeholder,0.4,2024
194118,71346,LA,10780,"Alexandria, LA",39.2,bls_oews_state_placeholder,0.4,2024
194119,71334,LA,35020,"Natchez, MS-LA",39.2,bls_oews_state_placeholder,0.4,2024
194120,70601,LA,29340,"Lake Charles, LA",39.2,bls_oews_state_placeholder,0.4,2024
194121,71446,LA,,Rural / Nonmetro,39.2,bls_oews_state_placeholder,0.4,2024
200001,04401,ME,12620,"Bangor, ME",67.66,hcris_blended_x_multiplier,0.7,2024
200008,04101,ME,38860,"Portland-South Portland, ME",76.08,hcris_blended_x_multiplier,0.7,2024
200009,04102,ME,38860,"Portland-South Portland, ME",78.04,hcris_blended_x_multiplier,0.7,2024
200018,04769,ME,,Rural / Nonmetro,62.92,hcris_blended_x_multiplier,0.7,2024
200020,03909,ME,38860,"Portland-South Portland, ME",71.86,hcris_blended_x_multiplier,0.7,2024
200021,04011,ME,38860,"Portland-South Portland, ME",73.58,hcris_blended_x_multiplier,0.7,2024
200024,04240,ME,30340,"Lewiston-Auburn, ME",70.57,hcris_blended_x_multiplier,0.7,2024
200031,04736,ME,,Rural / Nonmetro,55.34,hcris_blended_x_multiplier,0.7,2024
200033,04401,ME,12620,"Bangor, ME",75.42,hcris_blended_x_multiplier,0.7,2024
200034,04243,ME,,,68.98,hcris_blended_x_multiplier,0.7,2024
200039,04330,ME,12300,"Augusta-Waterville, ME",63.11,hcris_blended_x_multiplier,0.7,2024
20003F,04330,ME,12300,"Augusta-Waterville, ME",43.2,bls_oews_state_placeholder,0.4,2024
200050,04605,ME,,Rural / Nonmetro,60.96,hcris_blended_x_multiplier,0.7,2024
200063,04856,ME,,Rural / Nonmetro,72.83,hcris_blended_x_multiplier,0.7,2024
201300,04614,ME,,Rural / Nonmetro,43.2,bls_oews_state_placeholder,0.4,2024
201301,04441,ME,,Rural / Nonmetro,43.2,bls_oews_state_placeholder,0.4,2024
201302,04543,ME,,Rural / Nonmetro,43.2,bls_oews_state_placeholder,0.4,2024
201303,04457,ME,12620,"Bangor, ME",43.2,bls_oews_state_placeholder,0.4,2024
201304,04609,ME,,Rural / Nonmetro,43.2,bls_oews_state_placeholder,0.4,2024
201305,04619,ME,,Rural / Nonmetro,43.2,bls_oews_state_placeholder,0.4,2024
201306,04276,ME,,Rural / Nonmetro,43.2,bls_oews_state_placeholder,0.4,2024
201307,04462,ME,,Rural / Nonmetro,43.2,bls_oews_state_placeholder,0.4,2024
201308,04730,ME,,Rural / Nonmetro,43.2,bls_oews_state_placeholder,0.4,2024
201309,04426,ME,,Rural / Nonmetro,43.2,bls_oews_state_placeholder,0.4,2024
201310,04009,ME,38860,"Portland-South Portland, ME",43.2,bls_oews_state_placeholder,0.4,2024
201311,04654,ME,,Rural / Nonmetro,43.2,bls_oews_state_placeholder,0.4,2024
201312,04915,ME,,Rural / Nonmetro,43.2,bls_oews_state_placeholder,0.4,2024
201313,04967,ME,,Rural / Nonmetro,43.2,bls_oews_state_placeholder,0.4,2024
201314,04976,ME,,Rural / Nonmetro,43.2,bls_oews_state_placeholder,0.4,2024
201315,04268,ME,,Rural / Nonmetro,43.2,bls_oews_state_placeholder,0.4,2024
201316,04938,ME,,Rural / Nonmetro,43.2,bls_oews_state_placeholder,0.4,2024
201317,04743,ME,,Rural / Nonmetro,43.2,bls_oews_state_placeholder,0.4,2024
204004,04401,ME,12620,"Bangor, ME",43.2,bls_oews_state_placeholder,0.4,2024
204005,04092,ME,38860,"Portland-South Portland, ME",43.2,bls_oews_state_placeholder,0.4,2024
204006,04401,ME,12620,"Bangor, ME",43.2,bls_oews_state_placeholder,0.4,2024
204008,04330,ME,12300,"Augusta-Waterville, ME",43.2,bls_oews_state_placeholder,0.4,2024
210001,21742,MD,25180,"Hagerstown-Martinsburg, MD-WV",58.94,hcris_blended_x_multiplier,0.7,2024
210002,21201,MD,12580,"Baltimore-Columbia-Towson, MD",48.3,bls_oews_msa,0.9,2024
210003,20774,MD,47900,"Washington-Arlington-Alexandria, DC-VA-MD-WV",50.2,bls_oews_msa,0.9,2024
210004,20910,MD,47900,"Washington-Arlington-Alexandria, DC-VA-MD-WV",50.2,bls_oews_msa,0.9,2024
210005,21701,MD,47900,"Washington-Arlington-Alexandria, DC-VA-MD-WV",50.2,bls_oews_msa,0.9,2024
210008,21202,MD,12580,"Baltimore-Columbia-Towson, MD",48.3,bls_oews_msa,0.9,2024
210009,21287,MD,12580,"Baltimore-Columbia-Towson, MD",48.3,bls_oews_msa,0.9,2024
210011,21229,MD,12580,"Baltimore-Columbia-Towson, MD",48.3,bls_oews_msa,0.9,2024
210012,21215,MD,12580,"Baltimore-Columbia-Towson, MD",48.3,bls_oews_msa,0.9,2024
210015,21237,MD,12580,"Baltimore-Columbia-Towson, MD",48.3,bls_oews_msa,0.9,2024
210016,20904,MD,47900,"Washington-Arlington-Alexandria, DC-VA-MD-WV",50.2,bls_oews_msa,0.9,2024
210017,21550,MD,,Rural / Nonmetro,56.2,hcris_blended_x_multiplier,0.7,2024
210018,20832,MD,47900,"Washington-Arlington-Alexandria, DC-VA-MD-WV",50.2,bls_oews_msa,0.9,2024
210019,21801,MD,41540,"Salisbury, MD",61.66,hcris_blended_x_multiplier,0.7,2024
210022,20814,MD,47900,"Washington-Arlington-Alexandria, DC-VA-MD-WV",50.2,bls_oews_msa,0.9,2024
210023,21401,MD,12580,"Baltimore-Columbia-Towson, MD",48.3,bls_oews_msa,0.9,2024
210024,21218,MD,12580,"Baltimore-Columbia-Towson, MD",48.3,bls_oews_msa,0.9,2024
210027,21502,MD,19060,"Cumberland, MD-WV",51.93,hcris_blended_x_multiplier,0.7,2024
210028,20650,MD,30500,"Lexington Park, MD",56.6,hcris_blended_x_multiplier,0.7,2024
210029,21224,MD,12580,"Baltimore-Columbia-Towson, MD",48.3,bls_oews_msa,0.9,2024
210030,21620,MD,,Rural / Nonmetro,60.63,hcris_blended_x_multiplier,0.7,2024
210032,21921,MD,37980,"Philadelphia-Camden-Wilmington, PA-NJ-DE-MD",47.3,bls_oews_msa,0.9,2024
210033,21157,MD,12580,"Baltimore-Columbia-Towson, MD",48.3,bls_oews_msa,0.9,2024
210034,21225,MD,12580,"Baltimore-Columbia-Towson, MD",48.3,bls_oews_msa,0.9,2024
210035,20646,MD,47900,"Washington-Arlington-Alexandria, DC-VA-MD-WV",50.2,bls_oews_msa,0.9,2024
210037,21601,MD,20660,"Easton, MD",62.01,hcris_blended_x_multiplier,0.7,2024
210038,21201,MD,12580,"Baltimore-Columbia-Towson, MD",48.3,bls_oews_msa,0.9,2024
210039,20678,MD,30500,"Lexington Park, MD",54.98,hcris_blended_x_multiplier,0.7,2024
210040,21133,MD,12580,"Baltimore-Columbia-Towson, MD",48.3,bls_oews_msa,0.9,2024
210043,21061,MD,12580,"Baltimore-Columbia-Towson, MD",48.3,bls_oews_msa,0.9,2024
210044,21204,MD,12580,"Baltimore-Columbia-Towson, MD",48.3,bls_oews_msa,0.9,2024
210048,21044,MD,12580,"Baltimore-Columbia-Towson, MD",48.3,bls_oews_msa,0.9,2024
210049,21014,MD,12580,"Baltimore-Columbia-Towson, MD",48.3,bls_oews_msa,0.9,2024
210051,20706,MD,47900,"Washington-Arlington-Alexandria, DC-VA-MD-WV",50.2,bls_oews_msa,0.9,2024
210056,21239,MD,12580,"Baltimore-Columbia-Towson, MD",48.3,bls_oews_msa,0.9,2024
210057,20850,MD,47900,"Washington-Arlington-Alexandria, DC-VA-MD-WV",50.2,bls_oews_msa,0.9,2024
210058,21207,MD,12580,"Baltimore-Columbia-Towson, MD",48.3,bls_oews_msa,0.9,2024
210060,20744,MD,47900,"Washington-Arlington-Alexandria, DC-VA-MD-WV",50.2,bls_oews_msa,0.9,2024
210061,21811,MD,36180,"Ocean Pines, MD",45.75,bls_oews_state_placeholder,0.4,2024
210062,20735,MD,47900,"Washington-Arlington-Alexandria, DC-VA-MD-WV",50.2,bls_oews_msa,0.9,2024
210063,21204,MD,12580,"Baltimore-Columbia-Towson, MD",48.3,bls_oews_msa,0.9,2024
210064,21209,MD,12580,"Baltimore-Columbia-Towson, MD",48.3,bls_oews_msa,0.9,2024
210065,20876,MD,47900,"Washington-Arlington-Alexandria, DC-VA-MD-WV",50.2,bls_oews_msa,0.9,2024
21007F,20814,MD,47900,"Washington-Arlington-Alexandria, DC-VA-MD-WV",50.2,bls_oews_msa,0.9,2024
21010F,21902,MD,37980,"Philadelphia-Camden-Wilmington, PA-NJ-DE-MD",47.3,bls_oews_msa,0.9,2024
21020F,21201,MD,12580,"Baltimore-Columbia-Towson, MD",48.3,bls_oews_msa,0.9,2024
213300,21209,MD,12580,"Baltimore-Columbia-Towson, MD",48.3,bls_oews_msa,0.9,2024
213301,21205,MD,12580,"Baltimore-Columbia-Towson, MD",48.3,bls_oews_msa,0.9,2024
214000,21204,MD,12580,"Baltimore-Columbia-Towson, MD",48.3,bls_oews_msa,0.9,2024
214002,21613,MD,15700,"Cambridge, MD",45.75,bls_oews_state_placeholder,0.4,2024
214003,21742,MD,25180,"Hagerstown-Martinsburg, MD-WV",45.75,bls_oews_state_placeholder,0.4,2024
214004,21784,MD,12580,"Baltimore-Columbia-Towson, MD",48.3,bls_oews_msa,0.9,2024
214012,21502,MD,19060,"Cumberland, MD-WV",45.75,bls_oews_state_placeholder,0.4,2024
214018,21228,MD,12580,"Baltimore-Columbia-Towson, MD",48.3,bls_oews_msa,0.9,2024
214020,21401,MD,12580,"Baltimore-Columbia-Towson, MD",48.3,bls_oews_msa,0.9,2024
214022,21001,MD,12580,"Baltimore-Columbia-Towson, MD",48.3,bls_oews_msa,0.9,2024
220001,01453,MA,49340,"Worcester, MA",65.37,hcris_blended_x_multiplier,0.7,2024
220002,02138,MA,14460,"Boston-Cambridge-Newton, MA-NH",56.95,bls_oews_msa,0.9,2024
220008,02703,MA,39300,"Providence-Warwick, RI-MA",47.55,bls_oews_msa,0.9,2024
220010,01841,MA,14460,"Boston-Cambridge-Newton, MA-NH",56.95,bls_oews_msa,0.9,2024
220011,02139,MA,14460,"Boston-Cambridge-Newton, MA-NH",56.95,bls_oews_msa,0.9,2024
220012,02601,MA,12700,"Barnstable Town, MA",86.53,hcris_blended_x_multiplier,0.7,2024
220015,01061,MA,,,61.08,hcris_blended_x_multiplier,0.7,2024
220016,01301,MA,24640,"Greenfield, MA",58.94,hcris_blended_x_multiplier,0.7,2024
220017,02124,MA,14460,"Boston-Cambridge-Newton, MA-NH",56.95,bls_oews_msa,0.9,2024
220019,01550,MA,49340,"Worcester, MA",55.29,hcris_blended_x_multiplier,0.7,2024
22001F,01730,MA,14460,"Boston-Cambridge-Newton, MA-NH",56.95,bls_oews_msa,0.9,2024
220020,02721,MA,39300,"Providence-Warwick, RI-MA",47.55,bls_oews_msa,0.9,2024
220024,01040,MA,44140,"Springfield, MA",64.72,hcris_blended_x_multiplier,0.7,2024
220029,01950,MA,14460,"Boston-Cambridge-Newton, MA-NH",56.95,bls_oews_msa,0.9,2024
220030,01069,MA,44140,"Springfield, MA",53.7,hcris_blended_x_multiplier,0.7,2024
220031,02118,MA,14460,"Boston-Cambridge-Newton, MA-NH",56.95,bls_oews_msa,0.9,2024
220033,01915,MA,14460,"Boston-Cambridge-Newton, MA-NH",56.95,bls_oews_msa,0.9,2024
220035,01970,MA,14460,"Boston-Cambridge-Newton, MA-NH",56.95,bls_oews_msa,0.9,2024
220036,02135,MA,14460,"Boston-Cambridge-Newton, MA-NH",56.95,bls_oews_msa,0.9,2024
220046,01201,MA,38340,"Pittsfield, MA",61.12,hcris_blended_x_multiplier,0.7,2024
220049,01752,MA,14460,"Boston-Cambridge-Newton, MA-NH",56.95,bls_oews_msa,0.9,2024
220052,02302,MA,14460,"Boston-Cambridge-Newton, MA-NH",56.95,bls_oews_msa,0.9,2024
220060,02360,MA,14460,"Boston-Cambridge-Newton, MA-NH",56.95,bls_oews_msa,0.9,2024
220062,01605,MA,49340,"Worcester, MA",32.86,hcris_blended_x_multiplier,0.7,2024
220063,01854,MA,14460,"Boston-Cambridge-Newton, MA-NH",56.95,bls_oews_msa,0.9,2024
220065,01086,MA,,,55.12,hcris_blended_x_multiplier,0.7,2024
220066,01104,MA,44140,"Springfield, MA",61.05,hcris_blended_x_multiplier,0.7,2024
220070,02176,MA,14460,"Boston-Cambridge-Newton, MA-NH",56.95,bls_oews_msa,0.9,2024
220071,02114,MA,14460,"Boston-Cambridge-Newton, MA-NH",56.95,bls_oews_msa,0.9,2024
220073,02780,MA,39300,"Providence-Warwick, RI-MA",47.55,bls_oews_msa,0.9,2024
220074,02720,MA,39300,"Providence-Warwick, RI-MA",47.55,bls_oews_msa,0.9,2024
220075,02114,MA,14460,"Boston-Cambridge-Newton, MA-NH",56.95,bls_oews_msa,0.9,2024
220077,01199,MA,,,57.04,hcris_blended_x_multiplier,0.7,2024
220080,01844,MA,14460,"Boston-Cambridge-Newton, MA-NH",56.95,bls_oews_msa,0.9,2024
220083,02494,MA,14460,"Boston-Cambridge-Newton, MA-NH",56.95,bls_oews_msa,0.9,2024
220084,01742,MA,14460,"Boston-Cambridge-Newton, MA-NH",56.95,bls_oews_msa,0.9,2024
220086,02215,MA,14460,"Boston-Cambridge-Newton, MA-NH",56.95,bls_oews_msa,0.9,2024
220088,02120,MA,14460,"Boston-Cambridge-Newton, MA-NH",56.95,bls_oews_msa,0.9,2024
220090,01757,MA,49340,"Worcester, MA",66.7,hcris_blended_x_multiplier,0.7,2024
220095,01440,MA,49340,"Worcester, MA",58.24,hcris_blended_x_multiplier,0.7,2024
220098,01432,MA,14460,"Boston-Cambridge-Newton, MA-NH",56.95,bls_oews_msa,0.9,2024
22009F,01053,MA,11200,"Amherst Town-Northampton, MA",53.2,bls_oews_state_placeholder,0.4,2024
220100,02190,MA,14460,"Boston-Cambridge-Newton, MA-NH",56.95,bls_oews_msa,0.9,2024
220101,02462,MA,14460,"Boston-Cambridge-Newton, MA-NH",56.95,bls_oews_msa,0.9,2024
220105,01890,MA,14460,"Boston-Cambridge-Newton, MA-NH",56.95,bls_oews_msa,0.9,2024
220108,02186,MA,14460,"Boston-Cambridge-Newton, MA-NH",56.95,bls_oews_msa,0.9,2024
22010F,02130,MA,14460,"Boston-Cambridge-Newton, MA-NH",56.95,bls_oews_msa,0.9,2024
220110,02115,MA,14460,"Boston-Cambridge-Newton, MA-NH",56.95,bls_oews_msa,0.9,2024
220111,02301,MA,14460,"Boston-Cambridge-Newton, MA-NH",56.95,bls_oews_msa,0.9,2024
220116,02111,MA,14460,"Boston-Cambridge-Newton, MA-NH",56.95,bls_oews_msa,0.9,2024
220119,02130,MA,14460,"Boston-Cambridge-Newton, MA-NH",56.95,bls_oews_msa,0.9,2024
220126,02062,MA,14460,"Boston-Cambridge-Newton, MA-NH",56.95,bls_oews_msa,0.9,2024
220135,02540,MA,12700,"Barnstable Town, MA",79.67,hcris_blended_x_multiplier,0.7,2024
220163,01655,MA,,,68.47,hcris_blended_x_multiplier,0.7,2024
220171,01803,MA,14460,"Boston-Cambridge-Newton, MA-NH",56.95,bls_oews_msa,0.9,2024
220175,01701,MA,14460,"Boston-Cambridge-Newton, MA-NH",56.95,bls_oews_msa,0.9,2024
220176,01608,MA,49340,"Worcester, MA",67.13,hcris_blended_x_multiplier,0.7,2024
220177,02554,MA,34880,"Nantucket, MA",91.92,hcris_blended_x_multiplier,0.7,2024
221300,02557,MA,47240,"Vineyard Haven, MA",53.2,bls_oews_state_placeholder,0.4,2024
221302,01230,MA,38340,"Pittsfield, MA",53.2,bls_oews_state_placeholder,0.4,2024
221303,01331,MA,49340,"Worcester, MA",53.2,bls_oews_state_placeholder,0.4,2024
221304,01247,MA,38340,"Pittsfield, MA",53.2,bls_oews_state_placeholder,0.4,2024
223300,02135,MA,14460,"Boston-Cambridge-Newton, MA-NH",56.95,bls_oews_msa,0.9,2024
223302,02115,MA,14460,"Boston-Cambridge-Newton, MA-NH",56.95,bls_oews_msa,0.9,2024
223304,02114,MA,14460,"Boston-Cambridge-Newton, MA-NH",56.95,bls_oews_msa,0.9,2024
224001,02780,MA,39300,"Providence-Warwick, RI-MA",47.55,bls_oews_msa,0.9,2024
224007,02478,MA,14460,"Boston-Cambridge-Newton, MA-NH",56.95,bls_oews_msa,0.9,2024
224013,02130,MA,14460,"Boston-Cambridge-Newton, MA-NH",56.95,bls_oews_msa,0.9,2024
224018,02446,MA,14460,"Boston-Cambridge-Newton, MA-NH",56.95,bls_oews_msa,0.9,2024
224021,02703,MA,39300,"Providence-Warwick, RI-MA",47.55,bls_oews_msa,0.9,2024
224022,02467,MA,14460,"Boston-Cambridge-Newton, MA-NH",56.95,bls_oews_msa,0.9,2024
224023,02090,MA,14460,"Boston-Cambridge-Newton, MA-NH",56.95,bls_oews_msa,0.9,2024
224028,02720,MA,39300,"Providence-Warwick, RI-MA",47.55,bls_oews_msa,0.9,2024
224031,02559,MA,12700,"Barnstable Town, MA",53.2,bls_oews_state_placeholder,0.4,2024
224032,01604,MA,49340,"Worcester, MA",53.2,bls_oews_state_placeholder,0.4,2024
224038,02026,MA,14460,"Boston-Cambridge-Newton, MA-NH",56.95,bls_oews_msa,0.9,2024
224039,01830,MA,14460,"Boston-Cambridge-Newton, MA-NH",56.95,bls_oews_msa,0.9,2024
224040,02118,MA,14460,"Boston-Cambridge-Newton, MA-NH",56.95,bls_oews_msa,0.9,2024
224041,02747,MA,39300,"Providence-Warwick, RI-MA",47.55,bls_oews_msa,0.9,2024
224043,01434,MA,49340,"Worcester, MA",53.2,bls_oews_state_placeholder,0.4,2024
224044,01581,MA,49340,"Worcester, MA",53.2,bls_oews_state_placeholder,0.4,2024
224045,01606,MA,49340,"Worcester, MA",53.2,bls_oews_state_placeholder,0.4,2024
224046,01040,MA,44140,"Springfield, MA",53.2,bls_oews_state_placeholder,0.4,2024
224047,01040,MA,44140,"Springfield, MA",58.34,hcris_blended_x_multiplier,0.7,2024
230002,48154,MI,19820,"Detroit-Warren-Dearborn, MI",40.85,bls_oews_msa,0.9,2024
230003,49464,MI,24340,"Grand Rapids-Wyoming-Kentwood, MI",55.22,hcris_blended_x_multiplier,0.7,2024
230005,49221,MI,10300,"Adrian, MI",40.6,bls_oews_state_placeholder,0.4,2024
230015,49093,MI,44780,"Sturgis, MI",73.84,hcris_blended_x_multiplier,0.7,2024
230017,49007,MI,28020,"Kalamazoo-Portage, MI",71.22,hcris_blended_x_multiplier,0.7,2024
230019,48075,MI,19820,"Detroit-Warren-Dearborn, MI",40.85,bls_oews_msa,0.9,2024
230020,48124,MI,19820,"Detroit-Warren-Dearborn, MI",40.85,bls_oews_msa,0.9,2024
230021,49085,MI,35660,"Niles, MI",60.1,hcris_blended_x_multiplier,0.7,2024
230022,49036,MI,17740,"Coldwater, MI",59.05,hcris_blended_x_multiplier,0.7,2024
230024,48235,MI,19820,"Detroit-Warren-Dearborn, MI",40.85,bls_oews_msa,0.9,2024
230029,48341,MI,19820,"Detroit-Warren-Dearborn, MI",40.85,bls_oews_msa,0.9,2024
230030,48801,MI,10940,"Alma, MI",54.28,hcris_blended_x_multiplier,0.7,2024
230031,48060,MI,19820,"Detroit-Warren-Dearborn, MI",40.85,bls_oews_msa,0.9,2024
230035,48838,MI,24340,"Grand Rapids-Wyoming-Kentwood, MI",58.67,hcris_blended_x_multiplier,0.7,2024
230036,49707,MI,10980,"Alpena, MI",61.99,hcris_blended_x_multiplier,0.7,2024
230037,49242,MI,25880,"Hillsdale, MI",52.19,hcris_blended_x_multiplier,0.7,2024
230038,49503,MI,24340,"Grand Rapids-Wyoming-Kentwood, MI",52.4,hcris_blended_x_multiplier,0.7,2024
230041,48708,MI,13020,"Bay City, MI",61.08,hcris_blended_x_multiplier,0.7,2024
230046,48109,MI,11460,"Ann Arbor, MI",62.61,hcris_blended_x_multiplier,0.7,2024
230047,48038,MI,19820,"Detroit-Warren-Dearborn, MI",40.85,bls_oews_msa,0.9,2024
230053,48202,MI,19820,"Detroit-Warren-Dearborn, MI",40.85,bls_oews_msa,0.9,2024
230054,49855,MI,32100,"Marquette, MI",60.4,hcris_blended_x_multiplier,0.7,2024
230055,49801,MI,27020,"Iron Mountain, MI-WI",61.52,hcris_blended_x_multiplier,0.7,2024
230058,49738,MI,,Rural / Nonmetro,40.6,bls_oews_state_placeholder,0.4,2024
230059,49503,MI,24340,"Grand Rapids-Wyoming-Kentwood, MI",65.59,hcris_blended_x_multiplier,0.7,2024
23005F,49801,MI,27020,"Iron Mountain, MI-WI",40.6,bls_oews_state_placeholder,0.4,2024
230066,49441,MI,34740,"Muskegon-Norton Shores, MI",70.97,hcris_blended_x_multiplier,0.7,2024
230069,48843,MI,19820,"Detroit-Warren-Dearborn, MI",40.85,bls_oews_msa,0.9,2024
230070,48602,MI,40980,"Saginaw, MI",69.99,hcris_blended_x_multiplier,0.7,2024
230071,48033,MI,19820,"Detroit-Warren-Dearborn, MI",40.85,bls_oews_msa,0.9,2024
230072,49423,MI,26090,"Holland, MI",58.2,hcris_blended_x_multiplier,0.7,2024
230075,49017,MI,12980,"Battle Creek, MI",62.12,hcris_blended_x_multiplier,0.7,2024
230077,48601,MI,40980,"Saginaw, MI",68.33,hcris_blended_x_multiplier,0.7,2024
230078,49098,MI,35660,"Niles, MI",64.3,hcris_blended_x_multiplier,0.7,2024
230080,48858,MI,34380,"Mount Pleasant, MI",70.69,hcris_blended_x_multiplier,0.7,2024
230081,49601,MI,15620,"Cadillac, MI",40.6,bls_oews_state_placeholder,0.4,2024
230085,49090,MI,,Rural / Nonmetro,57.55,hcris_blended_x_multiplier,0.7,2024
230089,48230,MI,19820,"Detroit-Warren-Dearborn, MI",40.85,bls_oews_msa,0.9,2024
230092,49201,MI,27100,"Jackson, MI",65.56,hcris_blended_x_multiplier,0.7,2024
230093,49307,MI,13660,"Big Rapids, MI",40.6,bls_oews_state_placeholder,0.4,2024
230095,48661,MI,,Rural / Nonmetro,47.82,hcris_blended_x_multiplier,0.7,2024
230097,49684,MI,45900,"Traverse City, MI",40.6,bls_oews_state_placeholder,0.4,2024
230099,48162,MI,33780,"Monroe, MI",40.6,bls_oews_state_placeholder,0.4,2024
230100,48764,MI,,,59.81,hcris_blended_x_multiplier,0.7,2024
230104,48201,MI,19820,"Detroit-Warren-Dearborn, MI",40.85,bls_oews_msa,0.9,2024
230105,49770,MI,37950,"Petoskey, MI",60.76,hcris_blended_x_multiplier,0.7,2024
230108,49930,MI,26340,"Houghton, MI",55.71,hcris_blended_x_multiplier,0.7,2024
230110,49431,MI,31220,"Ludington, MI",60.77,hcris_blended_x_multiplier,0.7,2024
230117,49048,MI,28020,"Kalamazoo-Portage, MI",51.51,hcris_blended_x_multiplier,0.7,2024
23011F,48105,MI,11460,"Ann Arbor, MI",40.6,bls_oews_state_placeholder,0.4,2024
230121,48867,MI,37020,"Owosso, MI",65.14,hcris_blended_x_multiplier,0.7,2024
23012F,49037,MI,12980,"Battle Creek, MI",40.6,bls_oews_state_placeholder,0.4,2024
230130,48073,MI,19820,"Detroit-Warren-Dearborn, MI",40.85,bls_oews_msa,0.9,2024
230132,48503,MI,22420,"Flint, MI",55.54,hcris_blended_x_multiplier,0.7,2024
230133,49735,MI,,Rural / Nonmetro,40.6,bls_oews_state_placeholder,0.4,2024
230141,48532,MI,22420,"Flint, MI",64.61,hcris_blended_x_multiplier,0.7,2024
230142,48184,MI,19820,"Detroit-Warren-Dearborn, MI",40.85,bls_oews_msa,0.9,2024
230144,48198,MI,11460,"Ann Arbor, MI",51.06,hcris_blended_x_multiplier,0.7,2024
230146,48192,MI,19820,"Detroit-Warren-Dearborn, MI",40.85,bls_oews_msa,0.9,2024
230151,48336,MI,19820,"Detroit-Warren-Dearborn, MI",40.85,bls_oews_msa,0.9,2024
230156,48106,MI,,,64.08,hcris_blended_x_multiplier,0.7,2024
230165,48236,MI,19820,"Detroit-Warren-Dearborn, MI",40.85,bls_oews_msa,0.9,2024
230167,48910,MI,29620,"Lansing-East Lansing, MI",59.47,hcris_blended_x_multiplier,0.7,2024
230174,49417,MI,24340,"Grand Rapids-Wyoming-Kentwood, MI",47.08,hcris_blended_x_multiplier,0.7,2024
230176,48183,MI,19820,"Detroit-Warren-Dearborn, MI",40.85,bls_oews_msa,0.9,2024
230180,48617,MI,,Rural / Nonmetro,51.06,hcris_blended_x_multiplier,0.7,2024
230193,48446,MI,19820,"Detroit-Warren-Dearborn, MI",40.85,bls_oews_msa,0.9,2024
230195,48093,MI,19820,"Detroit-Warren-Dearborn, MI",40.85,bls_oews_msa,0.9,2024
230197,48439,MI,22420,"Flint, MI",62.93,hcris_blended_x_multiplier,0.7,2024
230207,48342,MI,19820,"Detroit-Warren-Dearborn, MI",40.85,bls_oews_msa,0.9,2024
230208,48811,MI,24340,"Grand Rapids-Wyoming-Kentwood, MI",62.66,hcris_blended_x_multiplier,0.7,2024
230216,48061,MI,,,55.89,hcris_blended_x_multiplier,0.7,2024
230217,49068,MI,12980,"Battle Creek, MI",63.38,hcris_blended_x_multiplier,0.7,2024
230222,48670,MI,,,57.41,hcris_blended_x_multiplier,0.7,2024
230227,48043,MI,19820,"Detroit-Warren-Dearborn, MI",40.85,bls_oews_msa,0.9,2024
230230,48912,MI,29620,"Lansing-East Lansing, MI",72.09,hcris_blended_x_multiplier,0.7,2024
230236,49519,MI,24340,"Grand Rapids-Wyoming-Kentwood, MI",68.63,hcris_blended_x_multiplier,0.7,2024
230239,49783,MI,42300,"Sault Ste. Marie, MI",57.11,hcris_blended_x_multiplier,0.7,2024
230241,48054,MI,19820,"Detroit-Warren-Dearborn, MI",40.85,bls_oews_msa,0.9,2024
230244,48135,MI,19820,"Detroit-Warren-Dearborn, MI",40.85,bls_oews_msa,0.9,2024
230254,48307,MI,19820,"Detroit-Warren-Dearborn, MI",40.85,bls_oews_msa,0.9,2024
230259,48118,MI,11460,"Ann Arbor, MI",59.0,hcris_blended_x_multiplier,0.7,2024
230264,48091,MI,19820,"Detroit-Warren-Dearborn, MI",40.85,bls_oews_msa,0.9,2024
230269,48085,MI,19820,"Detroit-Warren-Dearborn, MI",40.85,bls_oews_msa,0.9,2024
230270,48180,MI,19820,"Detroit-Warren-Dearborn, MI",40.85,bls_oews_msa,0.9,2024
230273,48201,MI,19820,"Detroit-Warren-Dearborn, MI",40.85,bls_oews_msa,0.9,2024
230275,48603,MI,40980,"Saginaw, MI",45.09,hcris_blended_x_multiplier,0.7,2024
230277,48382,MI,19820,"Detroit-Warren-Dearborn, MI",40.85,bls_oews_msa,0.9,2024
230279,48116,MI,19820,"Detroit-Warren-Dearborn, MI",40.85,bls_oews_msa,0.9,2024
230297,48201,MI,19820,"Detroit-Warren-Dearborn, MI",40.85,bls_oews_msa,0.9,2024
230301,48075,MI,19820,"Detroit-Warren-Dearborn, MI",40.85,bls_oews_msa,0.9,2024
230302,48322,MI,19820,"Detroit-Warren-Dearborn, MI",40.85,bls_oews_msa,0.9,2024
230303,49660,MI,,Rural / Nonmetro,40.6,bls_oews_state_placeholder,0.4,2024
23037F,48201,MI,19820,"Detroit-Warren-Dearborn, MI",40.85,bls_oews_msa,0.9,2024
230779,49091,MI,44780,"Sturgis, MI",45.91,hcris_blended_x_multiplier,0.7,2024
231300,49635,MI,45900,"Traverse City, MI",40.6,bls_oews_state_placeholder,0.4,2024
231301,49646,MI,45900,"Traverse City, MI",40.6,bls_oews_state_placeholder,0.4,2024
231303,49854,MI,,Rural / Nonmetro,40.6,bls_oews_state_placeholder,0.4,2024
231304,49868,MI,,Rural / Nonmetro,42.35,hcris_blended_x_multiplier,0.7,2024
231305,48658,MI,,Rural / Nonmetro,40.6,bls_oews_state_placeholder,0.4,2024
231306,49781,MI,,Rural / Nonmetro,40.6,bls_oews_state_placeholder,0.4,2024
231307,49946,MI,,Rural / Nonmetro,60.69,hcris_blended_x_multiplier,0.7,2024
231308,49862,MI,,Rural / Nonmetro,56.18,hcris_blended_x_multiplier,0.7,2024
231310,48755,MI,,Rural / Nonmetro,40.6,bls_oews_state_placeholder,0.4,2024
231311,48427,MI,,Rural / Nonmetro,40.6,bls_oews_state_placeholder,0.4,2024
231312,48884,MI,24340,"Grand Rapids-Wyoming-Kentwood, MI",40.6,bls_oews_state_placeholder,0.4,2024
231313,48441,MI,,Rural / Nonmetro,40.6,bls_oews_state_placeholder,0.4,2024
231314,48471,MI,,Rural / Nonmetro,40.6,bls_oews_state_placeholder,0.4,2024
231315,49047,MI,43780,"South Bend-Mishawaka, IN-MI",40.6,bls_oews_state_placeholder,0.4,2024
231316,48726,MI,,Rural / Nonmetro,40.6,bls_oews_state_placeholder,0.4,2024
231318,49935,MI,,Rural / Nonmetro,40.6,bls_oews_state_placeholder,0.4,2024
231319,49913,MI,26340,"Houghton, MI",40.6,bls_oews_state_placeholder,0.4,2024
231320,49455,MI,,Rural / Nonmetro,64.57,hcris_blended_x_multiplier,0.7,2024
231321,49849,MI,32100,"Marquette, MI",40.6,bls_oews_state_placeholder,0.4,2024
231322,49720,MI,,Rural / Nonmetro,40.6,bls_oews_state_placeholder,0.4,2024
231323,49677,MI,,Rural / Nonmetro,40.6,bls_oews_state_placeholder,0.4,2024
231324,48827,MI,29620,"Lansing-East Lansing, MI",40.6,bls_oews_state_placeholder,0.4,2024
231325,48624,MI,,Rural / Nonmetro,40.6,bls_oews_state_placeholder,0.4,2024
231326,48879,MI,29620,"Lansing-East Lansing, MI",65.23,hcris_blended_x_multiplier,0.7,2024
231327,48813,MI,29620,"Lansing-East Lansing, MI",58.58,hcris_blended_x_multiplier,0.7,2024
231328,49010,MI,26090,"Holland, MI",40.6,bls_oews_state_placeholder,0.4,2024
231329,48723,MI,,Rural / Nonmetro,40.6,bls_oews_state_placeholder,0.4,2024
231330,48453,MI,,Rural / Nonmetro,40.6,bls_oews_state_placeholder,0.4,2024
231331,48846,MI,24340,"Grand Rapids-Wyoming-Kentwood, MI",62.99,hcris_blended_x_multiplier,0.7,2024
231332,49079,MI,,Rural / Nonmetro,40.6,bls_oews_state_placeholder,0.4,2024
231333,49938,MI,,Rural / Nonmetro,40.6,bls_oews_state_placeholder,0.4,2024
231337,49829,MI,21540,"Escanaba, MI",40.6,bls_oews_state_placeholder,0.4,2024
231338,49412,MI,,Rural / Nonmetro,58.35,hcris_blended_x_multiplier,0.7,2024
231339,49058,MI,24340,"Grand Rapids-Wyoming-Kentwood, MI",61.31,hcris_blended_x_multiplier,0.7,2024
231340,48413,MI,,Rural / Nonmetro,40.6,bls_oews_state_placeholder,0.4,2024
233300,48201,MI,19820,"Detroit-Warren-Dearborn, MI",40.85,bls_oews_msa,0.9,2024
234006,49548,MI,24340,"Grand Rapids-Wyoming-Kentwood, MI",40.6,bls_oews_state_placeholder,0.4,2024
234011,48220,MI,19820,"Detroit-Warren-Dearborn, MI",40.85,bls_oews_msa,0.9,2024
234021,48047,MI,19820,"Detroit-Warren-Dearborn, MI",40.85,bls_oews_msa,0.9,2024
234023,48326,MI,19820,"Detroit-Warren-Dearborn, MI",40.85,bls_oews_msa,0.9,2024
234025,48723,MI,,Rural / Nonmetro,40.6,bls_oews_state_placeholder,0.4,2024
234026,49008,MI,28020,"Kalamazoo-Portage, MI",40.6,bls_oews_state_placeholder,0.4,2024
234030,49546,MI,24340,"Grand Rapids-Wyoming-Kentwood, MI",40.6,bls_oews_state_placeholder,0.4,2024
234035,48186,MI,19820,"Detroit-Warren-Dearborn, MI",40.85,bls_oews_msa,0.9,2024
234038,48205,MI,19820,"Detroit-Warren-Dearborn, MI",40.85,bls_oews_msa,0.9,2024
234040,48213,MI,19820,"Detroit-Warren-Dearborn, MI",40.85,bls_oews_msa,0.9,2024
234041,48176,MI,11460,"Ann Arbor, MI",40.6,bls_oews_state_placeholder,0.4,2024
234042,48092,MI,19820,"Detroit-Warren-Dearborn, MI",40.85,bls_oews_msa,0.9,2024
234043,48879,MI,29620,"Lansing-East Lansing, MI",40.6,bls_oews_state_placeholder,0.4,2024
234044,48823,MI,29620,"Lansing-East Lansing, MI",40.6,bls_oews_state_placeholder,0.4,2024
234045,48124,MI,19820,"Detroit-Warren-Dearborn, MI",40.85,bls_oews_msa,0.9,2024
234046,49015,MI,12980,"Battle Creek, MI",40.6,bls_oews_state_placeholder,0.4,2024
234047,49009,MI,28020,"Kalamazoo-Portage, MI",40.6,bls_oews_state_placeholder,0.4,2024
240001,55422,MN,33460,"Minneapolis-St. Paul-Bloomington, MN-WI",47.8,bls_oews_msa,0.9,2024
240002,55805,MN,20260,"Duluth, MN-WI",69.99,hcris_blended_x_multiplier,0.7,2024
240004,55415,MN,33460,"Minneapolis-St. Paul-Bloomington, MN-WI",47.8,bls_oews_msa,0.9,2024
240006,55904,MN,40340,"Rochester, MN",84.04,hcris_blended_x_multiplier,0.7,2024
240010,55902,MN,40340,"Rochester, MN",62.1,hcris_blended_x_multiplier,0.7,2024
240014,55057,MN,22060,"Faribault-Northfield, MN",71.05,hcris_blended_x_multiplier,0.7,2024
240018,55066,MN,39860,"Red Wing, MN",85.19,hcris_blended_x_multiplier,0.7,2024
240019,55805,MN,20260,"Duluth, MN-WI",110.8,hcris_blended_x_multiplier,0.7,2024
240020,55008,MN,33460,"Minneapolis-St. Paul-Bloomington, MN-WI",47.8,bls_oews_msa,0.9,2024
240022,56187,MN,49380,"Worthington, MN",68.11,hcris_blended_x_multiplier,0.7,2024
24002F,56303,MN,41060,"St. Cloud, MN",46.85,bls_oews_state_placeholder,0.4,2024
240030,56308,MN,10820,"Alexandria, MN",52.81,hcris_blended_x_multiplier,0.7,2024
240036,56303,MN,41060,"St. Cloud, MN",63.38,hcris_blended_x_multiplier,0.7,2024
240038,55102,MN,33460,"Minneapolis-St. Paul-Bloomington, MN-WI",47.8,bls_oews_msa,0.9,2024
24003F,55417,MN,33460,"Minneapolis-St. Paul-Bloomington, MN-WI",47.8,bls_oews_msa,0.9,2024
240040,55746,MN,20260,"Duluth, MN-WI",46.85,bls_oews_state_placeholder,0.4,2024
240043,56007,MN,10660,"Albert Lea, MN",84.91,hcris_blended_x_multiplier,0.7,2024
240044,55987,MN,49100,"Winona, MN",58.3,hcris_blended_x_multiplier,0.7,2024
240047,55805,MN,20260,"Duluth, MN-WI",84.41,hcris_blended_x_multiplier,0.7,2024
240050,55092,MN,33460,"Minneapolis-St. Paul-Bloomington, MN-WI",47.8,bls_oews_msa,0.9,2024
240052,56537,MN,22260,"Fergus Falls, MN",55.24,hcris_blended_x_multiplier,0.7,2024
240053,55426,MN,33460,"Minneapolis-St. Paul-Bloomington, MN-WI",47.8,bls_oews_msa,0.9,2024
240056,55387,MN,33460,"Minneapolis-St. Paul-Bloomington, MN-WI",47.8,bls_oews_msa,0.9,2024
240057,55407,MN,33460,"Minneapolis-St. Paul-Bloomington, MN-WI",47.8,bls_oews_msa,0.9,2024
240064,55744,MN,24330,"Grand Rapids, MN",46.85,bls_oews_state_placeholder,0.4,2024
240066,55082,MN,33460,"Minneapolis-St. Paul-Bloomington, MN-WI",47.8,bls_oews_msa,0.9,2024
240069,55060,MN,36940,"Owatonna, MN",75.7,hcris_blended_x_multiplier,0.7,2024
240071,55021,MN,22060,"Faribault-Northfield, MN",78.81,hcris_blended_x_multiplier,0.7,2024
240075,56401,MN,14660,"Brainerd, MN",90.37,hcris_blended_x_multiplier,0.7,2024
240076,55313,MN,33460,"Minneapolis-St. Paul-Bloomington, MN-WI",47.8,bls_oews_msa,0.9,2024
240078,55435,MN,33460,"Minneapolis-St. Paul-Bloomington, MN-WI",47.8,bls_oews_msa,0.9,2024
240080,55454,MN,33460,"Minneapolis-St. Paul-Bloomington, MN-WI",47.8,bls_oews_msa,0.9,2024
240084,55792,MN,20260,"Duluth, MN-WI",85.36,hcris_blended_x_multiplier,0.7,2024
240088,56201,MN,48820,"Willmar, MN",58.42,hcris_blended_x_multiplier,0.7,2024
240093,56002,MN,,,87.85,hcris_blended_x_multiplier,0.7,2024
240100,56601,MN,13420,"Bemidji, MN",72.46,hcris_blended_x_multiplier,0.7,2024
240101,56501,MN,19810,"Detroit Lakes, MN",77.78,hcris_blended_x_multiplier,0.7,2024
240104,55379,MN,33460,"Minneapolis-St. Paul-Bloomington, MN-WI",47.8,bls_oews_msa,0.9,2024
240106,55101,MN,33460,"Minneapolis-St. Paul-Bloomington, MN-WI",47.8,bls_oews_msa,0.9,2024
240115,55433,MN,33460,"Minneapolis-St. Paul-Bloomington, MN-WI",47.8,bls_oews_msa,0.9,2024
240141,55371,MN,33460,"Minneapolis-St. Paul-Bloomington, MN-WI",47.8,bls_oews_msa,0.9,2024
240166,56031,MN,21860,"Fairmont, MN",80.51,hcris_blended_x_multiplier,0.7,2024
240187,55350,MN,26780,"Hutchinson, MN",73.81,hcris_blended_x_multiplier,0.7,2024
240206,56671,MN,,Rural / Nonmetro,46.85,bls_oews_state_placeholder,0.4,2024
240207,55337,MN,33460,"Minneapolis-St. Paul-Bloomington, MN-WI",47.8,bls_oews_msa,0.9,2024
240210,55109,MN,33460,"Minneapolis-St. Paul-Bloomington, MN-WI",47.8,bls_oews_msa,0.9,2024
240213,55125,MN,33460,"Minneapolis-St. Paul-Bloomington, MN-WI",47.8,bls_oews_msa,0.9,2024
240214,55369,MN,33460,"Minneapolis-St. Paul-Bloomington, MN-WI",47.8,bls_oews_msa,0.9,2024
240779,56557,MN,,Rural / Nonmetro,46.85,bls_oews_state_placeholder,0.4,2024
241301,56623,MN,,Rural / Nonmetro,46.85,bls_oews_state_placeholder,0.4,2024
241302,56183,MN,,Rural / Nonmetro,46.85,bls_oews_state_placeholder,0.4,2024
241303,56175,MN,32140,"Marshall, MN",46.85,bls_oews_state_placeholder,0.4,2024
241304,56296,MN,,Rural / Nonmetro,46.85,bls_oews_state_placeholder,0.4,2024
241305,56431,MN,,Rural / Nonmetro,46.85,bls_oews_state_placeholder,0.4,2024
241306,56277,MN,,Rural / Nonmetro,46.85,bls_oews_state_placeholder,0.4,2024
241308,55616,MN,,Rural / Nonmetro,46.85,bls_oews_state_placeholder,0.4,2024
241309,55072,MN,,Rural / Nonmetro,46.85,bls_oews_state_placeholder,0.4,2024
241311,55307,MN,,Rural / Nonmetro,46.85,bls_oews_state_placeholder,0.4,2024
241312,55723,MN,20260,"Duluth, MN-WI",46.85,bls_oews_state_placeholder,0.4,2024
241313,56510,MN,,Rural / Nonmetro,46.85,bls_oews_state_placeholder,0.4,2024
241314,56232,MN,,Rural / Nonmetro,46.85,bls_oews_state_placeholder,0.4,2024
241315,56143,MN,,Rural / Nonmetro,46.85,bls_oews_state_placeholder,0.4,2024
241316,56628,MN,24330,"Grand Rapids, MN",46.85,bls_oews_state_placeholder,0.4,2024
241317,55604,MN,,Rural / Nonmetro,46.85,bls_oews_state_placeholder,0.4,2024
241318,55731,MN,,Rural / Nonmetro,46.85,bls_oews_state_placeholder,0.4,2024
241319,56172,MN,,Rural / Nonmetro,46.85,bls_oews_state_placeholder,0.4,2024
241320,56716,MN,24220,"Grand Forks, ND-MN",46.85,bls_oews_state_placeholder,0.4,2024
241321,56240,MN,,Rural / Nonmetro,46.85,bls_oews_state_placeholder,0.4,2024
241322,56649,MN,,Rural / Nonmetro,46.85,bls_oews_state_placeholder,0.4,2024
241323,56062,MN,,Rural / Nonmetro,46.85,bls_oews_state_placeholder,0.4,2024
241325,56265,MN,,Rural / Nonmetro,46.85,bls_oews_state_placeholder,0.4,2024
241326,56347,MN,,Rural / Nonmetro,46.85,bls_oews_state_placeholder,0.4,2024
241327,56085,MN,35580,"New Ulm, MN",46.85,bls_oews_state_placeholder,0.4,2024
241328,56621,MN,,Rural / Nonmetro,46.85,bls_oews_state_placeholder,0.4,2024
241329,56479,MN,,Rural / Nonmetro,46.85,bls_oews_state_placeholder,0.4,2024
241330,56352,MN,41060,"St. Cloud, MN",46.85,bls_oews_state_placeholder,0.4,2024
241332,56101,MN,,Rural / Nonmetro,46.85,bls_oews_state_placeholder,0.4,2024
241333,56081,MN,,Rural / Nonmetro,46.85,bls_oews_state_placeholder,0.4,2024
241334,56082,MN,31860,"Mankato, MN",46.85,bls_oews_state_placeholder,0.4,2024
241335,55981,MN,40340,"Rochester, MN",46.85,bls_oews_state_placeholder,0.4,2024
241336,56728,MN,,Rural / Nonmetro,46.85,bls_oews_state_placeholder,0.4,2024
241337,56762,MN,24220,"Grand Forks, ND-MN",46.85,bls_oews_state_placeholder,0.4,2024
241338,55041,MN,40340,"Rochester, MN",46.85,bls_oews_state_placeholder,0.4,2024
241339,56136,MN,,Rural / Nonmetro,46.85,bls_oews_state_placeholder,0.4,2024
241340,55705,MN,20260,"Duluth, MN-WI",46.85,bls_oews_state_placeholder,0.4,2024
241341,56208,MN,,Rural / Nonmetro,46.85,bls_oews_state_placeholder,0.4,2024
241342,56278,MN,,Rural / Nonmetro,46.85,bls_oews_state_placeholder,0.4,2024
241343,56241,MN,,Rural / Nonmetro,46.85,bls_oews_state_placeholder,0.4,2024
241344,56751,MN,,Rural / Nonmetro,46.85,bls_oews_state_placeholder,0.4,2024
241345,56093,MN,,Rural / Nonmetro,46.85,bls_oews_state_placeholder,0.4,2024
241346,55009,MN,39860,"Red Wing, MN",46.85,bls_oews_state_placeholder,0.4,2024
241347,56220,MN,,Rural / Nonmetro,46.85,bls_oews_state_placeholder,0.4,2024
241348,56178,MN,,Rural / Nonmetro,46.85,bls_oews_state_placeholder,0.4,2024
241349,56362,MN,41060,"St. Cloud, MN",46.85,bls_oews_state_placeholder,0.4,2024
241350,55767,MN,20260,"Duluth, MN-WI",46.85,bls_oews_state_placeholder,0.4,2024
241351,56283,MN,,Rural / Nonmetro,46.85,bls_oews_state_placeholder,0.4,2024
241353,56441,MN,14660,"Brainerd, MN",46.85,bls_oews_state_placeholder,0.4,2024
241354,56482,MN,,Rural / Nonmetro,46.85,bls_oews_state_placeholder,0.4,2024
241355,55336,MN,26780,"Hutchinson, MN",46.85,bls_oews_state_placeholder,0.4,2024
241356,56359,MN,33460,"Minneapolis-St. Paul-Bloomington, MN-WI",47.8,bls_oews_msa,0.9,2024
241357,56542,MN,24220,"Grand Forks, ND-MN",46.85,bls_oews_state_placeholder,0.4,2024
241358,56633,MN,14660,"Brainerd, MN",46.85,bls_oews_state_placeholder,0.4,2024
241359,56258,MN,32140,"Marshall, MN",46.85,bls_oews_state_placeholder,0.4,2024
241360,56636,MN,24330,"Grand Rapids, MN",46.85,bls_oews_state_placeholder,0.4,2024
241361,56071,MN,33460,"Minneapolis-St. Paul-Bloomington, MN-WI",47.8,bls_oews_msa,0.9,2024
241362,55362,MN,33460,"Minneapolis-St. Paul-Bloomington, MN-WI",47.8,bls_oews_msa,0.9,2024
241363,56267,MN,,Rural / Nonmetro,46.85,bls_oews_state_placeholder,0.4,2024
241364,55720,MN,20260,"Duluth, MN-WI",46.85,bls_oews_state_placeholder,0.4,2024
241365,56215,MN,,Rural / Nonmetro,46.85,bls_oews_state_placeholder,0.4,2024
241366,55355,MN,,Rural / Nonmetro,46.85,bls_oews_state_placeholder,0.4,2024
241367,55051,MN,,Rural / Nonmetro,46.85,bls_oews_state_placeholder,0.4,2024
241368,56378,MN,41060,"St. Cloud, MN",46.85,bls_oews_state_placeholder,0.4,2024
241369,56013,MN,,Rural / Nonmetro,46.85,bls_oews_state_placeholder,0.4,2024
241370,56345,MN,,Rural / Nonmetro,46.85,bls_oews_state_placeholder,0.4,2024
241371,56156,MN,43620,"Sioux Falls, SD-MN",46.85,bls_oews_state_placeholder,0.4,2024
241372,56256,MN,,Rural / Nonmetro,46.85,bls_oews_state_placeholder,0.4,2024
241373,56573,MN,22260,"Fergus Falls, MN",46.85,bls_oews_state_placeholder,0.4,2024
241374,56164,MN,,Rural / Nonmetro,46.85,bls_oews_state_placeholder,0.4,2024
241375,56058,MN,33460,"Minneapolis-St. Paul-Bloomington, MN-WI",47.8,bls_oews_msa,0.9,2024
241376,56334,MN,,Rural / Nonmetro,46.85,bls_oews_state_placeholder,0.4,2024
241377,56520,MN,47420,"Wahpeton, ND-MN",46.85,bls_oews_state_placeholder,0.4,2024
241378,56073,MN,35580,"New Ulm, MN",46.85,bls_oews_state_placeholder,0.4,2024
241379,56531,MN,,Rural / Nonmetro,46.85,bls_oews_state_placeholder,0.4,2024
241380,56470,MN,,Rural / Nonmetro,46.85,bls_oews_state_placeholder,0.4,2024
241381,56701,MN,,Rural / Nonmetro,46.85,bls_oews_state_placeholder,0.4,2024
243300,55106,MN,33460,"Minneapolis-St. Paul-Bloomington, MN-WI",47.8,bls_oews_msa,0.9,2024
243302,55404,MN,33460,"Minneapolis-St. Paul-Bloomington, MN-WI",47.8,bls_oews_msa,0.9,2024
244002,55303,MN,33460,"Minneapolis-St. Paul-Bloomington, MN-WI",47.8,bls_oews_msa,0.9,2024
244005,56201,MN,48820,"Willmar, MN",46.85,bls_oews_state_placeholder,0.4,2024
244011,55302,MN,33460,"Minneapolis-St. Paul-Bloomington, MN-WI",47.8,bls_oews_msa,0.9,2024
244012,56308,MN,10820,"Alexandria, MN",46.85,bls_oews_state_placeholder,0.4,2024
244013,56537,MN,22260,"Fergus Falls, MN",46.85,bls_oews_state_placeholder,0.4,2024
244014,56601,MN,13420,"Bemidji, MN",46.85,bls_oews_state_placeholder,0.4,2024
244015,56425,MN,14660,"Brainerd, MN",46.85,bls_oews_state_placeholder,0.4,2024
244017,55904,MN,40340,"Rochester, MN",46.85,bls_oews_state_placeholder,0.4,2024
244018,56701,MN,,Rural / Nonmetro,46.85,bls_oews_state_placeholder,0.4,2024
250001,39216,MS,27140,"Jackson, MS",53.3,hcris_blended_x_multiplier,0.7,2024
250002,38852,MS,,Rural / Nonmetro,35.45,bls_oews_state_placeholder,0.4,2024
250004,38801,MS,46180,"Tupelo, MS",56.34,hcris_blended_x_multiplier,0.7,2024
250006,38652,MS,,Rural / Nonmetro,35.45,bls_oews_state_placeholder,0.4,2024
250007,39530,MS,25060,"Gulfport-Biloxi, MS",49.88,hcris_blended_x_multiplier,0.7,2024
250009,38834,MS,18420,"Corinth, MS",44.93,hcris_blended_x_multiplier,0.7,2024
250017,38851,MS,,Rural / Nonmetro,35.45,bls_oews_state_placeholder,0.4,2024
250018,39422,MS,29860,"Laurel, MS",35.45,bls_oews_state_placeholder,0.4,2024
250019,39502,MS,,,56.6,hcris_blended_x_multiplier,0.7,2024
250020,39744,MS,44260,"Starkville, MS",51.58,hcris_blended_x_multiplier,0.7,2024
250025,38821,MS,,Rural / Nonmetro,50.33,hcris_blended_x_multiplier,0.7,2024
250027,39339,MS,,Rural / Nonmetro,36.68,hcris_blended_x_multiplier,0.7,2024
250031,39183,MS,46980,"Vicksburg, MS",52.98,hcris_blended_x_multiplier,0.7,2024
250034,38655,MS,37060,"Oxford, MS",49.34,hcris_blended_x_multiplier,0.7,2024
250036,39452,MS,,Rural / Nonmetro,35.45,bls_oews_state_placeholder,0.4,2024
250038,39046,MS,27140,"Jackson, MS",35.45,bls_oews_state_placeholder,0.4,2024
250040,39581,MS,25060,"Gulfport-Biloxi, MS",54.42,hcris_blended_x_multiplier,0.7,2024
250042,38614,MS,17260,"Clarksdale, MS",53.42,hcris_blended_x_multiplier,0.7,2024
250043,39350,MS,,Rural / Nonmetro,35.45,bls_oews_state_placeholder,0.4,2024
250044,38829,MS,46180,"Tupelo, MS",43.34,hcris_blended_x_multiplier,0.7,2024
250048,39216,MS,27140,"Jackson, MS",51.28,hcris_blended_x_multiplier,0.7,2024
250049,39652,MS,32620,"McComb, MS",35.45,bls_oews_state_placeholder,0.4,2024
250050,39759,MS,44260,"Starkville, MS",35.45,bls_oews_state_placeholder,0.4,2024
250057,39601,MS,15020,"Brookhaven, MS",35.45,bls_oews_state_placeholder,0.4,2024
250058,39440,MS,29860,"Laurel, MS",37.95,hcris_blended_x_multiplier,0.7,2024
250061,38965,MS,37060,"Oxford, MS",35.28,hcris_blended_x_multiplier,0.7,2024
250067,39773,MS,,Rural / Nonmetro,52.25,hcris_blended_x_multiplier,0.7,2024
250069,39301,MS,32940,"Meridian, MS",45.14,hcris_blended_x_multiplier,0.7,2024
250072,39204,MS,27140,"Jackson, MS",50.76,hcris_blended_x_multiplier,0.7,2024
250077,39367,MS,,Rural / Nonmetro,41.47,hcris_blended_x_multiplier,0.7,2024
250078,39401,MS,25620,"Hattiesburg, MS",45.81,hcris_blended_x_multiplier,0.7,2024
250081,39301,MS,32940,"Meridian, MS",52.77,hcris_blended_x_multiplier,0.7,2024
250082,38701,MS,24740,"Greenville, MS",51.16,hcris_blended_x_multiplier,0.7,2024
250084,39120,MS,35020,"Natchez, MS-LA",49.14,hcris_blended_x_multiplier,0.7,2024
250085,39429,MS,,Rural / Nonmetro,42.21,hcris_blended_x_multiplier,0.7,2024
250093,38732,MS,17380,"Cleveland, MS",35.45,bls_oews_state_placeholder,0.4,2024
250094,39402,MS,25620,"Hattiesburg, MS",49.88,hcris_blended_x_multiplier,0.7,2024
250095,38751,MS,,Rural / Nonmetro,44.03,hcris_blended_x_multiplier,0.7,2024
250096,39042,MS,27140,"Jackson, MS",53.02,hcris_blended_x_multiplier,0.7,2024
250097,39649,MS,,,56.83,hcris_blended_x_multiplier,0.7,2024
250099,38930,MS,24900,"Greenwood, MS",35.45,bls_oews_state_placeholder,0.4,2024
250100,39705,MS,18060,"Columbus, MS",45.99,hcris_blended_x_multiplier,0.7,2024
250102,39202,MS,27140,"Jackson, MS",54.95,hcris_blended_x_multiplier,0.7,2024
250104,39301,MS,32940,"Meridian, MS",52.35,hcris_blended_x_multiplier,0.7,2024
250117,39466,MS,38100,"Picayune, MS",50.5,hcris_blended_x_multiplier,0.7,2024
250123,39503,MS,25060,"Gulfport-Biloxi, MS",59.99,hcris_blended_x_multiplier,0.7,2024
250124,39111,MS,27140,"Jackson, MS",41.2,hcris_blended_x_multiplier,0.7,2024
250127,39350,MS,,Rural / Nonmetro,35.45,bls_oews_state_placeholder,0.4,2024
250134,39193,MS,27140,"Jackson, MS",35.45,bls_oews_state_placeholder,0.4,2024
250136,39232,MS,27140,"Jackson, MS",52.65,hcris_blended_x_multiplier,0.7,2024
250138,39232,MS,27140,"Jackson, MS",54.05,hcris_blended_x_multiplier,0.7,2024
250141,38671,MS,32820,"Memphis, TN-MS-AR",35.6,bls_oews_msa,0.9,2024
250151,39301,MS,32940,"Meridian, MS",35.45,bls_oews_state_placeholder,0.4,2024
250152,39216,MS,27140,"Jackson, MS",35.45,bls_oews_state_placeholder,0.4,2024
250162,39520,MS,25060,"Gulfport-Biloxi, MS",51.77,hcris_blended_x_multiplier,0.7,2024
250167,38654,MS,32820,"Memphis, TN-MS-AR",35.6,bls_oews_msa,0.9,2024
250168,38901,MS,24980,"Grenada, MS",62.23,hcris_blended_x_multiplier,0.7,2024
250172,38668,MS,32820,"Memphis, TN-MS-AR",35.6,bls_oews_msa,0.9,2024
250174,38635,MS,32820,"Memphis, TN-MS-AR",35.6,bls_oews_msa,0.9,2024
25039F,39534,MS,25060,"Gulfport-Biloxi, MS",35.45,bls_oews_state_placeholder,0.4,2024
25042F,39531,MS,25060,"Gulfport-Biloxi, MS",35.45,bls_oews_state_placeholder,0.4,2024
25043F,39216,MS,27140,"Jackson, MS",35.45,bls_oews_state_placeholder,0.4,2024
250780,39069,MS,35020,"Natchez, MS-LA",35.45,bls_oews_state_placeholder,0.4,2024
250781,38606,MS,,Rural / Nonmetro,35.45,bls_oews_state_placeholder,0.4,2024
250782,39451,MS,,Rural / Nonmetro,35.45,bls_oews_state_placeholder,0.4,2024
250783,39476,MS,25620,"Hattiesburg, MS",35.45,bls_oews_state_placeholder,0.4,2024
250784,39159,MS,,Rural / Nonmetro,35.45,bls_oews_state_placeholder,0.4,2024
250785,38851,MS,,Rural / Nonmetro,35.45,bls_oews_state_placeholder,0.4,2024
250786,39153,MS,,Rural / Nonmetro,35.45,bls_oews_state_placeholder,0.4,2024
251300,39074,MS,27140,"Jackson, MS",35.45,bls_oews_state_placeholder,0.4,2024
251302,39730,MS,,Rural / Nonmetro,35.45,bls_oews_state_placeholder,0.4,2024
251304,38921,MS,,Rural / Nonmetro,35.45,bls_oews_state_placeholder,0.4,2024
251305,39654,MS,,Rural / Nonmetro,35.45,bls_oews_state_placeholder,0.4,2024
251307,39341,MS,18060,"Columbus, MS",35.45,bls_oews_state_placeholder,0.4,2024
251308,38863,MS,,Rural / Nonmetro,35.45,bls_oews_state_placeholder,0.4,2024
251309,39631,MS,,Rural / Nonmetro,35.45,bls_oews_state_placeholder,0.4,2024
251312,38967,MS,24980,"Grenada, MS",35.45,bls_oews_state_placeholder,0.4,2024
251313,39194,MS,27140,"Jackson, MS",35.45,bls_oews_state_placeholder,0.4,2024
251315,39051,MS,,Rural / Nonmetro,35.45,bls_oews_state_placeholder,0.4,2024
251316,39355,MS,32940,"Meridian, MS",35.45,bls_oews_state_placeholder,0.4,2024
251317,39114,MS,27140,"Jackson, MS",35.45,bls_oews_state_placeholder,0.4,2024
251318,38771,MS,,Rural / Nonmetro,35.45,bls_oews_state_placeholder,0.4,2024
251319,39095,MS,27140,"Jackson, MS",35.45,bls_oews_state_placeholder,0.4,2024
251320,39150,MS,,Rural / Nonmetro,35.45,bls_oews_state_placeholder,0.4,2024
251322,39365,MS,,Rural / Nonmetro,35.45,bls_oews_state_placeholder,0.4,2024
251323,39117,MS,27140,"Jackson, MS",35.45,bls_oews_state_placeholder,0.4,2024
251324,39667,MS,32620,"McComb, MS",35.45,bls_oews_state_placeholder,0.4,2024
251325,39428,MS,,Rural / Nonmetro,35.45,bls_oews_state_placeholder,0.4,2024
251326,39474,MS,,Rural / Nonmetro,35.45,bls_oews_state_placeholder,0.4,2024
251327,39083,MS,27140,"Jackson, MS",35.45,bls_oews_state_placeholder,0.4,2024
251330,39653,MS,,Rural / Nonmetro,35.45,bls_oews_state_placeholder,0.4,2024
251331,38916,MS,,Rural / Nonmetro,35.45,bls_oews_state_placeholder,0.4,2024
251333,39470,MS,38100,"Picayune, MS",35.45,bls_oews_state_placeholder,0.4,2024
251334,39735,MS,,Rural / Nonmetro,35.45,bls_oews_state_placeholder,0.4,2024
251335,39328,MS,,Rural / Nonmetro,35.45,bls_oews_state_placeholder,0.4,2024
251336,39090,MS,,Rural / Nonmetro,35.45,bls_oews_state_placeholder,0.4,2024
251337,38663,MS,,Rural / Nonmetro,35.45,bls_oews_state_placeholder,0.4,2024
251339,38646,MS,,Rural / Nonmetro,35.45,bls_oews_state_placeholder,0.4,2024
252013,38701,MS,24740,"Greenville, MS",35.45,bls_oews_state_placeholder,0.4,2024
254005,38654,MS,32820,"Memphis, TN-MS-AR",35.6,bls_oews_msa,0.9,2024
254007,39232,MS,27140,"Jackson, MS",35.45,bls_oews_state_placeholder,0.4,2024
254008,39475,MS,25620,"Hattiesburg, MS",35.45,bls_oews_state_placeholder,0.4,2024
254009,38804,MS,46180,"Tupelo, MS",35.45,bls_oews_state_placeholder,0.4,2024
254010,39193,MS,27140,"Jackson, MS",35.45,bls_oews_state_placeholder,0.4,2024
254011,39503,MS,25060,"Gulfport-Biloxi, MS",35.45,bls_oews_state_placeholder,0.4,2024
254012,39531,MS,25060,"Gulfport-Biloxi, MS",35.45,bls_oews_state_placeholder,0.4,2024
254013,38801,MS,46180,"Tupelo, MS",35.45,bls_oews_state_placeholder,0.4,2024
254014,39216,MS,27140,"Jackson, MS",35.45,bls_oews_state_placeholder,0.4,2024
260001,64804,MO,27900,"Joplin, MO-KS",48.58,hcris_blended_x_multiplier,0.7,2024
260005,63301,MO,41180,"St. Louis, MO-IL",37.7,bls_oews_msa,0.9,2024
260006,64506,MO,41140,"St. Joseph, MO-KS",75.96,hcris_blended_x_multiplier,0.7,2024
260009,65301,MO,42740,"Sedalia, MO",62.76,hcris_blended_x_multiplier,0.7,2024
260011,65109,MO,27620,"Jefferson City, MO",63.1,hcris_blended_x_multiplier,0.7,2024
260017,65401,MO,40620,"Rolla, MO",49.64,hcris_blended_x_multiplier,0.7,2024
260020,63141,MO,41180,"St. Louis, MO-IL",37.7,bls_oews_msa,0.9,2024
260022,63501,MO,28860,"Kirksville, MO",49.9,hcris_blended_x_multiplier,0.7,2024
260023,63019,MO,41180,"St. Louis, MO-IL",37.7,bls_oews_msa,0.9,2024
260024,65483,MO,,Rural / Nonmetro,47.08,hcris_blended_x_multiplier,0.7,2024
260025,63401,MO,25300,"Hannibal, MO",67.61,hcris_blended_x_multiplier,0.7,2024
260027,64132,MO,28140,"Kansas City, MO-KS",38.3,bls_oews_msa,0.9,2024
26002F,65473,MO,22780,"Fort Leonard Wood, MO",38.1,bls_oews_state_placeholder,0.4,2024
260032,63110,MO,41180,"St. Louis, MO-IL",37.7,bls_oews_msa,0.9,2024
260034,64730,MO,28140,"Kansas City, MO-KS",38.3,bls_oews_msa,0.9,2024
260040,65807,MO,44180,"Springfield, MO",52.3,hcris_blended_x_multiplier,0.7,2024
260048,64108,MO,28140,"Kansas City, MO-KS",38.3,bls_oews_msa,0.9,2024
26004F,64128,MO,28140,"Kansas City, MO-KS",38.3,bls_oews_msa,0.9,2024
260052,63090,MO,41180,"St. Louis, MO-IL",37.7,bls_oews_msa,0.9,2024
260057,64429,MO,41140,"St. Joseph, MO-KS",58.84,hcris_blended_x_multiplier,0.7,2024
260059,65536,MO,30060,"Lebanon, MO",64.44,hcris_blended_x_multiplier,0.7,2024
260061,64772,MO,,Rural / Nonmetro,62.5,hcris_blended_x_multiplier,0.7,2024
260062,64154,MO,28140,"Kansas City, MO-KS",38.3,bls_oews_msa,0.9,2024
260065,65804,MO,44180,"Springfield, MO",64.26,hcris_blended_x_multiplier,0.7,2024
260068,65201,MO,17860,"Columbia, MO",59.19,hcris_blended_x_multiplier,0.7,2024
260070,63851,MO,,Rural / Nonmetro,38.1,bls_oews_state_placeholder,0.4,2024
260074,65270,MO,33620,"Moberly, MO",54.33,hcris_blended_x_multiplier,0.7,2024
260077,63128,MO,41180,"St. Louis, MO-IL",37.7,bls_oews_msa,0.9,2024
260078,65775,MO,48460,"West Plains, MO",51.88,hcris_blended_x_multiplier,0.7,2024
26007F,63901,MO,38740,"Poplar Bluff, MO",38.1,bls_oews_state_placeholder,0.4,2024
260081,63026,MO,41180,"St. Louis, MO-IL",37.7,bls_oews_msa,0.9,2024
260085,64114,MO,28140,"Kansas City, MO-KS",38.3,bls_oews_msa,0.9,2024
260091,63117,MO,41180,"St. Louis, MO-IL",37.7,bls_oews_msa,0.9,2024
260094,65615,MO,,,62.09,hcris_blended_x_multiplier,0.7,2024
260095,64057,MO,28140,"Kansas City, MO-KS",38.3,bls_oews_msa,0.9,2024
260096,64116,MO,28140,"Kansas City, MO-KS",38.3,bls_oews_msa,0.9,2024
260097,64093,MO,47660,"Warrensburg, MO",65.17,hcris_blended_x_multiplier,0.7,2024
26009F,63106,MO,41180,"St. Louis, MO-IL",37.7,bls_oews_msa,0.9,2024
260102,64139,MO,28140,"Kansas City, MO-KS",38.3,bls_oews_msa,0.9,2024
260104,63044,MO,41180,"St. Louis, MO-IL",37.7,bls_oews_msa,0.9,2024
260105,63104,MO,41180,"St. Louis, MO-IL",37.7,bls_oews_msa,0.9,2024
260108,63131,MO,41180,"St. Louis, MO-IL",37.7,bls_oews_msa,0.9,2024
260110,63701,MO,16020,"Cape Girardeau, MO-IL",61.42,hcris_blended_x_multiplier,0.7,2024
260113,63801,MO,43460,"Sikeston, MO",48.57,hcris_blended_x_multiplier,0.7,2024
260119,63901,MO,38740,"Poplar Bluff, MO",53.68,hcris_blended_x_multiplier,0.7,2024
260137,64804,MO,27900,"Joplin, MO-KS",65.3,hcris_blended_x_multiplier,0.7,2024
260138,64111,MO,28140,"Kansas City, MO-KS",38.3,bls_oews_msa,0.9,2024
260141,65212,MO,,,51.66,hcris_blended_x_multiplier,0.7,2024
260142,65340,MO,32180,"Marshall, MO",58.83,hcris_blended_x_multiplier,0.7,2024
260160,63841,MO,,Rural / Nonmetro,56.91,hcris_blended_x_multiplier,0.7,2024
260162,63141,MO,41180,"St. Louis, MO-IL",37.7,bls_oews_msa,0.9,2024
260163,63640,MO,22100,"Farmington, MO",59.81,hcris_blended_x_multiplier,0.7,2024
260175,64735,MO,,Rural / Nonmetro,58.83,hcris_blended_x_multiplier,0.7,2024
260176,63122,MO,41180,"St. Louis, MO-IL",37.7,bls_oews_msa,0.9,2024
260177,64068,MO,28140,"Kansas City, MO-KS",38.3,bls_oews_msa,0.9,2024
260179,63017,MO,41180,"St. Louis, MO-IL",37.7,bls_oews_msa,0.9,2024
260180,63136,MO,41180,"St. Louis, MO-IL",37.7,bls_oews_msa,0.9,2024
260183,63703,MO,16020,"Cape Girardeau, MO-IL",51.95,hcris_blended_x_multiplier,0.7,2024
260186,65065,MO,,Rural / Nonmetro,55.23,hcris_blended_x_multiplier,0.7,2024
260190,64063,MO,28140,"Kansas City, MO-KS",38.3,bls_oews_msa,0.9,2024
260191,63376,MO,41180,"St. Louis, MO-IL",37.7,bls_oews_msa,0.9,2024
260193,64014,MO,28140,"Kansas City, MO-KS",38.3,bls_oews_msa,0.9,2024
260195,65613,MO,44180,"Springfield, MO",62.45,hcris_blended_x_multiplier,0.7,2024
260200,63367,MO,41180,"St. Louis, MO-IL",37.7,bls_oews_msa,0.9,2024
260214,64012,MO,28140,"Kansas City, MO-KS",38.3,bls_oews_msa,0.9,2024
260216,64086,MO,28140,"Kansas City, MO-KS",38.3,bls_oews_msa,0.9,2024
260219,63368,MO,41180,"St. Louis, MO-IL",37.7,bls_oews_msa,0.9,2024
26023F,65201,MO,17860,"Columbia, MO",38.1,bls_oews_state_placeholder,0.4,2024
260779,63628,MO,22100,"Farmington, MO",38.1,bls_oews_state_placeholder,0.4,2024
261301,64724,MO,,Rural / Nonmetro,38.1,bls_oews_state_placeholder,0.4,2024
261302,63645,MO,,Rural / Nonmetro,38.1,bls_oews_state_placeholder,0.4,2024
261303,64446,MO,,Rural / Nonmetro,38.1,bls_oews_state_placeholder,0.4,2024
261305,63565,MO,,Rural / Nonmetro,38.1,bls_oews_state_placeholder,0.4,2024
261306,63556,MO,,Rural / Nonmetro,38.1,bls_oews_state_placeholder,0.4,2024
261307,64628,MO,,Rural / Nonmetro,38.1,bls_oews_state_placeholder,0.4,2024
261308,63664,MO,,Rural / Nonmetro,38.1,bls_oews_state_placeholder,0.4,2024
261309,64683,MO,,Rural / Nonmetro,38.1,bls_oews_state_placeholder,0.4,2024
261310,63555,MO,,Rural / Nonmetro,38.1,bls_oews_state_placeholder,0.4,2024
261311,63775,MO,,Rural / Nonmetro,38.1,bls_oews_state_placeholder,0.4,2024
261312,64424,MO,,Rural / Nonmetro,38.1,bls_oews_state_placeholder,0.4,2024
261313,63552,MO,,Rural / Nonmetro,38.1,bls_oews_state_placeholder,0.4,2024
261314,65041,MO,,Rural / Nonmetro,38.1,bls_oews_state_placeholder,0.4,2024
261316,65605,MO,,Rural / Nonmetro,38.1,bls_oews_state_placeholder,0.4,2024
261317,65625,MO,,Rural / Nonmetro,38.1,bls_oews_state_placeholder,0.4,2024
261318,65560,MO,,Rural / Nonmetro,38.1,bls_oews_state_placeholder,0.4,2024
261319,63379,MO,41180,"St. Louis, MO-IL",37.7,bls_oews_msa,0.9,2024
261320,64067,MO,28140,"Kansas City, MO-KS",38.3,bls_oews_msa,0.9,2024
261321,64601,MO,,Rural / Nonmetro,38.1,bls_oews_state_placeholder,0.4,2024
261322,64024,MO,28140,"Kansas City, MO-KS",38.3,bls_oews_msa,0.9,2024
261323,64744,MO,,Rural / Nonmetro,38.1,bls_oews_state_placeholder,0.4,2024
261324,64701,MO,28140,"Kansas City, MO-KS",38.3,bls_oews_msa,0.9,2024
261325,64759,MO,,Rural / Nonmetro,38.1,bls_oews_state_placeholder,0.4,2024
261327,64085,MO,28140,"Kansas City, MO-KS",38.3,bls_oews_msa,0.9,2024
261328,64402,MO,,Rural / Nonmetro,38.1,bls_oews_state_placeholder,0.4,2024
261329,65708,MO,,Rural / Nonmetro,38.1,bls_oews_state_placeholder,0.4,2024
261330,63670,MO,,Rural / Nonmetro,38.1,bls_oews_state_placeholder,0.4,2024
261331,64850,MO,27900,"Joplin, MO-KS",38.1,bls_oews_state_placeholder,0.4,2024
261332,64633,MO,,Rural / Nonmetro,38.1,bls_oews_state_placeholder,0.4,2024
261333,63353,MO,,Rural / Nonmetro,38.1,bls_oews_state_placeholder,0.4,2024
261335,65548,MO,48460,"West Plains, MO",38.1,bls_oews_state_placeholder,0.4,2024
261336,63663,MO,,Rural / Nonmetro,38.1,bls_oews_state_placeholder,0.4,2024
261337,63080,MO,41180,"St. Louis, MO-IL",37.7,bls_oews_msa,0.9,2024
261338,64836,MO,27900,"Joplin, MO-KS",38.1,bls_oews_state_placeholder,0.4,2024
261340,64468,MO,32340,"Maryville, MO",38.1,bls_oews_state_placeholder,0.4,2024
263301,63110,MO,41180,"St. Louis, MO-IL",37.7,bls_oews_msa,0.9,2024
263302,64108,MO,28140,"Kansas City, MO-KS",38.3,bls_oews_msa,0.9,2024
263303,63043,MO,41180,"St. Louis, MO-IL",37.7,bls_oews_msa,0.9,2024
263304,63110,MO,41180,"St. Louis, MO-IL",37.7,bls_oews_msa,0.9,2024
264004,65251,MO,27620,"Jefferson City, MO",38.1,bls_oews_state_placeholder,0.4,2024
264005,63640,MO,22100,"Farmington, MO",38.1,bls_oews_state_placeholder,0.4,2024
264007,64502,MO,,,38.1,bls_oews_state_placeholder,0.4,2024
264008,64108,MO,28140,"Kansas City, MO-KS",38.3,bls_oews_msa,0.9,2024
264010,63139,MO,41180,"St. Louis, MO-IL",37.7,bls_oews_msa,0.9,2024
264012,63304,MO,41180,"St. Louis, MO-IL",37.7,bls_oews_msa,0.9,2024
264020,65360,MO,,Rural / Nonmetro,38.1,bls_oews_state_placeholder,0.4,2024
264024,65806,MO,44180,"Springfield, MO",38.1,bls_oews_state_placeholder,0.4,2024
264031,65065,MO,,Rural / Nonmetro,38.1,bls_oews_state_placeholder,0.4,2024
264032,65202,MO,17860,"Columbia, MO",38.1,bls_oews_state_placeholder,0.4,2024
264033,65803,MO,44180,"Springfield, MO",38.1,bls_oews_state_placeholder,0.4,2024
264034,63703,MO,16020,"Cape Girardeau, MO-IL",38.1,bls_oews_state_placeholder,0.4,2024
264035,63043,MO,41180,"St. Louis, MO-IL",37.7,bls_oews_msa,0.9,2024
270003,59601,MT,25740,"Helena, MT",39.8,bls_oews_state_placeholder,0.4,2024
270004,59101,MT,13740,"Billings, MT",76.26,hcris_blended_x_multiplier,0.7,2024
270012,59405,MT,24500,"Great Falls, MT",39.8,bls_oews_state_placeholder,0.4,2024
270014,59802,MT,33540,"Missoula, MT",59.26,hcris_blended_x_multiplier,0.7,2024
270017,59701,MT,15580,"Butte-Silver Bow, MT",69.43,hcris_blended_x_multiplier,0.7,2024
270023,59804,MT,33540,"Missoula, MT",67.24,hcris_blended_x_multiplier,0.7,2024
27003F,59636,MT,25740,"Helena, MT",39.8,bls_oews_state_placeholder,0.4,2024
270049,59107,MT,,,67.07,hcris_blended_x_multiplier,0.7,2024
270051,59901,MT,28060,"Kalispell, MT",79.27,hcris_blended_x_multiplier,0.7,2024
270057,59715,MT,14580,"Bozeman, MT",79.14,hcris_blended_x_multiplier,0.7,2024
270074,59417,MT,,Rural / Nonmetro,39.8,bls_oews_state_placeholder,0.4,2024
270086,59405,MT,24500,"Great Falls, MT",62.36,hcris_blended_x_multiplier,0.7,2024
271300,59255,MT,,Rural / Nonmetro,39.8,bls_oews_state_placeholder,0.4,2024
271301,59313,MT,,Rural / Nonmetro,39.8,bls_oews_state_placeholder,0.4,2024
271302,59324,MT,,Rural / Nonmetro,39.8,bls_oews_state_placeholder,0.4,2024
271303,59858,MT,,Rural / Nonmetro,39.8,bls_oews_state_placeholder,0.4,2024
271304,59442,MT,,Rural / Nonmetro,39.8,bls_oews_state_placeholder,0.4,2024
271305,59215,MT,,Rural / Nonmetro,39.8,bls_oews_state_placeholder,0.4,2024
271306,59645,MT,,Rural / Nonmetro,39.8,bls_oews_state_placeholder,0.4,2024
271307,59422,MT,,Rural / Nonmetro,39.8,bls_oews_state_placeholder,0.4,2024
271308,59218,MT,,Rural / Nonmetro,39.8,bls_oews_state_placeholder,0.4,2024
271309,59349,MT,,Rural / Nonmetro,39.8,bls_oews_state_placeholder,0.4,2024
271310,59337,MT,,Rural / Nonmetro,39.8,bls_oews_state_placeholder,0.4,2024
271311,59520,MT,,Rural / Nonmetro,39.8,bls_oews_state_placeholder,0.4,2024
271312,59538,MT,,Rural / Nonmetro,39.8,bls_oews_state_placeholder,0.4,2024
271313,59011,MT,,Rural / Nonmetro,39.8,bls_oews_state_placeholder,0.4,2024
271314,59722,MT,,Rural / Nonmetro,39.8,bls_oews_state_placeholder,0.4,2024
271315,59526,MT,,Rural / Nonmetro,39.8,bls_oews_state_placeholder,0.4,2024
271316,59230,MT,,Rural / Nonmetro,39.8,bls_oews_state_placeholder,0.4,2024
271317,59047,MT,,Rural / Nonmetro,39.8,bls_oews_state_placeholder,0.4,2024
271318,59725,MT,,Rural / Nonmetro,39.8,bls_oews_state_placeholder,0.4,2024
271319,59749,MT,,Rural / Nonmetro,39.8,bls_oews_state_placeholder,0.4,2024
271320,59923,MT,,Rural / Nonmetro,39.8,bls_oews_state_placeholder,0.4,2024
271321,59036,MT,,Rural / Nonmetro,39.8,bls_oews_state_placeholder,0.4,2024
271322,59254,MT,,Rural / Nonmetro,39.8,bls_oews_state_placeholder,0.4,2024
271323,59859,MT,,Rural / Nonmetro,39.8,bls_oews_state_placeholder,0.4,2024
271324,59425,MT,,Rural / Nonmetro,39.8,bls_oews_state_placeholder,0.4,2024
271325,59864,MT,,Rural / Nonmetro,39.8,bls_oews_state_placeholder,0.4,2024
271326,59068,MT,13740,"Billings, MT",39.8,bls_oews_state_placeholder,0.4,2024
271327,59327,MT,,Rural / Nonmetro,39.8,bls_oews_state_placeholder,0.4,2024
271328,59474,MT,,Rural / Nonmetro,39.8,bls_oews_state_placeholder,0.4,2024
271329,59729,MT,,Rural / Nonmetro,39.8,bls_oews_state_placeholder,0.4,2024
271330,59019,MT,13740,"Billings, MT",39.8,bls_oews_state_placeholder,0.4,2024
271331,59872,MT,33540,"Missoula, MT",39.8,bls_oews_state_placeholder,0.4,2024
271332,59330,MT,,Rural / Nonmetro,39.8,bls_oews_state_placeholder,0.4,2024
271333,59644,MT,25740,"Helena, MT",39.8,bls_oews_state_placeholder,0.4,2024
271334,59522,MT,,Rural / Nonmetro,39.8,bls_oews_state_placeholder,0.4,2024
271335,59711,MT,,Rural / Nonmetro,39.8,bls_oews_state_placeholder,0.4,2024
271336,59937,MT,28060,"Kalispell, MT",39.8,bls_oews_state_placeholder,0.4,2024
271337,59427,MT,,Rural / Nonmetro,39.8,bls_oews_state_placeholder,0.4,2024
271338,59034,MT,,Rural / Nonmetro,39.8,bls_oews_state_placeholder,0.4,2024
271339,59022,MT,,Rural / Nonmetro,39.8,bls_oews_state_placeholder,0.4,2024
271340,59840,MT,,Rural / Nonmetro,39.8,bls_oews_state_placeholder,0.4,2024
271341,59201,MT,,Rural / Nonmetro,39.8,bls_oews_state_placeholder,0.4,2024
271342,59263,MT,,Rural / Nonmetro,39.8,bls_oews_state_placeholder,0.4,2024
271343,59860,MT,,Rural / Nonmetro,39.8,bls_oews_state_placeholder,0.4,2024
271344,59270,MT,,Rural / Nonmetro,39.8,bls_oews_state_placeholder,0.4,2024
271345,59457,MT,,Rural / Nonmetro,39.8,bls_oews_state_placeholder,0.4,2024
271346,59072,MT,,Rural / Nonmetro,39.8,bls_oews_state_placeholder,0.4,2024
271347,59301,MT,,Rural / Nonmetro,39.8,bls_oews_state_placeholder,0.4,2024
271348,59501,MT,,Rural / Nonmetro,39.8,bls_oews_state_placeholder,0.4,2024
271389,59716,MT,,Rural / Nonmetro,39.8,bls_oews_state_placeholder,0.4,2024
274004,59601,MT,25740,"Helena, MT",39.8,bls_oews_state_placeholder,0.4,2024
280003,68506,NE,30700,"Lincoln, NE",38.45,bls_oews_state_placeholder,0.4,2024
280009,68848,NE,,,60.45,hcris_blended_x_multiplier,0.7,2024
280013,68198,NE,,,91.55,hcris_blended_x_multiplier,0.7,2024
280020,68510,NE,30700,"Lincoln, NE",61.28,hcris_blended_x_multiplier,0.7,2024
280023,68803,NE,24260,"Grand Island, NE",58.42,hcris_blended_x_multiplier,0.7,2024
280032,68901,NE,25580,"Hastings, NE",38.45,bls_oews_state_placeholder,0.4,2024
280040,68114,NE,36540,"Omaha, NE-IA",62.87,hcris_blended_x_multiplier,0.7,2024
280059,68071,NE,,Rural / Nonmetro,38.45,bls_oews_state_placeholder,0.4,2024
280060,68124,NE,36540,"Omaha, NE-IA",63.36,hcris_blended_x_multiplier,0.7,2024
280061,69361,NE,,Rural / Nonmetro,48.51,hcris_blended_x_multiplier,0.7,2024
280065,69101,NE,35820,"North Platte, NE",80.86,hcris_blended_x_multiplier,0.7,2024
28006F,68105,NE,36540,"Omaha, NE-IA",38.45,bls_oews_state_placeholder,0.4,2024
280077,68025,NE,23340,"Fremont, NE",62.16,hcris_blended_x_multiplier,0.7,2024
280081,68122,NE,36540,"Omaha, NE-IA",64.72,hcris_blended_x_multiplier,0.7,2024
280105,68046,NE,36540,"Omaha, NE-IA",65.72,hcris_blended_x_multiplier,0.7,2024
280111,68601,NE,18100,"Columbus, NE",65.81,hcris_blended_x_multiplier,0.7,2024
280125,68701,NE,35740,"Norfolk, NE",52.05,hcris_blended_x_multiplier,0.7,2024
280127,68506,NE,30700,"Lincoln, NE",38.45,bls_oews_state_placeholder,0.4,2024
280128,68526,NE,30700,"Lincoln, NE",65.3,hcris_blended_x_multiplier,0.7,2024
280129,68144,NE,36540,"Omaha, NE-IA",67.48,hcris_blended_x_multiplier,0.7,2024
280130,68130,NE,36540,"Omaha, NE-IA",73.7,hcris_blended_x_multiplier,0.7,2024
280131,68114,NE,36540,"Omaha, NE-IA",63.59,hcris_blended_x_multiplier,0.7,2024
280132,68123,NE,36540,"Omaha, NE-IA",53.1,hcris_blended_x_multiplier,0.7,2024
280133,68122,NE,36540,"Omaha, NE-IA",68.24,hcris_blended_x_multiplier,0.7,2024
280134,68845,NE,28260,"Kearney, NE",44.67,hcris_blended_x_multiplier,0.7,2024
280139,68803,NE,24260,"Grand Island, NE",62.93,hcris_blended_x_multiplier,0.7,2024
280779,68359,NE,,Rural / Nonmetro,38.45,bls_oews_state_placeholder,0.4,2024
281300,68920,NE,,Rural / Nonmetro,38.45,bls_oews_state_placeholder,0.4,2024
281301,68361,NE,,Rural / Nonmetro,38.45,bls_oews_state_placeholder,0.4,2024
281302,68420,NE,,Rural / Nonmetro,38.45,bls_oews_state_placeholder,0.4,2024
281303,68746,NE,,Rural / Nonmetro,38.45,bls_oews_state_placeholder,0.4,2024
281304,68370,NE,,Rural / Nonmetro,38.45,bls_oews_state_placeholder,0.4,2024
281305,69145,NE,,Rural / Nonmetro,38.45,bls_oews_state_placeholder,0.4,2024
281306,68959,NE,28260,"Kearney, NE",38.45,bls_oews_state_placeholder,0.4,2024
281307,68066,NE,36540,"Omaha, NE-IA",38.45,bls_oews_state_placeholder,0.4,2024
281308,68371,NE,,Rural / Nonmetro,38.45,bls_oews_state_placeholder,0.4,2024
281309,68446,NE,,Rural / Nonmetro,38.45,bls_oews_state_placeholder,0.4,2024
281310,69154,NE,,Rural / Nonmetro,38.45,bls_oews_state_placeholder,0.4,2024
281311,68939,NE,,Rural / Nonmetro,38.45,bls_oews_state_placeholder,0.4,2024
281312,68640,NE,,Rural / Nonmetro,38.45,bls_oews_state_placeholder,0.4,2024
281313,69138,NE,30420,"Lexington, NE",38.45,bls_oews_state_placeholder,0.4,2024
281314,68651,NE,,Rural / Nonmetro,38.45,bls_oews_state_placeholder,0.4,2024
281315,68978,NE,,Rural / Nonmetro,38.45,bls_oews_state_placeholder,0.4,2024
281316,68970,NE,25580,"Hastings, NE",38.45,bls_oews_state_placeholder,0.4,2024
281318,69336,NE,,Rural / Nonmetro,38.45,bls_oews_state_placeholder,0.4,2024
281319,68352,NE,,Rural / Nonmetro,38.45,bls_oews_state_placeholder,0.4,2024
281320,68818,NE,,Rural / Nonmetro,38.45,bls_oews_state_placeholder,0.4,2024
281322,68788,NE,,Rural / Nonmetro,38.45,bls_oews_state_placeholder,0.4,2024
281323,68661,NE,18100,"Columbus, NE",38.45,bls_oews_state_placeholder,0.4,2024
281324,68305,NE,,Rural / Nonmetro,38.45,bls_oews_state_placeholder,0.4,2024
281325,69210,NE,,Rural / Nonmetro,38.45,bls_oews_state_placeholder,0.4,2024
281326,68756,NE,,Rural / Nonmetro,38.45,bls_oews_state_placeholder,0.4,2024
281327,69130,NE,30420,"Lexington, NE",38.45,bls_oews_state_placeholder,0.4,2024
281328,68826,NE,24260,"Grand Island, NE",38.45,bls_oews_state_placeholder,0.4,2024
281329,68763,NE,,Rural / Nonmetro,38.45,bls_oews_state_placeholder,0.4,2024
281331,68729,NE,,Rural / Nonmetro,38.45,bls_oews_state_placeholder,0.4,2024
281332,68632,NE,,Rural / Nonmetro,38.45,bls_oews_state_placeholder,0.4,2024
281333,68714,NE,,Rural / Nonmetro,38.45,bls_oews_state_placeholder,0.4,2024
281334,68620,NE,,Rural / Nonmetro,38.45,bls_oews_state_placeholder,0.4,2024
281335,68825,NE,,Rural / Nonmetro,38.45,bls_oews_state_placeholder,0.4,2024
281336,68467,NE,,Rural / Nonmetro,38.45,bls_oews_state_placeholder,0.4,2024
281338,68873,NE,24260,"Grand Island, NE",38.45,bls_oews_state_placeholder,0.4,2024
281339,68434,NE,30700,"Lincoln, NE",38.45,bls_oews_state_placeholder,0.4,2024
281340,69021,NE,,Rural / Nonmetro,38.45,bls_oews_state_placeholder,0.4,2024
281341,69337,NE,,Rural / Nonmetro,38.45,bls_oews_state_placeholder,0.4,2024
281342,68410,NE,,Rural / Nonmetro,38.45,bls_oews_state_placeholder,0.4,2024
281343,68713,NE,,Rural / Nonmetro,38.45,bls_oews_state_placeholder,0.4,2024
281344,69201,NE,,Rural / Nonmetro,38.45,bls_oews_state_placeholder,0.4,2024
281345,68787,NE,,Rural / Nonmetro,38.45,bls_oews_state_placeholder,0.4,2024
281346,68769,NE,35740,"Norfolk, NE",38.45,bls_oews_state_placeholder,0.4,2024
281347,68765,NE,35740,"Norfolk, NE",38.45,bls_oews_state_placeholder,0.4,2024
281348,69022,NE,,Rural / Nonmetro,38.45,bls_oews_state_placeholder,0.4,2024
281349,68047,NE,,Rural / Nonmetro,38.45,bls_oews_state_placeholder,0.4,2024
281350,68450,NE,,Rural / Nonmetro,38.45,bls_oews_state_placeholder,0.4,2024
281351,69033,NE,,Rural / Nonmetro,38.45,bls_oews_state_placeholder,0.4,2024
281352,68355,NE,,Rural / Nonmetro,38.45,bls_oews_state_placeholder,0.4,2024
281353,68862,NE,,Rural / Nonmetro,38.45,bls_oews_state_placeholder,0.4,2024
281354,68333,NE,,Rural / Nonmetro,38.45,bls_oews_state_placeholder,0.4,2024
281355,69153,NE,,Rural / Nonmetro,38.45,bls_oews_state_placeholder,0.4,2024
281356,69140,NE,,Rural / Nonmetro,38.45,bls_oews_state_placeholder,0.4,2024
281357,69162,NE,,Rural / Nonmetro,38.45,bls_oews_state_placeholder,0.4,2024
281358,69343,NE,,Rural / Nonmetro,38.45,bls_oews_state_placeholder,0.4,2024
281359,68008,NE,36540,"Omaha, NE-IA",38.45,bls_oews_state_placeholder,0.4,2024
281360,69301,NE,,Rural / Nonmetro,38.45,bls_oews_state_placeholder,0.4,2024
281361,68850,NE,30420,"Lexington, NE",38.45,bls_oews_state_placeholder,0.4,2024
281362,68949,NE,,Rural / Nonmetro,38.45,bls_oews_state_placeholder,0.4,2024
281363,69001,NE,,Rural / Nonmetro,38.45,bls_oews_state_placeholder,0.4,2024
281364,68310,NE,13100,"Beatrice, NE",38.45,bls_oews_state_placeholder,0.4,2024
281365,68822,NE,,Rural / Nonmetro,38.45,bls_oews_state_placeholder,0.4,2024
283300,68010,NE,36540,"Omaha, NE-IA",38.45,bls_oews_state_placeholder,0.4,2024
283301,68114,NE,36540,"Omaha, NE-IA",38.45,bls_oews_state_placeholder,0.4,2024
284003,68522,NE,30700,"Lincoln, NE",38.45,bls_oews_state_placeholder,0.4,2024
284009,68105,NE,36540,"Omaha, NE-IA",38.45,bls_oews_state_placeholder,0.4,2024
290001,89502,NV,39900,"Reno, NV",52.4,bls_oews_msa,0.9,2024
290003,89109,NV,29820,"Las Vegas-Henderson-North Las Vegas, NV",54.65,bls_oews_msa,0.9,2024
290005,89030,NV,29820,"Las Vegas-Henderson-North Las Vegas, NV",54.65,bls_oews_msa,0.9,2024
290007,89102,NV,29820,"Las Vegas-Henderson-North Las Vegas, NV",54.65,bls_oews_msa,0.9,2024
290008,89801,NV,21220,"Elko, NV",69.3,hcris_blended_x_multiplier,0.7,2024
290009,89503,NV,39900,"Reno, NV",52.4,bls_oews_msa,0.9,2024
290012,89015,NV,29820,"Las Vegas-Henderson-North Las Vegas, NV",54.65,bls_oews_msa,0.9,2024
290019,89703,NV,16180,"Carson City, NV",63.57,hcris_blended_x_multiplier,0.7,2024
29001F,89191,NV,29820,"Las Vegas-Henderson-North Las Vegas, NV",54.65,bls_oews_msa,0.9,2024
290021,89106,NV,29820,"Las Vegas-Henderson-North Las Vegas, NV",54.65,bls_oews_msa,0.9,2024
29002F,89502,NV,39900,"Reno, NV",52.4,bls_oews_msa,0.9,2024
290032,89434,NV,39900,"Reno, NV",52.4,bls_oews_msa,0.9,2024
290039,89128,NV,29820,"Las Vegas-Henderson-North Las Vegas, NV",54.65,bls_oews_msa,0.9,2024
290041,89144,NV,29820,"Las Vegas-Henderson-North Las Vegas, NV",54.65,bls_oews_msa,0.9,2024
290042,89119,NV,29820,"Las Vegas-Henderson-North Las Vegas, NV",54.65,bls_oews_msa,0.9,2024
290045,89052,NV,29820,"Las Vegas-Henderson-North Las Vegas, NV",54.65,bls_oews_msa,0.9,2024
290046,89118,NV,29820,"Las Vegas-Henderson-North Las Vegas, NV",54.65,bls_oews_msa,0.9,2024
290047,89148,NV,29820,"Las Vegas-Henderson-North Las Vegas, NV",54.65,bls_oews_msa,0.9,2024
290049,89521,NV,39900,"Reno, NV",52.4,bls_oews_msa,0.9,2024
29004F,89086,NV,29820,"Las Vegas-Henderson-North Las Vegas, NV",54.65,bls_oews_msa,0.9,2024
290053,89113,NV,29820,"Las Vegas-Henderson-North Las Vegas, NV",54.65,bls_oews_msa,0.9,2024
290054,89149,NV,29820,"Las Vegas-Henderson-North Las Vegas, NV",54.65,bls_oews_msa,0.9,2024
290057,89011,NV,29820,"Las Vegas-Henderson-North Las Vegas, NV",54.65,bls_oews_msa,0.9,2024
290058,89031,NV,29820,"Las Vegas-Henderson-North Las Vegas, NV",54.65,bls_oews_msa,0.9,2024
290062,89052,NV,29820,"Las Vegas-Henderson-North Las Vegas, NV",54.65,bls_oews_msa,0.9,2024
291300,89415,NV,,Rural / Nonmetro,53.1,bls_oews_state_placeholder,0.4,2024
291301,89451,NV,39900,"Reno, NV",52.4,bls_oews_msa,0.9,2024
291302,89301,NV,,Rural / Nonmetro,53.1,bls_oews_state_placeholder,0.4,2024
291303,89820,NV,,Rural / Nonmetro,53.1,bls_oews_state_placeholder,0.4,2024
291304,89419,NV,,Rural / Nonmetro,53.1,bls_oews_state_placeholder,0.4,2024
291306,89410,NV,23820,"Gardnerville Ranchos, NV-CA",53.1,bls_oews_state_placeholder,0.4,2024
291307,89027,NV,29820,"Las Vegas-Henderson-North Las Vegas, NV",54.65,bls_oews_msa,0.9,2024
291308,89445,NV,49080,"Winnemucca, NV",53.1,bls_oews_state_placeholder,0.4,2024
291309,89005,NV,29820,"Las Vegas-Henderson-North Las Vegas, NV",54.65,bls_oews_msa,0.9,2024
291311,89048,NV,37220,"Pahrump, NV",53.1,bls_oews_state_placeholder,0.4,2024
291312,89008,NV,,Rural / Nonmetro,53.1,bls_oews_state_placeholder,0.4,2024
291313,89406,NV,21980,"Fallon, NV",53.1,bls_oews_state_placeholder,0.4,2024
291314,89447,NV,39900,"Reno, NV",52.4,bls_oews_msa,0.9,2024
294000,89431,NV,39900,"Reno, NV",52.4,bls_oews_msa,0.9,2024
294002,89146,NV,29820,"Las Vegas-Henderson-North Las Vegas, NV",54.65,bls_oews_msa,0.9,2024
294010,89146,NV,29820,"Las Vegas-Henderson-North Las Vegas, NV",54.65,bls_oews_msa,0.9,2024
294011,89117,NV,29820,"Las Vegas-Henderson-North Las Vegas, NV",54.65,bls_oews_msa,0.9,2024
294012,89052,NV,29820,"Las Vegas-Henderson-North Las Vegas, NV",54.65,bls_oews_msa,0.9,2024
294013,89109,NV,29820,"Las Vegas-Henderson-North Las Vegas, NV",54.65,bls_oews_msa,0.9,2024
294015,89511,NV,39900,"Reno, NV",52.4,bls_oews_msa,0.9,2024
294016,89103,NV,29820,"Las Vegas-Henderson-North Las Vegas, NV",54.65,bls_oews_msa,0.9,2024
300001,03301,NH,18180,"Concord, NH",71.19,hcris_blended_x_multiplier,0.7,2024
300003,03756,NH,,,71.96,hcris_blended_x_multiplier,0.7,2024
300005,03246,NH,29060,"Laconia, NH",66.98,hcris_blended_x_multiplier,0.7,2024
300011,03060,NH,31700,"Manchester-Nashua, NH",44.65,bls_oews_msa,0.9,2024
300012,03103,NH,31700,"Manchester-Nashua, NH",44.65,bls_oews_msa,0.9,2024
300014,03867,NH,14460,"Boston-Cambridge-Newton, MA-NH",56.95,bls_oews_msa,0.9,2024
300017,03038,NH,14460,"Boston-Cambridge-Newton, MA-NH",56.95,bls_oews_msa,0.9,2024
300018,03820,NH,14460,"Boston-Cambridge-Newton, MA-NH",56.95,bls_oews_msa,0.9,2024
300019,03431,NH,28300,"Keene, NH",57.15,hcris_blended_x_multiplier,0.7,2024
300020,03060,NH,31700,"Manchester-Nashua, NH",44.65,bls_oews_msa,0.9,2024
300023,03833,NH,14460,"Boston-Cambridge-Newton, MA-NH",56.95,bls_oews_msa,0.9,2024
300029,03801,NH,14460,"Boston-Cambridge-Newton, MA-NH",56.95,bls_oews_msa,0.9,2024
300034,03102,NH,31700,"Manchester-Nashua, NH",44.65,bls_oews_msa,0.9,2024
301300,03576,NH,,Rural / Nonmetro,44.65,bls_oews_state_placeholder,0.4,2024
301301,03785,NH,30150,"Lebanon-Claremont, NH-VT",44.65,bls_oews_state_placeholder,0.4,2024
301302,03561,NH,30150,"Lebanon-Claremont, NH-VT",44.65,bls_oews_state_placeholder,0.4,2024
301303,03584,NH,,Rural / Nonmetro,44.65,bls_oews_state_placeholder,0.4,2024
301304,03257,NH,18180,"Concord, NH",44.65,bls_oews_state_placeholder,0.4,2024
301305,03766,NH,30150,"Lebanon-Claremont, NH-VT",44.65,bls_oews_state_placeholder,0.4,2024
301306,03235,NH,18180,"Concord, NH",44.65,bls_oews_state_placeholder,0.4,2024
301307,03860,NH,,Rural / Nonmetro,44.65,bls_oews_state_placeholder,0.4,2024
301308,03743,NH,30150,"Lebanon-Claremont, NH-VT",44.65,bls_oews_state_placeholder,0.4,2024
301309,03458,NH,31700,"Manchester-Nashua, NH",44.65,bls_oews_msa,0.9,2024
301310,03570,NH,,Rural / Nonmetro,44.65,bls_oews_state_placeholder,0.4,2024
301311,03264,NH,30150,"Lebanon-Claremont, NH-VT",44.65,bls_oews_state_placeholder,0.4,2024
301312,03894,NH,,Rural / Nonmetro,44.65,bls_oews_state_placeholder,0.4,2024
304000,03301,NH,18180,"Concord, NH",44.65,bls_oews_state_placeholder,0.4,2024
304001,03841,NH,14460,"Boston-Cambridge-Newton, MA-NH",56.95,bls_oews_msa,0.9,2024
310001,07601,NJ,35620,"New York-Newark-Jersey City, NY-NJ",56.1,bls_oews_msa,0.9,2024
310002,07112,NJ,35620,"New York-Newark-Jersey City, NY-NJ",56.1,bls_oews_msa,0.9,2024
310003,07047,NJ,35620,"New York-Newark-Jersey City, NY-NJ",56.1,bls_oews_msa,0.9,2024
310005,08822,NJ,35620,"New York-Newark-Jersey City, NY-NJ",56.1,bls_oews_msa,0.9,2024
310006,07055,NJ,35620,"New York-Newark-Jersey City, NY-NJ",56.1,bls_oews_msa,0.9,2024
310008,07666,NJ,35620,"New York-Newark-Jersey City, NY-NJ",56.1,bls_oews_msa,0.9,2024
310009,07109,NJ,35620,"New York-Newark-Jersey City, NY-NJ",56.1,bls_oews_msa,0.9,2024
310010,08536,NJ,35620,"New York-Newark-Jersey City, NY-NJ",56.1,bls_oews_msa,0.9,2024
310011,08210,NJ,12100,"Atlantic City-Hammonton, NJ",58.73,hcris_blended_x_multiplier,0.7,2024
310012,07652,NJ,35620,"New York-Newark-Jersey City, NY-NJ",56.1,bls_oews_msa,0.9,2024
310014,08103,NJ,37980,"Philadelphia-Camden-Wilmington, PA-NJ-DE-MD",47.3,bls_oews_msa,0.9,2024
310015,07962,NJ,,,71.79,hcris_blended_x_multiplier,0.7,2024
310016,07306,NJ,35620,"New York-Newark-Jersey City, NY-NJ",56.1,bls_oews_msa,0.9,2024
310017,07444,NJ,35620,"New York-Newark-Jersey City, NY-NJ",56.1,bls_oews_msa,0.9,2024
310019,07503,NJ,35620,"New York-Newark-Jersey City, NY-NJ",56.1,bls_oews_msa,0.9,2024
31001F,07018,NJ,35620,"New York-Newark-Jersey City, NY-NJ",56.1,bls_oews_msa,0.9,2024
310022,08043,NJ,37980,"Philadelphia-Camden-Wilmington, PA-NJ-DE-MD",47.3,bls_oews_msa,0.9,2024
310024,07065,NJ,35620,"New York-Newark-Jersey City, NY-NJ",56.1,bls_oews_msa,0.9,2024
310025,07002,NJ,35620,"New York-Newark-Jersey City, NY-NJ",56.1,bls_oews_msa,0.9,2024
310027,07207,NJ,,,58.48,hcris_blended_x_multiplier,0.7,2024
310028,07860,NJ,35620,"New York-Newark-Jersey City, NY-NJ",56.1,bls_oews_msa,0.9,2024
310029,08103,NJ,37980,"Philadelphia-Camden-Wilmington, PA-NJ-DE-MD",47.3,bls_oews_msa,0.9,2024
310031,08015,NJ,37980,"Philadelphia-Camden-Wilmington, PA-NJ-DE-MD",47.3,bls_oews_msa,0.9,2024
310032,08360,NJ,47220,"Vineland, NJ",59.88,hcris_blended_x_multiplier,0.7,2024
310034,07701,NJ,35620,"New York-Newark-Jersey City, NY-NJ",56.1,bls_oews_msa,0.9,2024
310038,08901,NJ,35620,"New York-Newark-Jersey City, NY-NJ",56.1,bls_oews_msa,0.9,2024
310039,08861,NJ,35620,"New York-Newark-Jersey City, NY-NJ",56.1,bls_oews_msa,0.9,2024
310040,07030,NJ,35620,"New York-Newark-Jersey City, NY-NJ",56.1,bls_oews_msa,0.9,2024
310041,08755,NJ,35620,"New York-Newark-Jersey City, NY-NJ",56.1,bls_oews_msa,0.9,2024
310044,08534,NJ,45940,"Trenton-Princeton, NJ",80.91,hcris_blended_x_multiplier,0.7,2024
310045,07631,NJ,35620,"New York-Newark-Jersey City, NY-NJ",56.1,bls_oews_msa,0.9,2024
310047,08244,NJ,12100,"Atlantic City-Hammonton, NJ",59.5,hcris_blended_x_multiplier,0.7,2024
310048,08876,NJ,35620,"New York-Newark-Jersey City, NY-NJ",56.1,bls_oews_msa,0.9,2024
310050,07834,NJ,35620,"New York-Newark-Jersey City, NY-NJ",56.1,bls_oews_msa,0.9,2024
310051,07901,NJ,35620,"New York-Newark-Jersey City, NY-NJ",56.1,bls_oews_msa,0.9,2024
310052,08724,NJ,35620,"New York-Newark-Jersey City, NY-NJ",56.1,bls_oews_msa,0.9,2024
310054,07042,NJ,35620,"New York-Newark-Jersey City, NY-NJ",56.1,bls_oews_msa,0.9,2024
310057,08060,NJ,37980,"Philadelphia-Camden-Wilmington, PA-NJ-DE-MD",47.3,bls_oews_msa,0.9,2024
310058,07652,NJ,35620,"New York-Newark-Jersey City, NY-NJ",56.1,bls_oews_msa,0.9,2024
310060,08865,NJ,10900,"Allentown-Bethlehem-Easton, PA-NJ",60.98,hcris_blended_x_multiplier,0.7,2024
310061,08046,NJ,37980,"Philadelphia-Camden-Wilmington, PA-NJ-DE-MD",47.3,bls_oews_msa,0.9,2024
310064,08401,NJ,12100,"Atlantic City-Hammonton, NJ",59.28,hcris_blended_x_multiplier,0.7,2024
310069,08318,NJ,37980,"Philadelphia-Camden-Wilmington, PA-NJ-DE-MD",47.3,bls_oews_msa,0.9,2024
310070,08901,NJ,35620,"New York-Newark-Jersey City, NY-NJ",56.1,bls_oews_msa,0.9,2024
310073,07754,NJ,,,70.62,hcris_blended_x_multiplier,0.7,2024
310074,07302,NJ,35620,"New York-Newark-Jersey City, NY-NJ",56.1,bls_oews_msa,0.9,2024
310075,07740,NJ,35620,"New York-Newark-Jersey City, NY-NJ",56.1,bls_oews_msa,0.9,2024
310076,07039,NJ,35620,"New York-Newark-Jersey City, NY-NJ",56.1,bls_oews_msa,0.9,2024
310083,07018,NJ,35620,"New York-Newark-Jersey City, NY-NJ",56.1,bls_oews_msa,0.9,2024
310084,08701,NJ,35620,"New York-Newark-Jersey City, NY-NJ",56.1,bls_oews_msa,0.9,2024
310086,08084,NJ,37980,"Philadelphia-Camden-Wilmington, PA-NJ-DE-MD",47.3,bls_oews_msa,0.9,2024
310092,08638,NJ,45940,"Trenton-Princeton, NJ",69.93,hcris_blended_x_multiplier,0.7,2024
310096,07102,NJ,35620,"New York-Newark-Jersey City, NY-NJ",56.1,bls_oews_msa,0.9,2024
310108,08818,NJ,,,67.31,hcris_blended_x_multiplier,0.7,2024
310110,08690,NJ,45940,"Trenton-Princeton, NJ",61.68,hcris_blended_x_multiplier,0.7,2024
310111,07728,NJ,35620,"New York-Newark-Jersey City, NY-NJ",56.1,bls_oews_msa,0.9,2024
310112,07733,NJ,35620,"New York-Newark-Jersey City, NY-NJ",56.1,bls_oews_msa,0.9,2024
310113,08050,NJ,35620,"New York-Newark-Jersey City, NY-NJ",56.1,bls_oews_msa,0.9,2024
310115,07840,NJ,10900,"Allentown-Bethlehem-Easton, PA-NJ",67.26,hcris_blended_x_multiplier,0.7,2024
310118,07094,NJ,35620,"New York-Newark-Jersey City, NY-NJ",56.1,bls_oews_msa,0.9,2024
310119,07103,NJ,35620,"New York-Newark-Jersey City, NY-NJ",56.1,bls_oews_msa,0.9,2024
310130,07675,NJ,35620,"New York-Newark-Jersey City, NY-NJ",56.1,bls_oews_msa,0.9,2024
312024,07107,NJ,35620,"New York-Newark-Jersey City, NY-NJ",56.1,bls_oews_msa,0.9,2024
313300,08901,NJ,35620,"New York-Newark-Jersey City, NY-NJ",56.1,bls_oews_msa,0.9,2024
313302,08053,NJ,37980,"Philadelphia-Camden-Wilmington, PA-NJ-DE-MD",47.3,bls_oews_msa,0.9,2024
314001,07901,NJ,35620,"New York-Newark-Jersey City, NY-NJ",56.1,bls_oews_msa,0.9,2024
314005,08037,NJ,12100,"Atlantic City-Hammonton, NJ",50.95,bls_oews_state_placeholder,0.4,2024
314011,08854,NJ,35620,"New York-Newark-Jersey City, NY-NJ",56.1,bls_oews_msa,0.9,2024
314012,08502,NJ,35620,"New York-Newark-Jersey City, NY-NJ",56.1,bls_oews_msa,0.9,2024
314013,08625,NJ,,,50.95,bls_oews_state_placeholder,0.4,2024
314016,07950,NJ,35620,"New York-Newark-Jersey City, NY-NJ",56.1,bls_oews_msa,0.9,2024
314018,08012,NJ,37980,"Philadelphia-Camden-Wilmington, PA-NJ-DE-MD",47.3,bls_oews_msa,0.9,2024
314019,07481,NJ,35620,"New York-Newark-Jersey City, NY-NJ",56.1,bls_oews_msa,0.9,2024
314020,07009,NJ,35620,"New York-Newark-Jersey City, NY-NJ",56.1,bls_oews_msa,0.9,2024
314021,08060,NJ,37980,"Philadelphia-Camden-Wilmington, PA-NJ-DE-MD",47.3,bls_oews_msa,0.9,2024
314022,08755,NJ,35620,"New York-Newark-Jersey City, NY-NJ",56.1,bls_oews_msa,0.9,2024
314023,08068,NJ,37980,"Philadelphia-Camden-Wilmington, PA-NJ-DE-MD",47.3,bls_oews_msa,0.9,2024
314024,07094,NJ,35620,"New York-Newark-Jersey City, NY-NJ",56.1,bls_oews_msa,0.9,2024
314027,07922,NJ,35620,"New York-Newark-Jersey City, NY-NJ",56.1,bls_oews_msa,0.9,2024
320001,87106,NM,10740,"Albuquerque, NM",54.18,hcris_blended_x_multiplier,0.7,2024
320002,87505,NM,42140,"Santa Fe, NM",77.88,hcris_blended_x_multiplier,0.7,2024
320004,88310,NM,10460,"Alamogordo, NM",49.62,hcris_blended_x_multiplier,0.7,2024
320005,87401,NM,22140,"Farmington, NM",68.6,hcris_blended_x_multiplier,0.7,2024
320006,88201,NM,40740,"Roswell, NM",57.81,hcris_blended_x_multiplier,0.7,2024
320009,87102,NM,10740,"Albuquerque, NM",31.28,hcris_blended_x_multiplier,0.7,2024
320011,87532,NM,21580,"Española, NM",81.09,hcris_blended_x_multiplier,0.7,2024
320017,87109,NM,10740,"Albuquerque, NM",30.18,hcris_blended_x_multiplier,0.7,2024
320018,88011,NM,29740,"Las Cruces, NM",60.87,hcris_blended_x_multiplier,0.7,2024
320021,87106,NM,10740,"Albuquerque, NM",76.94,hcris_blended_x_multiplier,0.7,2024
320022,88101,NM,17580,"Clovis, NM",62.8,hcris_blended_x_multiplier,0.7,2024
320030,88210,NM,16100,"Carlsbad-Artesia, NM",63.04,hcris_blended_x_multiplier,0.7,2024
320033,87544,NM,10740,"Albuquerque, NM",71.53,hcris_blended_x_multiplier,0.7,2024
320057,87501,NM,42140,"Santa Fe, NM",42.75,bls_oews_state_placeholder,0.4,2024
320059,87420,NM,22140,"Farmington, NM",42.75,bls_oews_state_placeholder,0.4,2024
32005F,87108,NM,10740,"Albuquerque, NM",42.75,bls_oews_state_placeholder,0.4,2024
320060,87327,NM,23700,"Gallup, NM",42.75,bls_oews_state_placeholder,0.4,2024
320061,87301,NM,23700,"Gallup, NM",42.75,bls_oews_state_placeholder,0.4,2024
320062,87313,NM,23700,"Gallup, NM",42.75,bls_oews_state_placeholder,0.4,2024
320063,88220,NM,16100,"Carlsbad-Artesia, NM",59.09,hcris_blended_x_multiplier,0.7,2024
320065,88240,NM,26020,"Hobbs, NM",58.25,hcris_blended_x_multiplier,0.7,2024
320074,87114,NM,10740,"Albuquerque, NM",63.63,hcris_blended_x_multiplier,0.7,2024
320084,88130,NM,17580,"Clovis, NM",57.27,hcris_blended_x_multiplier,0.7,2024
320085,88011,NM,29740,"Las Cruces, NM",51.98,hcris_blended_x_multiplier,0.7,2024
320086,88201,NM,40740,"Roswell, NM",59.74,hcris_blended_x_multiplier,0.7,2024
320090,87507,NM,42140,"Santa Fe, NM",72.45,hcris_blended_x_multiplier,0.7,2024
320091,88001,NM,29740,"Las Cruces, NM",64.01,hcris_blended_x_multiplier,0.7,2024
320779,88435,NM,,Rural / Nonmetro,41.54,hcris_blended_x_multiplier,0.7,2024
321300,87901,NM,,Rural / Nonmetro,42.75,bls_oews_state_placeholder,0.4,2024
321301,87801,NM,,Rural / Nonmetro,42.75,bls_oews_state_placeholder,0.4,2024
321302,88401,NM,,Rural / Nonmetro,42.75,bls_oews_state_placeholder,0.4,2024
321304,88415,NM,,Rural / Nonmetro,42.75,bls_oews_state_placeholder,0.4,2024
321305,88260,NM,26020,"Hobbs, NM",42.75,bls_oews_state_placeholder,0.4,2024
321306,88345,NM,40760,"Ruidoso, NM",42.75,bls_oews_state_placeholder,0.4,2024
321307,87740,NM,,Rural / Nonmetro,42.75,bls_oews_state_placeholder,0.4,2024
321308,87020,NM,,Rural / Nonmetro,42.75,bls_oews_state_placeholder,0.4,2024
321309,88031,NM,,,42.75,bls_oews_state_placeholder,0.4,2024
321310,87571,NM,45340,"Taos, NM",42.75,bls_oews_state_placeholder,0.4,2024
321311,88061,NM,43500,"Silver City, NM",42.75,bls_oews_state_placeholder,0.4,2024
321312,87701,NM,29780,"Las Vegas, NM",42.75,bls_oews_state_placeholder,0.4,2024
321313,87301,NM,23700,"Gallup, NM",42.75,bls_oews_state_placeholder,0.4,2024
324010,88012,NM,29740,"Las Cruces, NM",42.75,bls_oews_state_placeholder,0.4,2024
324012,88008,NM,29740,"Las Cruces, NM",42.75,bls_oews_state_placeholder,0.4,2024
324013,87108,NM,10740,"Albuquerque, NM",42.75,bls_oews_state_placeholder,0.4,2024
324014,87102,NM,10740,"Albuquerque, NM",49.49,hcris_blended_x_multiplier,0.7,2024
330005,14210,NY,15380,"Buffalo-Cheektowaga, NY",65.41,hcris_blended_x_multiplier,0.7,2024
330006,10701,NY,35620,"New York-Newark-Jersey City, NY-NJ",56.1,bls_oews_msa,0.9,2024
330009,10456,NY,35620,"New York-Newark-Jersey City, NY-NJ",56.1,bls_oews_msa,0.9,2024
330011,13905,NY,13780,"Binghamton, NY",43.95,bls_oews_msa,0.9,2024
330013,12208,NY,10580,"Albany-Schenectady-Troy, NY",53.93,hcris_blended_x_multiplier,0.7,2024
330014,11418,NY,35620,"New York-Newark-Jersey City, NY-NJ",56.1,bls_oews_msa,0.9,2024
330019,11229,NY,35620,"New York-Newark-Jersey City, NY-NJ",56.1,bls_oews_msa,0.9,2024
330023,12601,NY,28880,"Kiryas Joel-Poughkeepsie-Newburgh, NY",66.32,hcris_blended_x_multiplier,0.7,2024
330024,10029,NY,35620,"New York-Newark-Jersey City, NY-NJ",56.1,bls_oews_msa,0.9,2024
330027,11554,NY,35620,"New York-Newark-Jersey City, NY-NJ",56.1,bls_oews_msa,0.9,2024
330028,10310,NY,35620,"New York-Newark-Jersey City, NY-NJ",56.1,bls_oews_msa,0.9,2024
330030,14513,NY,40380,"Rochester, NY",58.27,hcris_blended_x_multiplier,0.7,2024
330033,13815,NY,,Rural / Nonmetro,56.92,hcris_blended_x_multiplier,0.7,2024
330043,11706,NY,35620,"New York-Newark-Jersey City, NY-NJ",56.1,bls_oews_msa,0.9,2024
330044,13503,NY,,,63.46,hcris_blended_x_multiplier,0.7,2024
330045,11743,NY,35620,"New York-Newark-Jersey City, NY-NJ",56.1,bls_oews_msa,0.9,2024
330046,10019,NY,35620,"New York-Newark-Jersey City, NY-NJ",56.1,bls_oews_msa,0.9,2024
330047,12010,NY,11220,"Amsterdam, NY",52.85,bls_oews_state_placeholder,0.4,2024
330049,12572,NY,28880,"Kiryas Joel-Poughkeepsie-Newburgh, NY",67.38,hcris_blended_x_multiplier,0.7,2024
330055,11355,NY,35620,"New York-Newark-Jersey City, NY-NJ",56.1,bls_oews_msa,0.9,2024
330056,11201,NY,35620,"New York-Newark-Jersey City, NY-NJ",56.1,bls_oews_msa,0.9,2024
330057,12208,NY,10580,"Albany-Schenectady-Troy, NY",63.41,hcris_blended_x_multiplier,0.7,2024
330058,14456,NY,40380,"Rochester, NY",52.85,bls_oews_state_placeholder,0.4,2024
330059,10467,NY,35620,"New York-Newark-Jersey City, NY-NJ",56.1,bls_oews_msa,0.9,2024
330060,13619,NY,48060,"Watertown-Fort Drum, NY",52.85,bls_oews_state_placeholder,0.4,2024
330065,14302,NY,15380,"Buffalo-Cheektowaga, NY",52.85,bls_oews_state_placeholder,0.4,2024
330073,14020,NY,12860,"Batavia, NY",65.0,hcris_blended_x_multiplier,0.7,2024
330074,14424,NY,40380,"Rochester, NY",52.85,bls_oews_state_placeholder,0.4,2024
330078,14214,NY,15380,"Buffalo-Cheektowaga, NY",64.78,hcris_blended_x_multiplier,0.7,2024
330079,12983,NY,,Rural / Nonmetro,52.85,bls_oews_state_placeholder,0.4,2024
330080,10451,NY,35620,"New York-Newark-Jersey City, NY-NJ",56.1,bls_oews_msa,0.9,2024
330085,13820,NY,36580,"Oneonta, NY",62.62,hcris_blended_x_multiplier,0.7,2024
330086,10550,NY,35620,"New York-Newark-Jersey City, NY-NJ",56.1,bls_oews_msa,0.9,2024
330090,14905,NY,21300,"Elmira, NY",61.18,hcris_blended_x_multiplier,0.7,2024
330094,12534,NY,26460,"Hudson, NY",60.56,hcris_blended_x_multiplier,0.7,2024
330096,14895,NY,,Rural / Nonmetro,54.94,hcris_blended_x_multiplier,0.7,2024
33009F,12208,NY,10580,"Albany-Schenectady-Troy, NY",52.85,bls_oews_state_placeholder,0.4,2024
330100,10003,NY,35620,"New York-Newark-Jersey City, NY-NJ",56.1,bls_oews_msa,0.9,2024
330101,10065,NY,35620,"New York-Newark-Jersey City, NY-NJ",56.1,bls_oews_msa,0.9,2024
330102,14217,NY,15380,"Buffalo-Cheektowaga, NY",61.17,hcris_blended_x_multiplier,0.7,2024
330103,14760,NY,36460,"Olean, NY",41.58,hcris_blended_x_multiplier,0.7,2024
330104,10960,NY,35620,"New York-Newark-Jersey City, NY-NJ",56.1,bls_oews_msa,0.9,2024
330106,11030,NY,35620,"New York-Newark-Jersey City, NY-NJ",56.1,bls_oews_msa,0.9,2024
330107,11901,NY,35620,"New York-Newark-Jersey City, NY-NJ",56.1,bls_oews_msa,0.9,2024
330111,14141,NY,15380,"Buffalo-Cheektowaga, NY",49.9,hcris_blended_x_multiplier,0.7,2024
330115,13421,NY,45060,"Syracuse, NY",56.63,hcris_blended_x_multiplier,0.7,2024
330119,10075,NY,35620,"New York-Newark-Jersey City, NY-NJ",56.1,bls_oews_msa,0.9,2024
33011F,14810,NY,18500,"Corning, NY",52.85,bls_oews_state_placeholder,0.4,2024
330125,14621,NY,40380,"Rochester, NY",67.66,hcris_blended_x_multiplier,0.7,2024
330126,10940,NY,28880,"Kiryas Joel-Poughkeepsie-Newburgh, NY",68.35,hcris_blended_x_multiplier,0.7,2024
330127,10461,NY,35620,"New York-Newark-Jersey City, NY-NJ",56.1,bls_oews_msa,0.9,2024
330128,11373,NY,35620,"New York-Newark-Jersey City, NY-NJ",56.1,bls_oews_msa,0.9,2024
33012F,14215,NY,15380,"Buffalo-Cheektowaga, NY",52.85,bls_oews_state_placeholder,0.4,2024
330135,12771,NY,28880,"Kiryas Joel-Poughkeepsie-Newburgh, NY",52.85,bls_oews_state_placeholder,0.4,2024
330136,13326,NY,36580,"Oneonta, NY",52.85,bls_oews_state_placeholder,0.4,2024
330140,13203,NY,45060,"Syracuse, NY",62.02,hcris_blended_x_multiplier,0.7,2024
330141,11772,NY,35620,"New York-Newark-Jersey City, NY-NJ",56.1,bls_oews_msa,0.9,2024
330151,14843,NY,18500,"Corning, NY",54.11,hcris_blended_x_multiplier,0.7,2024
330153,12308,NY,10580,"Albany-Schenectady-Troy, NY",52.85,bls_oews_state_placeholder,0.4,2024
330157,13601,NY,48060,"Watertown-Fort Drum, NY",59.35,hcris_blended_x_multiplier,0.7,2024
330158,10901,NY,35620,"New York-Newark-Jersey City, NY-NJ",56.1,bls_oews_msa,0.9,2024
33015F,10548,NY,35620,"New York-Newark-Jersey City, NY-NJ",56.1,bls_oews_msa,0.9,2024
330160,10305,NY,35620,"New York-Newark-Jersey City, NY-NJ",56.1,bls_oews_msa,0.9,2024
330162,10549,NY,35620,"New York-Newark-Jersey City, NY-NJ",56.1,bls_oews_msa,0.9,2024
330164,14617,NY,40380,"Rochester, NY",67.93,hcris_blended_x_multiplier,0.7,2024
330166,14787,NY,27460,"Jamestown-Dunkirk, NY",50.81,hcris_blended_x_multiplier,0.7,2024
330169,10003,NY,35620,"New York-Newark-Jersey City, NY-NJ",56.1,bls_oews_msa,0.9,2024
33016F,10468,NY,35620,"New York-Newark-Jersey City, NY-NJ",56.1,bls_oews_msa,0.9,2024
330175,13045,NY,18660,"Cortland, NY",52.85,bls_oews_state_placeholder,0.4,2024
33017F,10010,NY,35620,"New York-Newark-Jersey City, NY-NJ",56.1,bls_oews_msa,0.9,2024
330180,12180,NY,10580,"Albany-Schenectady-Troy, NY",66.02,hcris_blended_x_multiplier,0.7,2024
330181,11542,NY,35620,"New York-Newark-Jersey City, NY-NJ",56.1,bls_oews_msa,0.9,2024
330182,11576,NY,35620,"New York-Newark-Jersey City, NY-NJ",56.1,bls_oews_msa,0.9,2024
330184,10802,NY,,,77.04,hcris_blended_x_multiplier,0.7,2024
330185,11777,NY,35620,"New York-Newark-Jersey City, NY-NJ",56.1,bls_oews_msa,0.9,2024
330188,14092,NY,15380,"Buffalo-Cheektowaga, NY",66.0,hcris_blended_x_multiplier,0.7,2024
330191,12801,NY,24020,"Glens Falls, NY",62.22,hcris_blended_x_multiplier,0.7,2024
330193,11355,NY,35620,"New York-Newark-Jersey City, NY-NJ",56.1,bls_oews_msa,0.9,2024
330194,11219,NY,35620,"New York-Newark-Jersey City, NY-NJ",56.1,bls_oews_msa,0.9,2024
330195,11040,NY,35620,"New York-Newark-Jersey City, NY-NJ",56.1,bls_oews_msa,0.9,2024
330196,11235,NY,35620,"New York-Newark-Jersey City, NY-NJ",56.1,bls_oews_msa,0.9,2024
330197,13676,NY,32390,"Massena-Ogdensburg, NY",77.34,hcris_blended_x_multiplier,0.7,2024
330198,11572,NY,35620,"New York-Newark-Jersey City, NY-NJ",56.1,bls_oews_msa,0.9,2024
330199,10029,NY,35620,"New York-Newark-Jersey City, NY-NJ",56.1,bls_oews_msa,0.9,2024
33019F,11768,NY,35620,"New York-Newark-Jersey City, NY-NJ",56.1,bls_oews_msa,0.9,2024
330202,11203,NY,35620,"New York-Newark-Jersey City, NY-NJ",56.1,bls_oews_msa,0.9,2024
330203,13210,NY,45060,"Syracuse, NY",67.13,hcris_blended_x_multiplier,0.7,2024
330204,10016,NY,35620,"New York-Newark-Jersey City, NY-NJ",56.1,bls_oews_msa,0.9,2024
330205,10990,NY,28880,"Kiryas Joel-Poughkeepsie-Newburgh, NY",57.62,hcris_blended_x_multiplier,0.7,2024
330208,10701,NY,35620,"New York-Newark-Jersey City, NY-NJ",56.1,bls_oews_msa,0.9,2024
33020F,11209,NY,35620,"New York-Newark-Jersey City, NY-NJ",56.1,bls_oews_msa,0.9,2024
330214,10016,NY,35620,"New York-Newark-Jersey City, NY-NJ",56.1,bls_oews_msa,0.9,2024
330215,13440,NY,46540,"Utica-Rome, NY",52.77,hcris_blended_x_multiplier,0.7,2024
330218,13069,NY,45060,"Syracuse, NY",60.8,hcris_blended_x_multiplier,0.7,2024
330219,14215,NY,15380,"Buffalo-Cheektowaga, NY",65.65,hcris_blended_x_multiplier,0.7,2024
330221,11237,NY,35620,"New York-Newark-Jersey City, NY-NJ",56.1,bls_oews_msa,0.9,2024
330222,12866,NY,10580,"Albany-Schenectady-Troy, NY",52.85,bls_oews_state_placeholder,0.4,2024
330224,12401,NY,28740,"Kingston, NY",73.14,hcris_blended_x_multiplier,0.7,2024
330226,14626,NY,40380,"Rochester, NY",59.74,hcris_blended_x_multiplier,0.7,2024
330229,14048,NY,27460,"Jamestown-Dunkirk, NY",52.92,hcris_blended_x_multiplier,0.7,2024
330231,11432,NY,35620,"New York-Newark-Jersey City, NY-NJ",56.1,bls_oews_msa,0.9,2024
330233,11212,NY,35620,"New York-Newark-Jersey City, NY-NJ",56.1,bls_oews_msa,0.9,2024
330234,10595,NY,35620,"New York-Newark-Jersey City, NY-NJ",56.1,bls_oews_msa,0.9,2024
330235,13021,NY,12180,"Auburn, NY",56.88,hcris_blended_x_multiplier,0.7,2024
330238,14437,NY,40380,"Rochester, NY",55.29,hcris_blended_x_multiplier,0.7,2024
330239,14701,NY,27460,"Jamestown-Dunkirk, NY",52.85,bls_oews_state_placeholder,0.4,2024
330240,10037,NY,35620,"New York-Newark-Jersey City, NY-NJ",56.1,bls_oews_msa,0.9,2024
330241,13210,NY,45060,"Syracuse, NY",60.91,hcris_blended_x_multiplier,0.7,2024
330246,11777,NY,35620,"New York-Newark-Jersey City, NY-NJ",56.1,bls_oews_msa,0.9,2024
33024F,13210,NY,45060,"Syracuse, NY",52.85,bls_oews_state_placeholder,0.4,2024
330250,12901,NY,38460,"Plattsburgh, NY",63.22,hcris_blended_x_multiplier,0.7,2024
330259,11571,NY,,,77.6,hcris_blended_x_multiplier,0.7,2024
33025F,10996,NY,28880,"Kiryas Joel-Poughkeepsie-Newburgh, NY",52.85,bls_oews_state_placeholder,0.4,2024
330261,10591,NY,35620,"New York-Newark-Jersey City, NY-NJ",56.1,bls_oews_msa,0.9,2024
330264,12550,NY,28880,"Kiryas Joel-Poughkeepsie-Newburgh, NY",66.6,hcris_blended_x_multiplier,0.7,2024
330265,14432,NY,40380,"Rochester, NY",59.39,hcris_blended_x_multiplier,0.7,2024
330267,10567,NY,35620,"New York-Newark-Jersey City, NY-NJ",56.1,bls_oews_msa,0.9,2024
330270,10021,NY,35620,"New York-Newark-Jersey City, NY-NJ",56.1,bls_oews_msa,0.9,2024
330273,10512,NY,35620,"New York-Newark-Jersey City, NY-NJ",56.1,bls_oews_msa,0.9,2024
330276,12078,NY,24100,"Gloversville, NY",60.16,hcris_blended_x_multiplier,0.7,2024
330277,14830,NY,18500,"Corning, NY",52.85,bls_oews_state_placeholder,0.4,2024
330279,14220,NY,15380,"Buffalo-Cheektowaga, NY",65.9,hcris_blended_x_multiplier,0.7,2024
330285,14642,NY,40380,"Rochester, NY",65.37,hcris_blended_x_multiplier,0.7,2024
330286,11795,NY,35620,"New York-Newark-Jersey City, NY-NJ",56.1,bls_oews_msa,0.9,2024
330304,10601,NY,35620,"New York-Newark-Jersey City, NY-NJ",56.1,bls_oews_msa,0.9,2024
330307,14850,NY,27060,"Ithaca, NY",59.29,hcris_blended_x_multiplier,0.7,2024
330331,11803,NY,35620,"New York-Newark-Jersey City, NY-NJ",56.1,bls_oews_msa,0.9,2024
330332,11714,NY,35620,"New York-Newark-Jersey City, NY-NJ",56.1,bls_oews_msa,0.9,2024
330350,11203,NY,35620,"New York-Newark-Jersey City, NY-NJ",56.1,bls_oews_msa,0.9,2024
330386,12742,NY,33910,"Monticello, NY",59.72,hcris_blended_x_multiplier,0.7,2024
330393,11794,NY,35620,"New York-Newark-Jersey City, NY-NJ",56.1,bls_oews_msa,0.9,2024
330394,13903,NY,13780,"Binghamton, NY",43.95,bls_oews_msa,0.9,2024
330395,11691,NY,35620,"New York-Newark-Jersey City, NY-NJ",56.1,bls_oews_msa,0.9,2024
330396,11206,NY,35620,"New York-Newark-Jersey City, NY-NJ",56.1,bls_oews_msa,0.9,2024
330399,10457,NY,35620,"New York-Newark-Jersey City, NY-NJ",56.1,bls_oews_msa,0.9,2024
330401,11787,NY,35620,"New York-Newark-Jersey City, NY-NJ",56.1,bls_oews_msa,0.9,2024
330405,10993,NY,35620,"New York-Newark-Jersey City, NY-NJ",56.1,bls_oews_msa,0.9,2024
330406,12308,NY,10580,"Albany-Schenectady-Troy, NY",52.85,bls_oews_state_placeholder,0.4,2024
330411,14611,NY,40380,"Rochester, NY",52.85,bls_oews_state_placeholder,0.4,2024
330799,13690,NY,32390,"Massena-Ogdensburg, NY",52.85,bls_oews_state_placeholder,0.4,2024
330800,14810,NY,18500,"Corning, NY",52.85,bls_oews_state_placeholder,0.4,2024
331301,14727,NY,,Rural / Nonmetro,52.85,bls_oews_state_placeholder,0.4,2024
331302,12932,NY,,Rural / Nonmetro,52.85,bls_oews_state_placeholder,0.4,2024
331303,12723,NY,33910,"Monticello, NY",52.85,bls_oews_state_placeholder,0.4,2024
331304,12455,NY,,Rural / Nonmetro,52.85,bls_oews_state_placeholder,0.4,2024
331305,13753,NY,,Rural / Nonmetro,52.85,bls_oews_state_placeholder,0.4,2024
331309,13607,NY,48060,"Watertown-Fort Drum, NY",52.85,bls_oews_state_placeholder,0.4,2024
331310,12428,NY,28740,"Kingston, NY",52.85,bls_oews_state_placeholder,0.4,2024
331311,13365,NY,46540,"Utica-Rome, NY",52.85,bls_oews_state_placeholder,0.4,2024
331312,13856,NY,,Rural / Nonmetro,52.85,bls_oews_state_placeholder,0.4,2024
331313,14865,NY,,Rural / Nonmetro,52.85,bls_oews_state_placeholder,0.4,2024
331314,14527,NY,,Rural / Nonmetro,52.85,bls_oews_state_placeholder,0.4,2024
331315,13642,NY,32390,"Massena-Ogdensburg, NY",52.85,bls_oews_state_placeholder,0.4,2024
331316,13346,NY,45060,"Syracuse, NY",52.85,bls_oews_state_placeholder,0.4,2024
331317,13367,NY,,Rural / Nonmetro,52.85,bls_oews_state_placeholder,0.4,2024
331318,13619,NY,48060,"Watertown-Fort Drum, NY",52.85,bls_oews_state_placeholder,0.4,2024
331319,14103,NY,40380,"Rochester, NY",52.85,bls_oews_state_placeholder,0.4,2024
331320,12043,NY,10580,"Albany-Schenectady-Troy, NY",52.85,bls_oews_state_placeholder,0.4,2024
331321,12953,NY,,Rural / Nonmetro,52.85,bls_oews_state_placeholder,0.4,2024
331322,13662,NY,32390,"Massena-Ogdensburg, NY",52.85,bls_oews_state_placeholder,0.4,2024
331323,14569,NY,,Rural / Nonmetro,52.85,bls_oews_state_placeholder,0.4,2024
333301,10595,NY,35620,"New York-Newark-Jersey City, NY-NJ",56.1,bls_oews_msa,0.9,2024
334001,13210,NY,45060,"Syracuse, NY",52.85,bls_oews_state_placeholder,0.4,2024
334002,10536,NY,35620,"New York-Newark-Jersey City, NY-NJ",56.1,bls_oews_msa,0.9,2024
334003,13669,NY,32390,"Massena-Ogdensburg, NY",52.85,bls_oews_state_placeholder,0.4,2024
334004,11427,NY,35620,"New York-Newark-Jersey City, NY-NJ",56.1,bls_oews_msa,0.9,2024
334009,10032,NY,35620,"New York-Newark-Jersey City, NY-NJ",56.1,bls_oews_msa,0.9,2024
334012,13901,NY,13780,"Binghamton, NY",43.95,bls_oews_msa,0.9,2024
334013,11717,NY,35620,"New York-Newark-Jersey City, NY-NJ",56.1,bls_oews_msa,0.9,2024
334015,10962,NY,35620,"New York-Newark-Jersey City, NY-NJ",56.1,bls_oews_msa,0.9,2024
334020,14620,NY,40380,"Rochester, NY",52.85,bls_oews_state_placeholder,0.4,2024
334021,13502,NY,46540,"Utica-Rome, NY",52.85,bls_oews_state_placeholder,0.4,2024
334022,14209,NY,15380,"Buffalo-Cheektowaga, NY",52.85,bls_oews_state_placeholder,0.4,2024
334026,11701,NY,35620,"New York-Newark-Jersey City, NY-NJ",56.1,bls_oews_msa,0.9,2024
334027,11701,NY,35620,"New York-Newark-Jersey City, NY-NJ",56.1,bls_oews_msa,0.9,2024
334043,10305,NY,35620,"New York-Newark-Jersey City, NY-NJ",56.1,bls_oews_msa,0.9,2024
334045,14901,NY,21300,"Elmira, NY",52.85,bls_oews_state_placeholder,0.4,2024
334046,12208,NY,10580,"Albany-Schenectady-Troy, NY",52.85,bls_oews_state_placeholder,0.4,2024
334048,10021,NY,35620,"New York-Newark-Jersey City, NY-NJ",56.1,bls_oews_msa,0.9,2024
334049,12866,NY,10580,"Albany-Schenectady-Troy, NY",52.85,bls_oews_state_placeholder,0.4,2024
334052,14213,NY,15380,"Buffalo-Cheektowaga, NY",52.85,bls_oews_state_placeholder,0.4,2024
334053,10461,NY,35620,"New York-Newark-Jersey City, NY-NJ",56.1,bls_oews_msa,0.9,2024
334054,10035,NY,35620,"New York-Newark-Jersey City, NY-NJ",56.1,bls_oews_msa,0.9,2024
334060,10035,NY,35620,"New York-Newark-Jersey City, NY-NJ",56.1,bls_oews_msa,0.9,2024
334061,10958,NY,28880,"Kiryas Joel-Poughkeepsie-Newburgh, NY",52.85,bls_oews_state_placeholder,0.4,2024
334063,11203,NY,35620,"New York-Newark-Jersey City, NY-NJ",56.1,bls_oews_msa,0.9,2024
334064,11746,NY,35620,"New York-Newark-Jersey City, NY-NJ",56.1,bls_oews_msa,0.9,2024
334065,14224,NY,15380,"Buffalo-Cheektowaga, NY",52.85,bls_oews_state_placeholder,0.4,2024
334066,10962,NY,35620,"New York-Newark-Jersey City, NY-NJ",56.1,bls_oews_msa,0.9,2024
334067,11426,NY,35620,"New York-Newark-Jersey City, NY-NJ",56.1,bls_oews_msa,0.9,2024
334068,13669,NY,32390,"Massena-Ogdensburg, NY",52.85,bls_oews_state_placeholder,0.4,2024
340001,28025,NC,16740,"Charlotte-Concord-Gastonia, NC-SC",39.95,bls_oews_msa,0.9,2024
340002,28801,NC,11700,"Asheville, NC",55.08,hcris_blended_x_multiplier,0.7,2024
340003,27030,NC,34340,"Mount Airy, NC",55.09,hcris_blended_x_multiplier,0.7,2024
340004,27261,NC,,,60.35,hcris_blended_x_multiplier,0.7,2024
340008,28352,NC,29900,"Laurinburg, NC",58.9,hcris_blended_x_multiplier,0.7,2024
340010,27534,NC,24140,"Goldsboro, NC",58.72,hcris_blended_x_multiplier,0.7,2024
340013,28139,NC,22580,"Forest City, NC",38.8,bls_oews_state_placeholder,0.4,2024
340014,27103,NC,49180,"Winston-Salem, NC",68.4,hcris_blended_x_multiplier,0.7,2024
340015,28144,NC,16740,"Charlotte-Concord-Gastonia, NC-SC",39.95,bls_oews_msa,0.9,2024
340016,28779,NC,,Rural / Nonmetro,58.98,hcris_blended_x_multiplier,0.7,2024
340017,28791,NC,11700,"Asheville, NC",67.28,hcris_blended_x_multiplier,0.7,2024
340020,27330,NC,41820,"Sanford, NC",53.72,hcris_blended_x_multiplier,0.7,2024
340021,28150,NC,43140,"Shelby-Kings Mountain, NC",61.85,hcris_blended_x_multiplier,0.7,2024
340023,28792,NC,11700,"Asheville, NC",64.55,hcris_blended_x_multiplier,0.7,2024
340024,28328,NC,,Rural / Nonmetro,56.67,hcris_blended_x_multiplier,0.7,2024
340027,28501,NC,28820,"Kinston, NC",55.93,hcris_blended_x_multiplier,0.7,2024
340028,28302,NC,,,65.39,hcris_blended_x_multiplier,0.7,2024
340030,27705,NC,20500,"Durham-Chapel Hill, NC",64.48,hcris_blended_x_multiplier,0.7,2024
340032,28052,NC,16740,"Charlotte-Concord-Gastonia, NC-SC",39.95,bls_oews_msa,0.9,2024
340039,28677,NC,16740,"Charlotte-Concord-Gastonia, NC-SC",39.95,bls_oews_msa,0.9,2024
340040,27834,NC,24780,"Greenville, NC",55.58,hcris_blended_x_multiplier,0.7,2024
340041,28645,NC,25860,"Hickory-Lenoir-Morganton, NC",54.19,hcris_blended_x_multiplier,0.7,2024
340042,28546,NC,27340,"Jacksonville, NC",56.35,hcris_blended_x_multiplier,0.7,2024
340047,27157,NC,,,62.83,hcris_blended_x_multiplier,0.7,2024
340049,27704,NC,20500,"Durham-Chapel Hill, NC",53.86,hcris_blended_x_multiplier,0.7,2024
340050,28359,NC,31300,"Lumberton, NC",50.3,hcris_blended_x_multiplier,0.7,2024
340051,28607,NC,14380,"Boone, NC",60.28,hcris_blended_x_multiplier,0.7,2024
340053,28233,NC,,,68.66,hcris_blended_x_multiplier,0.7,2024
340060,27288,NC,24660,"Greensboro-High Point, NC",56.46,hcris_blended_x_multiplier,0.7,2024
340061,27514,NC,20500,"Durham-Chapel Hill, NC",58.63,hcris_blended_x_multiplier,0.7,2024
340064,28659,NC,35900,"North Wilkesboro, NC",56.17,hcris_blended_x_multiplier,0.7,2024
340068,28472,NC,,Rural / Nonmetro,50.83,hcris_blended_x_multiplier,0.7,2024
340069,27610,NC,39580,"Raleigh-Cary, NC",39.3,bls_oews_msa,0.9,2024
340070,27216,NC,,,54.96,hcris_blended_x_multiplier,0.7,2024
340071,28334,NC,,Rural / Nonmetro,59.22,hcris_blended_x_multiplier,0.7,2024
340075,28655,NC,25860,"Hickory-Lenoir-Morganton, NC",55.92,hcris_blended_x_multiplier,0.7,2024
340084,28170,NC,16740,"Charlotte-Concord-Gastonia, NC-SC",39.95,bls_oews_msa,0.9,2024
340085,27360,NC,49180,"Winston-Salem, NC",72.09,hcris_blended_x_multiplier,0.7,2024
340087,28752,NC,32000,"Marion, NC",38.8,bls_oews_state_placeholder,0.4,2024
340090,27577,NC,39580,"Raleigh-Cary, NC",39.3,bls_oews_msa,0.9,2024
340091,27401,NC,24660,"Greensboro-High Point, NC",59.56,hcris_blended_x_multiplier,0.7,2024
340096,27293,NC,,,58.45,hcris_blended_x_multiplier,0.7,2024
340097,28621,NC,34340,"Mount Airy, NC",56.74,hcris_blended_x_multiplier,0.7,2024
340098,28210,NC,16740,"Charlotte-Concord-Gastonia, NC-SC",39.95,bls_oews_msa,0.9,2024
340099,27910,NC,,Rural / Nonmetro,53.49,hcris_blended_x_multiplier,0.7,2024
340107,27886,NC,40580,"Rocky Mount, NC",51.51,hcris_blended_x_multiplier,0.7,2024
340109,27909,NC,21020,"Elizabeth City, NC",59.84,hcris_blended_x_multiplier,0.7,2024
340113,28203,NC,16740,"Charlotte-Concord-Gastonia, NC-SC",39.95,bls_oews_msa,0.9,2024
340114,27607,NC,39580,"Raleigh-Cary, NC",39.3,bls_oews_msa,0.9,2024
340115,28374,NC,38240,"Pinehurst-Southern Pines, NC",57.06,hcris_blended_x_multiplier,0.7,2024
340116,28601,NC,25860,"Hickory-Lenoir-Morganton, NC",62.73,hcris_blended_x_multiplier,0.7,2024
340119,28001,NC,10620,"Albemarle, NC",62.09,hcris_blended_x_multiplier,0.7,2024
34011F,28547,NC,27340,"Jacksonville, NC",38.8,bls_oews_state_placeholder,0.4,2024
340120,28349,NC,,Rural / Nonmetro,55.94,hcris_blended_x_multiplier,0.7,2024
340123,27203,NC,24660,"Greensboro-High Point, NC",40.0,hcris_blended_x_multiplier,0.7,2024
340126,27893,NC,48980,"Wilson, NC",57.4,hcris_blended_x_multiplier,0.7,2024
340127,27565,NC,,Rural / Nonmetro,59.07,hcris_blended_x_multiplier,0.7,2024
340129,28117,NC,16740,"Charlotte-Concord-Gastonia, NC-SC",39.95,bls_oews_msa,0.9,2024
34012F,27705,NC,20500,"Durham-Chapel Hill, NC",38.8,bls_oews_state_placeholder,0.4,2024
340130,28112,NC,16740,"Charlotte-Concord-Gastonia, NC-SC",39.95,bls_oews_msa,0.9,2024
340131,28560,NC,35100,"New Bern, NC",63.28,hcris_blended_x_multiplier,0.7,2024
340132,27536,NC,25780,"Henderson, NC",56.07,hcris_blended_x_multiplier,0.7,2024
34013F,28301,NC,22180,"Fayetteville, NC",38.8,bls_oews_state_placeholder,0.4,2024
340141,28402,NC,,,56.91,hcris_blended_x_multiplier,0.7,2024
340142,28557,NC,33980,"Morehead City, NC",49.67,hcris_blended_x_multiplier,0.7,2024
340143,28602,NC,25860,"Hickory-Lenoir-Morganton, NC",59.98,hcris_blended_x_multiplier,0.7,2024
340145,28092,NC,16740,"Charlotte-Concord-Gastonia, NC-SC",39.95,bls_oews_msa,0.9,2024
340147,27804,NC,40580,"Rocky Mount, NC",32.96,hcris_blended_x_multiplier,0.7,2024
340148,27103,NC,49180,"Winston-Salem, NC",70.38,hcris_blended_x_multiplier,0.7,2024
34014F,28310,NC,22180,"Fayetteville, NC",38.8,bls_oews_state_placeholder,0.4,2024
340151,27870,NC,40260,"Roanoke Rapids, NC",55.41,hcris_blended_x_multiplier,0.7,2024
340155,27704,NC,20500,"Durham-Chapel Hill, NC",66.37,hcris_blended_x_multiplier,0.7,2024
340156,28719,NC,,Rural / Nonmetro,38.8,bls_oews_state_placeholder,0.4,2024
340158,28462,NC,48900,"Wilmington, NC",58.45,hcris_blended_x_multiplier,0.7,2024
340159,27573,NC,20500,"Durham-Chapel Hill, NC",53.27,hcris_blended_x_multiplier,0.7,2024
340166,28262,NC,16740,"Charlotte-Concord-Gastonia, NC-SC",39.95,bls_oews_msa,0.9,2024
340168,28401,NC,48900,"Wilmington, NC",38.8,bls_oews_state_placeholder,0.4,2024
340171,28106,NC,,,63.04,hcris_blended_x_multiplier,0.7,2024
340173,27518,NC,39580,"Raleigh-Cary, NC",39.3,bls_oews_msa,0.9,2024
34017F,28144,NC,16740,"Charlotte-Concord-Gastonia, NC-SC",39.95,bls_oews_msa,0.9,2024
340183,28078,NC,16740,"Charlotte-Concord-Gastonia, NC-SC",39.95,bls_oews_msa,0.9,2024
340184,28721,NC,48200,"Waynesville, NC",58.25,hcris_blended_x_multiplier,0.7,2024
340188,28376,NC,22180,"Fayetteville, NC",52.57,hcris_blended_x_multiplier,0.7,2024
340190,28215,NC,16740,"Charlotte-Concord-Gastonia, NC-SC",39.95,bls_oews_msa,0.9,2024
340195,28277,NC,16740,"Charlotte-Concord-Gastonia, NC-SC",39.95,bls_oews_msa,0.9,2024
34036F,28805,NC,11700,"Asheville, NC",38.8,bls_oews_state_placeholder,0.4,2024
341303,27371,NC,,Rural / Nonmetro,38.8,bls_oews_state_placeholder,0.4,2024
341304,27983,NC,,Rural / Nonmetro,38.8,bls_oews_state_placeholder,0.4,2024
341305,28713,NC,,Rural / Nonmetro,38.8,bls_oews_state_placeholder,0.4,2024
341307,28425,NC,48900,"Wilmington, NC",38.8,bls_oews_state_placeholder,0.4,2024
341311,27344,NC,20500,"Durham-Chapel Hill, NC",38.8,bls_oews_state_placeholder,0.4,2024
341314,27962,NC,,Rural / Nonmetro,38.8,bls_oews_state_placeholder,0.4,2024
341315,28337,NC,,Rural / Nonmetro,38.8,bls_oews_state_placeholder,0.4,2024
341316,28741,NC,,Rural / Nonmetro,38.8,bls_oews_state_placeholder,0.4,2024
341317,27016,NC,49180,"Winston-Salem, NC",38.8,bls_oews_state_placeholder,0.4,2024
341318,27932,NC,,Rural / Nonmetro,38.8,bls_oews_state_placeholder,0.4,2024
341319,28712,NC,14820,"Brevard, NC",38.8,bls_oews_state_placeholder,0.4,2024
341320,28675,NC,,Rural / Nonmetro,38.8,bls_oews_state_placeholder,0.4,2024
341322,28722,NC,,Rural / Nonmetro,38.8,bls_oews_state_placeholder,0.4,2024
341323,28646,NC,,Rural / Nonmetro,38.8,bls_oews_state_placeholder,0.4,2024
341324,27959,NC,28620,"Kill Devil Hills, NC",38.8,bls_oews_state_placeholder,0.4,2024
341325,28640,NC,,Rural / Nonmetro,38.8,bls_oews_state_placeholder,0.4,2024
341326,28734,NC,,Rural / Nonmetro,38.8,bls_oews_state_placeholder,0.4,2024
341327,28461,NC,48900,"Wilmington, NC",38.8,bls_oews_state_placeholder,0.4,2024
341328,28906,NC,,Rural / Nonmetro,38.8,bls_oews_state_placeholder,0.4,2024
341329,28777,NC,,Rural / Nonmetro,38.8,bls_oews_state_placeholder,0.4,2024
344004,27509,NC,,Rural / Nonmetro,38.8,bls_oews_state_placeholder,0.4,2024
344007,27104,NC,49180,"Winston-Salem, NC",38.8,bls_oews_state_placeholder,0.4,2024
344014,27610,NC,39580,"Raleigh-Cary, NC",39.3,bls_oews_msa,0.9,2024
344016,28540,NC,27340,"Jacksonville, NC",38.8,bls_oews_state_placeholder,0.4,2024
344023,28711,NC,11700,"Asheville, NC",38.8,bls_oews_state_placeholder,0.4,2024
344025,28655,NC,25860,"Hickory-Lenoir-Morganton, NC",38.8,bls_oews_state_placeholder,0.4,2024
344026,27530,NC,24140,"Goldsboro, NC",38.8,bls_oews_state_placeholder,0.4,2024
344029,28339,NC,11360,"Anderson Creek, NC",38.8,bls_oews_state_placeholder,0.4,2024
344030,28451,NC,48900,"Wilmington, NC",38.8,bls_oews_state_placeholder,0.4,2024
344032,27617,NC,39580,"Raleigh-Cary, NC",39.3,bls_oews_msa,0.9,2024
344033,27834,NC,24780,"Greenville, NC",38.8,bls_oews_state_placeholder,0.4,2024
344034,28646,NC,,Rural / Nonmetro,38.8,bls_oews_state_placeholder,0.4,2024
344035,27529,NC,39580,"Raleigh-Cary, NC",39.3,bls_oews_msa,0.9,2024
344036,28677,NC,16740,"Charlotte-Concord-Gastonia, NC-SC",39.95,bls_oews_msa,0.9,2024
350002,58501,ND,13900,"Bismarck, ND",82.56,hcris_blended_x_multiplier,0.7,2024
350006,58701,ND,33500,"Minot, ND",80.49,hcris_blended_x_multiplier,0.7,2024
350011,58122,ND,,,78.82,hcris_blended_x_multiplier,0.7,2024
350015,58506,ND,,,79.2,hcris_blended_x_multiplier,0.7,2024
350019,58201,ND,24220,"Grand Forks, ND-MN",76.93,hcris_blended_x_multiplier,0.7,2024
35002F,58102,ND,22020,"Fargo, ND-MN",38.95,bls_oews_state_placeholder,0.4,2024
350063,58316,ND,,Rural / Nonmetro,38.95,bls_oews_state_placeholder,0.4,2024
350070,58104,ND,22020,"Fargo, ND-MN",96.1,hcris_blended_x_multiplier,0.7,2024
351300,58852,ND,48780,"Williston, ND",38.95,bls_oews_state_placeholder,0.4,2024
351301,58784,ND,,Rural / Nonmetro,38.95,bls_oews_state_placeholder,0.4,2024
351302,58854,ND,,Rural / Nonmetro,38.95,bls_oews_state_placeholder,0.4,2024
351303,58540,ND,,Rural / Nonmetro,38.95,bls_oews_state_placeholder,0.4,2024
351304,58575,ND,,Rural / Nonmetro,38.95,bls_oews_state_placeholder,0.4,2024
351305,58746,ND,33500,"Minot, ND",38.95,bls_oews_state_placeholder,0.4,2024
351306,58425,ND,,Rural / Nonmetro,38.95,bls_oews_state_placeholder,0.4,2024
351307,58318,ND,,Rural / Nonmetro,38.95,bls_oews_state_placeholder,0.4,2024
351308,58254,ND,,Rural / Nonmetro,38.95,bls_oews_state_placeholder,0.4,2024
351309,58257,ND,,Rural / Nonmetro,38.95,bls_oews_state_placeholder,0.4,2024
351310,58545,ND,,Rural / Nonmetro,38.95,bls_oews_state_placeholder,0.4,2024
351311,58054,ND,,Rural / Nonmetro,38.95,bls_oews_state_placeholder,0.4,2024
351312,58267,ND,24220,"Grand Forks, ND-MN",38.95,bls_oews_state_placeholder,0.4,2024
351313,58623,ND,,Rural / Nonmetro,38.95,bls_oews_state_placeholder,0.4,2024
351314,58533,ND,,Rural / Nonmetro,38.95,bls_oews_state_placeholder,0.4,2024
351315,58474,ND,,Rural / Nonmetro,38.95,bls_oews_state_placeholder,0.4,2024
351316,58367,ND,,Rural / Nonmetro,38.95,bls_oews_state_placeholder,0.4,2024
351318,58421,ND,,Rural / Nonmetro,38.95,bls_oews_state_placeholder,0.4,2024
351319,58220,ND,,Rural / Nonmetro,38.95,bls_oews_state_placeholder,0.4,2024
351320,58237,ND,,Rural / Nonmetro,38.95,bls_oews_state_placeholder,0.4,2024
351321,58495,ND,,Rural / Nonmetro,38.95,bls_oews_state_placeholder,0.4,2024
351322,58413,ND,,Rural / Nonmetro,38.95,bls_oews_state_placeholder,0.4,2024
351323,58249,ND,,Rural / Nonmetro,38.95,bls_oews_state_placeholder,0.4,2024
351324,58072,ND,,Rural / Nonmetro,38.95,bls_oews_state_placeholder,0.4,2024
351325,58730,ND,,Rural / Nonmetro,38.95,bls_oews_state_placeholder,0.4,2024
351326,58270,ND,,Rural / Nonmetro,38.95,bls_oews_state_placeholder,0.4,2024
351327,58341,ND,,Rural / Nonmetro,38.95,bls_oews_state_placeholder,0.4,2024
351328,58552,ND,,Rural / Nonmetro,38.95,bls_oews_state_placeholder,0.4,2024
351329,58045,ND,,Rural / Nonmetro,38.95,bls_oews_state_placeholder,0.4,2024
351330,58639,ND,,Rural / Nonmetro,38.95,bls_oews_state_placeholder,0.4,2024
351331,58324,ND,,Rural / Nonmetro,38.95,bls_oews_state_placeholder,0.4,2024
351332,58368,ND,,Rural / Nonmetro,38.95,bls_oews_state_placeholder,0.4,2024
351333,58301,ND,,Rural / Nonmetro,38.95,bls_oews_state_placeholder,0.4,2024
351334,58801,ND,48780,"Williston, ND",38.95,bls_oews_state_placeholder,0.4,2024
351335,58401,ND,27420,"Jamestown, ND",38.95,bls_oews_state_placeholder,0.4,2024
351336,58601,ND,19860,"Dickinson, ND",38.95,bls_oews_state_placeholder,0.4,2024
351364,58538,ND,,Rural / Nonmetro,38.95,bls_oews_state_placeholder,0.4,2024
354003,58401,ND,27420,"Jamestown, ND",38.95,bls_oews_state_placeholder,0.4,2024
354004,58103,ND,22020,"Fargo, ND-MN",38.95,bls_oews_state_placeholder,0.4,2024
360001,45255,OH,17140,"Cincinnati, OH-KY-IN",38.85,bls_oews_msa,0.9,2024
360002,44805,OH,11740,"Ashland, OH",50.02,hcris_blended_x_multiplier,0.7,2024
360003,45219,OH,17140,"Cincinnati, OH-KY-IN",38.85,bls_oews_msa,0.9,2024
360006,43214,OH,18140,"Columbus, OH",39.55,bls_oews_msa,0.9,2024
360008,45662,OH,39020,"Portsmouth, OH",46.26,hcris_blended_x_multiplier,0.7,2024
360009,45804,OH,30620,"Lima, OH",49.77,hcris_blended_x_multiplier,0.7,2024
360010,44622,OH,35420,"New Philadelphia-Dover, OH",54.11,hcris_blended_x_multiplier,0.7,2024
360011,43302,OH,32020,"Marion, OH",59.89,hcris_blended_x_multiplier,0.7,2024
360012,43081,OH,18140,"Columbus, OH",39.55,bls_oews_msa,0.9,2024
360013,45365,OH,43380,"Sidney, OH",53.17,hcris_blended_x_multiplier,0.7,2024
360014,45701,OH,11900,"Athens, OH",59.15,hcris_blended_x_multiplier,0.7,2024
360016,45236,OH,17140,"Cincinnati, OH-KY-IN",38.85,bls_oews_msa,0.9,2024
360017,43215,OH,18140,"Columbus, OH",39.55,bls_oews_msa,0.9,2024
36001F,44106,OH,17410,"Cleveland, OH",40.25,bls_oews_state_placeholder,0.4,2024
360020,44309,OH,,,53.51,hcris_blended_x_multiplier,0.7,2024
360025,44870,OH,41780,"Sandusky, OH",49.56,hcris_blended_x_multiplier,0.7,2024
360026,45385,OH,19430,"Dayton-Kettering-Beavercreek, OH",58.06,hcris_blended_x_multiplier,0.7,2024
360027,44307,OH,10420,"Akron, OH",54.91,hcris_blended_x_multiplier,0.7,2024
360029,43402,OH,45780,"Toledo, OH",48.72,hcris_blended_x_multiplier,0.7,2024
360032,45885,OH,47540,"Wapakoneta, OH",46.09,hcris_blended_x_multiplier,0.7,2024
360035,43213,OH,18140,"Columbus, OH",39.55,bls_oews_msa,0.9,2024
360036,44691,OH,49300,"Wooster, OH",48.78,hcris_blended_x_multiplier,0.7,2024
360039,43701,OH,49780,"Zanesville, OH",40.25,bls_oews_state_placeholder,0.4,2024
36003F,45220,OH,17140,"Cincinnati, OH-KY-IN",38.85,bls_oews_msa,0.9,2024
360040,43050,OH,34540,"Mount Vernon, OH",59.02,hcris_blended_x_multiplier,0.7,2024
360041,44129,OH,17410,"Cleveland, OH",53.45,hcris_blended_x_multiplier,0.7,2024
360046,45056,OH,17140,"Cincinnati, OH-KY-IN",38.85,bls_oews_msa,0.9,2024
360048,43614,OH,45780,"Toledo, OH",54.25,hcris_blended_x_multiplier,0.7,2024
360051,45409,OH,19430,"Dayton-Kettering-Beavercreek, OH",54.7,hcris_blended_x_multiplier,0.7,2024
360054,45631,OH,23680,"Gallipolis, OH",38.44,hcris_blended_x_multiplier,0.7,2024
360055,44482,OH,,,46.4,hcris_blended_x_multiplier,0.7,2024
360056,45014,OH,17140,"Cincinnati, OH-KY-IN",38.85,bls_oews_msa,0.9,2024
360058,45828,OH,16380,"Celina, OH",40.17,hcris_blended_x_multiplier,0.7,2024
360059,44109,OH,17410,"Cleveland, OH",71.62,hcris_blended_x_multiplier,0.7,2024
360064,44501,OH,,,49.99,hcris_blended_x_multiplier,0.7,2024
360065,44857,OH,35940,"Norwalk, OH",52.16,hcris_blended_x_multiplier,0.7,2024
360066,45801,OH,30620,"Lima, OH",54.33,hcris_blended_x_multiplier,0.7,2024
360068,43606,OH,45780,"Toledo, OH",40.25,bls_oews_state_placeholder,0.4,2024
36006F,45433,OH,19430,"Dayton-Kettering-Beavercreek, OH",40.25,bls_oews_state_placeholder,0.4,2024
360070,44708,OH,15940,"Canton-Massillon, OH",54.4,hcris_blended_x_multiplier,0.7,2024
360071,45891,OH,46780,"Van Wert, OH",50.86,hcris_blended_x_multiplier,0.7,2024
360072,43130,OH,18140,"Columbus, OH",39.55,bls_oews_msa,0.9,2024
360075,44024,OH,17410,"Cleveland, OH",50.96,hcris_blended_x_multiplier,0.7,2024
360076,45005,OH,17140,"Cincinnati, OH-KY-IN",38.85,bls_oews_msa,0.9,2024
360077,44111,OH,17410,"Cleveland, OH",57.75,hcris_blended_x_multiplier,0.7,2024
360078,44266,OH,10420,"Akron, OH",50.68,hcris_blended_x_multiplier,0.7,2024
360079,45429,OH,19430,"Dayton-Kettering-Beavercreek, OH",60.3,hcris_blended_x_multiplier,0.7,2024
36007F,45428,OH,19430,"Dayton-Kettering-Beavercreek, OH",40.25,bls_oews_state_placeholder,0.4,2024
360080,43935,OH,48540,"Wheeling, WV-OH",40.25,bls_oews_state_placeholder,0.4,2024
360082,44119,OH,17410,"Cleveland, OH",61.4,hcris_blended_x_multiplier,0.7,2024
360084,44710,OH,15940,"Canton-Massillon, OH",51.0,hcris_blended_x_multiplier,0.7,2024
360085,43210,OH,18140,"Columbus, OH",39.55,bls_oews_msa,0.9,2024
360086,45504,OH,44220,"Springfield, OH",56.67,hcris_blended_x_multiplier,0.7,2024
360087,44113,OH,17410,"Cleveland, OH",54.73,hcris_blended_x_multiplier,0.7,2024
360089,44883,OH,45660,"Tiffin, OH",54.5,hcris_blended_x_multiplier,0.7,2024
36008F,45601,OH,17060,"Chillicothe, OH",40.25,bls_oews_state_placeholder,0.4,2024
360091,44256,OH,17410,"Cleveland, OH",40.25,bls_oews_state_placeholder,0.4,2024
360092,43040,OH,18140,"Columbus, OH",39.55,bls_oews_msa,0.9,2024
360095,45840,OH,22300,"Findlay, OH",56.59,hcris_blended_x_multiplier,0.7,2024
360096,43920,OH,41400,"Salem, OH",40.89,hcris_blended_x_multiplier,0.7,2024
360098,44077,OH,17410,"Cleveland, OH",56.67,hcris_blended_x_multiplier,0.7,2024
360107,44811,OH,35940,"Norwalk, OH",48.38,hcris_blended_x_multiplier,0.7,2024
360109,43812,OH,18740,"Coshocton, OH",46.23,hcris_blended_x_multiplier,0.7,2024
360112,43608,OH,45780,"Toledo, OH",58.39,hcris_blended_x_multiplier,0.7,2024
360118,44903,OH,31900,"Mansfield, OH",58.35,hcris_blended_x_multiplier,0.7,2024
360121,43506,OH,,Rural / Nonmetro,49.74,hcris_blended_x_multiplier,0.7,2024
360123,44145,OH,17410,"Cleveland, OH",53.24,hcris_blended_x_multiplier,0.7,2024
360125,44004,OH,17410,"Cleveland, OH",58.62,hcris_blended_x_multiplier,0.7,2024
360131,44601,OH,15940,"Canton-Massillon, OH",47.64,hcris_blended_x_multiplier,0.7,2024
360132,45013,OH,17140,"Cincinnati, OH-KY-IN",38.85,bls_oews_msa,0.9,2024
360133,45405,OH,19430,"Dayton-Kettering-Beavercreek, OH",59.07,hcris_blended_x_multiplier,0.7,2024
360134,45220,OH,17140,"Cincinnati, OH-KY-IN",38.85,bls_oews_msa,0.9,2024
360137,44106,OH,17410,"Cleveland, OH",70.13,hcris_blended_x_multiplier,0.7,2024
360143,44125,OH,17410,"Cleveland, OH",55.4,hcris_blended_x_multiplier,0.7,2024
360144,44122,OH,17410,"Cleveland, OH",58.52,hcris_blended_x_multiplier,0.7,2024
360145,44035,OH,17410,"Cleveland, OH",51.77,hcris_blended_x_multiplier,0.7,2024
360147,45750,OH,31930,"Marietta, OH",70.03,hcris_blended_x_multiplier,0.7,2024
360148,44654,OH,,Rural / Nonmetro,45.71,hcris_blended_x_multiplier,0.7,2024
360150,44223,OH,10420,"Akron, OH",49.67,hcris_blended_x_multiplier,0.7,2024
360152,43228,OH,18140,"Columbus, OH",39.55,bls_oews_msa,0.9,2024
360155,44130,OH,17410,"Cleveland, OH",54.29,hcris_blended_x_multiplier,0.7,2024
360156,43420,OH,23380,"Fremont, OH",40.25,bls_oews_state_placeholder,0.4,2024
360159,45601,OH,17060,"Chillicothe, OH",50.5,hcris_blended_x_multiplier,0.7,2024
360161,44484,OH,49660,"Youngstown-Warren, OH",51.46,hcris_blended_x_multiplier,0.7,2024
360163,45219,OH,17140,"Cincinnati, OH-KY-IN",38.85,bls_oews_msa,0.9,2024
360170,43113,OH,18140,"Columbus, OH",39.55,bls_oews_msa,0.9,2024
360172,44053,OH,17410,"Cleveland, OH",53.48,hcris_blended_x_multiplier,0.7,2024
360174,45373,OH,19430,"Dayton-Kettering-Beavercreek, OH",54.43,hcris_blended_x_multiplier,0.7,2024
360175,45177,OH,48940,"Wilmington, OH",57.47,hcris_blended_x_multiplier,0.7,2024
360179,45242,OH,17140,"Cincinnati, OH-KY-IN",38.85,bls_oews_msa,0.9,2024
360180,44195,OH,,,86.81,hcris_blended_x_multiplier,0.7,2024
360185,44460,OH,41400,"Salem, OH",56.8,hcris_blended_x_multiplier,0.7,2024
360189,43140,OH,18140,"Columbus, OH",39.55,bls_oews_msa,0.9,2024
360197,43311,OH,13340,"Bellefontaine, OH",58.62,hcris_blended_x_multiplier,0.7,2024
360203,43725,OH,15740,"Cambridge, OH",33.35,hcris_blended_x_multiplier,0.7,2024
360210,43015,OH,18140,"Columbus, OH",39.55,bls_oews_msa,0.9,2024
360211,43952,OH,48260,"Weirton-Steubenville, WV-OH",58.1,hcris_blended_x_multiplier,0.7,2024
360218,43055,OH,18140,"Columbus, OH",39.55,bls_oews_msa,0.9,2024
360230,44124,OH,17410,"Cleveland, OH",55.79,hcris_blended_x_multiplier,0.7,2024
360234,45211,OH,17140,"Cincinnati, OH-KY-IN",38.85,bls_oews_msa,0.9,2024
360236,45103,OH,17140,"Cincinnati, OH-KY-IN",38.85,bls_oews_msa,0.9,2024
360239,45342,OH,19430,"Dayton-Kettering-Beavercreek, OH",57.64,hcris_blended_x_multiplier,0.7,2024
360245,44084,OH,17410,"Cleveland, OH",40.25,bls_oews_state_placeholder,0.4,2024
360259,43616,OH,45780,"Toledo, OH",49.76,hcris_blended_x_multiplier,0.7,2024
360263,45804,OH,30620,"Lima, OH",46.12,hcris_blended_x_multiplier,0.7,2024
360266,43054,OH,18140,"Columbus, OH",39.55,bls_oews_msa,0.9,2024
360270,43512,OH,19580,"Defiance, OH",47.63,hcris_blended_x_multiplier,0.7,2024
360276,44512,OH,49660,"Youngstown-Warren, OH",53.21,hcris_blended_x_multiplier,0.7,2024
360348,43016,OH,18140,"Columbus, OH",39.55,bls_oews_msa,0.9,2024
360351,44310,OH,10420,"Akron, OH",50.12,hcris_blended_x_multiplier,0.7,2024
360352,44512,OH,49660,"Youngstown-Warren, OH",40.25,bls_oews_state_placeholder,0.4,2024
360354,45069,OH,17140,"Cincinnati, OH-KY-IN",38.85,bls_oews_msa,0.9,2024
360355,45502,OH,44220,"Springfield, OH",50.86,hcris_blended_x_multiplier,0.7,2024
360358,43110,OH,18140,"Columbus, OH",39.55,bls_oews_msa,0.9,2024
360359,44122,OH,17410,"Cleveland, OH",54.47,hcris_blended_x_multiplier,0.7,2024
360360,45431,OH,19430,"Dayton-Kettering-Beavercreek, OH",58.51,hcris_blended_x_multiplier,0.7,2024
360361,45662,OH,39020,"Portsmouth, OH",40.25,bls_oews_state_placeholder,0.4,2024
360364,44011,OH,17410,"Cleveland, OH",57.41,hcris_blended_x_multiplier,0.7,2024
360365,44906,OH,31900,"Mansfield, OH",69.37,hcris_blended_x_multiplier,0.7,2024
360367,44122,OH,17410,"Cleveland, OH",53.17,hcris_blended_x_multiplier,0.7,2024
360368,45373,OH,19430,"Dayton-Kettering-Beavercreek, OH",60.93,hcris_blended_x_multiplier,0.7,2024
360374,45040,OH,17140,"Cincinnati, OH-KY-IN",38.85,bls_oews_msa,0.9,2024
360375,43016,OH,18140,"Columbus, OH",39.55,bls_oews_msa,0.9,2024
361300,45879,OH,,Rural / Nonmetro,40.25,bls_oews_state_placeholder,0.4,2024
361302,44621,OH,35420,"New Philadelphia-Dover, OH",40.25,bls_oews_state_placeholder,0.4,2024
361303,44254,OH,17410,"Cleveland, OH",40.25,bls_oews_state_placeholder,0.4,2024
361304,45123,OH,,Rural / Nonmetro,40.25,bls_oews_state_placeholder,0.4,2024
361306,44074,OH,17410,"Cleveland, OH",40.25,bls_oews_state_placeholder,0.4,2024
361307,44041,OH,17410,"Cleveland, OH",40.25,bls_oews_state_placeholder,0.4,2024
361308,44030,OH,17410,"Cleveland, OH",40.25,bls_oews_state_placeholder,0.4,2024
361309,43545,OH,,Rural / Nonmetro,40.25,bls_oews_state_placeholder,0.4,2024
361310,44890,OH,35940,"Norwalk, OH",40.25,bls_oews_state_placeholder,0.4,2024
361311,43907,OH,,Rural / Nonmetro,40.25,bls_oews_state_placeholder,0.4,2024
361312,43078,OH,46500,"Urbana, OH",40.25,bls_oews_state_placeholder,0.4,2024
361313,43338,OH,18140,"Columbus, OH",39.55,bls_oews_msa,0.9,2024
361314,43452,OH,41780,"Sandusky, OH",40.25,bls_oews_state_placeholder,0.4,2024
361315,43326,OH,,Rural / Nonmetro,40.25,bls_oews_state_placeholder,0.4,2024
361316,44820,OH,15340,"Bucyrus, OH",40.25,bls_oews_state_placeholder,0.4,2024
361318,44830,OH,45660,"Tiffin, OH",40.25,bls_oews_state_placeholder,0.4,2024
361319,45750,OH,31930,"Marietta, OH",40.25,bls_oews_state_placeholder,0.4,2024
361320,45640,OH,,Rural / Nonmetro,40.25,bls_oews_state_placeholder,0.4,2024
361321,43713,OH,48540,"Wheeling, WV-OH",40.25,bls_oews_state_placeholder,0.4,2024
361322,45817,OH,30620,"Lima, OH",40.25,bls_oews_state_placeholder,0.4,2024
361323,44667,OH,49300,"Wooster, OH",40.25,bls_oews_state_placeholder,0.4,2024
361324,44875,OH,31900,"Mansfield, OH",40.25,bls_oews_state_placeholder,0.4,2024
361325,44833,OH,18140,"Columbus, OH",39.55,bls_oews_msa,0.9,2024
361326,45679,OH,,Rural / Nonmetro,40.25,bls_oews_state_placeholder,0.4,2024
361327,43543,OH,,Rural / Nonmetro,40.25,bls_oews_state_placeholder,0.4,2024
361328,43512,OH,19580,"Defiance, OH",40.25,bls_oews_state_placeholder,0.4,2024
361329,43351,OH,,Rural / Nonmetro,40.25,bls_oews_state_placeholder,0.4,2024
361330,43138,OH,18140,"Columbus, OH",39.55,bls_oews_msa,0.9,2024
361331,43160,OH,47920,"Washington Court House, OH",40.25,bls_oews_state_placeholder,0.4,2024
361332,45133,OH,,Rural / Nonmetro,40.25,bls_oews_state_placeholder,0.4,2024
361333,43567,OH,45780,"Toledo, OH",40.25,bls_oews_state_placeholder,0.4,2024
361334,45690,OH,,Rural / Nonmetro,40.25,bls_oews_state_placeholder,0.4,2024
361335,45331,OH,24820,"Greenville, OH",40.25,bls_oews_state_placeholder,0.4,2024
363300,45229,OH,17140,"Cincinnati, OH-KY-IN",38.85,bls_oews_msa,0.9,2024
363302,44106,OH,17410,"Cleveland, OH",40.25,bls_oews_state_placeholder,0.4,2024
363303,44308,OH,10420,"Akron, OH",40.25,bls_oews_state_placeholder,0.4,2024
363304,44104,OH,17410,"Cleveland, OH",40.25,bls_oews_state_placeholder,0.4,2024
363305,43205,OH,18140,"Columbus, OH",39.55,bls_oews_msa,0.9,2024
363306,45404,OH,19430,"Dayton-Kettering-Beavercreek, OH",40.25,bls_oews_state_placeholder,0.4,2024
363308,45404,OH,19430,"Dayton-Kettering-Beavercreek, OH",40.25,bls_oews_state_placeholder,0.4,2024
363309,43608,OH,45780,"Toledo, OH",40.25,bls_oews_state_placeholder,0.4,2024
364007,43223,OH,18140,"Columbus, OH",39.55,bls_oews_msa,0.9,2024
364011,44067,OH,10420,"Akron, OH",40.25,bls_oews_state_placeholder,0.4,2024
364014,43614,OH,45780,"Toledo, OH",40.25,bls_oews_state_placeholder,0.4,2024
364015,45701,OH,11900,"Athens, OH",40.25,bls_oews_state_placeholder,0.4,2024
364029,44094,OH,17410,"Cleveland, OH",40.25,bls_oews_state_placeholder,0.4,2024
364031,44648,OH,,,40.25,bls_oews_state_placeholder,0.4,2024
364035,45237,OH,17140,"Cincinnati, OH-KY-IN",38.85,bls_oews_msa,0.9,2024
364036,43537,OH,45780,"Toledo, OH",40.25,bls_oews_state_placeholder,0.4,2024
364038,44505,OH,49660,"Youngstown-Warren, OH",40.25,bls_oews_state_placeholder,0.4,2024
364040,45504,OH,44220,"Springfield, OH",40.25,bls_oews_state_placeholder,0.4,2024
364041,43223,OH,18140,"Columbus, OH",39.55,bls_oews_msa,0.9,2024
364044,45040,OH,17140,"Cincinnati, OH-KY-IN",38.85,bls_oews_msa,0.9,2024
364047,45863,OH,46780,"Van Wert, OH",40.25,bls_oews_state_placeholder,0.4,2024
364048,45417,OH,19430,"Dayton-Kettering-Beavercreek, OH",40.25,bls_oews_state_placeholder,0.4,2024
364049,43016,OH,18140,"Columbus, OH",39.55,bls_oews_msa,0.9,2024
364050,45420,OH,19430,"Dayton-Kettering-Beavercreek, OH",40.25,bls_oews_state_placeholder,0.4,2024
364051,45069,OH,17140,"Cincinnati, OH-KY-IN",38.85,bls_oews_msa,0.9,2024
364052,44053,OH,17410,"Cleveland, OH",40.25,bls_oews_state_placeholder,0.4,2024
364053,44122,OH,17410,"Cleveland, OH",40.25,bls_oews_state_placeholder,0.4,2024
364054,44041,OH,17410,"Cleveland, OH",40.25,bls_oews_state_placeholder,0.4,2024
364055,44883,OH,45660,"Tiffin, OH",40.25,bls_oews_state_placeholder,0.4,2024
364056,45242,OH,17140,"Cincinnati, OH-KY-IN",38.85,bls_oews_msa,0.9,2024
364057,45213,OH,17140,"Cincinnati, OH-KY-IN",38.85,bls_oews_msa,0.9,2024
364058,43229,OH,18140,"Columbus, OH",39.55,bls_oews_msa,0.9,2024
364059,44236,OH,10420,"Akron, OH",40.25,bls_oews_state_placeholder,0.4,2024
364060,44504,OH,49660,"Youngstown-Warren, OH",40.25,bls_oews_state_placeholder,0.4,2024
364061,43209,OH,18140,"Columbus, OH",39.55,bls_oews_msa,0.9,2024
364062,43232,OH,18140,"Columbus, OH",39.55,bls_oews_msa,0.9,2024
364063,45121,OH,17140,"Cincinnati, OH-KY-IN",38.85,bls_oews_msa,0.9,2024
364064,44714,OH,15940,"Canton-Massillon, OH",40.25,bls_oews_state_placeholder,0.4,2024
364065,45239,OH,17140,"Cincinnati, OH-KY-IN",38.85,bls_oews_msa,0.9,2024
364066,43560,OH,45780,"Toledo, OH",40.25,bls_oews_state_placeholder,0.4,2024
370001,74104,OK,46140,"Tulsa, OK",58.49,hcris_blended_x_multiplier,0.7,2024
370002,73801,OK,49260,"Woodward, OK",55.16,hcris_blended_x_multiplier,0.7,2024
370004,74355,OK,,,51.73,hcris_blended_x_multiplier,0.7,2024
370006,74601,OK,38620,"Ponca City, OK",54.03,hcris_blended_x_multiplier,0.7,2024
370008,73072,OK,36420,"Oklahoma City, OK",70.63,hcris_blended_x_multiplier,0.7,2024
370013,73120,OK,36420,"Oklahoma City, OK",61.46,hcris_blended_x_multiplier,0.7,2024
370014,74702,OK,,,53.79,hcris_blended_x_multiplier,0.7,2024
370015,74361,OK,,Rural / Nonmetro,62.54,hcris_blended_x_multiplier,0.7,2024
370016,73701,OK,21420,"Enid, OK",56.32,hcris_blended_x_multiplier,0.7,2024
370018,74006,OK,12780,"Bartlesville, OK",60.38,hcris_blended_x_multiplier,0.7,2024
370019,73644,OK,21120,"Elk City, OK",45.77,hcris_blended_x_multiplier,0.7,2024
370020,74820,OK,10220,"Ada, OK",68.82,hcris_blended_x_multiplier,0.7,2024
370022,73521,OK,11060,"Altus, OK",49.45,hcris_blended_x_multiplier,0.7,2024
370023,73533,OK,20340,"Duncan, OK",54.91,hcris_blended_x_multiplier,0.7,2024
370025,74401,OK,34780,"Muskogee, OK",56.14,hcris_blended_x_multiplier,0.7,2024
370026,73701,OK,21420,"Enid, OK",52.58,hcris_blended_x_multiplier,0.7,2024
370028,73112,OK,36420,"Oklahoma City, OK",62.05,hcris_blended_x_multiplier,0.7,2024
370034,74501,OK,32540,"McAlester, OK",49.15,hcris_blended_x_multiplier,0.7,2024
370037,73101,OK,,,64.08,hcris_blended_x_multiplier,0.7,2024
370039,74017,OK,46140,"Tulsa, OK",59.43,hcris_blended_x_multiplier,0.7,2024
370047,73401,OK,11620,"Ardmore, OK",63.11,hcris_blended_x_multiplier,0.7,2024
370049,74076,OK,,,65.66,hcris_blended_x_multiplier,0.7,2024
370054,73018,OK,36420,"Oklahoma City, OK",51.13,hcris_blended_x_multiplier,0.7,2024
370056,73505,OK,30020,"Lawton, OK",62.82,hcris_blended_x_multiplier,0.7,2024
370057,74447,OK,46140,"Tulsa, OK",39.45,bls_oews_state_placeholder,0.4,2024
370078,74127,OK,46140,"Tulsa, OK",51.37,hcris_blended_x_multiplier,0.7,2024
370083,74523,OK,,Rural / Nonmetro,29.34,hcris_blended_x_multiplier,0.7,2024
370089,74465,OK,,,51.48,hcris_blended_x_multiplier,0.7,2024
370091,74136,OK,46140,"Tulsa, OK",61.21,hcris_blended_x_multiplier,0.7,2024
370093,73104,OK,36420,"Oklahoma City, OK",61.81,hcris_blended_x_multiplier,0.7,2024
370094,73110,OK,36420,"Oklahoma City, OK",59.01,hcris_blended_x_multiplier,0.7,2024
370097,73505,OK,30020,"Lawton, OK",57.32,hcris_blended_x_multiplier,0.7,2024
370099,74023,OK,44660,"Stillwater, OK",59.26,hcris_blended_x_multiplier,0.7,2024
370100,74743,OK,,Rural / Nonmetro,36.15,hcris_blended_x_multiplier,0.7,2024
370106,73109,OK,36420,"Oklahoma City, OK",54.22,hcris_blended_x_multiplier,0.7,2024
370112,74955,OK,22900,"Fort Smith, AR-OK",45.26,hcris_blended_x_multiplier,0.7,2024
370113,74344,OK,,Rural / Nonmetro,39.45,bls_oews_state_placeholder,0.4,2024
370114,74104,OK,46140,"Tulsa, OK",59.29,hcris_blended_x_multiplier,0.7,2024
37012F,74401,OK,34780,"Muskogee, OK",39.45,bls_oews_state_placeholder,0.4,2024
370149,74801,OK,43060,"Shawnee, OK",53.63,hcris_blended_x_multiplier,0.7,2024
37014F,73104,OK,36420,"Oklahoma City, OK",39.45,bls_oews_state_placeholder,0.4,2024
370158,73080,OK,36420,"Oklahoma City, OK",43.22,hcris_blended_x_multiplier,0.7,2024
370166,74467,OK,46140,"Tulsa, OK",45.46,hcris_blended_x_multiplier,0.7,2024
370170,73507,OK,30020,"Lawton, OK",39.45,bls_oews_state_placeholder,0.4,2024
370171,74464,OK,45140,"Tahlequah, OK",39.45,bls_oews_state_placeholder,0.4,2024
370172,74571,OK,,Rural / Nonmetro,39.45,bls_oews_state_placeholder,0.4,2024
370173,74017,OK,46140,"Tulsa, OK",39.45,bls_oews_state_placeholder,0.4,2024
370178,74960,OK,,Rural / Nonmetro,39.45,bls_oews_state_placeholder,0.4,2024
370180,74820,OK,10220,"Ada, OK",39.45,bls_oews_state_placeholder,0.4,2024
370183,74437,OK,46140,"Tulsa, OK",58.0,hcris_blended_x_multiplier,0.7,2024
370192,73120,OK,36420,"Oklahoma City, OK",56.22,hcris_blended_x_multiplier,0.7,2024
370199,73120,OK,36420,"Oklahoma City, OK",59.43,hcris_blended_x_multiplier,0.7,2024
370201,73129,OK,36420,"Oklahoma City, OK",53.66,hcris_blended_x_multiplier,0.7,2024
370202,74133,OK,46140,"Tulsa, OK",60.03,hcris_blended_x_multiplier,0.7,2024
370203,73159,OK,36420,"Oklahoma City, OK",50.44,hcris_blended_x_multiplier,0.7,2024
370206,73134,OK,36420,"Oklahoma City, OK",62.71,hcris_blended_x_multiplier,0.7,2024
370210,74137,OK,46140,"Tulsa, OK",52.72,hcris_blended_x_multiplier,0.7,2024
370211,73099,OK,36420,"Oklahoma City, OK",56.99,hcris_blended_x_multiplier,0.7,2024
370212,73139,OK,36420,"Oklahoma City, OK",48.9,hcris_blended_x_multiplier,0.7,2024
370214,73052,OK,,Rural / Nonmetro,53.23,hcris_blended_x_multiplier,0.7,2024
370215,73120,OK,36420,"Oklahoma City, OK",80.64,hcris_blended_x_multiplier,0.7,2024
370216,74132,OK,46140,"Tulsa, OK",54.31,hcris_blended_x_multiplier,0.7,2024
370218,74133,OK,46140,"Tulsa, OK",56.38,hcris_blended_x_multiplier,0.7,2024
370220,73114,OK,36420,"Oklahoma City, OK",47.96,hcris_blended_x_multiplier,0.7,2024
370222,73114,OK,36420,"Oklahoma City, OK",54.75,hcris_blended_x_multiplier,0.7,2024
370225,73034,OK,36420,"Oklahoma City, OK",53.68,hcris_blended_x_multiplier,0.7,2024
370227,74055,OK,46140,"Tulsa, OK",62.78,hcris_blended_x_multiplier,0.7,2024
370228,74055,OK,46140,"Tulsa, OK",39.45,bls_oews_state_placeholder,0.4,2024
370234,73135,OK,36420,"Oklahoma City, OK",39.45,bls_oews_state_placeholder,0.4,2024
370235,74012,OK,46140,"Tulsa, OK",55.83,hcris_blended_x_multiplier,0.7,2024
370236,73034,OK,36420,"Oklahoma City, OK",57.96,hcris_blended_x_multiplier,0.7,2024
370237,74301,OK,,Rural / Nonmetro,56.5,hcris_blended_x_multiplier,0.7,2024
370240,73162,OK,36420,"Oklahoma City, OK",50.01,hcris_blended_x_multiplier,0.7,2024
370243,73075,OK,,Rural / Nonmetro,39.45,bls_oews_state_placeholder,0.4,2024
370244,74133,OK,46140,"Tulsa, OK",39.45,bls_oews_state_placeholder,0.4,2024
370245,73601,OK,48220,"Weatherford, OK",39.45,bls_oews_state_placeholder,0.4,2024
370246,74010,OK,46140,"Tulsa, OK",39.45,bls_oews_state_placeholder,0.4,2024
370247,73401,OK,11620,"Ardmore, OK",39.45,bls_oews_state_placeholder,0.4,2024
370779,73077,OK,,Rural / Nonmetro,39.45,bls_oews_state_placeholder,0.4,2024
370780,74631,OK,38620,"Ponca City, OK",39.45,bls_oews_state_placeholder,0.4,2024
370781,73834,OK,,Rural / Nonmetro,39.45,bls_oews_state_placeholder,0.4,2024
370783,73651,OK,,Rural / Nonmetro,39.45,bls_oews_state_placeholder,0.4,2024
371300,74525,OK,,Rural / Nonmetro,39.45,bls_oews_state_placeholder,0.4,2024
371301,74864,OK,36420,"Oklahoma City, OK",39.45,bls_oews_state_placeholder,0.4,2024
371302,73772,OK,,Rural / Nonmetro,39.45,bls_oews_state_placeholder,0.4,2024
371303,73628,OK,,Rural / Nonmetro,39.45,bls_oews_state_placeholder,0.4,2024
371304,73460,OK,,Rural / Nonmetro,39.45,bls_oews_state_placeholder,0.4,2024
371305,74048,OK,,Rural / Nonmetro,39.45,bls_oews_state_placeholder,0.4,2024
371306,73448,OK,,Rural / Nonmetro,39.45,bls_oews_state_placeholder,0.4,2024
371307,73933,OK,,Rural / Nonmetro,39.45,bls_oews_state_placeholder,0.4,2024
371309,74056,OK,46140,"Tulsa, OK",39.45,bls_oews_state_placeholder,0.4,2024
371310,73438,OK,11620,"Ardmore, OK",39.45,bls_oews_state_placeholder,0.4,2024
371311,73573,OK,,Rural / Nonmetro,39.45,bls_oews_state_placeholder,0.4,2024
371312,74066,OK,46140,"Tulsa, OK",39.45,bls_oews_state_placeholder,0.4,2024
371313,73750,OK,,Rural / Nonmetro,39.45,bls_oews_state_placeholder,0.4,2024
371314,73005,OK,,Rural / Nonmetro,39.45,bls_oews_state_placeholder,0.4,2024
371316,74079,OK,36420,"Oklahoma City, OK",39.45,bls_oews_state_placeholder,0.4,2024
371317,73044,OK,36420,"Oklahoma City, OK",39.45,bls_oews_state_placeholder,0.4,2024
371318,74637,OK,46140,"Tulsa, OK",39.45,bls_oews_state_placeholder,0.4,2024
371319,74538,OK,,Rural / Nonmetro,39.45,bls_oews_state_placeholder,0.4,2024
371320,74020,OK,46140,"Tulsa, OK",39.45,bls_oews_state_placeholder,0.4,2024
371321,74848,OK,,Rural / Nonmetro,39.45,bls_oews_state_placeholder,0.4,2024
371322,73932,OK,,Rural / Nonmetro,39.45,bls_oews_state_placeholder,0.4,2024
371323,73096,OK,48220,"Weatherford, OK",39.45,bls_oews_state_placeholder,0.4,2024
371325,73632,OK,48220,"Weatherford, OK",39.45,bls_oews_state_placeholder,0.4,2024
371326,73446,OK,,Rural / Nonmetro,39.45,bls_oews_state_placeholder,0.4,2024
371327,73763,OK,,Rural / Nonmetro,39.45,bls_oews_state_placeholder,0.4,2024
371328,73086,OK,,Rural / Nonmetro,39.45,bls_oews_state_placeholder,0.4,2024
371329,73737,OK,,Rural / Nonmetro,39.45,bls_oews_state_placeholder,0.4,2024
371330,73554,OK,,Rural / Nonmetro,39.45,bls_oews_state_placeholder,0.4,2024
371331,74030,OK,46140,"Tulsa, OK",39.45,bls_oews_state_placeholder,0.4,2024
371332,73663,OK,,Rural / Nonmetro,39.45,bls_oews_state_placeholder,0.4,2024
371333,74859,OK,,Rural / Nonmetro,39.45,bls_oews_state_placeholder,0.4,2024
371334,73015,OK,,Rural / Nonmetro,39.45,bls_oews_state_placeholder,0.4,2024
371335,74462,OK,,Rural / Nonmetro,39.45,bls_oews_state_placeholder,0.4,2024
371336,73858,OK,,Rural / Nonmetro,39.45,bls_oews_state_placeholder,0.4,2024
371337,74953,OK,,Rural / Nonmetro,39.45,bls_oews_state_placeholder,0.4,2024
371338,73550,OK,,Rural / Nonmetro,39.45,bls_oews_state_placeholder,0.4,2024
371340,73942,OK,25100,"Guymon, OK",39.45,bls_oews_state_placeholder,0.4,2024
371341,73717,OK,,Rural / Nonmetro,39.45,bls_oews_state_placeholder,0.4,2024
371342,74745,OK,,Rural / Nonmetro,39.45,bls_oews_state_placeholder,0.4,2024
373300,73071,OK,36420,"Oklahoma City, OK",39.45,bls_oews_state_placeholder,0.4,2024
373303,73008,OK,36420,"Oklahoma City, OK",39.45,bls_oews_state_placeholder,0.4,2024
374000,73070,OK,36420,"Oklahoma City, OK",39.45,bls_oews_state_placeholder,0.4,2024
374001,73841,OK,,Rural / Nonmetro,39.45,bls_oews_state_placeholder,0.4,2024
374006,74501,OK,32540,"McAlester, OK",39.45,bls_oews_state_placeholder,0.4,2024
374008,73505,OK,30020,"Lawton, OK",39.45,bls_oews_state_placeholder,0.4,2024
374012,74128,OK,46140,"Tulsa, OK",39.45,bls_oews_state_placeholder,0.4,2024
374016,74820,OK,10220,"Ada, OK",39.45,bls_oews_state_placeholder,0.4,2024
374020,74136,OK,46140,"Tulsa, OK",39.45,bls_oews_state_placeholder,0.4,2024
374021,74120,OK,46140,"Tulsa, OK",39.45,bls_oews_state_placeholder,0.4,2024
374023,73141,OK,36420,"Oklahoma City, OK",39.45,bls_oews_state_placeholder,0.4,2024
374025,73114,OK,36420,"Oklahoma City, OK",39.45,bls_oews_state_placeholder,0.4,2024
374026,74114,OK,46140,"Tulsa, OK",39.45,bls_oews_state_placeholder,0.4,2024
374027,73071,OK,36420,"Oklahoma City, OK",39.45,bls_oews_state_placeholder,0.4,2024
380001,97058,OR,45520,"The Dalles, OR",77.38,hcris_blended_x_multiplier,0.7,2024
380002,97527,OR,24420,"Grants Pass, OR",73.37,hcris_blended_x_multiplier,0.7,2024
380004,97225,OR,38900,"Portland-Vancouver-Hillsboro, OR-WA",58.8,bls_oews_msa,0.9,2024
380005,97520,OR,32780,"Medford, OR",84.77,hcris_blended_x_multiplier,0.7,2024
380007,97227,OR,38900,"Portland-Vancouver-Hillsboro, OR-WA",58.8,bls_oews_msa,0.9,2024
380009,97239,OR,38900,"Portland-Vancouver-Hillsboro, OR-WA",58.8,bls_oews_msa,0.9,2024
380014,97339,OR,,,88.49,hcris_blended_x_multiplier,0.7,2024
380017,97210,OR,38900,"Portland-Vancouver-Hillsboro, OR-WA",58.8,bls_oews_msa,0.9,2024
380018,97504,OR,32780,"Medford, OR",73.47,hcris_blended_x_multiplier,0.7,2024
380020,97477,OR,21660,"Eugene-Springfield, OR",80.7,hcris_blended_x_multiplier,0.7,2024
380021,97123,OR,38900,"Portland-Vancouver-Hillsboro, OR-WA",58.8,bls_oews_msa,0.9,2024
380022,97321,OR,10540,"Albany, OR",79.17,hcris_blended_x_multiplier,0.7,2024
380025,97030,OR,38900,"Portland-Vancouver-Hillsboro, OR-WA",58.8,bls_oews_msa,0.9,2024
380027,97471,OR,40700,"Roseburg, OR",73.26,hcris_blended_x_multiplier,0.7,2024
380029,97381,OR,41420,"Salem, OR",62.82,hcris_blended_x_multiplier,0.7,2024
380037,97132,OR,38900,"Portland-Vancouver-Hillsboro, OR-WA",58.8,bls_oews_msa,0.9,2024
380038,97045,OR,38900,"Portland-Vancouver-Hillsboro, OR-WA",58.8,bls_oews_msa,0.9,2024
38003F,97239,OR,38900,"Portland-Vancouver-Hillsboro, OR-WA",58.8,bls_oews_msa,0.9,2024
380047,97701,OR,13460,"Bend, OR",91.29,hcris_blended_x_multiplier,0.7,2024
38004F,97471,OR,40700,"Roseburg, OR",53.85,bls_oews_state_placeholder,0.4,2024
380050,97601,OR,28900,"Klamath Falls, OR",71.43,hcris_blended_x_multiplier,0.7,2024
380051,97301,OR,41420,"Salem, OR",82.25,hcris_blended_x_multiplier,0.7,2024
380052,97914,OR,36620,"Ontario, OR-ID",63.88,hcris_blended_x_multiplier,0.7,2024
380056,97383,OR,41420,"Salem, OR",58.86,hcris_blended_x_multiplier,0.7,2024
380060,97216,OR,38900,"Portland-Vancouver-Hillsboro, OR-WA",58.8,bls_oews_msa,0.9,2024
380061,97213,OR,38900,"Portland-Vancouver-Hillsboro, OR-WA",58.8,bls_oews_msa,0.9,2024
380071,97128,OR,38900,"Portland-Vancouver-Hillsboro, OR-WA",58.8,bls_oews_msa,0.9,2024
380075,97504,OR,32780,"Medford, OR",67.33,hcris_blended_x_multiplier,0.7,2024
380082,97222,OR,38900,"Portland-Vancouver-Hillsboro, OR-WA",58.8,bls_oews_msa,0.9,2024
380089,97062,OR,38900,"Portland-Vancouver-Hillsboro, OR-WA",58.8,bls_oews_msa,0.9,2024
380090,97420,OR,18300,"Coos Bay-North Bend, OR",73.35,hcris_blended_x_multiplier,0.7,2024
380091,97015,OR,38900,"Portland-Vancouver-Hillsboro, OR-WA",58.8,bls_oews_msa,0.9,2024
380102,97477,OR,21660,"Eugene-Springfield, OR",87.92,hcris_blended_x_multiplier,0.7,2024
380103,97124,OR,38900,"Portland-Vancouver-Hillsboro, OR-WA",58.8,bls_oews_msa,0.9,2024
381301,97424,OR,21660,"Eugene-Springfield, OR",53.85,bls_oews_state_placeholder,0.4,2024
381302,97367,OR,35440,"Newport, OR",53.85,bls_oews_state_placeholder,0.4,2024
381303,97138,OR,11820,"Astoria, OR",53.85,bls_oews_state_placeholder,0.4,2024
381304,97411,OR,18300,"Coos Bay-North Bend, OR",53.85,bls_oews_state_placeholder,0.4,2024
381305,97845,OR,,Rural / Nonmetro,53.85,bls_oews_state_placeholder,0.4,2024
381306,97828,OR,,Rural / Nonmetro,53.85,bls_oews_state_placeholder,0.4,2024
381307,97720,OR,,Rural / Nonmetro,53.85,bls_oews_state_placeholder,0.4,2024
381308,97338,OR,41420,"Salem, OR",53.85,bls_oews_state_placeholder,0.4,2024
381309,97630,OR,,Rural / Nonmetro,53.85,bls_oews_state_placeholder,0.4,2024
381310,97836,OR,25840,"Hermiston-Pendleton, OR",53.85,bls_oews_state_placeholder,0.4,2024
381311,97467,OR,40700,"Roseburg, OR",53.85,bls_oews_state_placeholder,0.4,2024
381312,97423,OR,18300,"Coos Bay-North Bend, OR",53.85,bls_oews_state_placeholder,0.4,2024
381313,97754,OR,13460,"Bend, OR",53.85,bls_oews_state_placeholder,0.4,2024
381314,97365,OR,35440,"Newport, OR",53.85,bls_oews_state_placeholder,0.4,2024
381315,97814,OR,12520,"Baker City, OR",53.85,bls_oews_state_placeholder,0.4,2024
381316,97439,OR,21660,"Eugene-Springfield, OR",53.85,bls_oews_state_placeholder,0.4,2024
381317,97141,OR,,Rural / Nonmetro,53.85,bls_oews_state_placeholder,0.4,2024
381318,97031,OR,26220,"Hood River, OR",53.85,bls_oews_state_placeholder,0.4,2024
381319,97801,OR,25840,"Hermiston-Pendleton, OR",53.85,bls_oews_state_placeholder,0.4,2024
381320,97103,OR,11820,"Astoria, OR",53.85,bls_oews_state_placeholder,0.4,2024
381321,97850,OR,29260,"La Grande, OR",53.85,bls_oews_state_placeholder,0.4,2024
381322,97444,OR,15060,"Brookings, OR",53.85,bls_oews_state_placeholder,0.4,2024
381323,97355,OR,10540,"Albany, OR",53.85,bls_oews_state_placeholder,0.4,2024
381324,97741,OR,13460,"Bend, OR",53.85,bls_oews_state_placeholder,0.4,2024
381325,97838,OR,25840,"Hermiston-Pendleton, OR",53.85,bls_oews_state_placeholder,0.4,2024
383300,97239,OR,38900,"Portland-Vancouver-Hillsboro, OR-WA",58.8,bls_oews_msa,0.9,2024
384008,97310,OR,41420,"Salem, OR",53.85,bls_oews_state_placeholder,0.4,2024
384012,97225,OR,38900,"Portland-Vancouver-Hillsboro, OR-WA",58.8,bls_oews_msa,0.9,2024
390001,18510,PA,42540,"Scranton--Wilkes-Barre, PA",58.76,hcris_blended_x_multiplier,0.7,2024
390002,15132,PA,38300,"Pittsburgh, PA",45.84,hcris_blended_x_multiplier,0.7,2024
390003,17815,PA,14100,"Bloomsburg-Berwick, PA",54.28,hcris_blended_x_multiplier,0.7,2024
390004,17011,PA,25420,"Harrisburg-Carlisle, PA",59.6,hcris_blended_x_multiplier,0.7,2024
390006,17822,PA,44980,"Sunbury, PA",52.6,hcris_blended_x_multiplier,0.7,2024
390009,16544,PA,,,50.89,hcris_blended_x_multiplier,0.7,2024
390012,19446,PA,37980,"Philadelphia-Camden-Wilmington, PA-NJ-DE-MD",47.3,bls_oews_msa,0.9,2024
390013,17837,PA,30260,"Lewisburg, PA",48.66,hcris_blended_x_multiplier,0.7,2024
390016,16105,PA,38300,"Pittsburgh, PA",47.24,hcris_blended_x_multiplier,0.7,2024
39001F,16602,PA,11020,"Altoona, PA",42.5,bls_oews_state_placeholder,0.4,2024
390025,19122,PA,37980,"Philadelphia-Camden-Wilmington, PA-NJ-DE-MD",47.3,bls_oews_msa,0.9,2024
390026,19118,PA,37980,"Philadelphia-Camden-Wilmington, PA-NJ-DE-MD",47.3,bls_oews_msa,0.9,2024
390027,19140,PA,37980,"Philadelphia-Camden-Wilmington, PA-NJ-DE-MD",47.3,bls_oews_msa,0.9,2024
390028,15219,PA,38300,"Pittsburgh, PA",50.85,hcris_blended_x_multiplier,0.7,2024
390030,17901,PA,39060,"Pottsville, PA",54.32,hcris_blended_x_multiplier,0.7,2024
390032,15065,PA,38300,"Pittsburgh, PA",48.4,hcris_blended_x_multiplier,0.7,2024
390035,18951,PA,37980,"Philadelphia-Camden-Wilmington, PA-NJ-DE-MD",47.3,bls_oews_msa,0.9,2024
390036,15009,PA,38300,"Pittsburgh, PA",60.17,hcris_blended_x_multiplier,0.7,2024
390037,15143,PA,38300,"Pittsburgh, PA",57.44,hcris_blended_x_multiplier,0.7,2024
390039,15501,PA,43740,"Somerset, PA",49.14,hcris_blended_x_multiplier,0.7,2024
390041,15401,PA,38300,"Pittsburgh, PA",45.46,hcris_blended_x_multiplier,0.7,2024
390042,15301,PA,38300,"Pittsburgh, PA",52.74,hcris_blended_x_multiplier,0.7,2024
390044,19611,PA,39740,"Reading, PA",60.61,hcris_blended_x_multiplier,0.7,2024
390045,17701,PA,48700,"Williamsport, PA",49.41,hcris_blended_x_multiplier,0.7,2024
390046,17403,PA,49620,"York-Hanover, PA",59.5,hcris_blended_x_multiplier,0.7,2024
390048,17044,PA,30380,"Lewistown, PA",52.22,hcris_blended_x_multiplier,0.7,2024
390049,18015,PA,10900,"Allentown-Bethlehem-Easton, PA-NJ",58.97,hcris_blended_x_multiplier,0.7,2024
39004F,19320,PA,37980,"Philadelphia-Camden-Wilmington, PA-NJ-DE-MD",47.3,bls_oews_msa,0.9,2024
390050,15212,PA,38300,"Pittsburgh, PA",50.25,hcris_blended_x_multiplier,0.7,2024
390056,16652,PA,26500,"Huntingdon, PA",49.67,hcris_blended_x_multiplier,0.7,2024
390057,18960,PA,37980,"Philadelphia-Camden-Wilmington, PA-NJ-DE-MD",47.3,bls_oews_msa,0.9,2024
390058,17015,PA,25420,"Harrisburg-Carlisle, PA",54.73,hcris_blended_x_multiplier,0.7,2024
39005F,16504,PA,21500,"Erie, PA",42.5,bls_oews_state_placeholder,0.4,2024
390062,16673,PA,11020,"Altoona, PA",47.96,hcris_blended_x_multiplier,0.7,2024
390063,16550,PA,21500,"Erie, PA",50.23,hcris_blended_x_multiplier,0.7,2024
390065,17325,PA,23900,"Gettysburg, PA",59.72,hcris_blended_x_multiplier,0.7,2024
390066,17042,PA,30140,"Lebanon, PA",59.68,hcris_blended_x_multiplier,0.7,2024
390067,17104,PA,25420,"Harrisburg-Carlisle, PA",58.37,hcris_blended_x_multiplier,0.7,2024
390068,17543,PA,29540,"Lancaster, PA",58.31,hcris_blended_x_multiplier,0.7,2024
39006F,17042,PA,30140,"Lebanon, PA",42.5,bls_oews_state_placeholder,0.4,2024
390070,19007,PA,37980,"Philadelphia-Camden-Wilmington, PA-NJ-DE-MD",47.3,bls_oews_msa,0.9,2024
390073,16601,PA,11020,"Altoona, PA",57.71,hcris_blended_x_multiplier,0.7,2024
390079,18840,PA,42380,"Sayre, PA",42.5,bls_oews_state_placeholder,0.4,2024
390086,15801,PA,20180,"DuBois, PA",68.25,hcris_blended_x_multiplier,0.7,2024
390090,15224,PA,38300,"Pittsburgh, PA",45.67,hcris_blended_x_multiplier,0.7,2024
390091,16346,PA,36340,"Oil City, PA",46.42,hcris_blended_x_multiplier,0.7,2024
390093,16214,PA,,Rural / Nonmetro,49.53,hcris_blended_x_multiplier,0.7,2024
390096,19605,PA,39740,"Reading, PA",58.62,hcris_blended_x_multiplier,0.7,2024
390097,19046,PA,37980,"Philadelphia-Camden-Wilmington, PA-NJ-DE-MD",47.3,bls_oews_msa,0.9,2024
39009F,19104,PA,37980,"Philadelphia-Camden-Wilmington, PA-NJ-DE-MD",47.3,bls_oews_msa,0.9,2024
390100,17602,PA,29540,"Lancaster, PA",61.84,hcris_blended_x_multiplier,0.7,2024
390101,17408,PA,49620,"York-Hanover, PA",54.63,hcris_blended_x_multiplier,0.7,2024
390102,15215,PA,38300,"Pittsburgh, PA",49.13,hcris_blended_x_multiplier,0.7,2024
390107,15237,PA,38300,"Pittsburgh, PA",51.34,hcris_blended_x_multiplier,0.7,2024
390110,15905,PA,27780,"Johnstown, PA",65.32,hcris_blended_x_multiplier,0.7,2024
390111,19104,PA,37980,"Philadelphia-Camden-Wilmington, PA-NJ-DE-MD",47.3,bls_oews_msa,0.9,2024
390112,15963,PA,43740,"Somerset, PA",53.14,hcris_blended_x_multiplier,0.7,2024
390113,16335,PA,32740,"Meadville, PA",42.5,bls_oews_state_placeholder,0.4,2024
390114,15213,PA,38300,"Pittsburgh, PA",52.6,hcris_blended_x_multiplier,0.7,2024
390115,19114,PA,37980,"Philadelphia-Camden-Wilmington, PA-NJ-DE-MD",47.3,bls_oews_msa,0.9,2024
390116,19401,PA,37980,"Philadelphia-Camden-Wilmington, PA-NJ-DE-MD",47.3,bls_oews_msa,0.9,2024
390117,15537,PA,,Rural / Nonmetro,47.15,hcris_blended_x_multiplier,0.7,2024
390123,19464,PA,37980,"Philadelphia-Camden-Wilmington, PA-NJ-DE-MD",47.3,bls_oews_msa,0.9,2024
390125,18431,PA,,Rural / Nonmetro,62.1,hcris_blended_x_multiplier,0.7,2024
390127,19460,PA,37980,"Philadelphia-Camden-Wilmington, PA-NJ-DE-MD",47.3,bls_oews_msa,0.9,2024
39012F,15240,PA,,,42.5,bls_oews_state_placeholder,0.4,2024
390133,18103,PA,10900,"Allentown-Bethlehem-Easton, PA-NJ",63.0,hcris_blended_x_multiplier,0.7,2024
390137,18764,PA,,,51.21,hcris_blended_x_multiplier,0.7,2024
390138,17268,PA,16540,"Chambersburg, PA",61.92,hcris_blended_x_multiplier,0.7,2024
390139,19010,PA,37980,"Philadelphia-Camden-Wilmington, PA-NJ-DE-MD",47.3,bls_oews_msa,0.9,2024
39013F,18711,PA,,,42.5,bls_oews_state_placeholder,0.4,2024
390142,19141,PA,37980,"Philadelphia-Camden-Wilmington, PA-NJ-DE-MD",47.3,bls_oews_msa,0.9,2024
390145,15601,PA,38300,"Pittsburgh, PA",47.43,hcris_blended_x_multiplier,0.7,2024
390146,16365,PA,47620,"Warren, PA",60.41,hcris_blended_x_multiplier,0.7,2024
390147,15063,PA,38300,"Pittsburgh, PA",53.49,hcris_blended_x_multiplier,0.7,2024
390150,15370,PA,,Rural / Nonmetro,46.31,hcris_blended_x_multiplier,0.7,2024
390151,17201,PA,16540,"Chambersburg, PA",56.32,hcris_blended_x_multiplier,0.7,2024
390153,19301,PA,37980,"Philadelphia-Camden-Wilmington, PA-NJ-DE-MD",47.3,bls_oews_msa,0.9,2024
390156,19023,PA,37980,"Philadelphia-Camden-Wilmington, PA-NJ-DE-MD",47.3,bls_oews_msa,0.9,2024
390160,15317,PA,38300,"Pittsburgh, PA",47.64,hcris_blended_x_multiplier,0.7,2024
390162,18042,PA,10900,"Allentown-Bethlehem-Easton, PA-NJ",58.32,hcris_blended_x_multiplier,0.7,2024
390163,16201,PA,38300,"Pittsburgh, PA",50.46,hcris_blended_x_multiplier,0.7,2024
390164,15213,PA,38300,"Pittsburgh, PA",49.76,hcris_blended_x_multiplier,0.7,2024
390168,16001,PA,38300,"Pittsburgh, PA",50.92,hcris_blended_x_multiplier,0.7,2024
390173,15701,PA,26860,"Indiana, PA",50.74,hcris_blended_x_multiplier,0.7,2024
390174,19107,PA,37980,"Philadelphia-Camden-Wilmington, PA-NJ-DE-MD",47.3,bls_oews_msa,0.9,2024
390178,16125,PA,25850,"Hermitage, PA",47.57,hcris_blended_x_multiplier,0.7,2024
390179,19380,PA,37980,"Philadelphia-Camden-Wilmington, PA-NJ-DE-MD",47.3,bls_oews_msa,0.9,2024
390180,19013,PA,37980,"Philadelphia-Camden-Wilmington, PA-NJ-DE-MD",47.3,bls_oews_msa,0.9,2024
390183,18218,PA,39060,"Pottsville, PA",57.11,hcris_blended_x_multiplier,0.7,2024
390184,15425,PA,38300,"Pittsburgh, PA",42.5,bls_oews_state_placeholder,0.4,2024
390185,18201,PA,42540,"Scranton--Wilkes-Barre, PA",53.98,hcris_blended_x_multiplier,0.7,2024
390195,19096,PA,37980,"Philadelphia-Camden-Wilmington, PA-NJ-DE-MD",47.3,bls_oews_msa,0.9,2024
390198,16509,PA,21500,"Erie, PA",43.29,hcris_blended_x_multiplier,0.7,2024
390199,15767,PA,,Rural / Nonmetro,58.55,hcris_blended_x_multiplier,0.7,2024
390201,18301,PA,20700,"East Stroudsburg, PA",55.03,hcris_blended_x_multiplier,0.7,2024
390203,18901,PA,37980,"Philadelphia-Camden-Wilmington, PA-NJ-DE-MD",47.3,bls_oews_msa,0.9,2024
390204,19152,PA,37980,"Philadelphia-Camden-Wilmington, PA-NJ-DE-MD",47.3,bls_oews_msa,0.9,2024
390211,16146,PA,25850,"Hermitage, PA",29.09,hcris_blended_x_multiplier,0.7,2024
390217,15666,PA,38300,"Pittsburgh, PA",50.19,hcris_blended_x_multiplier,0.7,2024
390219,15650,PA,38300,"Pittsburgh, PA",46.45,hcris_blended_x_multiplier,0.7,2024
390222,19063,PA,37980,"Philadelphia-Camden-Wilmington, PA-NJ-DE-MD",47.3,bls_oews_msa,0.9,2024
390223,19104,PA,37980,"Philadelphia-Camden-Wilmington, PA-NJ-DE-MD",47.3,bls_oews_msa,0.9,2024
390225,17522,PA,29540,"Lancaster, PA",60.44,hcris_blended_x_multiplier,0.7,2024
390226,19107,PA,37980,"Philadelphia-Camden-Wilmington, PA-NJ-DE-MD",47.3,bls_oews_msa,0.9,2024
390228,15243,PA,38300,"Pittsburgh, PA",52.16,hcris_blended_x_multiplier,0.7,2024
390231,19001,PA,37980,"Philadelphia-Camden-Wilmington, PA-NJ-DE-MD",47.3,bls_oews_msa,0.9,2024
390233,17331,PA,49620,"York-Hanover, PA",55.94,hcris_blended_x_multiplier,0.7,2024
390237,18501,PA,,,52.56,hcris_blended_x_multiplier,0.7,2024
390256,17033,PA,25420,"Harrisburg-Carlisle, PA",59.54,hcris_blended_x_multiplier,0.7,2024
390258,19047,PA,37980,"Philadelphia-Camden-Wilmington, PA-NJ-DE-MD",47.3,bls_oews_msa,0.9,2024
390265,15025,PA,38300,"Pittsburgh, PA",44.93,hcris_blended_x_multiplier,0.7,2024
390266,16127,PA,25850,"Hermitage, PA",44.0,hcris_blended_x_multiplier,0.7,2024
390267,15146,PA,38300,"Pittsburgh, PA",53.09,hcris_blended_x_multiplier,0.7,2024
390268,16803,PA,44300,"State College, PA",59.05,hcris_blended_x_multiplier,0.7,2024
390270,18711,PA,,,54.63,hcris_blended_x_multiplier,0.7,2024
390272,19403,PA,37980,"Philadelphia-Camden-Wilmington, PA-NJ-DE-MD",47.3,bls_oews_msa,0.9,2024
390278,19403,PA,37980,"Philadelphia-Camden-Wilmington, PA-NJ-DE-MD",47.3,bls_oews_msa,0.9,2024
390304,19128,PA,37980,"Philadelphia-Camden-Wilmington, PA-NJ-DE-MD",47.3,bls_oews_msa,0.9,2024
390307,16154,PA,25850,"Hermitage, PA",55.3,hcris_blended_x_multiplier,0.7,2024
390316,19610,PA,39740,"Reading, PA",51.17,hcris_blended_x_multiplier,0.7,2024
390322,19020,PA,37980,"Philadelphia-Camden-Wilmington, PA-NJ-DE-MD",47.3,bls_oews_msa,0.9,2024
390323,15301,PA,38300,"Pittsburgh, PA",46.56,hcris_blended_x_multiplier,0.7,2024
390324,19468,PA,37980,"Philadelphia-Camden-Wilmington, PA-NJ-DE-MD",47.3,bls_oews_msa,0.9,2024
390325,17402,PA,49620,"York-Hanover, PA",64.83,hcris_blended_x_multiplier,0.7,2024
390327,17403,PA,49620,"York-Hanover, PA",60.98,hcris_blended_x_multiplier,0.7,2024
390328,15146,PA,38300,"Pittsburgh, PA",50.44,hcris_blended_x_multiplier,0.7,2024
390329,19403,PA,37980,"Philadelphia-Camden-Wilmington, PA-NJ-DE-MD",47.3,bls_oews_msa,0.9,2024
390330,18360,PA,20700,"East Stroudsburg, PA",58.38,hcris_blended_x_multiplier,0.7,2024
390331,19107,PA,37980,"Philadelphia-Camden-Wilmington, PA-NJ-DE-MD",47.3,bls_oews_msa,0.9,2024
390332,17961,PA,39060,"Pottsville, PA",58.42,hcris_blended_x_multiplier,0.7,2024
390333,15601,PA,38300,"Pittsburgh, PA",49.59,hcris_blended_x_multiplier,0.7,2024
390334,15090,PA,38300,"Pittsburgh, PA",54.57,hcris_blended_x_multiplier,0.7,2024
390335,18235,PA,10900,"Allentown-Bethlehem-Easton, PA-NJ",65.98,hcris_blended_x_multiplier,0.7,2024
390336,17025,PA,25420,"Harrisburg-Carlisle, PA",69.79,hcris_blended_x_multiplier,0.7,2024
390337,17756,PA,48700,"Williamsport, PA",42.5,bls_oews_state_placeholder,0.4,2024
390338,18519,PA,42540,"Scranton--Wilkes-Barre, PA",58.9,hcris_blended_x_multiplier,0.7,2024
390339,17601,PA,29540,"Lancaster, PA",64.47,hcris_blended_x_multiplier,0.7,2024
390430,18062,PA,10900,"Allentown-Bethlehem-Easton, PA-NJ",42.5,bls_oews_state_placeholder,0.4,2024
391300,17740,PA,48700,"Williamsport, PA",42.5,bls_oews_state_placeholder,0.4,2024
391301,17756,PA,48700,"Williamsport, PA",42.5,bls_oews_state_placeholder,0.4,2024
391302,15552,PA,43740,"Somerset, PA",42.5,bls_oews_state_placeholder,0.4,2024
391303,17233,PA,,Rural / Nonmetro,42.5,bls_oews_state_placeholder,0.4,2024
391304,17764,PA,30820,"Lock Haven, PA",42.5,bls_oews_state_placeholder,0.4,2024
391305,16947,PA,42380,"Sayre, PA",42.5,bls_oews_state_placeholder,0.4,2024
391306,18801,PA,,Rural / Nonmetro,42.5,bls_oews_state_placeholder,0.4,2024
391307,16686,PA,11020,"Altoona, PA",42.5,bls_oews_state_placeholder,0.4,2024
391308,16407,PA,21500,"Erie, PA",42.5,bls_oews_state_placeholder,0.4,2024
391309,18847,PA,,Rural / Nonmetro,42.5,bls_oews_state_placeholder,0.4,2024
391312,15825,PA,,Rural / Nonmetro,42.5,bls_oews_state_placeholder,0.4,2024
391313,16915,PA,,Rural / Nonmetro,42.5,bls_oews_state_placeholder,0.4,2024
391314,16354,PA,36340,"Oil City, PA",42.5,bls_oews_state_placeholder,0.4,2024
391315,15857,PA,41260,"St. Marys, PA",42.5,bls_oews_state_placeholder,0.4,2024
391316,16901,PA,,Rural / Nonmetro,42.5,bls_oews_state_placeholder,0.4,2024
391317,16646,PA,27780,"Johnstown, PA",42.5,bls_oews_state_placeholder,0.4,2024
391318,16735,PA,14620,"Bradford, PA",42.5,bls_oews_state_placeholder,0.4,2024
393302,15224,PA,38300,"Pittsburgh, PA",42.5,bls_oews_state_placeholder,0.4,2024
393303,19104,PA,37980,"Philadelphia-Camden-Wilmington, PA-NJ-DE-MD",47.3,bls_oews_msa,0.9,2024
393304,15224,PA,38300,"Pittsburgh, PA",42.5,bls_oews_state_placeholder,0.4,2024
393307,19134,PA,37980,"Philadelphia-Camden-Wilmington, PA-NJ-DE-MD",47.3,bls_oews_msa,0.9,2024
393309,19104,PA,37980,"Philadelphia-Camden-Wilmington, PA-NJ-DE-MD",47.3,bls_oews_msa,0.9,2024
394001,19401,PA,37980,"Philadelphia-Camden-Wilmington, PA-NJ-DE-MD",47.3,bls_oews_msa,0.9,2024
394004,17821,PA,44980,"Sunbury, PA",42.5,bls_oews_state_placeholder,0.4,2024
394008,19124,PA,37980,"Philadelphia-Camden-Wilmington, PA-NJ-DE-MD",47.3,bls_oews_msa,0.9,2024
394012,18411,PA,42540,"Scranton--Wilkes-Barre, PA",42.5,bls_oews_state_placeholder,0.4,2024
394014,19565,PA,39740,"Reading, PA",42.5,bls_oews_state_placeholder,0.4,2024
394016,16365,PA,47620,"Warren, PA",42.5,bls_oews_state_placeholder,0.4,2024
394020,17064,PA,30140,"Lebanon, PA",42.5,bls_oews_state_placeholder,0.4,2024
394023,19131,PA,37980,"Philadelphia-Camden-Wilmington, PA-NJ-DE-MD",47.3,bls_oews_msa,0.9,2024
394026,15779,PA,38300,"Pittsburgh, PA",42.5,bls_oews_state_placeholder,0.4,2024
394027,19128,PA,37980,"Philadelphia-Camden-Wilmington, PA-NJ-DE-MD",47.3,bls_oews_msa,0.9,2024
394033,19403,PA,37980,"Philadelphia-Camden-Wilmington, PA-NJ-DE-MD",47.3,bls_oews_msa,0.9,2024
394034,19002,PA,37980,"Philadelphia-Camden-Wilmington, PA-NJ-DE-MD",47.3,bls_oews_msa,0.9,2024
394038,18901,PA,37980,"Philadelphia-Camden-Wilmington, PA-NJ-DE-MD",47.3,bls_oews_msa,0.9,2024
394040,16828,PA,44300,"State College, PA",42.5,bls_oews_state_placeholder,0.4,2024
394043,16214,PA,,Rural / Nonmetro,42.5,bls_oews_state_placeholder,0.4,2024
394049,19034,PA,37980,"Philadelphia-Camden-Wilmington, PA-NJ-DE-MD",47.3,bls_oews_msa,0.9,2024
394050,17257,PA,25420,"Harrisburg-Carlisle, PA",42.5,bls_oews_state_placeholder,0.4,2024
394051,17110,PA,25420,"Harrisburg-Carlisle, PA",42.5,bls_oews_state_placeholder,0.4,2024
394052,19601,PA,39740,"Reading, PA",42.5,bls_oews_state_placeholder,0.4,2024
394053,19129,PA,37980,"Philadelphia-Camden-Wilmington, PA-NJ-DE-MD",47.3,bls_oews_msa,0.9,2024
394055,17603,PA,29540,"Lancaster, PA",42.5,bls_oews_state_placeholder,0.4,2024
394056,19605,PA,39740,"Reading, PA",42.5,bls_oews_state_placeholder,0.4,2024
394057,19145,PA,37980,"Philadelphia-Camden-Wilmington, PA-NJ-DE-MD",47.3,bls_oews_msa,0.9,2024
394058,18603,PA,14100,"Bloomsburg-Berwick, PA",42.5,bls_oews_state_placeholder,0.4,2024
394059,18507,PA,42540,"Scranton--Wilkes-Barre, PA",42.5,bls_oews_state_placeholder,0.4,2024
394062,19380,PA,37980,"Philadelphia-Camden-Wilmington, PA-NJ-DE-MD",47.3,bls_oews_msa,0.9,2024
400001,00907,PR,41980,"San Juan-Bayamón-Caguas, PR",22.0,bls_oews_state_placeholder,0.4,2024
400003,00717,PR,38660,"Ponce, PR",22.0,bls_oews_state_placeholder,0.4,2024
400004,00918,PR,41980,"San Juan-Bayamón-Caguas, PR",22.0,bls_oews_state_placeholder,0.4,2024
400005,00791,PR,41980,"San Juan-Bayamón-Caguas, PR",22.0,bls_oews_state_placeholder,0.4,2024
400006,00909,PR,41980,"San Juan-Bayamón-Caguas, PR",22.0,bls_oews_state_placeholder,0.4,2024
400007,00791,PR,41980,"San Juan-Bayamón-Caguas, PR",22.0,bls_oews_state_placeholder,0.4,2024
400010,00631,PR,,Rural / Nonmetro,22.0,bls_oews_state_placeholder,0.4,2024
400011,00792,PR,,,27.41,hcris_blended_x_multiplier,0.7,2024
400012,00936,PR,,,22.0,bls_oews_state_placeholder,0.4,2024
400013,00737,PR,,,22.0,bls_oews_state_placeholder,0.4,2024
400014,00681,PR,,,22.0,bls_oews_state_placeholder,0.4,2024
400015,00926,PR,41980,"San Juan-Bayamón-Caguas, PR",22.0,bls_oews_state_placeholder,0.4,2024
400016,00918,PR,41980,"San Juan-Bayamón-Caguas, PR",28.59,hcris_blended_x_multiplier,0.7,2024
400018,00705,PR,41980,"San Juan-Bayamón-Caguas, PR",22.0,bls_oews_state_placeholder,0.4,2024
400019,00910,PR,,,25.68,hcris_blended_x_multiplier,0.7,2024
400021,00683,PR,32420,"Mayagüez, PR",22.0,bls_oews_state_placeholder,0.4,2024
400022,00717,PR,38660,"Ponce, PR",26.35,hcris_blended_x_multiplier,0.7,2024
400032,00960,PR,41980,"San Juan-Bayamón-Caguas, PR",22.0,bls_oews_state_placeholder,0.4,2024
40003F,00921,PR,41980,"San Juan-Bayamón-Caguas, PR",22.0,bls_oews_state_placeholder,0.4,2024
400044,00716,PR,38660,"Ponce, PR",26.17,hcris_blended_x_multiplier,0.7,2024
400048,00785,PR,,,22.0,bls_oews_state_placeholder,0.4,2024
400061,00927,PR,41980,"San Juan-Bayamón-Caguas, PR",22.0,bls_oews_state_placeholder,0.4,2024
400079,00603,PR,10380,"Aguadilla, PR",22.0,bls_oews_state_placeholder,0.4,2024
400087,00612,PR,11640,"Arecibo, PR",22.0,bls_oews_state_placeholder,0.4,2024
400098,00923,PR,41980,"San Juan-Bayamón-Caguas, PR",22.0,bls_oews_state_placeholder,0.4,2024
400102,00960,PR,41980,"San Juan-Bayamón-Caguas, PR",22.0,bls_oews_state_placeholder,0.4,2024
400103,00682,PR,32420,"Mayagüez, PR",22.0,bls_oews_state_placeholder,0.4,2024
400104,00725,PR,41980,"San Juan-Bayamón-Caguas, PR",26.7,hcris_blended_x_multiplier,0.7,2024
400105,00956,PR,41980,"San Juan-Bayamón-Caguas, PR",22.0,bls_oews_state_placeholder,0.4,2024
400106,00915,PR,41980,"San Juan-Bayamón-Caguas, PR",22.0,bls_oews_state_placeholder,0.4,2024
400109,00961,PR,41980,"San Juan-Bayamón-Caguas, PR",22.0,bls_oews_state_placeholder,0.4,2024
400110,00698,PR,38660,"Ponce, PR",22.0,bls_oews_state_placeholder,0.4,2024
400111,00676,PR,10380,"Aguadilla, PR",22.0,bls_oews_state_placeholder,0.4,2024
400112,00984,PR,,,25.33,hcris_blended_x_multiplier,0.7,2024
400113,00780,PR,38660,"Ponce, PR",22.0,bls_oews_state_placeholder,0.4,2024
400114,00674,PR,41980,"San Juan-Bayamón-Caguas, PR",22.0,bls_oews_state_placeholder,0.4,2024
400115,00693,PR,41980,"San Juan-Bayamón-Caguas, PR",22.0,bls_oews_state_placeholder,0.4,2024
400117,00612,PR,11640,"Arecibo, PR",22.0,bls_oews_state_placeholder,0.4,2024
400118,00674,PR,41980,"San Juan-Bayamón-Caguas, PR",22.0,bls_oews_state_placeholder,0.4,2024
400120,00725,PR,41980,"San Juan-Bayamón-Caguas, PR",26.67,hcris_blended_x_multiplier,0.7,2024
400122,00970,PR,,,22.0,bls_oews_state_placeholder,0.4,2024
400123,00681,PR,,,22.0,bls_oews_state_placeholder,0.4,2024
400124,00936,PR,,,33.49,hcris_blended_x_multiplier,0.7,2024
400126,00683,PR,32420,"Mayagüez, PR",22.0,bls_oews_state_placeholder,0.4,2024
400127,00935,PR,,,22.0,bls_oews_state_placeholder,0.4,2024
400128,00919,PR,,,22.0,bls_oews_state_placeholder,0.4,2024
400130,00641,PR,46580,"Utuado, PR",22.0,bls_oews_state_placeholder,0.4,2024
400131,00738,PR,41980,"San Juan-Bayamón-Caguas, PR",22.0,bls_oews_state_placeholder,0.4,2024
400132,00979,PR,41980,"San Juan-Bayamón-Caguas, PR",22.0,bls_oews_state_placeholder,0.4,2024
400134,00912,PR,41980,"San Juan-Bayamón-Caguas, PR",22.0,bls_oews_state_placeholder,0.4,2024
400135,00927,PR,41980,"San Juan-Bayamón-Caguas, PR",29.78,hcris_blended_x_multiplier,0.7,2024
400137,00646,PR,41980,"San Juan-Bayamón-Caguas, PR",22.0,bls_oews_state_placeholder,0.4,2024
400138,00959,PR,41980,"San Juan-Bayamón-Caguas, PR",22.0,bls_oews_state_placeholder,0.4,2024
400139,00928,PR,,,22.0,bls_oews_state_placeholder,0.4,2024
400141,00738,PR,41980,"San Juan-Bayamón-Caguas, PR",22.0,bls_oews_state_placeholder,0.4,2024
403301,00935,PR,,,22.0,bls_oews_state_placeholder,0.4,2024
404004,00739,PR,41980,"San Juan-Bayamón-Caguas, PR",22.0,bls_oews_state_placeholder,0.4,2024
404005,00928,PR,,,22.0,bls_oews_state_placeholder,0.4,2024
404007,00623,PR,32420,"Mayagüez, PR",22.0,bls_oews_state_placeholder,0.4,2024
404009,00705,PR,41980,"San Juan-Bayamón-Caguas, PR",22.0,bls_oews_state_placeholder,0.4,2024
410004,02908,RI,39300,"Providence-Warwick, RI-MA",47.55,bls_oews_msa,0.9,2024
410005,02904,RI,39300,"Providence-Warwick, RI-MA",47.55,bls_oews_msa,0.9,2024
410006,02840,RI,39300,"Providence-Warwick, RI-MA",47.55,bls_oews_msa,0.9,2024
410007,02902,RI,,,33.29,hcris_blended_x_multiplier,0.7,2024
410008,02879,RI,39300,"Providence-Warwick, RI-MA",47.55,bls_oews_msa,0.9,2024
410009,02886,RI,39300,"Providence-Warwick, RI-MA",47.55,bls_oews_msa,0.9,2024
410010,02905,RI,39300,"Providence-Warwick, RI-MA",47.55,bls_oews_msa,0.9,2024
410011,02895,RI,39300,"Providence-Warwick, RI-MA",47.55,bls_oews_msa,0.9,2024
410012,02906,RI,39300,"Providence-Warwick, RI-MA",47.55,bls_oews_msa,0.9,2024
410013,02891,RI,39300,"Providence-Warwick, RI-MA",47.55,bls_oews_msa,0.9,2024
41005F,02908,RI,39300,"Providence-Warwick, RI-MA",47.55,bls_oews_msa,0.9,2024
414000,02906,RI,39300,"Providence-Warwick, RI-MA",47.55,bls_oews_msa,0.9,2024
414003,02915,RI,39300,"Providence-Warwick, RI-MA",47.55,bls_oews_msa,0.9,2024
420002,29732,SC,16740,"Charlotte-Concord-Gastonia, NC-SC",39.95,bls_oews_msa,0.9,2024
420004,29425,SC,16700,"Charleston-North Charleston, SC",61.98,hcris_blended_x_multiplier,0.7,2024
420005,29536,SC,,Rural / Nonmetro,55.13,hcris_blended_x_multiplier,0.7,2024
420007,29303,SC,43900,"Spartanburg, SC",54.66,hcris_blended_x_multiplier,0.7,2024
420009,29672,SC,42860,"Seneca, SC",56.13,hcris_blended_x_multiplier,0.7,2024
420010,29550,SC,22500,"Florence, SC",39.1,bls_oews_state_placeholder,0.4,2024
420011,29671,SC,24860,"Greenville-Anderson-Greer, SC",49.32,hcris_blended_x_multiplier,0.7,2024
420015,29640,SC,24860,"Greenville-Anderson-Greer, SC",56.48,hcris_blended_x_multiplier,0.7,2024
420018,29203,SC,17900,"Columbia, SC",58.62,hcris_blended_x_multiplier,0.7,2024
420019,29706,SC,16740,"Charlotte-Concord-Gastonia, NC-SC",39.95,bls_oews_msa,0.9,2024
420020,29440,SC,34680,"Murrells Inlet, SC",47.49,hcris_blended_x_multiplier,0.7,2024
420023,29601,SC,24860,"Greenville-Anderson-Greer, SC",53.93,hcris_blended_x_multiplier,0.7,2024
420026,29204,SC,17900,"Columbia, SC",53.82,hcris_blended_x_multiplier,0.7,2024
420027,29621,SC,24860,"Greenville-Anderson-Greer, SC",64.29,hcris_blended_x_multiplier,0.7,2024
420030,29488,SC,,Rural / Nonmetro,53.26,hcris_blended_x_multiplier,0.7,2024
420033,29306,SC,43900,"Spartanburg, SC",62.78,hcris_blended_x_multiplier,0.7,2024
420036,29720,SC,16740,"Charlotte-Concord-Gastonia, NC-SC",39.95,bls_oews_msa,0.9,2024
420037,29681,SC,24860,"Greenville-Anderson-Greer, SC",64.85,hcris_blended_x_multiplier,0.7,2024
420038,29325,SC,24860,"Greenville-Anderson-Greer, SC",63.64,hcris_blended_x_multiplier,0.7,2024
420043,29340,SC,23500,"Gaffney, SC",60.09,hcris_blended_x_multiplier,0.7,2024
420048,29020,SC,17900,"Columbia, SC",52.63,hcris_blended_x_multiplier,0.7,2024
420049,29526,SC,34820,"Myrtle Beach-Conway-North Myrtle Beach, SC",59.42,hcris_blended_x_multiplier,0.7,2024
420051,29506,SC,22500,"Florence, SC",39.1,bls_oews_state_placeholder,0.4,2024
420053,29108,SC,35140,"Newberry, SC",51.16,hcris_blended_x_multiplier,0.7,2024
420055,29574,SC,,Rural / Nonmetro,49.6,hcris_blended_x_multiplier,0.7,2024
420065,29414,SC,16700,"Charleston-North Charleston, SC",56.48,hcris_blended_x_multiplier,0.7,2024
420067,29902,SC,25940,"Hilton Head Island-Bluffton-Port Royal, SC",58.56,hcris_blended_x_multiplier,0.7,2024
420070,29150,SC,44940,"Sumter, SC",53.8,hcris_blended_x_multiplier,0.7,2024
420071,29646,SC,24940,"Greenwood, SC",50.92,hcris_blended_x_multiplier,0.7,2024
420072,29944,SC,,Rural / Nonmetro,54.32,hcris_blended_x_multiplier,0.7,2024
420073,29169,SC,17900,"Columbia, SC",71.88,hcris_blended_x_multiplier,0.7,2024
420078,29605,SC,24860,"Greenville-Anderson-Greer, SC",55.8,hcris_blended_x_multiplier,0.7,2024
420079,29406,SC,16700,"Charleston-North Charleston, SC",55.12,hcris_blended_x_multiplier,0.7,2024
420080,29926,SC,25940,"Hilton Head Island-Bluffton-Port Royal, SC",63.64,hcris_blended_x_multiplier,0.7,2024
420082,29801,SC,12260,"Augusta-Richmond County, GA-SC",36.45,bls_oews_msa,0.9,2024
420085,29572,SC,34820,"Myrtle Beach-Conway-North Myrtle Beach, SC",39.1,bls_oews_state_placeholder,0.4,2024
420086,29220,SC,,,56.42,hcris_blended_x_multiplier,0.7,2024
420087,29401,SC,16700,"Charleston-North Charleston, SC",57.19,hcris_blended_x_multiplier,0.7,2024
420089,29464,SC,16700,"Charleston-North Charleston, SC",77.28,hcris_blended_x_multiplier,0.7,2024
420091,29505,SC,22500,"Florence, SC",52.42,hcris_blended_x_multiplier,0.7,2024
420098,29576,SC,34820,"Myrtle Beach-Conway-North Myrtle Beach, SC",52.96,hcris_blended_x_multiplier,0.7,2024
42009F,29902,SC,25940,"Hilton Head Island-Bluffton-Port Royal, SC",39.1,bls_oews_state_placeholder,0.4,2024
420101,29927,SC,25940,"Hilton Head Island-Bluffton-Port Royal, SC",39.1,bls_oews_state_placeholder,0.4,2024
420102,29615,SC,24860,"Greenville-Anderson-Greer, SC",56.14,hcris_blended_x_multiplier,0.7,2024
420103,29651,SC,24860,"Greenville-Anderson-Greer, SC",50.69,hcris_blended_x_multiplier,0.7,2024
420104,29466,SC,16700,"Charleston-North Charleston, SC",58.6,hcris_blended_x_multiplier,0.7,2024
420105,29569,SC,34820,"Myrtle Beach-Conway-North Myrtle Beach, SC",58.84,hcris_blended_x_multiplier,0.7,2024
420106,29212,SC,17900,"Columbia, SC",58.0,hcris_blended_x_multiplier,0.7,2024
420107,29520,SC,,Rural / Nonmetro,62.03,hcris_blended_x_multiplier,0.7,2024
420108,29379,SC,43900,"Spartanburg, SC",49.78,hcris_blended_x_multiplier,0.7,2024
420109,29102,SC,,Rural / Nonmetro,55.62,hcris_blended_x_multiplier,0.7,2024
420110,29486,SC,16700,"Charleston-North Charleston, SC",57.34,hcris_blended_x_multiplier,0.7,2024
42011F,29209,SC,17900,"Columbia, SC",39.1,bls_oews_state_placeholder,0.4,2024
42029F,29401,SC,16700,"Charleston-North Charleston, SC",39.1,bls_oews_state_placeholder,0.4,2024
421300,29827,SC,,Rural / Nonmetro,39.1,bls_oews_state_placeholder,0.4,2024
421301,29620,SC,24940,"Greenwood, SC",39.1,bls_oews_state_placeholder,0.4,2024
421304,29384,SC,24860,"Greenville-Anderson-Greer, SC",39.1,bls_oews_state_placeholder,0.4,2024
423300,29605,SC,24860,"Greenville-Anderson-Greer, SC",39.1,bls_oews_state_placeholder,0.4,2024
424002,29526,SC,34820,"Myrtle Beach-Conway-North Myrtle Beach, SC",39.1,bls_oews_state_placeholder,0.4,2024
424005,29203,SC,17900,"Columbia, SC",39.1,bls_oews_state_placeholder,0.4,2024
424006,29405,SC,16700,"Charleston-North Charleston, SC",39.1,bls_oews_state_placeholder,0.4,2024
424007,29690,SC,24860,"Greenville-Anderson-Greer, SC",39.1,bls_oews_state_placeholder,0.4,2024
424008,29169,SC,17900,"Columbia, SC",39.1,bls_oews_state_placeholder,0.4,2024
424010,29650,SC,24860,"Greenville-Anderson-Greer, SC",39.1,bls_oews_state_placeholder,0.4,2024
424011,29622,SC,,,39.1,bls_oews_state_placeholder,0.4,2024
424014,29720,SC,16740,"Charlotte-Concord-Gastonia, NC-SC",39.95,bls_oews_msa,0.9,2024
430005,57201,SD,47980,"Watertown, SD",75.26,hcris_blended_x_multiplier,0.7,2024
430008,57006,SD,15100,"Brookings, SD",56.6,hcris_blended_x_multiplier,0.7,2024
430012,57078,SD,49460,"Yankton, SD",61.6,hcris_blended_x_multiplier,0.7,2024
430014,57401,SD,10100,"Aberdeen, SD",75.15,hcris_blended_x_multiplier,0.7,2024
430015,57501,SD,38180,"Pierre, SD",72.93,hcris_blended_x_multiplier,0.7,2024
430016,57117,SD,43620,"Sioux Falls, SD-MN",75.99,hcris_blended_x_multiplier,0.7,2024
430027,57117,SD,43620,"Sioux Falls, SD-MN",71.2,hcris_blended_x_multiplier,0.7,2024
43002F,57741,SD,39660,"Rapid City, SD",34.7,bls_oews_state_placeholder,0.4,2024
430048,57783,SD,43940,"Spearfish, SD",82.28,hcris_blended_x_multiplier,0.7,2024
43005F,57117,SD,43620,"Sioux Falls, SD-MN",34.7,bls_oews_state_placeholder,0.4,2024
430077,57701,SD,39660,"Rapid City, SD",75.82,hcris_blended_x_multiplier,0.7,2024
430084,57570,SD,,Rural / Nonmetro,34.7,bls_oews_state_placeholder,0.4,2024
430089,57049,SD,43580,"Sioux City, IA-NE-SD",48.3,hcris_blended_x_multiplier,0.7,2024
430090,57105,SD,43620,"Sioux Falls, SD-MN",60.48,hcris_blended_x_multiplier,0.7,2024
430091,57703,SD,39660,"Rapid City, SD",63.41,hcris_blended_x_multiplier,0.7,2024
430093,57701,SD,39660,"Rapid City, SD",34.7,bls_oews_state_placeholder,0.4,2024
430095,57108,SD,43620,"Sioux Falls, SD-MN",34.7,bls_oews_state_placeholder,0.4,2024
430097,57402,SD,,,68.8,hcris_blended_x_multiplier,0.7,2024
430098,57770,SD,,Rural / Nonmetro,34.7,bls_oews_state_placeholder,0.4,2024
430779,57059,SD,,Rural / Nonmetro,34.7,bls_oews_state_placeholder,0.4,2024
431300,57042,SD,,Rural / Nonmetro,34.7,bls_oews_state_placeholder,0.4,2024
431301,57438,SD,,Rural / Nonmetro,34.7,bls_oews_state_placeholder,0.4,2024
431302,57442,SD,,Rural / Nonmetro,34.7,bls_oews_state_placeholder,0.4,2024
431305,57313,SD,,Rural / Nonmetro,34.7,bls_oews_state_placeholder,0.4,2024
431306,57369,SD,,Rural / Nonmetro,34.7,bls_oews_state_placeholder,0.4,2024
431307,57226,SD,,Rural / Nonmetro,34.7,bls_oews_state_placeholder,0.4,2024
431308,57437,SD,,Rural / Nonmetro,34.7,bls_oews_state_placeholder,0.4,2024
431309,57523,SD,,Rural / Nonmetro,34.7,bls_oews_state_placeholder,0.4,2024
431310,57028,SD,,Rural / Nonmetro,34.7,bls_oews_state_placeholder,0.4,2024
431311,57274,SD,,Rural / Nonmetro,34.7,bls_oews_state_placeholder,0.4,2024
431312,57430,SD,,Rural / Nonmetro,34.7,bls_oews_state_placeholder,0.4,2024
431313,57029,SD,,Rural / Nonmetro,34.7,bls_oews_state_placeholder,0.4,2024
431314,57551,SD,,Rural / Nonmetro,34.7,bls_oews_state_placeholder,0.4,2024
431315,57380,SD,,Rural / Nonmetro,34.7,bls_oews_state_placeholder,0.4,2024
431316,57469,SD,,Rural / Nonmetro,34.7,bls_oews_state_placeholder,0.4,2024
431318,57428,SD,10100,"Aberdeen, SD",34.7,bls_oews_state_placeholder,0.4,2024
431319,57567,SD,,Rural / Nonmetro,34.7,bls_oews_state_placeholder,0.4,2024
431320,57732,SD,43940,"Spearfish, SD",34.7,bls_oews_state_placeholder,0.4,2024
431321,57785,SD,39660,"Rapid City, SD",34.7,bls_oews_state_placeholder,0.4,2024
431322,57747,SD,,Rural / Nonmetro,34.7,bls_oews_state_placeholder,0.4,2024
431323,57730,SD,39660,"Rapid City, SD",34.7,bls_oews_state_placeholder,0.4,2024
431324,57382,SD,,Rural / Nonmetro,34.7,bls_oews_state_placeholder,0.4,2024
431325,57601,SD,,Rural / Nonmetro,34.7,bls_oews_state_placeholder,0.4,2024
431326,57252,SD,,Rural / Nonmetro,34.7,bls_oews_state_placeholder,0.4,2024
431327,57066,SD,,Rural / Nonmetro,34.7,bls_oews_state_placeholder,0.4,2024
431328,57070,SD,43620,"Sioux Falls, SD-MN",34.7,bls_oews_state_placeholder,0.4,2024
431329,57325,SD,,Rural / Nonmetro,34.7,bls_oews_state_placeholder,0.4,2024
431330,57366,SD,,Rural / Nonmetro,34.7,bls_oews_state_placeholder,0.4,2024
431331,57022,SD,43620,"Sioux Falls, SD-MN",34.7,bls_oews_state_placeholder,0.4,2024
431332,57231,SD,,Rural / Nonmetro,34.7,bls_oews_state_placeholder,0.4,2024
431333,57013,SD,43620,"Sioux Falls, SD-MN",34.7,bls_oews_state_placeholder,0.4,2024
431334,57580,SD,,Rural / Nonmetro,34.7,bls_oews_state_placeholder,0.4,2024
431335,57350,SD,26700,"Huron, SD",34.7,bls_oews_state_placeholder,0.4,2024
431336,57069,SD,46820,"Vermillion, SD",34.7,bls_oews_state_placeholder,0.4,2024
431337,57362,SD,,Rural / Nonmetro,34.7,bls_oews_state_placeholder,0.4,2024
431338,57533,SD,,Rural / Nonmetro,34.7,bls_oews_state_placeholder,0.4,2024
431339,57262,SD,,Rural / Nonmetro,34.7,bls_oews_state_placeholder,0.4,2024
431340,57301,SD,33580,"Mitchell, SD",34.7,bls_oews_state_placeholder,0.4,2024
431383,57625,SD,,Rural / Nonmetro,34.7,bls_oews_state_placeholder,0.4,2024
433300,57105,SD,43620,"Sioux Falls, SD-MN",34.7,bls_oews_state_placeholder,0.4,2024
434003,57078,SD,49460,"Yankton, SD",34.7,bls_oews_state_placeholder,0.4,2024
440002,38301,TN,27180,"Jackson, TN",49.1,hcris_blended_x_multiplier,0.7,2024
440003,37066,TN,34980,"Nashville-Davidson--Murfreesboro--Franklin, TN",36.85,bls_oews_msa,0.9,2024
440006,37207,TN,34980,"Nashville-Davidson--Murfreesboro--Franklin, TN",36.85,bls_oews_msa,0.9,2024
440007,37355,TN,46100,"Tullahoma-Manchester, TN",44.6,hcris_blended_x_multiplier,0.7,2024
440008,38351,TN,,Rural / Nonmetro,35.8,bls_oews_state_placeholder,0.4,2024
440009,38555,TN,18900,"Crossville, TN",43.01,hcris_blended_x_multiplier,0.7,2024
440011,37804,TN,28940,"Knoxville, TN",59.72,hcris_blended_x_multiplier,0.7,2024
440012,37620,TN,28700,"Kingsport-Bristol, TN-VA",52.35,hcris_blended_x_multiplier,0.7,2024
440015,37920,TN,28940,"Knoxville, TN",62.99,hcris_blended_x_multiplier,0.7,2024
440016,38344,TN,,Rural / Nonmetro,47.53,hcris_blended_x_multiplier,0.7,2024
440017,37662,TN,,,52.63,hcris_blended_x_multiplier,0.7,2024
440018,37643,TN,27740,"Johnson City, TN",53.89,hcris_blended_x_multiplier,0.7,2024
440020,38478,TN,,Rural / Nonmetro,52.82,hcris_blended_x_multiplier,0.7,2024
440029,37067,TN,34980,"Nashville-Davidson--Murfreesboro--Franklin, TN",36.85,bls_oews_msa,0.9,2024
440030,37814,TN,34100,"Morristown, TN",43.92,hcris_blended_x_multiplier,0.7,2024
440031,37748,TN,28940,"Knoxville, TN",45.47,hcris_blended_x_multiplier,0.7,2024
440032,37857,TN,28700,"Kingsport-Bristol, TN-VA",35.8,bls_oews_state_placeholder,0.4,2024
440033,37766,TN,28940,"Knoxville, TN",44.1,hcris_blended_x_multiplier,0.7,2024
440034,37830,TN,28940,"Knoxville, TN",45.84,hcris_blended_x_multiplier,0.7,2024
440035,37040,TN,17300,"Clarksville, TN-KY",52.57,hcris_blended_x_multiplier,0.7,2024
440039,37232,TN,34980,"Nashville-Davidson--Murfreesboro--Franklin, TN",36.85,bls_oews_msa,0.9,2024
440046,37055,TN,34980,"Nashville-Davidson--Murfreesboro--Franklin, TN",36.85,bls_oews_msa,0.9,2024
440048,38120,TN,32820,"Memphis, TN-MS-AR",35.6,bls_oews_msa,0.9,2024
440049,38104,TN,32820,"Memphis, TN-MS-AR",35.6,bls_oews_msa,0.9,2024
440050,37745,TN,24620,"Greeneville, TN",55.72,hcris_blended_x_multiplier,0.7,2024
440053,37129,TN,34980,"Nashville-Davidson--Murfreesboro--Franklin, TN",36.85,bls_oews_msa,0.9,2024
440056,37760,TN,34100,"Morristown, TN",48.31,hcris_blended_x_multiplier,0.7,2024
440057,37879,TN,,Rural / Nonmetro,37.86,hcris_blended_x_multiplier,0.7,2024
440058,37398,TN,49010,"Winchester, TN",55.82,hcris_blended_x_multiplier,0.7,2024
440059,38501,TN,18260,"Cookeville, TN",47.29,hcris_blended_x_multiplier,0.7,2024
440060,38358,TN,27180,"Jackson, TN",35.8,bls_oews_state_placeholder,0.4,2024
440061,38237,TN,32280,"Martin, TN",55.41,hcris_blended_x_multiplier,0.7,2024
440063,37604,TN,27740,"Johnson City, TN",51.88,hcris_blended_x_multiplier,0.7,2024
440065,37172,TN,34980,"Nashville-Davidson--Murfreesboro--Franklin, TN",36.85,bls_oews_msa,0.9,2024
440068,37371,TN,,,48.71,hcris_blended_x_multiplier,0.7,2024
440072,38024,TN,20540,"Dyersburg, TN",49.29,hcris_blended_x_multiplier,0.7,2024
440073,38401,TN,34980,"Nashville-Davidson--Murfreesboro--Franklin, TN",36.85,bls_oews_msa,0.9,2024
440081,37862,TN,42940,"Sevierville, TN",45.56,hcris_blended_x_multiplier,0.7,2024
440082,37205,TN,34980,"Nashville-Davidson--Murfreesboro--Franklin, TN",36.85,bls_oews_msa,0.9,2024
440084,37874,TN,,Rural / Nonmetro,38.56,hcris_blended_x_multiplier,0.7,2024
440091,37404,TN,16860,"Chattanooga, TN-GA",55.5,hcris_blended_x_multiplier,0.7,2024
440102,37334,TN,22190,"Fayetteville, TN",48.06,hcris_blended_x_multiplier,0.7,2024
440104,37403,TN,16860,"Chattanooga, TN-GA",71.12,hcris_blended_x_multiplier,0.7,2024
440109,38372,TN,,Rural / Nonmetro,48.65,hcris_blended_x_multiplier,0.7,2024
440110,37772,TN,28940,"Knoxville, TN",45.98,hcris_blended_x_multiplier,0.7,2024
440111,37208,TN,34980,"Nashville-Davidson--Murfreesboro--Franklin, TN",36.85,bls_oews_msa,0.9,2024
440120,37849,TN,28940,"Knoxville, TN",51.72,hcris_blended_x_multiplier,0.7,2024
440125,37916,TN,28940,"Knoxville, TN",46.8,hcris_blended_x_multiplier,0.7,2024
440130,38261,TN,46460,"Union City, TN",46.72,hcris_blended_x_multiplier,0.7,2024
440131,38019,TN,32820,"Memphis, TN-MS-AR",35.6,bls_oews_msa,0.9,2024
440132,38242,TN,37540,"Paris, TN",51.51,hcris_blended_x_multiplier,0.7,2024
440137,37160,TN,43180,"Shelbyville, TN",35.8,bls_oews_state_placeholder,0.4,2024
44013F,38105,TN,32820,"Memphis, TN-MS-AR",35.6,bls_oews_msa,0.9,2024
440144,37388,TN,46100,"Tullahoma-Manchester, TN",61.38,hcris_blended_x_multiplier,0.7,2024
440148,37166,TN,,Rural / Nonmetro,35.8,bls_oews_state_placeholder,0.4,2024
440150,37076,TN,34980,"Nashville-Davidson--Murfreesboro--Franklin, TN",36.85,bls_oews_msa,0.9,2024
440151,37110,TN,32660,"McMinnville, TN",35.8,bls_oews_state_placeholder,0.4,2024
440152,38103,TN,32820,"Memphis, TN-MS-AR",35.6,bls_oews_msa,0.9,2024
440153,37821,TN,35460,"Newport, TN",45.79,hcris_blended_x_multiplier,0.7,2024
440156,37404,TN,16860,"Chattanooga, TN-GA",52.95,hcris_blended_x_multiplier,0.7,2024
440159,38118,TN,32820,"Memphis, TN-MS-AR",35.6,bls_oews_msa,0.9,2024
440161,37203,TN,34980,"Nashville-Davidson--Murfreesboro--Franklin, TN",36.85,bls_oews_msa,0.9,2024
44016F,37684,TN,,,35.8,bls_oews_state_placeholder,0.4,2024
440173,37923,TN,28940,"Knoxville, TN",45.3,hcris_blended_x_multiplier,0.7,2024
440175,38464,TN,29980,"Lawrenceburg, TN",55.66,hcris_blended_x_multiplier,0.7,2024
440176,37660,TN,28700,"Kingsport-Bristol, TN-VA",51.65,hcris_blended_x_multiplier,0.7,2024
44017F,37129,TN,34980,"Nashville-Davidson--Murfreesboro--Franklin, TN",36.85,bls_oews_msa,0.9,2024
440183,38119,TN,32820,"Memphis, TN-MS-AR",35.6,bls_oews_msa,0.9,2024
440184,37604,TN,27740,"Johnson City, TN",55.55,hcris_blended_x_multiplier,0.7,2024
440185,37311,TN,17420,"Cleveland, TN",59.71,hcris_blended_x_multiplier,0.7,2024
440187,38570,TN,18260,"Cookeville, TN",56.56,hcris_blended_x_multiplier,0.7,2024
44018F,37212,TN,34980,"Nashville-Davidson--Murfreesboro--Franklin, TN",36.85,bls_oews_msa,0.9,2024
440192,38583,TN,18260,"Cookeville, TN",35.8,bls_oews_state_placeholder,0.4,2024
440193,37087,TN,34980,"Nashville-Davidson--Murfreesboro--Franklin, TN",36.85,bls_oews_msa,0.9,2024
440194,37075,TN,34980,"Nashville-Davidson--Murfreesboro--Franklin, TN",36.85,bls_oews_msa,0.9,2024
440197,37211,TN,34980,"Nashville-Davidson--Murfreesboro--Franklin, TN",36.85,bls_oews_msa,0.9,2024
440200,37190,TN,34980,"Nashville-Davidson--Murfreesboro--Franklin, TN",36.85,bls_oews_msa,0.9,2024
440218,37203,TN,34980,"Nashville-Davidson--Murfreesboro--Franklin, TN",36.85,bls_oews_msa,0.9,2024
440227,37167,TN,34980,"Nashville-Davidson--Murfreesboro--Franklin, TN",36.85,bls_oews_msa,0.9,2024
440228,38133,TN,32820,"Memphis, TN-MS-AR",35.6,bls_oews_msa,0.9,2024
440231,37129,TN,34980,"Nashville-Davidson--Murfreesboro--Franklin, TN",36.85,bls_oews_msa,0.9,2024
440238,38012,TN,,Rural / Nonmetro,35.8,bls_oews_state_placeholder,0.4,2024
440779,37015,TN,34980,"Nashville-Davidson--Murfreesboro--Franklin, TN",36.85,bls_oews_msa,0.9,2024
440780,38485,TN,,Rural / Nonmetro,35.8,bls_oews_state_placeholder,0.4,2024
441300,37033,TN,34980,"Nashville-Davidson--Murfreesboro--Franklin, TN",36.85,bls_oews_msa,0.9,2024
441301,37074,TN,34980,"Nashville-Davidson--Murfreesboro--Franklin, TN",36.85,bls_oews_msa,0.9,2024
441303,37185,TN,,Rural / Nonmetro,35.8,bls_oews_state_placeholder,0.4,2024
441304,37683,TN,,Rural / Nonmetro,35.8,bls_oews_state_placeholder,0.4,2024
441305,37083,TN,34980,"Nashville-Davidson--Murfreesboro--Franklin, TN",36.85,bls_oews_msa,0.9,2024
441306,37367,TN,,Rural / Nonmetro,35.8,bls_oews_state_placeholder,0.4,2024
441307,37030,TN,34980,"Nashville-Davidson--Murfreesboro--Franklin, TN",36.85,bls_oews_msa,0.9,2024
441309,37091,TN,30280,"Lewisburg, TN",35.8,bls_oews_state_placeholder,0.4,2024
441310,37321,TN,,Rural / Nonmetro,35.8,bls_oews_state_placeholder,0.4,2024
441313,37869,TN,,Rural / Nonmetro,35.8,bls_oews_state_placeholder,0.4,2024
441314,38063,TN,,Rural / Nonmetro,35.8,bls_oews_state_placeholder,0.4,2024
441316,38320,TN,,Rural / Nonmetro,35.8,bls_oews_state_placeholder,0.4,2024
441320,38008,TN,,Rural / Nonmetro,35.8,bls_oews_state_placeholder,0.4,2024
441322,37061,TN,,Rural / Nonmetro,35.8,bls_oews_state_placeholder,0.4,2024
441323,37841,TN,,Rural / Nonmetro,35.8,bls_oews_state_placeholder,0.4,2024
443302,38105,TN,32820,"Memphis, TN-MS-AR",35.6,bls_oews_msa,0.9,2024
443303,37916,TN,28940,"Knoxville, TN",35.8,bls_oews_state_placeholder,0.4,2024
444001,38103,TN,32820,"Memphis, TN-MS-AR",35.6,bls_oews_msa,0.9,2024
444002,37405,TN,16860,"Chattanooga, TN-GA",35.8,bls_oews_state_placeholder,0.4,2024
444003,37830,TN,28940,"Knoxville, TN",35.8,bls_oews_state_placeholder,0.4,2024
444004,38133,TN,32820,"Memphis, TN-MS-AR",35.6,bls_oews_msa,0.9,2024
444005,38237,TN,32280,"Martin, TN",35.8,bls_oews_state_placeholder,0.4,2024
444007,37067,TN,34980,"Nashville-Davidson--Murfreesboro--Franklin, TN",36.85,bls_oews_msa,0.9,2024
444008,38008,TN,,Rural / Nonmetro,35.8,bls_oews_state_placeholder,0.4,2024
444010,38301,TN,27180,"Jackson, TN",35.8,bls_oews_state_placeholder,0.4,2024
444014,37214,TN,34980,"Nashville-Davidson--Murfreesboro--Franklin, TN",36.85,bls_oews_msa,0.9,2024
444019,37040,TN,17300,"Clarksville, TN-KY",35.8,bls_oews_state_placeholder,0.4,2024
444021,38401,TN,34980,"Nashville-Davidson--Murfreesboro--Franklin, TN",36.85,bls_oews_msa,0.9,2024
444023,38305,TN,27180,"Jackson, TN",35.8,bls_oews_state_placeholder,0.4,2024
444024,38107,TN,32820,"Memphis, TN-MS-AR",35.6,bls_oews_msa,0.9,2024
444025,38125,TN,32820,"Memphis, TN-MS-AR",35.6,bls_oews_msa,0.9,2024
444026,37404,TN,16860,"Chattanooga, TN-GA",35.8,bls_oews_state_placeholder,0.4,2024
444027,37660,TN,28700,"Kingsport-Bristol, TN-VA",35.8,bls_oews_state_placeholder,0.4,2024
444029,38401,TN,34980,"Nashville-Davidson--Murfreesboro--Franklin, TN",36.85,bls_oews_msa,0.9,2024
444030,37228,TN,34980,"Nashville-Davidson--Murfreesboro--Franklin, TN",36.85,bls_oews_msa,0.9,2024
444031,37909,TN,28940,"Knoxville, TN",35.8,bls_oews_state_placeholder,0.4,2024
444032,37909,TN,28940,"Knoxville, TN",35.8,bls_oews_state_placeholder,0.4,2024
444033,38125,TN,32820,"Memphis, TN-MS-AR",35.6,bls_oews_msa,0.9,2024
450002,79902,TX,21340,"El Paso, TX",40.1,bls_oews_msa,0.9,2024
450007,78028,TX,28500,"Kerrville, TX",53.68,hcris_blended_x_multiplier,0.7,2024
450010,76301,TX,48660,"Wichita Falls, TX",58.04,hcris_blended_x_multiplier,0.7,2024
450011,77802,TX,17780,"College Station-Bryan, TX",54.81,hcris_blended_x_multiplier,0.7,2024
450015,75235,TX,19100,"Dallas-Fort Worth-Arlington, TX",45.2,bls_oews_msa,0.9,2024
450018,77555,TX,26420,"Houston-Pasadena-The Woodlands, TX",46.85,bls_oews_msa,0.9,2024
450021,75246,TX,19100,"Dallas-Fort Worth-Arlington, TX",45.2,bls_oews_msa,0.9,2024
450023,77901,TX,47020,"Victoria, TX",58.04,hcris_blended_x_multiplier,0.7,2024
450024,79905,TX,21340,"El Paso, TX",40.1,bls_oews_msa,0.9,2024
450028,78520,TX,15180,"Brownsville-Harlingen, TX",55.89,hcris_blended_x_multiplier,0.7,2024
450029,78044,TX,29700,"Laredo, TX",54.1,hcris_blended_x_multiplier,0.7,2024
450032,75601,TX,30980,"Longview, TX",52.51,hcris_blended_x_multiplier,0.7,2024
450033,78550,TX,15180,"Brownsville-Harlingen, TX",55.54,hcris_blended_x_multiplier,0.7,2024
450034,77702,TX,13140,"Beaumont-Port Arthur, TX",41.05,bls_oews_msa,0.9,2024
450035,77002,TX,26420,"Houston-Pasadena-The Woodlands, TX",46.85,bls_oews_msa,0.9,2024
450039,76104,TX,19100,"Dallas-Fort Worth-Arlington, TX",45.2,bls_oews_msa,0.9,2024
450040,79410,TX,31180,"Lubbock, TX",55.37,hcris_blended_x_multiplier,0.7,2024
450042,76712,TX,47380,"Waco, TX",61.39,hcris_blended_x_multiplier,0.7,2024
450044,75390,TX,19100,"Dallas-Fort Worth-Arlington, TX",45.2,bls_oews_msa,0.9,2024
450046,78404,TX,18580,"Corpus Christi, TX",51.88,hcris_blended_x_multiplier,0.7,2024
450051,75203,TX,19100,"Dallas-Fort Worth-Arlington, TX",45.2,bls_oews_msa,0.9,2024
450054,76508,TX,,,96.54,hcris_blended_x_multiplier,0.7,2024
450055,79556,TX,45020,"Sweetwater, TX",44.05,bls_oews_state_placeholder,0.4,2024
450056,78705,TX,12420,"Austin-Round Rock-San Marcos, TX",45.95,bls_oews_msa,0.9,2024
450058,78205,TX,41700,"San Antonio-New Braunfels, TX",42.65,bls_oews_msa,0.9,2024
450064,76012,TX,19100,"Dallas-Fort Worth-Arlington, TX",45.2,bls_oews_msa,0.9,2024
450068,77030,TX,26420,"Houston-Pasadena-The Woodlands, TX",46.85,bls_oews_msa,0.9,2024
450072,77566,TX,26420,"Houston-Pasadena-The Woodlands, TX",46.85,bls_oews_msa,0.9,2024
450079,75061,TX,19100,"Dallas-Fort Worth-Arlington, TX",45.2,bls_oews_msa,0.9,2024
450080,75455,TX,34420,"Mount Pleasant, TX",49.2,hcris_blended_x_multiplier,0.7,2024
450082,78102,TX,13300,"Beeville, TX",54.42,hcris_blended_x_multiplier,0.7,2024
450083,75701,TX,46340,"Tyler, TX",48.13,hcris_blended_x_multiplier,0.7,2024
450087,76180,TX,19100,"Dallas-Fort Worth-Arlington, TX",45.2,bls_oews_msa,0.9,2024
450090,76240,TX,23620,"Gainesville, TX",55.01,hcris_blended_x_multiplier,0.7,2024
450092,78852,TX,20580,"Eagle Pass, TX",52.57,hcris_blended_x_multiplier,0.7,2024
450097,77504,TX,26420,"Houston-Pasadena-The Woodlands, TX",46.85,bls_oews_msa,0.9,2024
450101,76712,TX,47380,"Waco, TX",76.15,hcris_blended_x_multiplier,0.7,2024
450102,75701,TX,46340,"Tyler, TX",50.25,hcris_blended_x_multiplier,0.7,2024
450104,78155,TX,41700,"San Antonio-New Braunfels, TX",42.65,bls_oews_msa,0.9,2024
450107,79902,TX,21340,"El Paso, TX",40.1,bls_oews_msa,0.9,2024
450108,78114,TX,41700,"San Antonio-New Braunfels, TX",42.65,bls_oews_msa,0.9,2024
450119,78539,TX,32580,"McAllen-Edinburg-Mission, TX",51.51,hcris_blended_x_multiplier,0.7,2024
450124,78701,TX,12420,"Austin-Round Rock-San Marcos, TX",45.95,bls_oews_msa,0.9,2024
450128,78596,TX,32580,"McAllen-Edinburg-Mission, TX",44.05,bls_oews_state_placeholder,0.4,2024
450132,79761,TX,36220,"Odessa, TX",52.3,hcris_blended_x_multiplier,0.7,2024
450133,79701,TX,33260,"Midland, TX",51.83,hcris_blended_x_multiplier,0.7,2024
450135,76104,TX,19100,"Dallas-Fort Worth-Arlington, TX",45.2,bls_oews_msa,0.9,2024
450137,76104,TX,19100,"Dallas-Fort Worth-Arlington, TX",45.2,bls_oews_msa,0.9,2024
450144,79714,TX,11380,"Andrews, TX",55.62,hcris_blended_x_multiplier,0.7,2024
450147,77901,TX,47020,"Victoria, TX",61.04,hcris_blended_x_multiplier,0.7,2024
450148,76031,TX,19100,"Dallas-Fort Worth-Arlington, TX",45.2,bls_oews_msa,0.9,2024
450152,76542,TX,28660,"Killeen-Temple, TX",59.88,hcris_blended_x_multiplier,0.7,2024
450154,78840,TX,19620,"Del Rio, TX",34.02,hcris_blended_x_multiplier,0.7,2024
450155,79045,TX,25820,"Hereford, TX",40.71,hcris_blended_x_multiplier,0.7,2024
450162,79412,TX,31180,"Lubbock, TX",48.41,hcris_blended_x_multiplier,0.7,2024
450163,78363,TX,28780,"Kingsville, TX",53.62,hcris_blended_x_multiplier,0.7,2024
450165,78026,TX,41700,"San Antonio-New Braunfels, TX",42.65,bls_oews_msa,0.9,2024
450176,78572,TX,32580,"McAllen-Edinburg-Mission, TX",44.05,bls_oews_state_placeholder,0.4,2024
450184,77008,TX,26420,"Houston-Pasadena-The Woodlands, TX",46.85,bls_oews_msa,0.9,2024
450193,77030,TX,26420,"Houston-Pasadena-The Woodlands, TX",46.85,bls_oews_msa,0.9,2024
450194,75766,TX,27380,"Jacksonville, TX",50.4,hcris_blended_x_multiplier,0.7,2024
450196,75460,TX,37580,"Paris, TX",52.98,hcris_blended_x_multiplier,0.7,2024
450200,75501,TX,45500,"Texarkana, TX-AR",44.05,bls_oews_state_placeholder,0.4,2024
450203,76086,TX,19100,"Dallas-Fort Worth-Arlington, TX",45.2,bls_oews_msa,0.9,2024
450209,79106,TX,11100,"Amarillo, TX",52.79,hcris_blended_x_multiplier,0.7,2024
450210,75633,TX,,Rural / Nonmetro,51.69,hcris_blended_x_multiplier,0.7,2024
450211,75901,TX,31260,"Lufkin, TX",58.65,hcris_blended_x_multiplier,0.7,2024
450213,78229,TX,41700,"San Antonio-New Braunfels, TX",42.65,bls_oews_msa,0.9,2024
450222,77304,TX,26420,"Houston-Pasadena-The Woodlands, TX",46.85,bls_oews_msa,0.9,2024
450229,79601,TX,10180,"Abilene, TX",42.03,hcris_blended_x_multiplier,0.7,2024
450231,79106,TX,11100,"Amarillo, TX",52.32,hcris_blended_x_multiplier,0.7,2024
450235,78629,TX,,Rural / Nonmetro,52.23,hcris_blended_x_multiplier,0.7,2024
450236,75482,TX,44860,"Sulphur Springs, TX",44.05,bls_oews_state_placeholder,0.4,2024
450237,78251,TX,41700,"San Antonio-New Braunfels, TX",42.65,bls_oews_msa,0.9,2024
450241,76458,TX,,Rural / Nonmetro,59.0,hcris_blended_x_multiplier,0.7,2024
450253,77418,TX,26420,"Houston-Pasadena-The Woodlands, TX",46.85,bls_oews_msa,0.9,2024
450272,78666,TX,12420,"Austin-Round Rock-San Marcos, TX",45.95,bls_oews_msa,0.9,2024
450289,77030,TX,26420,"Houston-Pasadena-The Woodlands, TX",46.85,bls_oews_msa,0.9,2024
450292,75142,TX,19100,"Dallas-Fort Worth-Arlington, TX",45.2,bls_oews_msa,0.9,2024
450324,75020,TX,43300,"Sherman-Denison, TX",56.81,hcris_blended_x_multiplier,0.7,2024
450330,77469,TX,26420,"Houston-Pasadena-The Woodlands, TX",46.85,bls_oews_msa,0.9,2024
450346,77701,TX,13140,"Beaumont-Port Arthur, TX",41.05,bls_oews_msa,0.9,2024
450347,77340,TX,26660,"Huntsville, TX",50.64,hcris_blended_x_multiplier,0.7,2024
450351,76401,TX,44500,"Stephenville, TX",68.35,hcris_blended_x_multiplier,0.7,2024
450352,75401,TX,19100,"Dallas-Fort Worth-Arlington, TX",45.2,bls_oews_msa,0.9,2024
450358,77030,TX,26420,"Houston-Pasadena-The Woodlands, TX",46.85,bls_oews_msa,0.9,2024
450369,79201,TX,,Rural / Nonmetro,57.46,hcris_blended_x_multiplier,0.7,2024
450370,78934,TX,,Rural / Nonmetro,53.09,hcris_blended_x_multiplier,0.7,2024
450372,75165,TX,19100,"Dallas-Fort Worth-Arlington, TX",45.2,bls_oews_msa,0.9,2024
450379,75234,TX,19100,"Dallas-Fort Worth-Arlington, TX",45.2,bls_oews_msa,0.9,2024
450388,78229,TX,41700,"San Antonio-New Braunfels, TX",42.65,bls_oews_msa,0.9,2024
450389,75751,TX,11980,"Athens, TX",56.07,hcris_blended_x_multiplier,0.7,2024
450395,77351,TX,,Rural / Nonmetro,58.37,hcris_blended_x_multiplier,0.7,2024
450399,79316,TX,,Rural / Nonmetro,37.93,hcris_blended_x_multiplier,0.7,2024
450400,76667,TX,,Rural / Nonmetro,54.73,hcris_blended_x_multiplier,0.7,2024
450403,75069,TX,19100,"Dallas-Fort Worth-Arlington, TX",45.2,bls_oews_msa,0.9,2024
450419,76020,TX,19100,"Dallas-Fort Worth-Arlington, TX",45.2,bls_oews_msa,0.9,2024
450422,75204,TX,19100,"Dallas-Fort Worth-Arlington, TX",45.2,bls_oews_msa,0.9,2024
450424,77521,TX,26420,"Houston-Pasadena-The Woodlands, TX",46.85,bls_oews_msa,0.9,2024
450431,78705,TX,12420,"Austin-Round Rock-San Marcos, TX",45.95,bls_oews_msa,0.9,2024
450447,75110,TX,18620,"Corsicana, TX",65.53,hcris_blended_x_multiplier,0.7,2024
450451,76043,TX,,Rural / Nonmetro,68.56,hcris_blended_x_multiplier,0.7,2024
450460,75979,TX,,Rural / Nonmetro,41.03,hcris_blended_x_multiplier,0.7,2024
450462,75231,TX,19100,"Dallas-Fort Worth-Arlington, TX",45.2,bls_oews_msa,0.9,2024
450465,77414,TX,13060,"Bay City, TX",47.84,hcris_blended_x_multiplier,0.7,2024
450469,75092,TX,43300,"Sherman-Denison, TX",40.92,hcris_blended_x_multiplier,0.7,2024
450475,75652,TX,30980,"Longview, TX",49.92,hcris_blended_x_multiplier,0.7,2024
450484,75904,TX,31260,"Lufkin, TX",53.7,hcris_blended_x_multiplier,0.7,2024
450489,79331,TX,,Rural / Nonmetro,44.05,bls_oews_state_placeholder,0.4,2024
450508,75961,TX,34860,"Nacogdoches, TX",40.64,hcris_blended_x_multiplier,0.7,2024
450518,77640,TX,13140,"Beaumont-Port Arthur, TX",41.05,bls_oews_msa,0.9,2024
450537,75082,TX,19100,"Dallas-Fort Worth-Arlington, TX",45.2,bls_oews_msa,0.9,2024
450539,79072,TX,38380,"Plainview, TX",45.16,hcris_blended_x_multiplier,0.7,2024
450563,76051,TX,19100,"Dallas-Fort Worth-Arlington, TX",45.2,bls_oews_msa,0.9,2024
450565,76067,TX,33420,"Mineral Wells, TX",44.05,bls_oews_state_placeholder,0.4,2024
450571,76903,TX,41660,"San Angelo, TX",48.24,hcris_blended_x_multiplier,0.7,2024
450573,75951,TX,,Rural / Nonmetro,51.97,hcris_blended_x_multiplier,0.7,2024
450584,76384,TX,46900,"Vernon, TX",52.61,hcris_blended_x_multiplier,0.7,2024
450587,76801,TX,15220,"Brownwood, TX",62.37,hcris_blended_x_multiplier,0.7,2024
450596,76048,TX,24180,"Granbury, TX",66.53,hcris_blended_x_multiplier,0.7,2024
450597,77954,TX,,Rural / Nonmetro,55.09,hcris_blended_x_multiplier,0.7,2024
450604,78624,TX,23240,"Fredericksburg, TX",44.05,bls_oews_state_placeholder,0.4,2024
45060F,79106,TX,11100,"Amarillo, TX",44.05,bls_oews_state_placeholder,0.4,2024
450610,77024,TX,26420,"Houston-Pasadena-The Woodlands, TX",46.85,bls_oews_msa,0.9,2024
450617,77598,TX,26420,"Houston-Pasadena-The Woodlands, TX",46.85,bls_oews_msa,0.9,2024
450634,76210,TX,19100,"Dallas-Fort Worth-Arlington, TX",45.2,bls_oews_msa,0.9,2024
450638,77090,TX,26420,"Houston-Pasadena-The Woodlands, TX",46.85,bls_oews_msa,0.9,2024
450639,76022,TX,19100,"Dallas-Fort Worth-Arlington, TX",45.2,bls_oews_msa,0.9,2024
450641,76255,TX,,Rural / Nonmetro,37.04,hcris_blended_x_multiplier,0.7,2024
450643,78041,TX,29700,"Laredo, TX",50.25,hcris_blended_x_multiplier,0.7,2024
450644,77082,TX,26420,"Houston-Pasadena-The Woodlands, TX",46.85,bls_oews_msa,0.9,2024
450647,75230,TX,19100,"Dallas-Fort Worth-Arlington, TX",45.2,bls_oews_msa,0.9,2024
450651,75075,TX,19100,"Dallas-Fort Worth-Arlington, TX",45.2,bls_oews_msa,0.9,2024
450653,79720,TX,13700,"Big Spring, TX",60.56,hcris_blended_x_multiplier,0.7,2024
450654,78582,TX,40100,"Rio Grande City-Roma, TX",37.09,hcris_blended_x_multiplier,0.7,2024
450656,75965,TX,34860,"Nacogdoches, TX",53.34,hcris_blended_x_multiplier,0.7,2024
450658,75840,TX,,Rural / Nonmetro,46.47,hcris_blended_x_multiplier,0.7,2024
450659,77004,TX,26420,"Houston-Pasadena-The Woodlands, TX",46.85,bls_oews_msa,0.9,2024
450661,79761,TX,36220,"Odessa, TX",59.82,hcris_blended_x_multiplier,0.7,2024
450662,78526,TX,15180,"Brownsville-Harlingen, TX",43.58,hcris_blended_x_multiplier,0.7,2024
450668,79902,TX,21340,"El Paso, TX",40.1,bls_oews_msa,0.9,2024
450669,75057,TX,19100,"Dallas-Fort Worth-Arlington, TX",45.2,bls_oews_msa,0.9,2024
45066F,75216,TX,19100,"Dallas-Fort Worth-Arlington, TX",45.2,bls_oews_msa,0.9,2024
450670,77375,TX,26420,"Houston-Pasadena-The Woodlands, TX",46.85,bls_oews_msa,0.9,2024
450672,76104,TX,19100,"Dallas-Fort Worth-Arlington, TX",45.2,bls_oews_msa,0.9,2024
450674,77054,TX,26420,"Houston-Pasadena-The Woodlands, TX",46.85,bls_oews_msa,0.9,2024
450675,76015,TX,19100,"Dallas-Fort Worth-Arlington, TX",45.2,bls_oews_msa,0.9,2024
450677,76115,TX,19100,"Dallas-Fort Worth-Arlington, TX",45.2,bls_oews_msa,0.9,2024
450678,75218,TX,19100,"Dallas-Fort Worth-Arlington, TX",45.2,bls_oews_msa,0.9,2024
450684,77338,TX,26420,"Houston-Pasadena-The Woodlands, TX",46.85,bls_oews_msa,0.9,2024
450686,79415,TX,31180,"Lubbock, TX",55.51,hcris_blended_x_multiplier,0.7,2024
450688,75149,TX,19100,"Dallas-Fort Worth-Arlington, TX",45.2,bls_oews_msa,0.9,2024
45068F,79920,TX,21340,"El Paso, TX",40.1,bls_oews_msa,0.9,2024
450690,75708,TX,46340,"Tyler, TX",101.37,hcris_blended_x_multiplier,0.7,2024
450694,77437,TX,20900,"El Campo, TX",44.05,bls_oews_state_placeholder,0.4,2024
450698,79339,TX,,Rural / Nonmetro,28.81,hcris_blended_x_multiplier,0.7,2024
45069F,78234,TX,41700,"San Antonio-New Braunfels, TX",42.65,bls_oews_msa,0.9,2024
450702,75605,TX,30980,"Longview, TX",61.01,hcris_blended_x_multiplier,0.7,2024
450709,77058,TX,26420,"Houston-Pasadena-The Woodlands, TX",46.85,bls_oews_msa,0.9,2024
45070F,76544,TX,28660,"Killeen-Temple, TX",44.05,bls_oews_state_placeholder,0.4,2024
450711,78503,TX,32580,"McAllen-Edinburg-Mission, TX",44.05,bls_oews_state_placeholder,0.4,2024
450713,78704,TX,12420,"Austin-Round Rock-San Marcos, TX",45.95,bls_oews_msa,0.9,2024
450718,78681,TX,12420,"Austin-Round Rock-San Marcos, TX",45.95,bls_oews_msa,0.9,2024
450723,75237,TX,19100,"Dallas-Fort Worth-Arlington, TX",45.2,bls_oews_msa,0.9,2024
450730,75010,TX,19100,"Dallas-Fort Worth-Arlington, TX",45.2,bls_oews_msa,0.9,2024
450742,75088,TX,19100,"Dallas-Fort Worth-Arlington, TX",45.2,bls_oews_msa,0.9,2024
450743,76201,TX,19100,"Dallas-Fort Worth-Arlington, TX",45.2,bls_oews_msa,0.9,2024
450747,75801,TX,37300,"Palestine, TX",49.97,hcris_blended_x_multiplier,0.7,2024
45074F,77030,TX,26420,"Houston-Pasadena-The Woodlands, TX",46.85,bls_oews_msa,0.9,2024
450755,79336,TX,31180,"Lubbock, TX",46.83,hcris_blended_x_multiplier,0.7,2024
450771,75093,TX,19100,"Dallas-Fort Worth-Arlington, TX",45.2,bls_oews_msa,0.9,2024
450774,77090,TX,26420,"Houston-Pasadena-The Woodlands, TX",46.85,bls_oews_msa,0.9,2024
450775,77325,TX,,,56.91,hcris_blended_x_multiplier,0.7,2024
450779,76132,TX,19100,"Dallas-Fort Worth-Arlington, TX",45.2,bls_oews_msa,0.9,2024
450788,78411,TX,18580,"Corpus Christi, TX",54.61,hcris_blended_x_multiplier,0.7,2024
450801,75503,TX,45500,"Texarkana, TX-AR",53.86,hcris_blended_x_multiplier,0.7,2024
450804,77030,TX,26420,"Houston-Pasadena-The Woodlands, TX",46.85,bls_oews_msa,0.9,2024
450808,78731,TX,12420,"Austin-Round Rock-San Marcos, TX",45.95,bls_oews_msa,0.9,2024
450809,78758,TX,12420,"Austin-Round Rock-San Marcos, TX",45.95,bls_oews_msa,0.9,2024
450820,77479,TX,26420,"Houston-Pasadena-The Woodlands, TX",46.85,bls_oews_msa,0.9,2024
450822,75039,TX,19100,"Dallas-Fort Worth-Arlington, TX",45.2,bls_oews_msa,0.9,2024
450825,78539,TX,32580,"McAllen-Edinburg-Mission, TX",44.05,bls_oews_state_placeholder,0.4,2024
450827,76310,TX,48660,"Wichita Falls, TX",36.68,hcris_blended_x_multiplier,0.7,2024
450828,78332,TX,10860,"Alice, TX",55.44,hcris_blended_x_multiplier,0.7,2024
450831,77504,TX,26420,"Houston-Pasadena-The Woodlands, TX",46.85,bls_oews_msa,0.9,2024
450833,75119,TX,19100,"Dallas-Fort Worth-Arlington, TX",45.2,bls_oews_msa,0.9,2024
450834,77802,TX,17780,"College Station-Bryan, TX",51.23,hcris_blended_x_multiplier,0.7,2024
450840,75013,TX,19100,"Dallas-Fort Worth-Arlington, TX",45.2,bls_oews_msa,0.9,2024
450844,77070,TX,26420,"Houston-Pasadena-The Woodlands, TX",46.85,bls_oews_msa,0.9,2024
450847,77494,TX,26420,"Houston-Pasadena-The Woodlands, TX",46.85,bls_oews_msa,0.9,2024
450848,77479,TX,26420,"Houston-Pasadena-The Woodlands, TX",46.85,bls_oews_msa,0.9,2024
450851,75226,TX,19100,"Dallas-Fort Worth-Arlington, TX",45.2,bls_oews_msa,0.9,2024
450853,75034,TX,19100,"Dallas-Fort Worth-Arlington, TX",45.2,bls_oews_msa,0.9,2024
450855,78550,TX,15180,"Brownsville-Harlingen, TX",48.5,hcris_blended_x_multiplier,0.7,2024
450856,78258,TX,41700,"San Antonio-New Braunfels, TX",42.65,bls_oews_msa,0.9,2024
450860,77479,TX,26420,"Houston-Pasadena-The Woodlands, TX",46.85,bls_oews_msa,0.9,2024
450862,77384,TX,26420,"Houston-Pasadena-The Woodlands, TX",46.85,bls_oews_msa,0.9,2024
450864,75701,TX,46340,"Tyler, TX",47.54,hcris_blended_x_multiplier,0.7,2024
450865,78737,TX,12420,"Austin-Round Rock-San Marcos, TX",45.95,bls_oews_msa,0.9,2024
450867,78759,TX,12420,"Austin-Round Rock-San Marcos, TX",45.95,bls_oews_msa,0.9,2024
450869,78539,TX,32580,"McAllen-Edinburg-Mission, TX",42.41,hcris_blended_x_multiplier,0.7,2024
45086F,76504,TX,28660,"Killeen-Temple, TX",44.05,bls_oews_state_placeholder,0.4,2024
450872,76017,TX,19100,"Dallas-Fort Worth-Arlington, TX",45.2,bls_oews_msa,0.9,2024
450874,75063,TX,19100,"Dallas-Fort Worth-Arlington, TX",45.2,bls_oews_msa,0.9,2024
450875,79124,TX,11100,"Amarillo, TX",58.21,hcris_blended_x_multiplier,0.7,2024
450876,79416,TX,31180,"Lubbock, TX",53.37,hcris_blended_x_multiplier,0.7,2024
450880,76110,TX,19100,"Dallas-Fort Worth-Arlington, TX",45.2,bls_oews_msa,0.9,2024
450883,76262,TX,19100,"Dallas-Fort Worth-Arlington, TX",45.2,bls_oews_msa,0.9,2024
450885,75035,TX,19100,"Dallas-Fort Worth-Arlington, TX",45.2,bls_oews_msa,0.9,2024
450888,76092,TX,19100,"Dallas-Fort Worth-Arlington, TX",45.2,bls_oews_msa,0.9,2024
450889,75231,TX,19100,"Dallas-Fort Worth-Arlington, TX",45.2,bls_oews_msa,0.9,2024
450890,75093,TX,19100,"Dallas-Fort Worth-Arlington, TX",45.2,bls_oews_msa,0.9,2024
450891,75093,TX,19100,"Dallas-Fort Worth-Arlington, TX",45.2,bls_oews_msa,0.9,2024
450893,76208,TX,19100,"Dallas-Fort Worth-Arlington, TX",45.2,bls_oews_msa,0.9,2024
450895,76208,TX,19100,"Dallas-Fort Worth-Arlington, TX",45.2,bls_oews_msa,0.9,2024
45090F,78229,TX,41700,"San Antonio-New Braunfels, TX",42.65,bls_oews_msa,0.9,2024
451300,79035,TX,,Rural / Nonmetro,44.05,bls_oews_state_placeholder,0.4,2024
451301,76932,TX,,Rural / Nonmetro,44.05,bls_oews_state_placeholder,0.4,2024
451303,76642,TX,,Rural / Nonmetro,44.05,bls_oews_state_placeholder,0.4,2024
451304,76936,TX,,Rural / Nonmetro,44.05,bls_oews_state_placeholder,0.4,2024
451305,77836,TX,17780,"College Station-Bryan, TX",44.05,bls_oews_state_placeholder,0.4,2024
451306,76849,TX,,Rural / Nonmetro,44.05,bls_oews_state_placeholder,0.4,2024
451307,79744,TX,,Rural / Nonmetro,44.05,bls_oews_state_placeholder,0.4,2024
451308,79323,TX,,Rural / Nonmetro,44.05,bls_oews_state_placeholder,0.4,2024
451309,79752,TX,,Rural / Nonmetro,44.05,bls_oews_state_placeholder,0.4,2024
451310,76821,TX,,Rural / Nonmetro,44.05,bls_oews_state_placeholder,0.4,2024
451311,77480,TX,26420,"Houston-Pasadena-The Woodlands, TX",46.85,bls_oews_msa,0.9,2024
451312,77434,TX,,Rural / Nonmetro,44.05,bls_oews_state_placeholder,0.4,2024
451313,79546,TX,,Rural / Nonmetro,44.05,bls_oews_state_placeholder,0.4,2024
451314,79745,TX,,Rural / Nonmetro,44.05,bls_oews_state_placeholder,0.4,2024
451315,79567,TX,,Rural / Nonmetro,44.05,bls_oews_state_placeholder,0.4,2024
451316,77864,TX,,Rural / Nonmetro,44.05,bls_oews_state_placeholder,0.4,2024
451317,78377,TX,,Rural / Nonmetro,44.05,bls_oews_state_placeholder,0.4,2024
451318,79502,TX,,Rural / Nonmetro,44.05,bls_oews_state_placeholder,0.4,2024
451319,75766,TX,27380,"Jacksonville, TX",44.05,bls_oews_state_placeholder,0.4,2024
451320,77514,TX,26420,"Houston-Pasadena-The Woodlands, TX",46.85,bls_oews_msa,0.9,2024
451322,77868,TX,,Rural / Nonmetro,44.05,bls_oews_state_placeholder,0.4,2024
451323,76550,TX,28660,"Killeen-Temple, TX",44.05,bls_oews_state_placeholder,0.4,2024
451324,76950,TX,,Rural / Nonmetro,44.05,bls_oews_state_placeholder,0.4,2024
451325,76837,TX,,Rural / Nonmetro,44.05,bls_oews_state_placeholder,0.4,2024
451328,77665,TX,26420,"Houston-Pasadena-The Woodlands, TX",46.85,bls_oews_msa,0.9,2024
451329,79778,TX,,Rural / Nonmetro,44.05,bls_oews_state_placeholder,0.4,2024
451330,78861,TX,41700,"San Antonio-New Braunfels, TX",42.65,bls_oews_msa,0.9,2024
451331,79022,TX,,Rural / Nonmetro,44.05,bls_oews_state_placeholder,0.4,2024
451332,77465,TX,13060,"Bay City, TX",44.05,bls_oews_state_placeholder,0.4,2024
451333,79782,TX,33260,"Midland, TX",44.05,bls_oews_state_placeholder,0.4,2024
451334,79096,TX,,Rural / Nonmetro,44.05,bls_oews_state_placeholder,0.4,2024
451335,76252,TX,23620,"Gainesville, TX",44.05,bls_oews_state_placeholder,0.4,2024
451337,79241,TX,38380,"Plainview, TX",44.05,bls_oews_state_placeholder,0.4,2024
451338,79855,TX,,Rural / Nonmetro,44.05,bls_oews_state_placeholder,0.4,2024
451339,76483,TX,,Rural / Nonmetro,25.87,hcris_blended_x_multiplier,0.7,2024
451340,79079,TX,,Rural / Nonmetro,44.05,bls_oews_state_placeholder,0.4,2024
451341,79521,TX,,Rural / Nonmetro,44.05,bls_oews_state_placeholder,0.4,2024
451342,79512,TX,,Rural / Nonmetro,44.05,bls_oews_state_placeholder,0.4,2024
451343,76360,TX,48660,"Wichita Falls, TX",44.05,bls_oews_state_placeholder,0.4,2024
451344,79081,TX,,Rural / Nonmetro,44.05,bls_oews_state_placeholder,0.4,2024
451346,77995,TX,,Rural / Nonmetro,44.05,bls_oews_state_placeholder,0.4,2024
451347,76834,TX,,Rural / Nonmetro,44.05,bls_oews_state_placeholder,0.4,2024
451348,76825,TX,,Rural / Nonmetro,44.05,bls_oews_state_placeholder,0.4,2024
451349,79088,TX,,Rural / Nonmetro,44.05,bls_oews_state_placeholder,0.4,2024
451350,79027,TX,,Rural / Nonmetro,44.05,bls_oews_state_placeholder,0.4,2024
451351,79373,TX,31180,"Lubbock, TX",44.05,bls_oews_state_placeholder,0.4,2024
451352,79252,TX,,Rural / Nonmetro,44.05,bls_oews_state_placeholder,0.4,2024
451353,79731,TX,,Rural / Nonmetro,44.05,bls_oews_state_placeholder,0.4,2024
451354,76374,TX,,Rural / Nonmetro,44.05,bls_oews_state_placeholder,0.4,2024
451355,79095,TX,,Rural / Nonmetro,44.05,bls_oews_state_placeholder,0.4,2024
451356,77979,TX,38920,"Port Lavaca, TX",44.05,bls_oews_state_placeholder,0.4,2024
451358,79360,TX,,Rural / Nonmetro,44.05,bls_oews_state_placeholder,0.4,2024
451359,79070,TX,,Rural / Nonmetro,44.05,bls_oews_state_placeholder,0.4,2024
451361,75948,TX,,Rural / Nonmetro,44.05,bls_oews_state_placeholder,0.4,2024
451362,76365,TX,48660,"Wichita Falls, TX",44.05,bls_oews_state_placeholder,0.4,2024
451363,77957,TX,,Rural / Nonmetro,44.05,bls_oews_state_placeholder,0.4,2024
451364,78119,TX,,Rural / Nonmetro,44.05,bls_oews_state_placeholder,0.4,2024
451365,78611,TX,,Rural / Nonmetro,44.05,bls_oews_state_placeholder,0.4,2024
451366,79346,TX,31180,"Lubbock, TX",44.05,bls_oews_state_placeholder,0.4,2024
451367,75686,TX,34420,"Mount Pleasant, TX",44.05,bls_oews_state_placeholder,0.4,2024
451369,79007,TX,14420,"Borger, TX",44.05,bls_oews_state_placeholder,0.4,2024
451370,75418,TX,14300,"Bonham, TX",44.05,bls_oews_state_placeholder,0.4,2024
451371,78648,TX,12420,"Austin-Round Rock-San Marcos, TX",45.95,bls_oews_msa,0.9,2024
451372,79347,TX,,Rural / Nonmetro,44.05,bls_oews_state_placeholder,0.4,2024
451373,79756,TX,,Rural / Nonmetro,44.05,bls_oews_state_placeholder,0.4,2024
451374,76574,TX,12420,"Austin-Round Rock-San Marcos, TX",45.95,bls_oews_msa,0.9,2024
451375,77575,TX,26420,"Houston-Pasadena-The Woodlands, TX",46.85,bls_oews_msa,0.9,2024
451376,77964,TX,,Rural / Nonmetro,44.05,bls_oews_state_placeholder,0.4,2024
451377,79772,TX,45880,"Town of Pecos, TX",44.05,bls_oews_state_placeholder,0.4,2024
451378,79830,TX,,Rural / Nonmetro,44.05,bls_oews_state_placeholder,0.4,2024
451379,76528,TX,28660,"Killeen-Temple, TX",44.05,bls_oews_state_placeholder,0.4,2024
451380,75783,TX,,Rural / Nonmetro,44.05,bls_oews_state_placeholder,0.4,2024
451381,75494,TX,,Rural / Nonmetro,44.05,bls_oews_state_placeholder,0.4,2024
451382,76442,TX,,Rural / Nonmetro,44.05,bls_oews_state_placeholder,0.4,2024
451384,79549,TX,43660,"Snyder, TX",44.05,bls_oews_state_placeholder,0.4,2024
451385,76634,TX,47380,"Waco, TX",44.05,bls_oews_state_placeholder,0.4,2024
451386,79029,TX,20300,"Dumas, TX",44.05,bls_oews_state_placeholder,0.4,2024
451387,78801,TX,46620,"Uvalde, TX",44.05,bls_oews_state_placeholder,0.4,2024
451389,79735,TX,,Rural / Nonmetro,44.05,bls_oews_state_placeholder,0.4,2024
451390,78834,TX,,Rural / Nonmetro,44.05,bls_oews_state_placeholder,0.4,2024
451391,78061,TX,,Rural / Nonmetro,44.05,bls_oews_state_placeholder,0.4,2024
451392,76531,TX,,Rural / Nonmetro,44.05,bls_oews_state_placeholder,0.4,2024
451393,75835,TX,,Rural / Nonmetro,44.05,bls_oews_state_placeholder,0.4,2024
451394,79529,TX,,Rural / Nonmetro,44.05,bls_oews_state_placeholder,0.4,2024
451395,76645,TX,,Rural / Nonmetro,44.05,bls_oews_state_placeholder,0.4,2024
451396,78643,TX,,Rural / Nonmetro,44.05,bls_oews_state_placeholder,0.4,2024
451397,77833,TX,14780,"Brenham, TX",44.05,bls_oews_state_placeholder,0.4,2024
451398,79065,TX,37420,"Pampa, TX",44.05,bls_oews_state_placeholder,0.4,2024
451399,76380,TX,,Rural / Nonmetro,44.05,bls_oews_state_placeholder,0.4,2024
452114,77477,TX,26420,"Houston-Pasadena-The Woodlands, TX",46.85,bls_oews_msa,0.9,2024
453300,76104,TX,19100,"Dallas-Fort Worth-Arlington, TX",45.2,bls_oews_msa,0.9,2024
453301,78411,TX,18580,"Corpus Christi, TX",44.05,bls_oews_state_placeholder,0.4,2024
453302,75235,TX,19100,"Dallas-Fort Worth-Arlington, TX",45.2,bls_oews_msa,0.9,2024
453304,77030,TX,26420,"Houston-Pasadena-The Woodlands, TX",46.85,bls_oews_msa,0.9,2024
453306,79410,TX,31180,"Lubbock, TX",44.05,bls_oews_state_placeholder,0.4,2024
453309,77082,TX,26420,"Houston-Pasadena-The Woodlands, TX",46.85,bls_oews_msa,0.9,2024
453310,78723,TX,12420,"Austin-Round Rock-San Marcos, TX",45.95,bls_oews_msa,0.9,2024
453311,77550,TX,26420,"Houston-Pasadena-The Woodlands, TX",46.85,bls_oews_msa,0.9,2024
453313,79905,TX,21340,"El Paso, TX",40.1,bls_oews_msa,0.9,2024
453314,75219,TX,19100,"Dallas-Fort Worth-Arlington, TX",45.2,bls_oews_msa,0.9,2024
453315,78207,TX,41700,"San Antonio-New Braunfels, TX",42.65,bls_oews_msa,0.9,2024
453316,75024,TX,19100,"Dallas-Fort Worth-Arlington, TX",45.2,bls_oews_msa,0.9,2024
453317,75078,TX,19100,"Dallas-Fort Worth-Arlington, TX",45.2,bls_oews_msa,0.9,2024
453318,75243,TX,19100,"Dallas-Fort Worth-Arlington, TX",45.2,bls_oews_msa,0.9,2024
453319,78717,TX,12420,"Austin-Round Rock-San Marcos, TX",45.95,bls_oews_msa,0.9,2024
453321,78539,TX,32580,"McAllen-Edinburg-Mission, TX",44.05,bls_oews_state_placeholder,0.4,2024
454000,79721,TX,13700,"Big Spring, TX",44.05,bls_oews_state_placeholder,0.4,2024
454006,75160,TX,19100,"Dallas-Fort Worth-Arlington, TX",45.2,bls_oews_msa,0.9,2024
454008,76308,TX,48660,"Wichita Falls, TX",44.05,bls_oews_state_placeholder,0.4,2024
454009,75785,TX,27380,"Jacksonville, TX",44.05,bls_oews_state_placeholder,0.4,2024
454011,78223,TX,41700,"San Antonio-New Braunfels, TX",42.65,bls_oews_msa,0.9,2024
454012,76011,TX,19100,"Dallas-Fort Worth-Arlington, TX",45.2,bls_oews_msa,0.9,2024
454018,76301,TX,48660,"Wichita Falls, TX",44.05,bls_oews_state_placeholder,0.4,2024
454026,77074,TX,26420,"Houston-Pasadena-The Woodlands, TX",46.85,bls_oews_msa,0.9,2024
454050,75401,TX,19100,"Dallas-Fort Worth-Arlington, TX",45.2,bls_oews_msa,0.9,2024
454060,78259,TX,41700,"San Antonio-New Braunfels, TX",42.65,bls_oews_msa,0.9,2024
454064,76904,TX,41660,"San Angelo, TX",44.05,bls_oews_state_placeholder,0.4,2024
454065,75115,TX,19100,"Dallas-Fort Worth-Arlington, TX",45.2,bls_oews_msa,0.9,2024
454076,77021,TX,26420,"Houston-Pasadena-The Woodlands, TX",46.85,bls_oews_msa,0.9,2024
454079,76177,TX,19100,"Dallas-Fort Worth-Arlington, TX",45.2,bls_oews_msa,0.9,2024
454084,78751,TX,12420,"Austin-Round Rock-San Marcos, TX",45.95,bls_oews_msa,0.9,2024
454088,78552,TX,15180,"Brownsville-Harlingen, TX",44.05,bls_oews_state_placeholder,0.4,2024
454093,79408,TX,,,44.05,bls_oews_state_placeholder,0.4,2024
454094,75251,TX,19100,"Dallas-Fort Worth-Arlington, TX",45.2,bls_oews_msa,0.9,2024
454100,79905,TX,21340,"El Paso, TX",40.1,bls_oews_msa,0.9,2024
454101,79072,TX,38380,"Plainview, TX",44.05,bls_oews_state_placeholder,0.4,2024
454103,77339,TX,26420,"Houston-Pasadena-The Woodlands, TX",46.85,bls_oews_msa,0.9,2024
454104,76201,TX,19100,"Dallas-Fort Worth-Arlington, TX",45.2,bls_oews_msa,0.9,2024
454107,77081,TX,26420,"Houston-Pasadena-The Woodlands, TX",46.85,bls_oews_msa,0.9,2024
454108,77090,TX,26420,"Houston-Pasadena-The Woodlands, TX",46.85,bls_oews_msa,0.9,2024
454109,79902,TX,21340,"El Paso, TX",40.1,bls_oews_msa,0.9,2024
454110,79706,TX,33260,"Midland, TX",44.05,bls_oews_state_placeholder,0.4,2024
454114,76513,TX,28660,"Killeen-Temple, TX",44.05,bls_oews_state_placeholder,0.4,2024
454117,75605,TX,30980,"Longview, TX",44.05,bls_oews_state_placeholder,0.4,2024
454118,77429,TX,26420,"Houston-Pasadena-The Woodlands, TX",46.85,bls_oews_msa,0.9,2024
454119,75010,TX,19100,"Dallas-Fort Worth-Arlington, TX",45.2,bls_oews_msa,0.9,2024
454121,78745,TX,12420,"Austin-Round Rock-San Marcos, TX",45.95,bls_oews_msa,0.9,2024
454122,79602,TX,10180,"Abilene, TX",44.05,bls_oews_state_placeholder,0.4,2024
454123,75904,TX,31260,"Lufkin, TX",44.05,bls_oews_state_placeholder,0.4,2024
454124,76123,TX,19100,"Dallas-Fort Worth-Arlington, TX",45.2,bls_oews_msa,0.9,2024
454126,75115,TX,19100,"Dallas-Fort Worth-Arlington, TX",45.2,bls_oews_msa,0.9,2024
454127,78626,TX,12420,"Austin-Round Rock-San Marcos, TX",45.95,bls_oews_msa,0.9,2024
454128,76132,TX,19100,"Dallas-Fort Worth-Arlington, TX",45.2,bls_oews_msa,0.9,2024
454129,78626,TX,12420,"Austin-Round Rock-San Marcos, TX",45.95,bls_oews_msa,0.9,2024
454131,77407,TX,26420,"Houston-Pasadena-The Woodlands, TX",46.85,bls_oews_msa,0.9,2024
454132,78240,TX,41700,"San Antonio-New Braunfels, TX",42.65,bls_oews_msa,0.9,2024
454133,78754,TX,12420,"Austin-Round Rock-San Marcos, TX",45.95,bls_oews_msa,0.9,2024
454135,77080,TX,26420,"Houston-Pasadena-The Woodlands, TX",46.85,bls_oews_msa,0.9,2024
454136,77450,TX,26420,"Houston-Pasadena-The Woodlands, TX",46.85,bls_oews_msa,0.9,2024
454139,77054,TX,26420,"Houston-Pasadena-The Woodlands, TX",46.85,bls_oews_msa,0.9,2024
454141,78550,TX,15180,"Brownsville-Harlingen, TX",44.05,bls_oews_state_placeholder,0.4,2024
454144,77384,TX,26420,"Houston-Pasadena-The Woodlands, TX",46.85,bls_oews_msa,0.9,2024
454146,79912,TX,21340,"El Paso, TX",40.1,bls_oews_msa,0.9,2024
454147,77505,TX,26420,"Houston-Pasadena-The Woodlands, TX",46.85,bls_oews_msa,0.9,2024
454148,76001,TX,19100,"Dallas-Fort Worth-Arlington, TX",45.2,bls_oews_msa,0.9,2024
454149,75042,TX,19100,"Dallas-Fort Worth-Arlington, TX",45.2,bls_oews_msa,0.9,2024
454150,76712,TX,47380,"Waco, TX",44.05,bls_oews_state_placeholder,0.4,2024
454151,77058,TX,26420,"Houston-Pasadena-The Woodlands, TX",46.85,bls_oews_msa,0.9,2024
454152,76502,TX,28660,"Killeen-Temple, TX",44.05,bls_oews_state_placeholder,0.4,2024
454153,75092,TX,43300,"Sherman-Denison, TX",44.05,bls_oews_state_placeholder,0.4,2024
454154,79124,TX,11100,"Amarillo, TX",44.05,bls_oews_state_placeholder,0.4,2024
454155,78404,TX,18580,"Corpus Christi, TX",44.05,bls_oews_state_placeholder,0.4,2024
454156,77498,TX,26420,"Houston-Pasadena-The Woodlands, TX",46.85,bls_oews_msa,0.9,2024
454157,79415,TX,31180,"Lubbock, TX",44.05,bls_oews_state_placeholder,0.4,2024
454158,77304,TX,26420,"Houston-Pasadena-The Woodlands, TX",46.85,bls_oews_msa,0.9,2024
454159,78229,TX,41700,"San Antonio-New Braunfels, TX",42.65,bls_oews_msa,0.9,2024
454161,75034,TX,19100,"Dallas-Fort Worth-Arlington, TX",45.2,bls_oews_msa,0.9,2024
460001,84604,UT,39340,"Provo-Orem-Lehi, UT",57.26,hcris_blended_x_multiplier,0.7,2024
460003,84102,UT,41620,"Salt Lake City-Murray, UT",69.93,hcris_blended_x_multiplier,0.7,2024
460004,84403,UT,36260,"Ogden, UT",55.23,hcris_blended_x_multiplier,0.7,2024
460005,84405,UT,36260,"Ogden, UT",56.13,hcris_blended_x_multiplier,0.7,2024
460006,84143,UT,,,56.55,hcris_blended_x_multiplier,0.7,2024
460007,84721,UT,16260,"Cedar City, UT",57.4,hcris_blended_x_multiplier,0.7,2024
460009,84132,UT,,,57.29,hcris_blended_x_multiplier,0.7,2024
460010,84107,UT,41620,"Salt Lake City-Murray, UT",60.21,hcris_blended_x_multiplier,0.7,2024
460011,84501,UT,39220,"Price, UT",60.62,hcris_blended_x_multiplier,0.7,2024
460013,84651,UT,39340,"Provo-Orem-Lehi, UT",58.91,hcris_blended_x_multiplier,0.7,2024
460014,84074,UT,41620,"Salt Lake City-Murray, UT",54.73,hcris_blended_x_multiplier,0.7,2024
460015,84341,UT,30860,"Logan, UT-ID",56.87,hcris_blended_x_multiplier,0.7,2024
460017,84302,UT,14940,"Brigham City, UT-ID",40.05,bls_oews_state_placeholder,0.4,2024
460019,84066,UT,,Rural / Nonmetro,47.81,hcris_blended_x_multiplier,0.7,2024
460021,84790,UT,41100,"St. George, UT",56.25,hcris_blended_x_multiplier,0.7,2024
460023,84003,UT,39340,"Provo-Orem-Lehi, UT",57.92,hcris_blended_x_multiplier,0.7,2024
460026,84701,UT,,Rural / Nonmetro,58.59,hcris_blended_x_multiplier,0.7,2024
46002F,84148,UT,,,40.05,bls_oews_state_placeholder,0.4,2024
460030,84078,UT,46860,"Vernal, UT",59.16,hcris_blended_x_multiplier,0.7,2024
460039,84337,UT,14940,"Brigham City, UT-ID",40.05,bls_oews_state_placeholder,0.4,2024
460041,84041,UT,36260,"Ogden, UT",61.39,hcris_blended_x_multiplier,0.7,2024
460042,84010,UT,36260,"Ogden, UT",57.64,hcris_blended_x_multiplier,0.7,2024
460043,84057,UT,39340,"Provo-Orem-Lehi, UT",61.5,hcris_blended_x_multiplier,0.7,2024
460044,84094,UT,41620,"Salt Lake City-Murray, UT",59.09,hcris_blended_x_multiplier,0.7,2024
460047,84124,UT,41620,"Salt Lake City-Murray, UT",59.26,hcris_blended_x_multiplier,0.7,2024
460051,84088,UT,41620,"Salt Lake City-Murray, UT",71.57,hcris_blended_x_multiplier,0.7,2024
460052,84057,UT,39340,"Provo-Orem-Lehi, UT",57.89,hcris_blended_x_multiplier,0.7,2024
460054,84341,UT,30860,"Logan, UT-ID",40.05,bls_oews_state_placeholder,0.4,2024
460057,84060,UT,25720,"Heber, UT",70.45,hcris_blended_x_multiplier,0.7,2024
460058,84065,UT,41620,"Salt Lake City-Murray, UT",59.53,hcris_blended_x_multiplier,0.7,2024
460060,84020,UT,41620,"Salt Lake City-Murray, UT",40.05,bls_oews_state_placeholder,0.4,2024
460061,84041,UT,36260,"Ogden, UT",40.05,bls_oews_state_placeholder,0.4,2024
460062,84660,UT,39340,"Provo-Orem-Lehi, UT",40.05,bls_oews_state_placeholder,0.4,2024
460063,84010,UT,36260,"Ogden, UT",40.05,bls_oews_state_placeholder,0.4,2024
461300,84624,UT,,Rural / Nonmetro,40.05,bls_oews_state_placeholder,0.4,2024
461301,84631,UT,,Rural / Nonmetro,40.05,bls_oews_state_placeholder,0.4,2024
461302,84532,UT,,Rural / Nonmetro,40.05,bls_oews_state_placeholder,0.4,2024
461303,84647,UT,,Rural / Nonmetro,40.05,bls_oews_state_placeholder,0.4,2024
461304,84648,UT,39340,"Provo-Orem-Lehi, UT",40.05,bls_oews_state_placeholder,0.4,2024
461305,84751,UT,,Rural / Nonmetro,40.05,bls_oews_state_placeholder,0.4,2024
461306,84634,UT,,Rural / Nonmetro,40.05,bls_oews_state_placeholder,0.4,2024
461307,84032,UT,25720,"Heber, UT",40.05,bls_oews_state_placeholder,0.4,2024
461308,84535,UT,,Rural / Nonmetro,40.05,bls_oews_state_placeholder,0.4,2024
461309,84741,UT,,Rural / Nonmetro,40.05,bls_oews_state_placeholder,0.4,2024
461310,84511,UT,,Rural / Nonmetro,40.05,bls_oews_state_placeholder,0.4,2024
461333,84759,UT,,Rural / Nonmetro,40.05,bls_oews_state_placeholder,0.4,2024
461335,84713,UT,,Rural / Nonmetro,40.05,bls_oews_state_placeholder,0.4,2024
463301,84113,UT,41620,"Salt Lake City-Murray, UT",40.05,bls_oews_state_placeholder,0.4,2024
464001,84605,UT,,,40.05,bls_oews_state_placeholder,0.4,2024
464012,84115,UT,41620,"Salt Lake City-Murray, UT",40.05,bls_oews_state_placeholder,0.4,2024
464013,84106,UT,41620,"Salt Lake City-Murray, UT",40.05,bls_oews_state_placeholder,0.4,2024
464014,84097,UT,39340,"Provo-Orem-Lehi, UT",40.05,bls_oews_state_placeholder,0.4,2024
470001,05641,VT,12740,"Barre, VT",62.9,hcris_blended_x_multiplier,0.7,2024
470003,05401,VT,15540,"Burlington-South Burlington, VT",78.33,hcris_blended_x_multiplier,0.7,2024
470005,05701,VT,40860,"Rutland, VT",81.76,hcris_blended_x_multiplier,0.7,2024
470011,05301,VT,14710,"Brattleboro, VT",63.81,hcris_blended_x_multiplier,0.7,2024
470012,05201,VT,13540,"Bennington, VT",52.33,hcris_blended_x_multiplier,0.7,2024
47001F,05009,VT,30150,"Lebanon-Claremont, NH-VT",42.95,bls_oews_state_placeholder,0.4,2024
470024,05478,VT,15540,"Burlington-South Burlington, VT",69.66,hcris_blended_x_multiplier,0.7,2024
471300,05353,VT,14710,"Brattleboro, VT",42.95,bls_oews_state_placeholder,0.4,2024
471301,05060,VT,30150,"Lebanon-Claremont, NH-VT",42.95,bls_oews_state_placeholder,0.4,2024
471302,05089,VT,30150,"Lebanon-Claremont, NH-VT",42.95,bls_oews_state_placeholder,0.4,2024
471303,05819,VT,,Rural / Nonmetro,42.95,bls_oews_state_placeholder,0.4,2024
471304,05855,VT,,Rural / Nonmetro,42.95,bls_oews_state_placeholder,0.4,2024
471305,05661,VT,,Rural / Nonmetro,42.95,bls_oews_state_placeholder,0.4,2024
471306,05156,VT,30150,"Lebanon-Claremont, NH-VT",42.95,bls_oews_state_placeholder,0.4,2024
471307,05753,VT,,Rural / Nonmetro,42.95,bls_oews_state_placeholder,0.4,2024
474001,05301,VT,14710,"Brattleboro, VT",42.95,bls_oews_state_placeholder,0.4,2024
474004,05602,VT,12740,"Barre, VT",42.95,bls_oews_state_placeholder,0.4,2024
480001,00801,VI,,,30.0,bls_oews_state_placeholder,0.4,2024
480002,00820,VI,,Rural / Nonmetro,30.0,bls_oews_state_placeholder,0.4,2024
490002,24266,VA,,Rural / Nonmetro,42.4,bls_oews_state_placeholder,0.4,2024
490004,22801,VA,25500,"Harrisonburg, VA",74.0,hcris_blended_x_multiplier,0.7,2024
490005,22601,VA,49020,"Winchester, VA-WV",59.85,hcris_blended_x_multiplier,0.7,2024
490007,23507,VA,47260,"Virginia Beach-Chesapeake-Norfolk, VA-NC",39.75,bls_oews_msa,0.9,2024
490009,22908,VA,16820,"Charlottesville, VA",61.05,hcris_blended_x_multiplier,0.7,2024
490013,24592,VA,,Rural / Nonmetro,57.46,hcris_blended_x_multiplier,0.7,2024
490017,23707,VA,47260,"Virginia Beach-Chesapeake-Norfolk, VA-NC",39.75,bls_oews_msa,0.9,2024
490018,22939,VA,44420,"Staunton-Stuarts Draft, VA",63.77,hcris_blended_x_multiplier,0.7,2024
490019,22701,VA,47900,"Washington-Arlington-Alexandria, DC-VA-MD-WV",50.2,bls_oews_msa,0.9,2024
49001F,22060,VA,47900,"Washington-Arlington-Alexandria, DC-VA-MD-WV",50.2,bls_oews_msa,0.9,2024
490020,23860,VA,40060,"Richmond, VA",40.55,bls_oews_msa,0.9,2024
490021,24501,VA,31340,"Lynchburg, VA",52.08,hcris_blended_x_multiplier,0.7,2024
490022,22401,VA,47900,"Washington-Arlington-Alexandria, DC-VA-MD-WV",50.2,bls_oews_msa,0.9,2024
490023,20186,VA,47900,"Washington-Arlington-Alexandria, DC-VA-MD-WV",50.2,bls_oews_msa,0.9,2024
490024,24014,VA,40220,"Roanoke, VA",68.08,hcris_blended_x_multiplier,0.7,2024
490032,23298,VA,40060,"Richmond, VA",40.55,bls_oews_msa,0.9,2024
490033,22630,VA,47900,"Washington-Arlington-Alexandria, DC-VA-MD-WV",50.2,bls_oews_msa,0.9,2024
490037,23417,VA,,Rural / Nonmetro,58.67,hcris_blended_x_multiplier,0.7,2024
490038,24354,VA,,Rural / Nonmetro,52.67,hcris_blended_x_multiplier,0.7,2024
490040,22304,VA,47900,"Washington-Arlington-Alexandria, DC-VA-MD-WV",50.2,bls_oews_msa,0.9,2024
490041,23602,VA,47260,"Virginia Beach-Chesapeake-Norfolk, VA-NC",39.75,bls_oews_msa,0.9,2024
490042,24073,VA,13980,"Blacksburg-Christiansburg-Radford, VA",50.12,hcris_blended_x_multiplier,0.7,2024
490043,20176,VA,47900,"Washington-Arlington-Alexandria, DC-VA-MD-WV",50.2,bls_oews_msa,0.9,2024
490044,23434,VA,47260,"Virginia Beach-Chesapeake-Norfolk, VA-NC",39.75,bls_oews_msa,0.9,2024
490045,20110,VA,47900,"Washington-Arlington-Alexandria, DC-VA-MD-WV",50.2,bls_oews_msa,0.9,2024
490046,23502,VA,47260,"Virginia Beach-Chesapeake-Norfolk, VA-NC",39.75,bls_oews_msa,0.9,2024
490048,24153,VA,40220,"Roanoke, VA",42.4,bls_oews_state_placeholder,0.4,2024
490050,22205,VA,47900,"Washington-Arlington-Alexandria, DC-VA-MD-WV",50.2,bls_oews_msa,0.9,2024
490052,23601,VA,47260,"Virginia Beach-Chesapeake-Norfolk, VA-NC",39.75,bls_oews_msa,0.9,2024
490053,24211,VA,28700,"Kingsport-Bristol, TN-VA",53.73,hcris_blended_x_multiplier,0.7,2024
490057,23454,VA,47260,"Virginia Beach-Chesapeake-Norfolk, VA-NC",39.75,bls_oews_msa,0.9,2024
490059,23226,VA,40060,"Richmond, VA",40.55,bls_oews_msa,0.9,2024
490060,24641,VA,14140,"Bluefield, WV-VA",55.34,hcris_blended_x_multiplier,0.7,2024
490063,22042,VA,47900,"Washington-Arlington-Alexandria, DC-VA-MD-WV",50.2,bls_oews_msa,0.9,2024
490066,23185,VA,47260,"Virginia Beach-Chesapeake-Norfolk, VA-NC",39.75,bls_oews_msa,0.9,2024
490067,23805,VA,40060,"Richmond, VA",40.55,bls_oews_msa,0.9,2024
490069,23116,VA,40060,"Richmond, VA",40.55,bls_oews_msa,0.9,2024
49006F,23667,VA,47260,"Virginia Beach-Chesapeake-Norfolk, VA-NC",39.75,bls_oews_msa,0.9,2024
490075,24541,VA,19260,"Danville, VA",53.66,hcris_blended_x_multiplier,0.7,2024
490077,22911,VA,16820,"Charlottesville, VA",69.37,hcris_blended_x_multiplier,0.7,2024
490084,22560,VA,,Rural / Nonmetro,59.4,hcris_blended_x_multiplier,0.7,2024
490088,24523,VA,31340,"Lynchburg, VA",51.35,hcris_blended_x_multiplier,0.7,2024
490089,24151,VA,40220,"Roanoke, VA",50.19,hcris_blended_x_multiplier,0.7,2024
49008F,23708,VA,47260,"Virginia Beach-Chesapeake-Norfolk, VA-NC",39.75,bls_oews_msa,0.9,2024
490090,23901,VA,,Rural / Nonmetro,52.93,hcris_blended_x_multiplier,0.7,2024
490092,23851,VA,,Rural / Nonmetro,56.6,hcris_blended_x_multiplier,0.7,2024
490093,23666,VA,47260,"Virginia Beach-Chesapeake-Norfolk, VA-NC",39.75,bls_oews_msa,0.9,2024
490094,23223,VA,40060,"Richmond, VA",40.55,bls_oews_msa,0.9,2024
490097,23847,VA,,Rural / Nonmetro,60.96,hcris_blended_x_multiplier,0.7,2024
490098,23970,VA,,Rural / Nonmetro,55.17,hcris_blended_x_multiplier,0.7,2024
490101,22033,VA,47900,"Washington-Arlington-Alexandria, DC-VA-MD-WV",50.2,bls_oews_msa,0.9,2024
490104,23803,VA,40060,"Richmond, VA",40.55,bls_oews_msa,0.9,2024
490107,20190,VA,47900,"Washington-Arlington-Alexandria, DC-VA-MD-WV",50.2,bls_oews_msa,0.9,2024
49010F,23249,VA,,,42.4,bls_oews_state_placeholder,0.4,2024
490110,24060,VA,13980,"Blacksburg-Christiansburg-Radford, VA",42.4,bls_oews_state_placeholder,0.4,2024
490111,24382,VA,,Rural / Nonmetro,56.97,hcris_blended_x_multiplier,0.7,2024
490112,23225,VA,40060,"Richmond, VA",40.55,bls_oews_msa,0.9,2024
490113,22191,VA,47900,"Washington-Arlington-Alexandria, DC-VA-MD-WV",50.2,bls_oews_msa,0.9,2024
490114,24219,VA,,Rural / Nonmetro,51.88,hcris_blended_x_multiplier,0.7,2024
490115,24333,VA,,Rural / Nonmetro,50.85,hcris_blended_x_multiplier,0.7,2024
490116,24301,VA,13980,"Blacksburg-Christiansburg-Radford, VA",42.4,bls_oews_state_placeholder,0.4,2024
490117,24651,VA,14140,"Bluefield, WV-VA",42.4,bls_oews_state_placeholder,0.4,2024
490118,23229,VA,40060,"Richmond, VA",40.55,bls_oews_msa,0.9,2024
490119,23456,VA,47260,"Virginia Beach-Chesapeake-Norfolk, VA-NC",39.75,bls_oews_msa,0.9,2024
49011F,24153,VA,40220,"Roanoke, VA",42.4,bls_oews_state_placeholder,0.4,2024
490120,23320,VA,47260,"Virginia Beach-Chesapeake-Norfolk, VA-NC",39.75,bls_oews_msa,0.9,2024
490122,22306,VA,47900,"Washington-Arlington-Alexandria, DC-VA-MD-WV",50.2,bls_oews_msa,0.9,2024
490126,24457,VA,,Rural / Nonmetro,42.4,bls_oews_state_placeholder,0.4,2024
490127,24614,VA,,Rural / Nonmetro,40.53,hcris_blended_x_multiplier,0.7,2024
490130,23061,VA,47260,"Virginia Beach-Chesapeake-Norfolk, VA-NC",39.75,bls_oews_msa,0.9,2024
490136,23114,VA,40060,"Richmond, VA",40.55,bls_oews_msa,0.9,2024
490140,22554,VA,47900,"Washington-Arlington-Alexandria, DC-VA-MD-WV",50.2,bls_oews_msa,0.9,2024
490141,22408,VA,47900,"Washington-Arlington-Alexandria, DC-VA-MD-WV",50.2,bls_oews_msa,0.9,2024
490143,23185,VA,47260,"Virginia Beach-Chesapeake-Norfolk, VA-NC",39.75,bls_oews_msa,0.9,2024
490144,20169,VA,47900,"Washington-Arlington-Alexandria, DC-VA-MD-WV",50.2,bls_oews_msa,0.9,2024
490145,20166,VA,47900,"Washington-Arlington-Alexandria, DC-VA-MD-WV",50.2,bls_oews_msa,0.9,2024
490148,23435,VA,47260,"Virginia Beach-Chesapeake-Norfolk, VA-NC",39.75,bls_oews_msa,0.9,2024
491300,24445,VA,,Rural / Nonmetro,42.4,bls_oews_state_placeholder,0.4,2024
491302,24134,VA,13980,"Blacksburg-Christiansburg-Radford, VA",42.4,bls_oews_state_placeholder,0.4,2024
491303,24228,VA,,Rural / Nonmetro,42.4,bls_oews_state_placeholder,0.4,2024
491304,24450,VA,,Rural / Nonmetro,42.4,bls_oews_state_placeholder,0.4,2024
491305,22664,VA,,Rural / Nonmetro,42.4,bls_oews_state_placeholder,0.4,2024
491307,22835,VA,,Rural / Nonmetro,42.4,bls_oews_state_placeholder,0.4,2024
491308,22482,VA,,Rural / Nonmetro,42.4,bls_oews_state_placeholder,0.4,2024
491309,24277,VA,,Rural / Nonmetro,42.4,bls_oews_state_placeholder,0.4,2024
493300,23124,VA,40060,"Richmond, VA",40.55,bls_oews_msa,0.9,2024
493301,23507,VA,47260,"Virginia Beach-Chesapeake-Norfolk, VA-NC",39.75,bls_oews_msa,0.9,2024
494010,22042,VA,47900,"Washington-Arlington-Alexandria, DC-VA-MD-WV",50.2,bls_oews_msa,0.9,2024
494017,24541,VA,19260,"Danville, VA",42.4,bls_oews_state_placeholder,0.4,2024
494021,24402,VA,,,42.4,bls_oews_state_placeholder,0.4,2024
494022,23805,VA,40060,"Richmond, VA",40.55,bls_oews_msa,0.9,2024
494023,22044,VA,47900,"Washington-Arlington-Alexandria, DC-VA-MD-WV",50.2,bls_oews_msa,0.9,2024
494025,23454,VA,47260,"Virginia Beach-Chesapeake-Norfolk, VA-NC",39.75,bls_oews_msa,0.9,2024
494029,24354,VA,,Rural / Nonmetro,42.4,bls_oews_state_placeholder,0.4,2024
494032,23188,VA,47260,"Virginia Beach-Chesapeake-Norfolk, VA-NC",39.75,bls_oews_msa,0.9,2024
494033,24070,VA,40220,"Roanoke, VA",42.4,bls_oews_state_placeholder,0.4,2024
500002,99362,WA,47460,"Walla Walla, WA",66.75,hcris_blended_x_multiplier,0.7,2024
500003,98274,WA,34580,"Mount Vernon-Anacortes, WA",86.74,hcris_blended_x_multiplier,0.7,2024
500005,98101,WA,42660,"Seattle-Tacoma-Bellevue, WA",61.5,bls_oews_msa,0.9,2024
500007,98221,WA,34580,"Mount Vernon-Anacortes, WA",70.84,hcris_blended_x_multiplier,0.7,2024
500008,98195,WA,42660,"Seattle-Tacoma-Bellevue, WA",61.5,bls_oews_msa,0.9,2024
500011,98166,WA,42660,"Seattle-Tacoma-Bellevue, WA",61.5,bls_oews_msa,0.9,2024
500014,98201,WA,42660,"Seattle-Tacoma-Bellevue, WA",61.5,bls_oews_msa,0.9,2024
500015,98001,WA,42660,"Seattle-Tacoma-Bellevue, WA",61.5,bls_oews_msa,0.9,2024
500016,98807,WA,,,62.1,hcris_blended_x_multiplier,0.7,2024
500019,98531,WA,16500,"Centralia, WA",70.5,hcris_blended_x_multiplier,0.7,2024
500021,98499,WA,42660,"Seattle-Tacoma-Bellevue, WA",61.5,bls_oews_msa,0.9,2024
500024,98506,WA,36500,"Olympia-Lacey-Tumwater, WA",71.72,hcris_blended_x_multiplier,0.7,2024
500025,98122,WA,42660,"Seattle-Tacoma-Bellevue, WA",61.5,bls_oews_msa,0.9,2024
500026,98026,WA,42660,"Seattle-Tacoma-Bellevue, WA",61.5,bls_oews_msa,0.9,2024
500027,98122,WA,42660,"Seattle-Tacoma-Bellevue, WA",61.5,bls_oews_msa,0.9,2024
500030,98225,WA,13380,"Bellingham, WA",89.74,hcris_blended_x_multiplier,0.7,2024
500031,98520,WA,10140,"Aberdeen, WA",77.66,hcris_blended_x_multiplier,0.7,2024
500033,98837,WA,34180,"Moses Lake, WA",52.75,hcris_blended_x_multiplier,0.7,2024
500036,98902,WA,49420,"Yakima, WA",75.7,hcris_blended_x_multiplier,0.7,2024
500037,98948,WA,49420,"Yakima, WA",71.71,hcris_blended_x_multiplier,0.7,2024
500039,98383,WA,14740,"Bremerton-Silverdale-Port Orchard, WA",78.69,hcris_blended_x_multiplier,0.7,2024
500041,98632,WA,31020,"Longview-Kelso, WA",87.21,hcris_blended_x_multiplier,0.7,2024
500044,99210,WA,,,83.71,hcris_blended_x_multiplier,0.7,2024
500050,98664,WA,38900,"Portland-Vancouver-Hillsboro, OR-WA",58.8,bls_oews_msa,0.9,2024
500051,98004,WA,42660,"Seattle-Tacoma-Bellevue, WA",61.5,bls_oews_msa,0.9,2024
500052,98112,WA,42660,"Seattle-Tacoma-Bellevue, WA",61.5,bls_oews_msa,0.9,2024
500053,99338,WA,28420,"Kennewick-Richland, WA",73.39,hcris_blended_x_multiplier,0.7,2024
500054,99220,WA,,,76.87,hcris_blended_x_multiplier,0.7,2024
500058,99352,WA,28420,"Kennewick-Richland, WA",75.26,hcris_blended_x_multiplier,0.7,2024
50005F,98431,WA,,,51.85,bls_oews_state_placeholder,0.4,2024
500060,98223,WA,42660,"Seattle-Tacoma-Bellevue, WA",61.5,bls_oews_msa,0.9,2024
500064,98104,WA,42660,"Seattle-Tacoma-Bellevue, WA",61.5,bls_oews_msa,0.9,2024
500072,98362,WA,38820,"Port Angeles, WA",64.29,hcris_blended_x_multiplier,0.7,2024
500077,99208,WA,44060,"Spokane-Spokane Valley, WA",51.85,bls_oews_msa,0.9,2024
500079,98372,WA,42660,"Seattle-Tacoma-Bellevue, WA",61.5,bls_oews_msa,0.9,2024
500084,98272,WA,42660,"Seattle-Tacoma-Bellevue, WA",61.5,bls_oews_msa,0.9,2024
500088,98055,WA,42660,"Seattle-Tacoma-Bellevue, WA",61.5,bls_oews_msa,0.9,2024
500108,98405,WA,42660,"Seattle-Tacoma-Bellevue, WA",61.5,bls_oews_msa,0.9,2024
500119,99216,WA,44060,"Spokane-Spokane Valley, WA",51.85,bls_oews_msa,0.9,2024
50011F,99205,WA,44060,"Spokane-Spokane Valley, WA",51.85,bls_oews_msa,0.9,2024
500124,98034,WA,42660,"Seattle-Tacoma-Bellevue, WA",61.5,bls_oews_msa,0.9,2024
500129,98405,WA,42660,"Seattle-Tacoma-Bellevue, WA",61.5,bls_oews_msa,0.9,2024
500139,98502,WA,36500,"Olympia-Lacey-Tumwater, WA",80.64,hcris_blended_x_multiplier,0.7,2024
500141,98003,WA,42660,"Seattle-Tacoma-Bellevue, WA",61.5,bls_oews_msa,0.9,2024
500150,98686,WA,38900,"Portland-Vancouver-Hillsboro, OR-WA",58.8,bls_oews_msa,0.9,2024
500151,98332,WA,42660,"Seattle-Tacoma-Bellevue, WA",61.5,bls_oews_msa,0.9,2024
500152,98029,WA,42660,"Seattle-Tacoma-Bellevue, WA",61.5,bls_oews_msa,0.9,2024
500154,98042,WA,42660,"Seattle-Tacoma-Bellevue, WA",61.5,bls_oews_msa,0.9,2024
50030F,98108,WA,42660,"Seattle-Tacoma-Bellevue, WA",61.5,bls_oews_msa,0.9,2024
501301,99347,WA,,Rural / Nonmetro,51.85,bls_oews_state_placeholder,0.4,2024
501302,99328,WA,,Rural / Nonmetro,51.85,bls_oews_state_placeholder,0.4,2024
501303,98586,WA,,Rural / Nonmetro,51.85,bls_oews_state_placeholder,0.4,2024
501304,98541,WA,10140,"Aberdeen, WA",51.85,bls_oews_state_placeholder,0.4,2024
501305,99122,WA,,Rural / Nonmetro,51.85,bls_oews_state_placeholder,0.4,2024
501307,99159,WA,,Rural / Nonmetro,51.85,bls_oews_state_placeholder,0.4,2024
501308,99133,WA,48300,"Wenatchee-East Wenatchee, WA",51.85,bls_oews_state_placeholder,0.4,2024
501309,99109,WA,44060,"Spokane-Spokane Valley, WA",51.85,bls_oews_msa,0.9,2024
501310,99156,WA,,Rural / Nonmetro,51.85,bls_oews_state_placeholder,0.4,2024
501311,99169,WA,36830,"Othello, WA",51.85,bls_oews_state_placeholder,0.4,2024
501312,99350,WA,28420,"Kennewick-Richland, WA",51.85,bls_oews_state_placeholder,0.4,2024
501313,98826,WA,48300,"Wenatchee-East Wenatchee, WA",51.85,bls_oews_state_placeholder,0.4,2024
501314,98624,WA,,Rural / Nonmetro,51.85,bls_oews_state_placeholder,0.4,2024
501315,98672,WA,,Rural / Nonmetro,51.85,bls_oews_state_placeholder,0.4,2024
501316,98620,WA,,Rural / Nonmetro,51.85,bls_oews_state_placeholder,0.4,2024
501317,98823,WA,34180,"Moses Lake, WA",51.85,bls_oews_state_placeholder,0.4,2024
501318,99344,WA,36830,"Othello, WA",51.85,bls_oews_state_placeholder,0.4,2024
501319,98356,WA,16500,"Centralia, WA",51.85,bls_oews_state_placeholder,0.4,2024
501320,98848,WA,34180,"Moses Lake, WA",51.85,bls_oews_state_placeholder,0.4,2024
501321,98855,WA,,Rural / Nonmetro,51.85,bls_oews_state_placeholder,0.4,2024
501322,99166,WA,,Rural / Nonmetro,51.85,bls_oews_state_placeholder,0.4,2024
501323,98368,WA,39040,"Port Townsend, WA",51.85,bls_oews_state_placeholder,0.4,2024
501324,98812,WA,,Rural / Nonmetro,51.85,bls_oews_state_placeholder,0.4,2024
501325,98331,WA,39040,"Port Townsend, WA",51.85,bls_oews_state_placeholder,0.4,2024
501326,99114,WA,44060,"Spokane-Spokane Valley, WA",51.85,bls_oews_msa,0.9,2024
501327,99111,WA,39420,"Pullman, WA",51.85,bls_oews_state_placeholder,0.4,2024
501328,98841,WA,,Rural / Nonmetro,51.85,bls_oews_state_placeholder,0.4,2024
501329,98284,WA,34580,"Mount Vernon-Anacortes, WA",51.85,bls_oews_state_placeholder,0.4,2024
501330,98944,WA,28420,"Kennewick-Richland, WA",51.85,bls_oews_state_placeholder,0.4,2024
501331,99163,WA,39420,"Pullman, WA",51.85,bls_oews_state_placeholder,0.4,2024
501332,99403,WA,30300,"Lewiston, ID-WA",51.85,bls_oews_state_placeholder,0.4,2024
501333,98926,WA,21260,"Ellensburg, WA",51.85,bls_oews_state_placeholder,0.4,2024
501334,98816,WA,48300,"Wenatchee-East Wenatchee, WA",51.85,bls_oews_state_placeholder,0.4,2024
501335,98022,WA,42660,"Seattle-Tacoma-Bellevue, WA",61.5,bls_oews_msa,0.9,2024
501336,98584,WA,43220,"Shelton, WA",51.85,bls_oews_state_placeholder,0.4,2024
501337,99301,WA,28420,"Kennewick-Richland, WA",51.85,bls_oews_state_placeholder,0.4,2024
501338,98065,WA,42660,"Seattle-Tacoma-Bellevue, WA",61.5,bls_oews_msa,0.9,2024
501339,98239,WA,36020,"Oak Harbor, WA",51.85,bls_oews_state_placeholder,0.4,2024
501340,98250,WA,,Rural / Nonmetro,51.85,bls_oews_state_placeholder,0.4,2024
503300,98105,WA,42660,"Seattle-Tacoma-Bellevue, WA",61.5,bls_oews_msa,0.9,2024
503301,98415,WA,,,51.85,bls_oews_state_placeholder,0.4,2024
503302,99204,WA,44060,"Spokane-Spokane Valley, WA",51.85,bls_oews_msa,0.9,2024
504002,98034,WA,42660,"Seattle-Tacoma-Bellevue, WA",61.5,bls_oews_msa,0.9,2024
504004,99022,WA,44060,"Spokane-Spokane Valley, WA",51.85,bls_oews_msa,0.9,2024
504008,99352,WA,28420,"Kennewick-Richland, WA",51.85,bls_oews_state_placeholder,0.4,2024
504009,98126,WA,42660,"Seattle-Tacoma-Bellevue, WA",61.5,bls_oews_msa,0.9,2024
504012,98271,WA,42660,"Seattle-Tacoma-Bellevue, WA",61.5,bls_oews_msa,0.9,2024
504013,98686,WA,38900,"Portland-Vancouver-Hillsboro, OR-WA",58.8,bls_oews_msa,0.9,2024
504014,99204,WA,44060,"Spokane-Spokane Valley, WA",51.85,bls_oews_msa,0.9,2024
504015,98503,WA,36500,"Olympia-Lacey-Tumwater, WA",51.85,bls_oews_state_placeholder,0.4,2024
504016,98405,WA,42660,"Seattle-Tacoma-Bellevue, WA",61.5,bls_oews_msa,0.9,2024
510001,26506,WV,34060,"Morgantown, WV",48.19,hcris_blended_x_multiplier,0.7,2024
510002,24970,WV,,Rural / Nonmetro,83.08,hcris_blended_x_multiplier,0.7,2024
510006,26330,WV,17220,"Clarksburg, WV",66.77,hcris_blended_x_multiplier,0.7,2024
510007,25702,WV,26580,"Huntington-Ashland, WV-KY-OH",47.05,hcris_blended_x_multiplier,0.7,2024
510008,25401,WV,25180,"Hagerstown-Martinsburg, MD-WV",50.83,hcris_blended_x_multiplier,0.7,2024
510012,25550,WV,,Rural / Nonmetro,44.56,hcris_blended_x_multiplier,0.7,2024
510013,26038,WV,48540,"Wheeling, WV-OH",57.3,hcris_blended_x_multiplier,0.7,2024
510022,25301,WV,16620,"Charleston, WV",69.1,hcris_blended_x_multiplier,0.7,2024
510023,26062,WV,48260,"Weirton-Steubenville, WV-OH",47.53,hcris_blended_x_multiplier,0.7,2024
510024,26505,WV,34060,"Morgantown, WV",62.37,hcris_blended_x_multiplier,0.7,2024
510029,25309,WV,16620,"Charleston, WV",46.89,hcris_blended_x_multiplier,0.7,2024
51002F,25801,WV,13220,"Beckley, WV",38.35,bls_oews_state_placeholder,0.4,2024
510030,26241,WV,21180,"Elkins, WV",38.35,bls_oews_state_placeholder,0.4,2024
510038,26452,WV,,Rural / Nonmetro,56.43,hcris_blended_x_multiplier,0.7,2024
51003F,26301,WV,17220,"Clarksburg, WV",38.35,bls_oews_state_placeholder,0.4,2024
510046,24740,WV,14140,"Bluefield, WV-VA",48.76,hcris_blended_x_multiplier,0.7,2024
510048,25601,WV,,Rural / Nonmetro,38.35,bls_oews_state_placeholder,0.4,2024
51004F,25704,WV,26580,"Huntington-Ashland, WV-KY-OH",38.35,bls_oews_state_placeholder,0.4,2024
510050,26003,WV,48540,"Wheeling, WV-OH",53.75,hcris_blended_x_multiplier,0.7,2024
510055,25701,WV,26580,"Huntington-Ashland, WV-KY-OH",54.84,hcris_blended_x_multiplier,0.7,2024
510058,26101,WV,37620,"Parkersburg-Vienna, WV",43.62,hcris_blended_x_multiplier,0.7,2024
51005F,25405,WV,25180,"Hagerstown-Martinsburg, MD-WV",38.35,bls_oews_state_placeholder,0.4,2024
510062,25801,WV,13220,"Beckley, WV",54.66,hcris_blended_x_multiplier,0.7,2024
510070,25801,WV,13220,"Beckley, WV",55.15,hcris_blended_x_multiplier,0.7,2024
510072,26155,WV,,Rural / Nonmetro,45.86,hcris_blended_x_multiplier,0.7,2024
510086,24801,WV,,Rural / Nonmetro,43.96,hcris_blended_x_multiplier,0.7,2024
510091,25301,WV,16620,"Charleston, WV",38.35,bls_oews_state_placeholder,0.4,2024
510093,26554,WV,21900,"Fairmont, WV",80.07,hcris_blended_x_multiplier,0.7,2024
510094,25661,WV,,Rural / Nonmetro,38.35,bls_oews_state_placeholder,0.4,2024
511300,26416,WV,,Rural / Nonmetro,38.35,bls_oews_state_placeholder,0.4,2024
511301,26288,WV,,Rural / Nonmetro,38.35,bls_oews_state_placeholder,0.4,2024
511303,26147,WV,,Rural / Nonmetro,38.35,bls_oews_state_placeholder,0.4,2024
511304,26175,WV,,Rural / Nonmetro,38.35,bls_oews_state_placeholder,0.4,2024
511306,25276,WV,,Rural / Nonmetro,38.35,bls_oews_state_placeholder,0.4,2024
511307,26354,WV,17220,"Clarksburg, WV",38.35,bls_oews_state_placeholder,0.4,2024
511308,26624,WV,,Rural / Nonmetro,38.35,bls_oews_state_placeholder,0.4,2024
511309,25411,WV,25180,"Hagerstown-Martinsburg, MD-WV",38.35,bls_oews_state_placeholder,0.4,2024
511310,25951,WV,,Rural / Nonmetro,38.35,bls_oews_state_placeholder,0.4,2024
511311,26757,WV,49020,"Winchester, VA-WV",38.35,bls_oews_state_placeholder,0.4,2024
511312,26537,WV,34060,"Morgantown, WV",38.35,bls_oews_state_placeholder,0.4,2024
511313,25130,WV,16620,"Charleston, WV",38.35,bls_oews_state_placeholder,0.4,2024
511314,24924,WV,,Rural / Nonmetro,38.35,bls_oews_state_placeholder,0.4,2024
511315,26726,WV,19060,"Cumberland, MD-WV",38.35,bls_oews_state_placeholder,0.4,2024
511316,26847,WV,,Rural / Nonmetro,38.35,bls_oews_state_placeholder,0.4,2024
511317,25901,WV,13220,"Beckley, WV",38.35,bls_oews_state_placeholder,0.4,2024
511318,25136,WV,13220,"Beckley, WV",38.35,bls_oews_state_placeholder,0.4,2024
511319,25438,WV,47900,"Washington-Arlington-Alexandria, DC-VA-MD-WV",50.2,bls_oews_msa,0.9,2024
511320,25271,WV,,Rural / Nonmetro,38.35,bls_oews_state_placeholder,0.4,2024
511321,26201,WV,,Rural / Nonmetro,38.35,bls_oews_state_placeholder,0.4,2024
511322,26651,WV,,Rural / Nonmetro,38.35,bls_oews_state_placeholder,0.4,2024
514001,25304,WV,16620,"Charleston, WV",38.35,bls_oews_state_placeholder,0.4,2024
514008,25701,WV,26580,"Huntington-Ashland, WV-KY-OH",38.35,bls_oews_state_placeholder,0.4,2024
514009,25705,WV,26580,"Huntington-Ashland, WV-KY-OH",38.35,bls_oews_state_placeholder,0.4,2024
514011,26301,WV,17220,"Clarksburg, WV",38.35,bls_oews_state_placeholder,0.4,2024
514012,26452,WV,,Rural / Nonmetro,38.35,bls_oews_state_placeholder,0.4,2024
520002,54481,WI,44620,"Stevens Point-Plover, WI",43.57,hcris_blended_x_multiplier,0.7,2024
520004,54601,WI,29100,"La Crosse-Onalaska, WI-MN",90.75,hcris_blended_x_multiplier,0.7,2024
520008,53188,WI,33340,"Milwaukee-Waukesha, WI",42.7,bls_oews_msa,0.9,2024
520009,54915,WI,11540,"Appleton, WI",61.67,hcris_blended_x_multiplier,0.7,2024
520011,54868,WI,39960,"Rice Lake, WI",78.27,hcris_blended_x_multiplier,0.7,2024
520019,54501,WI,,Rural / Nonmetro,41.7,bls_oews_state_placeholder,0.4,2024
520021,53143,WI,28450,"Kenosha, WI",72.11,hcris_blended_x_multiplier,0.7,2024
520028,53566,WI,31540,"Madison, WI",43.85,bls_oews_msa,0.9,2024
52002F,54660,WI,43890,"Sparta, WI",41.7,bls_oews_state_placeholder,0.4,2024
520030,54401,WI,48140,"Wausau, WI",62.86,hcris_blended_x_multiplier,0.7,2024
520033,54494,WI,49220,"Wisconsin Rapids-Marshfield, WI",68.78,hcris_blended_x_multiplier,0.7,2024
520034,54241,WI,31820,"Manitowoc, WI",57.09,hcris_blended_x_multiplier,0.7,2024
520035,53083,WI,43100,"Sheboygan, WI",57.9,hcris_blended_x_multiplier,0.7,2024
520037,54449,WI,49220,"Wisconsin Rapids-Marshfield, WI",83.55,hcris_blended_x_multiplier,0.7,2024
520038,53027,WI,33340,"Milwaukee-Waukesha, WI",42.7,bls_oews_msa,0.9,2024
52003F,53295,WI,33340,"Milwaukee-Waukesha, WI",42.7,bls_oews_msa,0.9,2024
520041,53901,WI,31540,"Madison, WI",43.85,bls_oews_msa,0.9,2024
520044,53081,WI,43100,"Sheboygan, WI",62.79,hcris_blended_x_multiplier,0.7,2024
520045,54956,WI,36780,"Oshkosh-Neenah, WI",60.27,hcris_blended_x_multiplier,0.7,2024
520049,54301,WI,24580,"Green Bay, WI",57.36,hcris_blended_x_multiplier,0.7,2024
52004F,53705,WI,31540,"Madison, WI",43.85,bls_oews_msa,0.9,2024
520051,53211,WI,33340,"Milwaukee-Waukesha, WI",42.7,bls_oews_msa,0.9,2024
520057,53913,WI,12660,"Baraboo, WI",57.37,hcris_blended_x_multiplier,0.7,2024
520059,53105,WI,39540,"Racine-Mount Pleasant, WI",59.39,hcris_blended_x_multiplier,0.7,2024
520062,53066,WI,33340,"Milwaukee-Waukesha, WI",42.7,bls_oews_msa,0.9,2024
520063,53095,WI,33340,"Milwaukee-Waukesha, WI",42.7,bls_oews_msa,0.9,2024
520066,53547,WI,,,75.8,hcris_blended_x_multiplier,0.7,2024
520070,54703,WI,20740,"Eau Claire, WI",88.1,hcris_blended_x_multiplier,0.7,2024
520071,53538,WI,48020,"Watertown-Fort Atkinson, WI",60.77,hcris_blended_x_multiplier,0.7,2024
520075,54301,WI,24580,"Green Bay, WI",58.91,hcris_blended_x_multiplier,0.7,2024
520076,53916,WI,13180,"Beaver Dam, WI",61.26,hcris_blended_x_multiplier,0.7,2024
520078,53215,WI,33340,"Milwaukee-Waukesha, WI",42.7,bls_oews_msa,0.9,2024
520083,53715,WI,31540,"Madison, WI",43.85,bls_oews_msa,0.9,2024
520087,54601,WI,29100,"La Crosse-Onalaska, WI-MN",86.25,hcris_blended_x_multiplier,0.7,2024
520088,54935,WI,22540,"Fond du Lac, WI",63.71,hcris_blended_x_multiplier,0.7,2024
520089,53715,WI,31540,"Madison, WI",43.85,bls_oews_msa,0.9,2024
520091,54568,WI,,Rural / Nonmetro,60.87,hcris_blended_x_multiplier,0.7,2024
520095,53578,WI,12660,"Baraboo, WI",78.15,hcris_blended_x_multiplier,0.7,2024
520096,53405,WI,39540,"Racine-Mount Pleasant, WI",49.24,hcris_blended_x_multiplier,0.7,2024
520097,54303,WI,24580,"Green Bay, WI",55.66,hcris_blended_x_multiplier,0.7,2024
520098,53792,WI,31540,"Madison, WI",43.85,bls_oews_msa,0.9,2024
520100,53511,WI,27500,"Janesville-Beloit, WI",64.67,hcris_blended_x_multiplier,0.7,2024
520102,53121,WI,48580,"Whitewater-Elkhorn, WI",57.54,hcris_blended_x_multiplier,0.7,2024
520103,53051,WI,33340,"Milwaukee-Waukesha, WI",42.7,bls_oews_msa,0.9,2024
520107,54221,WI,,,55.71,hcris_blended_x_multiplier,0.7,2024
520109,53948,WI,,Rural / Nonmetro,53.55,hcris_blended_x_multiplier,0.7,2024
520113,54143,WI,31940,"Marinette, WI-MI",54.61,hcris_blended_x_multiplier,0.7,2024
520116,53098,WI,13180,"Beaver Dam, WI",58.69,hcris_blended_x_multiplier,0.7,2024
520136,53210,WI,33340,"Milwaukee-Waukesha, WI",42.7,bls_oews_msa,0.9,2024
520138,53215,WI,33340,"Milwaukee-Waukesha, WI",42.7,bls_oews_msa,0.9,2024
520139,53227,WI,33340,"Milwaukee-Waukesha, WI",42.7,bls_oews_msa,0.9,2024
520160,54911,WI,11540,"Appleton, WI",60.4,hcris_blended_x_multiplier,0.7,2024
520177,53226,WI,33340,"Milwaukee-Waukesha, WI",42.7,bls_oews_msa,0.9,2024
520189,53142,WI,28450,"Kenosha, WI",58.2,hcris_blended_x_multiplier,0.7,2024
520193,54313,WI,24580,"Green Bay, WI",55.9,hcris_blended_x_multiplier,0.7,2024
520194,53212,WI,33340,"Milwaukee-Waukesha, WI",42.7,bls_oews_msa,0.9,2024
520196,54720,WI,20740,"Eau Claire, WI",41.7,bls_oews_state_placeholder,0.4,2024
520198,54904,WI,36780,"Oshkosh-Neenah, WI",57.29,hcris_blended_x_multiplier,0.7,2024
520202,54476,WI,48140,"Wausau, WI",86.76,hcris_blended_x_multiplier,0.7,2024
520205,53132,WI,33340,"Milwaukee-Waukesha, WI",42.7,bls_oews_msa,0.9,2024
520206,53066,WI,33340,"Milwaukee-Waukesha, WI",42.7,bls_oews_msa,0.9,2024
520207,53024,WI,33340,"Milwaukee-Waukesha, WI",42.7,bls_oews_msa,0.9,2024
520208,53546,WI,27500,"Janesville-Beloit, WI",55.12,hcris_blended_x_multiplier,0.7,2024
520210,54701,WI,20740,"Eau Claire, WI",81.07,hcris_blended_x_multiplier,0.7,2024
520212,54548,WI,,Rural / Nonmetro,84.1,hcris_blended_x_multiplier,0.7,2024
520213,53151,WI,33340,"Milwaukee-Waukesha, WI",42.7,bls_oews_msa,0.9,2024
520214,53051,WI,33340,"Milwaukee-Waukesha, WI",42.7,bls_oews_msa,0.9,2024
520215,54482,WI,44620,"Stevens Point-Plover, WI",79.46,hcris_blended_x_multiplier,0.7,2024
521300,54521,WI,,Rural / Nonmetro,41.7,bls_oews_state_placeholder,0.4,2024
521302,54758,WI,,Rural / Nonmetro,41.7,bls_oews_state_placeholder,0.4,2024
521303,54984,WI,,Rural / Nonmetro,41.7,bls_oews_state_placeholder,0.4,2024
521304,54634,WI,29100,"La Crosse-Onalaska, WI-MN",41.7,bls_oews_state_placeholder,0.4,2024
521305,54656,WI,43890,"Sparta, WI",41.7,bls_oews_state_placeholder,0.4,2024
521307,54736,WI,,Rural / Nonmetro,41.7,bls_oews_state_placeholder,0.4,2024
521308,54001,WI,,Rural / Nonmetro,41.7,bls_oews_state_placeholder,0.4,2024
521309,53934,WI,,Rural / Nonmetro,41.7,bls_oews_state_placeholder,0.4,2024
521310,54154,WI,24580,"Green Bay, WI",41.7,bls_oews_state_placeholder,0.4,2024
521311,54768,WI,20740,"Eau Claire, WI",41.7,bls_oews_state_placeholder,0.4,2024
521312,53530,WI,,Rural / Nonmetro,41.7,bls_oews_state_placeholder,0.4,2024
521313,54487,WI,,Rural / Nonmetro,41.7,bls_oews_state_placeholder,0.4,2024
521314,54724,WI,20740,"Eau Claire, WI",41.7,bls_oews_state_placeholder,0.4,2024
521315,54812,WI,39960,"Rice Lake, WI",41.7,bls_oews_state_placeholder,0.4,2024
521316,54773,WI,,Rural / Nonmetro,41.7,bls_oews_state_placeholder,0.4,2024
521317,53014,WI,11540,"Appleton, WI",41.7,bls_oews_state_placeholder,0.4,2024
521318,54020,WI,,Rural / Nonmetro,41.7,bls_oews_state_placeholder,0.4,2024
521319,53534,WI,27500,"Janesville-Beloit, WI",41.7,bls_oews_state_placeholder,0.4,2024
521320,54660,WI,43890,"Sparta, WI",41.7,bls_oews_state_placeholder,0.4,2024
521321,54971,WI,22540,"Fond du Lac, WI",41.7,bls_oews_state_placeholder,0.4,2024
521322,53813,WI,38420,"Platteville, WI",41.7,bls_oews_state_placeholder,0.4,2024
521323,54456,WI,,Rural / Nonmetro,41.7,bls_oews_state_placeholder,0.4,2024
521324,54451,WI,,Rural / Nonmetro,41.7,bls_oews_state_placeholder,0.4,2024
521325,54552,WI,,Rural / Nonmetro,41.7,bls_oews_state_placeholder,0.4,2024
521326,54961,WI,,Rural / Nonmetro,41.7,bls_oews_state_placeholder,0.4,2024
521327,53963,WI,22540,"Fond du Lac, WI",41.7,bls_oews_state_placeholder,0.4,2024
521328,54848,WI,,Rural / Nonmetro,41.7,bls_oews_state_placeholder,0.4,2024
521329,54880,WI,20260,"Duluth, MN-WI",41.7,bls_oews_state_placeholder,0.4,2024
521330,53821,WI,,Rural / Nonmetro,41.7,bls_oews_state_placeholder,0.4,2024
521331,54840,WI,,Rural / Nonmetro,41.7,bls_oews_state_placeholder,0.4,2024
521332,54801,WI,,Rural / Nonmetro,41.7,bls_oews_state_placeholder,0.4,2024
521333,54615,WI,,Rural / Nonmetro,41.7,bls_oews_state_placeholder,0.4,2024
521334,54981,WI,,Rural / Nonmetro,41.7,bls_oews_state_placeholder,0.4,2024
521335,54016,WI,33460,"Minneapolis-St. Paul-Bloomington, MN-WI",47.8,bls_oews_msa,0.9,2024
521336,54843,WI,,Rural / Nonmetro,41.7,bls_oews_state_placeholder,0.4,2024
521337,54024,WI,,Rural / Nonmetro,41.7,bls_oews_state_placeholder,0.4,2024
521338,53925,WI,31540,"Madison, WI",43.85,bls_oews_msa,0.9,2024
521339,54452,WI,,Rural / Nonmetro,41.7,bls_oews_state_placeholder,0.4,2024
521340,54751,WI,32860,"Menomonie, WI",41.7,bls_oews_state_placeholder,0.4,2024
521341,53581,WI,,Rural / Nonmetro,41.7,bls_oews_state_placeholder,0.4,2024
521342,54871,WI,,Rural / Nonmetro,41.7,bls_oews_state_placeholder,0.4,2024
521343,53589,WI,31540,"Madison, WI",43.85,bls_oews_msa,0.9,2024
521344,53805,WI,38420,"Platteville, WI",41.7,bls_oews_state_placeholder,0.4,2024
521345,54017,WI,33460,"Minneapolis-St. Paul-Bloomington, MN-WI",47.8,bls_oews_msa,0.9,2024
521346,54166,WI,43020,"Shawano, WI",41.7,bls_oews_state_placeholder,0.4,2024
521347,54002,WI,33460,"Minneapolis-St. Paul-Bloomington, MN-WI",47.8,bls_oews_msa,0.9,2024
521348,54665,WI,29100,"La Crosse-Onalaska, WI-MN",41.7,bls_oews_state_placeholder,0.4,2024
521349,54022,WI,33460,"Minneapolis-St. Paul-Bloomington, MN-WI",47.8,bls_oews_msa,0.9,2024
521350,54409,WI,,Rural / Nonmetro,41.7,bls_oews_state_placeholder,0.4,2024
521351,53959,WI,12660,"Baraboo, WI",41.7,bls_oews_state_placeholder,0.4,2024
521352,53533,WI,31540,"Madison, WI",43.85,bls_oews_msa,0.9,2024
521353,54829,WI,39960,"Rice Lake, WI",41.7,bls_oews_state_placeholder,0.4,2024
521354,53818,WI,38420,"Platteville, WI",41.7,bls_oews_state_placeholder,0.4,2024
521355,54923,WI,,Rural / Nonmetro,41.7,bls_oews_state_placeholder,0.4,2024
521356,54153,WI,24580,"Green Bay, WI",41.7,bls_oews_state_placeholder,0.4,2024
521357,53147,WI,48580,"Whitewater-Elkhorn, WI",41.7,bls_oews_state_placeholder,0.4,2024
521358,54235,WI,,Rural / Nonmetro,41.7,bls_oews_state_placeholder,0.4,2024
521359,54806,WI,,Rural / Nonmetro,41.7,bls_oews_state_placeholder,0.4,2024
523300,53226,WI,33340,"Milwaukee-Waukesha, WI",42.7,bls_oews_msa,0.9,2024
523302,54956,WI,36780,"Oshkosh-Neenah, WI",41.7,bls_oews_state_placeholder,0.4,2024
524000,53213,WI,33340,"Milwaukee-Waukesha, WI",42.7,bls_oews_msa,0.9,2024
524002,54985,WI,36780,"Oshkosh-Neenah, WI",41.7,bls_oews_state_placeholder,0.4,2024
524008,53704,WI,31540,"Madison, WI",43.85,bls_oews_msa,0.9,2024
524014,54311,WI,24580,"Green Bay, WI",41.7,bls_oews_state_placeholder,0.4,2024
524017,54403,WI,48140,"Wausau, WI",41.7,bls_oews_state_placeholder,0.4,2024
524018,53066,WI,33340,"Milwaukee-Waukesha, WI",42.7,bls_oews_msa,0.9,2024
524019,54449,WI,49220,"Wisconsin Rapids-Marshfield, WI",41.7,bls_oews_state_placeholder,0.4,2024
524025,54935,WI,22540,"Fond du Lac, WI",41.7,bls_oews_state_placeholder,0.4,2024
524026,53188,WI,33340,"Milwaukee-Waukesha, WI",42.7,bls_oews_msa,0.9,2024
524041,54311,WI,24580,"Green Bay, WI",41.7,bls_oews_state_placeholder,0.4,2024
524042,53562,WI,31540,"Madison, WI",43.85,bls_oews_msa,0.9,2024
524043,53214,WI,33340,"Milwaukee-Waukesha, WI",42.7,bls_oews_msa,0.9,2024
524044,53205,WI,33340,"Milwaukee-Waukesha, WI",42.7,bls_oews_msa,0.9,2024
530002,82716,WY,23940,"Gillette, WY",66.14,hcris_blended_x_multiplier,0.7,2024
530006,82801,WY,43260,"Sheridan, WY",75.1,hcris_blended_x_multiplier,0.7,2024
530008,82501,WY,40180,"Riverton, WY",59.93,hcris_blended_x_multiplier,0.7,2024
530012,82601,WY,16220,"Casper, WY",59.19,hcris_blended_x_multiplier,0.7,2024
530014,82001,WY,16940,"Cheyenne, WY",64.5,hcris_blended_x_multiplier,0.7,2024
530015,83001,WY,27220,"Jackson, WY-ID",72.32,hcris_blended_x_multiplier,0.7,2024
530025,82072,WY,29660,"Laramie, WY",64.19,hcris_blended_x_multiplier,0.7,2024
530034,82609,WY,16220,"Casper, WY",61.54,hcris_blended_x_multiplier,0.7,2024
53004F,82001,WY,16940,"Cheyenne, WY",38.65,bls_oews_state_placeholder,0.4,2024
53005F,82801,WY,43260,"Sheridan, WY",38.65,bls_oews_state_placeholder,0.4,2024
531301,82410,WY,,Rural / Nonmetro,38.65,bls_oews_state_placeholder,0.4,2024
531302,82633,WY,,Rural / Nonmetro,38.65,bls_oews_state_placeholder,0.4,2024
531303,82701,WY,,Rural / Nonmetro,38.65,bls_oews_state_placeholder,0.4,2024
531304,82443,WY,,Rural / Nonmetro,38.65,bls_oews_state_placeholder,0.4,2024
531305,82201,WY,,Rural / Nonmetro,38.65,bls_oews_state_placeholder,0.4,2024
531306,82401,WY,,Rural / Nonmetro,38.65,bls_oews_state_placeholder,0.4,2024
531307,82240,WY,,Rural / Nonmetro,38.65,bls_oews_state_placeholder,0.4,2024
531308,82834,WY,,Rural / Nonmetro,38.65,bls_oews_state_placeholder,0.4,2024
531309,82431,WY,,Rural / Nonmetro,38.65,bls_oews_state_placeholder,0.4,2024
531310,82435,WY,17650,"Cody, WY",38.65,bls_oews_state_placeholder,0.4,2024
531311,82729,WY,,Rural / Nonmetro,38.65,bls_oews_state_placeholder,0.4,2024
531312,82414,WY,17650,"Cody, WY",38.65,bls_oews_state_placeholder,0.4,2024
531313,83110,WY,,Rural / Nonmetro,38.65,bls_oews_state_placeholder,0.4,2024
531314,82225,WY,,Rural / Nonmetro,38.65,bls_oews_state_placeholder,0.4,2024
531315,83101,WY,,Rural / Nonmetro,38.65,bls_oews_state_placeholder,0.4,2024
531316,82301,WY,,Rural / Nonmetro,38.65,bls_oews_state_placeholder,0.4,2024
531317,82331,WY,,Rural / Nonmetro,38.65,bls_oews_state_placeholder,0.4,2024
531318,82901,WY,40540,"Rock Springs, WY",38.65,bls_oews_state_placeholder,0.4,2024
531319,82930,WY,25720,"Heber, UT",38.65,bls_oews_state_placeholder,0.4,2024
534004,82609,WY,16220,"Casper, WY",38.65,bls_oews_state_placeholder,0.4,2024
640001,96799,AS,,Rural / Nonmetro,22.0,bls_oews_state_placeholder,0.4,2024
650001,96913,GU,,Rural / Nonmetro,32.0,bls_oews_state_placeholder,0.4,2024
650003,96929,GU,,Rural / Nonmetro,32.0,bls_oews_state_placeholder,0.4,2024
660001,96950,MP,,Rural / Nonmetro,25.0,bls_oews_state_placeholder,0.4,2024
670005,77339,TX,26420,"Houston-Pasadena-The Woodlands, TX",46.85,bls_oews_msa,0.9,2024
670006,78746,TX,12420,"Austin-Round Rock-San Marcos, TX",45.95,bls_oews_msa,0.9,2024
670008,77598,TX,26420,"Houston-Pasadena-The Woodlands, TX",46.85,bls_oews_msa,0.9,2024
670010,76208,TX,19100,"Dallas-Fort Worth-Arlington, TX",45.2,bls_oews_msa,0.9,2024
670023,76063,TX,19100,"Dallas-Fort Worth-Arlington, TX",45.2,bls_oews_msa,0.9,2024
670025,75093,TX,19100,"Dallas-Fort Worth-Arlington, TX",45.2,bls_oews_msa,0.9,2024
670031,77505,TX,26420,"Houston-Pasadena-The Woodlands, TX",46.85,bls_oews_msa,0.9,2024
670034,78664,TX,12420,"Austin-Round Rock-San Marcos, TX",45.95,bls_oews_msa,0.9,2024
670041,78664,TX,12420,"Austin-Round Rock-San Marcos, TX",45.95,bls_oews_msa,0.9,2024
670043,78613,TX,12420,"Austin-Round Rock-San Marcos, TX",45.95,bls_oews_msa,0.9,2024
670044,75032,TX,19100,"Dallas-Fort Worth-Arlington, TX",45.2,bls_oews_msa,0.9,2024
670047,79938,TX,21340,"El Paso, TX",40.1,bls_oews_msa,0.9,2024
670049,75231,TX,19100,"Dallas-Fort Worth-Arlington, TX",45.2,bls_oews_msa,0.9,2024
670053,77478,TX,26420,"Houston-Pasadena-The Woodlands, TX",46.85,bls_oews_msa,0.9,2024
670054,78240,TX,41700,"San Antonio-New Braunfels, TX",42.65,bls_oews_msa,0.9,2024
670055,78258,TX,41700,"San Antonio-New Braunfels, TX",42.65,bls_oews_msa,0.9,2024
670056,78640,TX,12420,"Austin-Round Rock-San Marcos, TX",45.95,bls_oews_msa,0.9,2024
670059,77384,TX,26420,"Houston-Pasadena-The Woodlands, TX",46.85,bls_oews_msa,0.9,2024
670060,75182,TX,19100,"Dallas-Fort Worth-Arlington, TX",45.2,bls_oews_msa,0.9,2024
670062,76227,TX,19100,"Dallas-Fort Worth-Arlington, TX",45.2,bls_oews_msa,0.9,2024
670067,76015,TX,19100,"Dallas-Fort Worth-Arlington, TX",45.2,bls_oews_msa,0.9,2024
670068,75028,TX,19100,"Dallas-Fort Worth-Arlington, TX",45.2,bls_oews_msa,0.9,2024
670069,75070,TX,19100,"Dallas-Fort Worth-Arlington, TX",45.2,bls_oews_msa,0.9,2024
670071,76012,TX,19100,"Dallas-Fort Worth-Arlington, TX",45.2,bls_oews_msa,0.9,2024
670073,75001,TX,19100,"Dallas-Fort Worth-Arlington, TX",45.2,bls_oews_msa,0.9,2024
670075,77070,TX,26420,"Houston-Pasadena-The Woodlands, TX",46.85,bls_oews_msa,0.9,2024
670076,75090,TX,43300,"Sherman-Denison, TX",44.05,bls_oews_state_placeholder,0.4,2024
670077,77094,TX,26420,"Houston-Pasadena-The Woodlands, TX",46.85,bls_oews_msa,0.9,2024
670078,78232,TX,41700,"San Antonio-New Braunfels, TX",42.65,bls_oews_msa,0.9,2024
670080,76548,TX,28660,"Killeen-Temple, TX",70.32,hcris_blended_x_multiplier,0.7,2024
670082,75071,TX,19100,"Dallas-Fort Worth-Arlington, TX",45.2,bls_oews_msa,0.9,2024
670085,76244,TX,19100,"Dallas-Fort Worth-Arlington, TX",45.2,bls_oews_msa,0.9,2024
670088,77845,TX,17780,"College Station-Bryan, TX",87.74,hcris_blended_x_multiplier,0.7,2024
670090,75146,TX,19100,"Dallas-Fort Worth-Arlington, TX",45.2,bls_oews_msa,0.9,2024
670093,77304,TX,26420,"Houston-Pasadena-The Woodlands, TX",46.85,bls_oews_msa,0.9,2024
670098,78130,TX,41700,"San Antonio-New Braunfels, TX",42.65,bls_oews_msa,0.9,2024
670102,77015,TX,26420,"Houston-Pasadena-The Woodlands, TX",46.85,bls_oews_msa,0.9,2024
670103,76177,TX,19100,"Dallas-Fort Worth-Arlington, TX",45.2,bls_oews_msa,0.9,2024
670106,77584,TX,26420,"Houston-Pasadena-The Woodlands, TX",46.85,bls_oews_msa,0.9,2024
670107,76028,TX,19100,"Dallas-Fort Worth-Arlington, TX",45.2,bls_oews_msa,0.9,2024
670108,78654,TX,,Rural / Nonmetro,91.42,hcris_blended_x_multiplier,0.7,2024
670109,77521,TX,26420,"Houston-Pasadena-The Woodlands, TX",46.85,bls_oews_msa,0.9,2024
670112,78249,TX,41700,"San Antonio-New Braunfels, TX",42.65,bls_oews_msa,0.9,2024
670115,77338,TX,26420,"Houston-Pasadena-The Woodlands, TX",46.85,bls_oews_msa,0.9,2024
670120,79911,TX,21340,"El Paso, TX",40.1,bls_oews_msa,0.9,2024
670121,76054,TX,19100,"Dallas-Fort Worth-Arlington, TX",45.2,bls_oews_msa,0.9,2024
670122,77385,TX,26420,"Houston-Pasadena-The Woodlands, TX",46.85,bls_oews_msa,0.9,2024
670124,79928,TX,21340,"El Paso, TX",40.1,bls_oews_msa,0.9,2024
670125,78223,TX,41700,"San Antonio-New Braunfels, TX",42.65,bls_oews_msa,0.9,2024
670128,78660,TX,12420,"Austin-Round Rock-San Marcos, TX",45.95,bls_oews_msa,0.9,2024
670131,78610,TX,12420,"Austin-Round Rock-San Marcos, TX",45.95,bls_oews_msa,0.9,2024
670132,76092,TX,19100,"Dallas-Fort Worth-Arlington, TX",45.2,bls_oews_msa,0.9,2024
670134,77657,TX,13140,"Beaumont-Port Arthur, TX",41.05,bls_oews_msa,0.9,2024
670135,77072,TX,26420,"Houston-Pasadena-The Woodlands, TX",46.85,bls_oews_msa,0.9,2024
670136,78735,TX,12420,"Austin-Round Rock-San Marcos, TX",45.95,bls_oews_msa,0.9,2024
670260,75033,TX,19100,"Dallas-Fort Worth-Arlington, TX",45.2,bls_oews_msa,0.9,2024
670265,76051,TX,19100,"Dallas-Fort Worth-Arlington, TX",45.2,bls_oews_msa,0.9,2024
670266,77338,TX,26420,"Houston-Pasadena-The Woodlands, TX",46.85,bls_oews_msa,0.9,2024
670267,77386,TX,26420,"Houston-Pasadena-The Woodlands, TX",46.85,bls_oews_msa,0.9,2024
670285,77339,TX,26420,"Houston-Pasadena-The Woodlands, TX",46.85,bls_oews_msa,0.9,2024
670300,76065,TX,19100,"Dallas-Fort Worth-Arlington, TX",45.2,bls_oews_msa,0.9,2024
670309,76063,TX,19100,"Dallas-Fort Worth-Arlington, TX",45.2,bls_oews_msa,0.9,2024
670314,77479,TX,26420,"Houston-Pasadena-The Woodlands, TX",46.85,bls_oews_msa,0.9,2024
670320,77049,TX,26420,"Houston-Pasadena-The Woodlands, TX",46.85,bls_oews_msa,0.9,2024
670321,75231,TX,19100,"Dallas-Fort Worth-Arlington, TX",45.2,bls_oews_msa,0.9,2024
670322,75075,TX,19100,"Dallas-Fort Worth-Arlington, TX",45.2,bls_oews_msa,0.9,2024
670326,78681,TX,12420,"Austin-Round Rock-San Marcos, TX",45.95,bls_oews_msa,0.9,2024
670327,79424,TX,31180,"Lubbock, TX",44.05,bls_oews_state_placeholder,0.4,2024
670331,75862,TX,,Rural / Nonmetro,44.05,bls_oews_state_placeholder,0.4,2024
670333,78251,TX,41700,"San Antonio-New Braunfels, TX",42.65,bls_oews_msa,0.9,2024
670335,78229,TX,41700,"San Antonio-New Braunfels, TX",42.65,bls_oews_msa,0.9,2024
670336,78250,TX,41700,"San Antonio-New Braunfels, TX",42.65,bls_oews_msa,0.9,2024
670340,75009,TX,19100,"Dallas-Fort Worth-Arlington, TX",45.2,bls_oews_msa,0.9,2024
670342,77429,TX,26420,"Houston-Pasadena-The Woodlands, TX",46.85,bls_oews_msa,0.9,2024
670343,77833,TX,14780,"Brenham, TX",44.05,bls_oews_state_placeholder,0.4,2024
670345,77375,TX,26420,"Houston-Pasadena-The Woodlands, TX",46.85,bls_oews_msa,0.9,2024
670346,75033,TX,19100,"Dallas-Fort Worth-Arlington, TX",45.2,bls_oews_msa,0.9,2024
670779,79322,TX,31180,"Lubbock, TX",44.05,bls_oews_state_placeholder,0.4,2024
670780,76661,TX,47380,"Waco, TX",44.05,bls_oews_state_placeholder,0.4,2024
670781,79501,TX,10180,"Abilene, TX",44.05,bls_oews_state_placeholder,0.4,2024
670783,75972,TX,,Rural / Nonmetro,44.05,bls_oews_state_placeholder,0.4,2024
671300,76450,TX,,Rural / Nonmetro,44.05,bls_oews_state_placeholder,0.4,2024
671301,79014,TX,,Rural / Nonmetro,44.05,bls_oews_state_placeholder,0.4,2024
671302,76424,TX,,Rural / Nonmetro,44.05,bls_oews_state_placeholder,0.4,2024
671303,76448,TX,,Rural / Nonmetro,44.05,bls_oews_state_placeholder,0.4,2024
